ISO-10303-21;
HEADER;
FILE_DESCRIPTION(('KiCad electronic assembly'),'2;1');
FILE_NAME('.step','2026-07-03T17:14:15',('Pcbnew'),('Kicad'),
  'Open CASCADE STEP processor 7.9','KiCad to STEP converter','Unknown'
  );
FILE_SCHEMA(('AUTOMOTIVE_DESIGN { 1 0 10303 214 1 1 1 1 }'));
ENDSEC;
DATA;
#1 = APPLICATION_PROTOCOL_DEFINITION('international standard',
  'automotive_design',2000,#2);
#2 = APPLICATION_CONTEXT(
  'core data for automotive mechanical design processes');
#3 = SHAPE_DEFINITION_REPRESENTATION(#4,#10);
#4 = PRODUCT_DEFINITION_SHAPE('','',#5);
#5 = PRODUCT_DEFINITION('design','',#6,#9);
#6 = PRODUCT_DEFINITION_FORMATION('','',#7);
#7 = PRODUCT('.step 1','.step 1','',(#8));
#8 = PRODUCT_CONTEXT('',#2,'mechanical');
#9 = PRODUCT_DEFINITION_CONTEXT('part definition',#2,'design');
#10 = SHAPE_REPRESENTATION('',(#11,#15,#19,#23,#27,#31,#35,#39,#43,#47,
    #51,#55,#59,#63,#67),#71);
#11 = AXIS2_PLACEMENT_3D('',#12,#13,#14);
#12 = CARTESIAN_POINT('',(0.,0.,0.));
#13 = DIRECTION('',(0.,0.,1.));
#14 = DIRECTION('',(1.,0.,-0.));
#15 = AXIS2_PLACEMENT_3D('',#16,#17,#18);
#16 = CARTESIAN_POINT('',(-5.25,-3.7,0.833));
#17 = DIRECTION('',(0.,-0.,1.));
#18 = DIRECTION('',(1.110223024625E-16,1.,0.));
#19 = AXIS2_PLACEMENT_3D('',#20,#21,#22);
#20 = CARTESIAN_POINT('',(-8.75,-0.9,0.833));
#21 = DIRECTION('',(0.,-0.,1.));
#22 = DIRECTION('',(1.110223024625E-16,1.,0.));
#23 = AXIS2_PLACEMENT_3D('',#24,#25,#26);
#24 = CARTESIAN_POINT('',(6.75,4.3,0.833));
#25 = DIRECTION('',(0.,0.,1.));
#26 = DIRECTION('',(1.,0.,0.));
#27 = AXIS2_PLACEMENT_3D('',#28,#29,#30);
#28 = CARTESIAN_POINT('',(3.325,3.85,0.833));
#29 = DIRECTION('',(0.,0.,1.));
#30 = DIRECTION('',(1.,0.,0.));
#31 = AXIS2_PLACEMENT_3D('',#32,#33,#34);
#32 = CARTESIAN_POINT('',(-8.75,-4.9,0.833));
#33 = DIRECTION('',(0.,0.,1.));
#34 = DIRECTION('',(1.,0.,0.));
#35 = AXIS2_PLACEMENT_3D('',#36,#37,#38);
#36 = CARTESIAN_POINT('',(-12.25,3.79,0.833));
#37 = DIRECTION('',(0.,0.,1.));
#38 = DIRECTION('',(1.,0.,0.));
#39 = AXIS2_PLACEMENT_3D('',#40,#41,#42);
#40 = CARTESIAN_POINT('',(0.75,0.,0.79300000149));
#41 = DIRECTION('',(0.,-0.,1.));
#42 = DIRECTION('',(1.144237745222E-17,1.,0.));
#43 = AXIS2_PLACEMENT_3D('',#44,#45,#46);
#44 = CARTESIAN_POINT('',(11.25,3.3,0.833));
#45 = DIRECTION('',(0.,0.,1.));
#46 = DIRECTION('',(1.,0.,0.));
#47 = AXIS2_PLACEMENT_3D('',#48,#49,#50);
#48 = CARTESIAN_POINT('',(-9.45,2.8,0.833));
#49 = DIRECTION('',(-0.,0.,1.));
#50 = DIRECTION('',(1.110223024625E-16,-1.,0.));
#51 = AXIS2_PLACEMENT_3D('',#52,#53,#54);
#52 = CARTESIAN_POINT('',(9.25,0.8,0.833));
#53 = DIRECTION('',(0.,0.,1.));
#54 = DIRECTION('',(-1.,1.224646799147E-16,0.));
#55 = AXIS2_PLACEMENT_3D('',#56,#57,#58);
#56 = CARTESIAN_POINT('',(-0.55,3.3,0.833));
#57 = DIRECTION('',(-0.,0.,1.));
#58 = DIRECTION('',(1.110223024625E-16,-1.,0.));
#59 = AXIS2_PLACEMENT_3D('',#60,#61,#62);
#60 = CARTESIAN_POINT('',(12.25,0.8,0.833));
#61 = DIRECTION('',(0.,0.,1.));
#62 = DIRECTION('',(1.,0.,0.));
#63 = AXIS2_PLACEMENT_3D('',#64,#65,#66);
#64 = CARTESIAN_POINT('',(7.25,2.55,0.833));
#65 = DIRECTION('',(0.,0.,1.));
#66 = DIRECTION('',(1.,0.,0.));
#67 = AXIS2_PLACEMENT_3D('',#68,#69,#70);
#68 = CARTESIAN_POINT('',(0.,0.,0.));
#69 = DIRECTION('',(0.,0.,1.));
#70 = DIRECTION('',(1.,0.,-0.));
#71 = ( GEOMETRIC_REPRESENTATION_CONTEXT(3) 
GLOBAL_UNCERTAINTY_ASSIGNED_CONTEXT((#75)) GLOBAL_UNIT_ASSIGNED_CONTEXT(
(#72,#73,#74)) REPRESENTATION_CONTEXT('Context #1',
  '3D Context with UNIT and UNCERTAINTY') );
#72 = ( LENGTH_UNIT() NAMED_UNIT(*) SI_UNIT(.MILLI.,.METRE.) );
#73 = ( NAMED_UNIT(*) PLANE_ANGLE_UNIT() SI_UNIT($,.RADIAN.) );
#74 = ( NAMED_UNIT(*) SI_UNIT($,.STERADIAN.) SOLID_ANGLE_UNIT() );
#75 = UNCERTAINTY_MEASURE_WITH_UNIT(LENGTH_MEASURE(1.E-07),#72,
  'distance_accuracy_value','confusion accuracy');
#76 = PRODUCT_RELATED_PRODUCT_CATEGORY('part',$,(#7));
#77 = SHAPE_DEFINITION_REPRESENTATION(#78,#84);
#78 = PRODUCT_DEFINITION_SHAPE('','',#79);
#79 = PRODUCT_DEFINITION('design','',#80,#83);
#80 = PRODUCT_DEFINITION_FORMATION('','',#81);
#81 = PRODUCT('SI2302CDS-T1-GE3','SI2302CDS-T1-GE3','',(#82));
#82 = PRODUCT_CONTEXT('',#2,'mechanical');
#83 = PRODUCT_DEFINITION_CONTEXT('part definition',#2,'design');
#84 = SHAPE_REPRESENTATION('',(#11,#85),#89);
#85 = AXIS2_PLACEMENT_3D('',#86,#87,#88);
#86 = CARTESIAN_POINT('',(0.,0.,0.));
#87 = DIRECTION('',(0.,0.,1.));
#88 = DIRECTION('',(1.,0.,-0.));
#89 = ( GEOMETRIC_REPRESENTATION_CONTEXT(3) 
GLOBAL_UNCERTAINTY_ASSIGNED_CONTEXT((#93)) GLOBAL_UNIT_ASSIGNED_CONTEXT(
(#90,#91,#92)) REPRESENTATION_CONTEXT('Context #1',
  '3D Context with UNIT and UNCERTAINTY') );
#90 = ( LENGTH_UNIT() NAMED_UNIT(*) SI_UNIT(.MILLI.,.METRE.) );
#91 = ( NAMED_UNIT(*) PLANE_ANGLE_UNIT() SI_UNIT($,.RADIAN.) );
#92 = ( NAMED_UNIT(*) SI_UNIT($,.STERADIAN.) SOLID_ANGLE_UNIT() );
#93 = UNCERTAINTY_MEASURE_WITH_UNIT(LENGTH_MEASURE(1.E-07),#90,
  'distance_accuracy_value','confusion accuracy');
#94 = CONTEXT_DEPENDENT_SHAPE_REPRESENTATION(#95,#97);
#95 = ( REPRESENTATION_RELATIONSHIP('','',#84,#10) 
REPRESENTATION_RELATIONSHIP_WITH_TRANSFORMATION(#96) 
SHAPE_REPRESENTATION_RELATIONSHIP() );
#96 = ITEM_DEFINED_TRANSFORMATION('','',#11,#15);
#97 = PRODUCT_DEFINITION_SHAPE('Placement','Placement of an item',#98);
#98 = NEXT_ASSEMBLY_USAGE_OCCURRENCE('5','Q1','',#5,#79,$);
#99 = PRODUCT_RELATED_PRODUCT_CATEGORY('part',$,(#81));
#100 = SHAPE_DEFINITION_REPRESENTATION(#101,#107);
#101 = PRODUCT_DEFINITION_SHAPE('','',#102);
#102 = PRODUCT_DEFINITION('design','',#103,#106);
#103 = PRODUCT_DEFINITION_FORMATION('','',#104);
#104 = PRODUCT('ASSEMBLY','ASSEMBLY','',(#105));
#105 = PRODUCT_CONTEXT('',#2,'mechanical');
#106 = PRODUCT_DEFINITION_CONTEXT('part definition',#2,'design');
#107 = SHAPE_REPRESENTATION('',(#11,#108,#112,#116),#120);
#108 = AXIS2_PLACEMENT_3D('',#109,#110,#111);
#109 = CARTESIAN_POINT('',(0.,0.,0.));
#110 = DIRECTION('',(0.,0.,1.));
#111 = DIRECTION('',(1.,0.,0.));
#112 = AXIS2_PLACEMENT_3D('',#113,#114,#115);
#113 = CARTESIAN_POINT('',(0.,0.,0.));
#114 = DIRECTION('',(0.,0.,1.));
#115 = DIRECTION('',(1.,0.,0.));
#116 = AXIS2_PLACEMENT_3D('',#117,#118,#119);
#117 = CARTESIAN_POINT('',(0.,0.,0.));
#118 = DIRECTION('',(0.,0.,1.));
#119 = DIRECTION('',(1.,0.,0.));
#120 = ( GEOMETRIC_REPRESENTATION_CONTEXT(3) 
GLOBAL_UNCERTAINTY_ASSIGNED_CONTEXT((#124)) GLOBAL_UNIT_ASSIGNED_CONTEXT
((#121,#122,#123)) REPRESENTATION_CONTEXT('Context #1',
  '3D Context with UNIT and UNCERTAINTY') );
#121 = ( LENGTH_UNIT() NAMED_UNIT(*) SI_UNIT(.MILLI.,.METRE.) );
#122 = ( NAMED_UNIT(*) PLANE_ANGLE_UNIT() SI_UNIT($,.RADIAN.) );
#123 = ( NAMED_UNIT(*) SI_UNIT($,.STERADIAN.) SOLID_ANGLE_UNIT() );
#124 = UNCERTAINTY_MEASURE_WITH_UNIT(LENGTH_MEASURE(1.E-07),#121,
  'distance_accuracy_value','confusion accuracy');
#125 = CONTEXT_DEPENDENT_SHAPE_REPRESENTATION(#126,#128);
#126 = ( REPRESENTATION_RELATIONSHIP('','',#107,#84) 
REPRESENTATION_RELATIONSHIP_WITH_TRANSFORMATION(#127) 
SHAPE_REPRESENTATION_RELATIONSHIP() );
#127 = ITEM_DEFINED_TRANSFORMATION('','',#11,#85);
#128 = PRODUCT_DEFINITION_SHAPE('Placement','Placement of an item',#129
  );
#129 = NEXT_ASSEMBLY_USAGE_OCCURRENCE('4','=>[0:1:1:3]','',#79,#102,$);
#130 = PRODUCT_RELATED_PRODUCT_CATEGORY('part',$,(#104));
#131 = SHAPE_DEFINITION_REPRESENTATION(#132,#138);
#132 = PRODUCT_DEFINITION_SHAPE('','',#133);
#133 = PRODUCT_DEFINITION('design','',#134,#137);
#134 = PRODUCT_DEFINITION_FORMATION('','',#135);
#135 = PRODUCT('Body','Body','',(#136));
#136 = PRODUCT_CONTEXT('',#2,'mechanical');
#137 = PRODUCT_DEFINITION_CONTEXT('part definition',#2,'design');
#138 = ADVANCED_BREP_SHAPE_REPRESENTATION('',(#11,#139),#726);
#139 = MANIFOLD_SOLID_BREP('',#140);
#140 = CLOSED_SHELL('',(#141,#181,#212,#245,#276,#307,#332,#356,#378,
    #402,#420,#451,#475,#487,#504,#528,#561,#585,#602,#627,#662,#680,
    #692,#717));
#141 = ADVANCED_FACE('',(#142),#176,.T.);
#142 = FACE_BOUND('',#143,.T.);
#143 = EDGE_LOOP('',(#144,#154,#162,#170));
#144 = ORIENTED_EDGE('',*,*,#145,.F.);
#145 = EDGE_CURVE('',#146,#148,#150,.T.);
#146 = VERTEX_POINT('',#147);
#147 = CARTESIAN_POINT('',(-0.65,-1.46,0.360755385808));
#148 = VERTEX_POINT('',#149);
#149 = CARTESIAN_POINT('',(-0.590472426648,-1.400472426648,
    8.074190647627E-02));
#150 = LINE('',#151,#152);
#151 = CARTESIAN_POINT('',(-0.618847041482,-1.428847041482,
    0.214214080413));
#152 = VECTOR('',#153,1.);
#153 = DIRECTION('',(0.203586419534,0.203586419534,-0.957656065382));
#154 = ORIENTED_EDGE('',*,*,#155,.T.);
#155 = EDGE_CURVE('',#146,#156,#158,.T.);
#156 = VERTEX_POINT('',#157);
#157 = CARTESIAN_POINT('',(-0.65,1.46,0.360755385808));
#158 = LINE('',#159,#160);
#159 = CARTESIAN_POINT('',(-0.65,-1.46,0.360755385808));
#160 = VECTOR('',#161,1.);
#161 = DIRECTION('',(0.,1.,0.));
#162 = ORIENTED_EDGE('',*,*,#163,.T.);
#163 = EDGE_CURVE('',#156,#164,#166,.T.);
#164 = VERTEX_POINT('',#165);
#165 = CARTESIAN_POINT('',(-0.590472426648,1.400472426648,
    8.074190647627E-02));
#166 = LINE('',#167,#168);
#167 = CARTESIAN_POINT('',(-0.558333793363,1.368333793363,
    -7.043594305148E-02));
#168 = VECTOR('',#169,1.);
#169 = DIRECTION('',(0.203586419534,-0.203586419534,-0.957656065382));
#170 = ORIENTED_EDGE('',*,*,#171,.F.);
#171 = EDGE_CURVE('',#148,#164,#172,.T.);
#172 = LINE('',#173,#174);
#173 = CARTESIAN_POINT('',(-0.590472426648,-1.395,8.074190647627E-02));
#174 = VECTOR('',#175,1.);
#175 = DIRECTION('',(0.,1.,0.));
#176 = PLANE('',#177);
#177 = AXIS2_PLACEMENT_3D('',#178,#179,#180);
#178 = CARTESIAN_POINT('',(-0.6175,-1.46,0.207877692904));
#179 = DIRECTION('',(-0.978141298308,-8.677853899819E-19,-0.207941339192
    ));
#180 = DIRECTION('',(-8.488167280094E-19,1.,-1.804484561238E-19));
#181 = ADVANCED_FACE('',(#182),#207,.T.);
#182 = FACE_BOUND('',#183,.F.);
#183 = EDGE_LOOP('',(#184,#185,#193,#201));
#184 = ORIENTED_EDGE('',*,*,#145,.F.);
#185 = ORIENTED_EDGE('',*,*,#186,.T.);
#186 = EDGE_CURVE('',#146,#187,#189,.T.);
#187 = VERTEX_POINT('',#188);
#188 = CARTESIAN_POINT('',(0.65,-1.46,0.360755385808));
#189 = LINE('',#190,#191);
#190 = CARTESIAN_POINT('',(-0.65,-1.46,0.360755385808));
#191 = VECTOR('',#192,1.);
#192 = DIRECTION('',(1.,0.,0.));
#193 = ORIENTED_EDGE('',*,*,#194,.T.);
#194 = EDGE_CURVE('',#187,#195,#197,.T.);
#195 = VERTEX_POINT('',#196);
#196 = CARTESIAN_POINT('',(0.590472426648,-1.400472426648,
    8.074190647627E-02));
#197 = LINE('',#198,#199);
#198 = CARTESIAN_POINT('',(0.59190621184,-1.40190621184,
    8.748633024024E-02));
#199 = VECTOR('',#200,1.);
#200 = DIRECTION('',(-0.203586419534,0.203586419534,-0.957656065382));
#201 = ORIENTED_EDGE('',*,*,#202,.F.);
#202 = EDGE_CURVE('',#148,#195,#203,.T.);
#203 = LINE('',#204,#205);
#204 = CARTESIAN_POINT('',(-0.585,-1.400472426648,8.074190647627E-02));
#205 = VECTOR('',#206,1.);
#206 = DIRECTION('',(1.,0.,0.));
#207 = PLANE('',#208);
#208 = AXIS2_PLACEMENT_3D('',#209,#210,#211);
#209 = CARTESIAN_POINT('',(-0.65,-1.4275,0.207877692904));
#210 = DIRECTION('',(0.,-0.978141298308,-0.207941339192));
#211 = DIRECTION('',(-1.,-0.,0.));
#212 = ADVANCED_FACE('',(#213),#240,.T.);
#213 = FACE_BOUND('',#214,.T.);
#214 = EDGE_LOOP('',(#215,#216,#225,#233));
#215 = ORIENTED_EDGE('',*,*,#171,.T.);
#216 = ORIENTED_EDGE('',*,*,#217,.T.);
#217 = EDGE_CURVE('',#164,#218,#220,.T.);
#218 = VERTEX_POINT('',#219);
#219 = CARTESIAN_POINT('',(-0.558682834453,1.368682834453,5.5E-02));
#220 = ELLIPSE('',#221,4.596194077713E-02,3.25E-02);
#221 = AXIS2_PLACEMENT_3D('',#222,#223,#224);
#222 = CARTESIAN_POINT('',(-0.558682834453,1.368682834453,8.75E-02));
#223 = DIRECTION('',(-0.707106781187,-0.707106781187,-0.));
#224 = DIRECTION('',(-0.707106781187,0.707106781187,0.));
#225 = ORIENTED_EDGE('',*,*,#226,.F.);
#226 = EDGE_CURVE('',#227,#218,#229,.T.);
#227 = VERTEX_POINT('',#228);
#228 = CARTESIAN_POINT('',(-0.558682834453,-1.368682834453,5.5E-02));
#229 = LINE('',#230,#231);
#230 = CARTESIAN_POINT('',(-0.558682834453,-1.395,5.5E-02));
#231 = VECTOR('',#232,1.);
#232 = DIRECTION('',(0.,1.,0.));
#233 = ORIENTED_EDGE('',*,*,#234,.F.);
#234 = EDGE_CURVE('',#148,#227,#235,.T.);
#235 = ELLIPSE('',#236,4.596194077713E-02,3.25E-02);
#236 = AXIS2_PLACEMENT_3D('',#237,#238,#239);
#237 = CARTESIAN_POINT('',(-0.558682834453,-1.368682834453,8.75E-02));
#238 = DIRECTION('',(0.707106781187,-0.707106781187,0.));
#239 = DIRECTION('',(0.707106781187,0.707106781187,0.));
#240 = CYLINDRICAL_SURFACE('',#241,3.25E-02);
#241 = AXIS2_PLACEMENT_3D('',#242,#243,#244);
#242 = CARTESIAN_POINT('',(-0.558682834453,-1.395,8.75E-02));
#243 = DIRECTION('',(0.,1.,0.));
#244 = DIRECTION('',(-0.978141298308,0.,-0.207941339192));
#245 = ADVANCED_FACE('',(#246),#271,.F.);
#246 = FACE_BOUND('',#247,.F.);
#247 = EDGE_LOOP('',(#248,#256,#257,#265));
#248 = ORIENTED_EDGE('',*,*,#249,.F.);
#249 = EDGE_CURVE('',#146,#250,#252,.T.);
#250 = VERTEX_POINT('',#251);
#251 = CARTESIAN_POINT('',(-0.65,-1.46,0.573255385808));
#252 = LINE('',#253,#254);
#253 = CARTESIAN_POINT('',(-0.65,-1.46,5.5E-02));
#254 = VECTOR('',#255,1.);
#255 = DIRECTION('',(0.,0.,1.));
#256 = ORIENTED_EDGE('',*,*,#155,.T.);
#257 = ORIENTED_EDGE('',*,*,#258,.T.);
#258 = EDGE_CURVE('',#156,#259,#261,.T.);
#259 = VERTEX_POINT('',#260);
#260 = CARTESIAN_POINT('',(-0.65,1.46,0.573255385808));
#261 = LINE('',#262,#263);
#262 = CARTESIAN_POINT('',(-0.65,1.46,5.5E-02));
#263 = VECTOR('',#264,1.);
#264 = DIRECTION('',(0.,0.,1.));
#265 = ORIENTED_EDGE('',*,*,#266,.F.);
#266 = EDGE_CURVE('',#250,#259,#267,.T.);
#267 = LINE('',#268,#269);
#268 = CARTESIAN_POINT('',(-0.65,-1.46,0.573255385808));
#269 = VECTOR('',#270,1.);
#270 = DIRECTION('',(0.,1.,0.));
#271 = PLANE('',#272);
#272 = AXIS2_PLACEMENT_3D('',#273,#274,#275);
#273 = CARTESIAN_POINT('',(-0.65,-1.46,5.5E-02));
#274 = DIRECTION('',(1.,0.,0.));
#275 = DIRECTION('',(0.,0.,1.));
#276 = ADVANCED_FACE('',(#277),#302,.F.);
#277 = FACE_BOUND('',#278,.T.);
#278 = EDGE_LOOP('',(#279,#280,#288,#296));
#279 = ORIENTED_EDGE('',*,*,#163,.F.);
#280 = ORIENTED_EDGE('',*,*,#281,.T.);
#281 = EDGE_CURVE('',#156,#282,#284,.T.);
#282 = VERTEX_POINT('',#283);
#283 = CARTESIAN_POINT('',(0.65,1.46,0.360755385808));
#284 = LINE('',#285,#286);
#285 = CARTESIAN_POINT('',(-0.65,1.46,0.360755385808));
#286 = VECTOR('',#287,1.);
#287 = DIRECTION('',(1.,0.,0.));
#288 = ORIENTED_EDGE('',*,*,#289,.T.);
#289 = EDGE_CURVE('',#282,#290,#292,.T.);
#290 = VERTEX_POINT('',#291);
#291 = CARTESIAN_POINT('',(0.590472426648,1.400472426648,
    8.074190647627E-02));
#292 = LINE('',#293,#294);
#293 = CARTESIAN_POINT('',(0.531392963721,1.341392963721,-0.197163693224
    ));
#294 = VECTOR('',#295,1.);
#295 = DIRECTION('',(-0.203586419534,-0.203586419534,-0.957656065382));
#296 = ORIENTED_EDGE('',*,*,#297,.F.);
#297 = EDGE_CURVE('',#164,#290,#298,.T.);
#298 = LINE('',#299,#300);
#299 = CARTESIAN_POINT('',(-0.585,1.400472426648,8.074190647627E-02));
#300 = VECTOR('',#301,1.);
#301 = DIRECTION('',(1.,0.,0.));
#302 = PLANE('',#303);
#303 = AXIS2_PLACEMENT_3D('',#304,#305,#306);
#304 = CARTESIAN_POINT('',(-0.65,1.4275,0.207877692904));
#305 = DIRECTION('',(0.,-0.978141298308,0.207941339192));
#306 = DIRECTION('',(-1.,0.,0.));
#307 = ADVANCED_FACE('',(#308),#327,.T.);
#308 = FACE_BOUND('',#309,.T.);
#309 = EDGE_LOOP('',(#310,#311,#319,#326));
#310 = ORIENTED_EDGE('',*,*,#234,.T.);
#311 = ORIENTED_EDGE('',*,*,#312,.T.);
#312 = EDGE_CURVE('',#227,#313,#315,.T.);
#313 = VERTEX_POINT('',#314);
#314 = CARTESIAN_POINT('',(0.558682834453,-1.368682834453,5.5E-02));
#315 = LINE('',#316,#317);
#316 = CARTESIAN_POINT('',(-0.585,-1.368682834453,5.5E-02));
#317 = VECTOR('',#318,1.);
#318 = DIRECTION('',(1.,0.,0.));
#319 = ORIENTED_EDGE('',*,*,#320,.F.);
#320 = EDGE_CURVE('',#195,#313,#321,.T.);
#321 = ELLIPSE('',#322,4.596194077713E-02,3.25E-02);
#322 = AXIS2_PLACEMENT_3D('',#323,#324,#325);
#323 = CARTESIAN_POINT('',(0.558682834453,-1.368682834453,8.75E-02));
#324 = DIRECTION('',(0.707106781187,0.707106781187,0.));
#325 = DIRECTION('',(0.707106781187,-0.707106781187,0.));
#326 = ORIENTED_EDGE('',*,*,#202,.F.);
#327 = CYLINDRICAL_SURFACE('',#328,3.25E-02);
#328 = AXIS2_PLACEMENT_3D('',#329,#330,#331);
#329 = CARTESIAN_POINT('',(-0.585,-1.368682834453,8.75E-02));
#330 = DIRECTION('',(1.,0.,0.));
#331 = DIRECTION('',(0.,-0.978141298308,-0.207941339192));
#332 = ADVANCED_FACE('',(#333),#351,.F.);
#333 = FACE_BOUND('',#334,.F.);
#334 = EDGE_LOOP('',(#335,#343,#344,#345));
#335 = ORIENTED_EDGE('',*,*,#336,.F.);
#336 = EDGE_CURVE('',#187,#337,#339,.T.);
#337 = VERTEX_POINT('',#338);
#338 = CARTESIAN_POINT('',(0.65,-1.46,0.573255385808));
#339 = LINE('',#340,#341);
#340 = CARTESIAN_POINT('',(0.65,-1.46,5.5E-02));
#341 = VECTOR('',#342,1.);
#342 = DIRECTION('',(0.,0.,1.));
#343 = ORIENTED_EDGE('',*,*,#186,.F.);
#344 = ORIENTED_EDGE('',*,*,#249,.T.);
#345 = ORIENTED_EDGE('',*,*,#346,.T.);
#346 = EDGE_CURVE('',#250,#337,#347,.T.);
#347 = LINE('',#348,#349);
#348 = CARTESIAN_POINT('',(-0.65,-1.46,0.573255385808));
#349 = VECTOR('',#350,1.);
#350 = DIRECTION('',(1.,0.,0.));
#351 = PLANE('',#352);
#352 = AXIS2_PLACEMENT_3D('',#353,#354,#355);
#353 = CARTESIAN_POINT('',(-0.65,-1.46,5.5E-02));
#354 = DIRECTION('',(0.,1.,0.));
#355 = DIRECTION('',(0.,-0.,1.));
#356 = ADVANCED_FACE('',(#357),#373,.F.);
#357 = FACE_BOUND('',#358,.F.);
#358 = EDGE_LOOP('',(#359,#360,#366,#367));
#359 = ORIENTED_EDGE('',*,*,#194,.F.);
#360 = ORIENTED_EDGE('',*,*,#361,.T.);
#361 = EDGE_CURVE('',#187,#282,#362,.T.);
#362 = LINE('',#363,#364);
#363 = CARTESIAN_POINT('',(0.65,-1.46,0.360755385808));
#364 = VECTOR('',#365,1.);
#365 = DIRECTION('',(0.,1.,0.));
#366 = ORIENTED_EDGE('',*,*,#289,.T.);
#367 = ORIENTED_EDGE('',*,*,#368,.F.);
#368 = EDGE_CURVE('',#195,#290,#369,.T.);
#369 = LINE('',#370,#371);
#370 = CARTESIAN_POINT('',(0.590472426648,-1.395,8.074190647627E-02));
#371 = VECTOR('',#372,1.);
#372 = DIRECTION('',(0.,1.,0.));
#373 = PLANE('',#374);
#374 = AXIS2_PLACEMENT_3D('',#375,#376,#377);
#375 = CARTESIAN_POINT('',(0.6175,-1.46,0.207877692904));
#376 = DIRECTION('',(-0.978141298308,8.677853899819E-19,0.207941339192)
  );
#377 = DIRECTION('',(8.488167280094E-19,1.,-1.804484561238E-19));
#378 = ADVANCED_FACE('',(#379),#397,.F.);
#379 = FACE_BOUND('',#380,.F.);
#380 = EDGE_LOOP('',(#381,#382,#383,#391));
#381 = ORIENTED_EDGE('',*,*,#226,.F.);
#382 = ORIENTED_EDGE('',*,*,#312,.T.);
#383 = ORIENTED_EDGE('',*,*,#384,.T.);
#384 = EDGE_CURVE('',#313,#385,#387,.T.);
#385 = VERTEX_POINT('',#386);
#386 = CARTESIAN_POINT('',(0.558682834453,1.368682834453,5.5E-02));
#387 = LINE('',#388,#389);
#388 = CARTESIAN_POINT('',(0.558682834453,-1.395,5.5E-02));
#389 = VECTOR('',#390,1.);
#390 = DIRECTION('',(0.,1.,0.));
#391 = ORIENTED_EDGE('',*,*,#392,.F.);
#392 = EDGE_CURVE('',#218,#385,#393,.T.);
#393 = LINE('',#394,#395);
#394 = CARTESIAN_POINT('',(-0.585,1.368682834453,5.5E-02));
#395 = VECTOR('',#396,1.);
#396 = DIRECTION('',(1.,0.,0.));
#397 = PLANE('',#398);
#398 = AXIS2_PLACEMENT_3D('',#399,#400,#401);
#399 = CARTESIAN_POINT('',(-0.65,-1.46,5.5E-02));
#400 = DIRECTION('',(0.,0.,1.));
#401 = DIRECTION('',(1.,0.,-0.));
#402 = ADVANCED_FACE('',(#403),#415,.T.);
#403 = FACE_BOUND('',#404,.T.);
#404 = EDGE_LOOP('',(#405,#406,#407,#414));
#405 = ORIENTED_EDGE('',*,*,#217,.F.);
#406 = ORIENTED_EDGE('',*,*,#297,.T.);
#407 = ORIENTED_EDGE('',*,*,#408,.F.);
#408 = EDGE_CURVE('',#385,#290,#409,.T.);
#409 = ELLIPSE('',#410,4.596194077713E-02,3.25E-02);
#410 = AXIS2_PLACEMENT_3D('',#411,#412,#413);
#411 = CARTESIAN_POINT('',(0.558682834453,1.368682834453,8.75E-02));
#412 = DIRECTION('',(0.707106781187,-0.707106781187,0.));
#413 = DIRECTION('',(0.707106781187,0.707106781187,0.));
#414 = ORIENTED_EDGE('',*,*,#392,.F.);
#415 = CYLINDRICAL_SURFACE('',#416,3.25E-02);
#416 = AXIS2_PLACEMENT_3D('',#417,#418,#419);
#417 = CARTESIAN_POINT('',(-0.585,1.368682834453,8.75E-02));
#418 = DIRECTION('',(1.,0.,0.));
#419 = DIRECTION('',(0.,0.,-1.));
#420 = ADVANCED_FACE('',(#421),#446,.F.);
#421 = FACE_BOUND('',#422,.F.);
#422 = EDGE_LOOP('',(#423,#431,#432,#440));
#423 = ORIENTED_EDGE('',*,*,#424,.F.);
#424 = EDGE_CURVE('',#250,#425,#427,.T.);
#425 = VERTEX_POINT('',#426);
#426 = CARTESIAN_POINT('',(-0.588407643313,-1.398407643313,1.09133675956
    ));
#427 = LINE('',#428,#429);
#428 = CARTESIAN_POINT('',(-0.61794671952,-1.42794671952,0.842870131496)
  );
#429 = VECTOR('',#430,1.);
#430 = DIRECTION('',(0.117239993157,0.117239993157,0.986158997327));
#431 = ORIENTED_EDGE('',*,*,#266,.T.);
#432 = ORIENTED_EDGE('',*,*,#433,.T.);
#433 = EDGE_CURVE('',#259,#434,#436,.T.);
#434 = VERTEX_POINT('',#435);
#435 = CARTESIAN_POINT('',(-0.588407643313,1.398407643313,1.09133675956)
  );
#436 = LINE('',#437,#438);
#437 = CARTESIAN_POINT('',(-0.597878704167,1.407878704167,1.011671351679
    ));
#438 = VECTOR('',#439,1.);
#439 = DIRECTION('',(0.117239993157,-0.117239993157,0.986158997327));
#440 = ORIENTED_EDGE('',*,*,#441,.F.);
#441 = EDGE_CURVE('',#425,#434,#442,.T.);
#442 = LINE('',#443,#444);
#443 = CARTESIAN_POINT('',(-0.588407643313,-1.395,1.09133675956));
#444 = VECTOR('',#445,1.);
#445 = DIRECTION('',(0.,1.,0.));
#446 = PLANE('',#447);
#447 = AXIS2_PLACEMENT_3D('',#448,#449,#450);
#448 = CARTESIAN_POINT('',(-0.6175,-1.46,0.846627692904));
#449 = DIRECTION('',(0.993007160071,0.,-0.118054140323));
#450 = DIRECTION('',(0.,1.,0.));
#451 = ADVANCED_FACE('',(#452),#470,.T.);
#452 = FACE_BOUND('',#453,.T.);
#453 = EDGE_LOOP('',(#454,#462,#463,#464));
#454 = ORIENTED_EDGE('',*,*,#455,.F.);
#455 = EDGE_CURVE('',#282,#456,#458,.T.);
#456 = VERTEX_POINT('',#457);
#457 = CARTESIAN_POINT('',(0.65,1.46,0.573255385808));
#458 = LINE('',#459,#460);
#459 = CARTESIAN_POINT('',(0.65,1.46,5.5E-02));
#460 = VECTOR('',#461,1.);
#461 = DIRECTION('',(0.,0.,1.));
#462 = ORIENTED_EDGE('',*,*,#281,.F.);
#463 = ORIENTED_EDGE('',*,*,#258,.T.);
#464 = ORIENTED_EDGE('',*,*,#465,.T.);
#465 = EDGE_CURVE('',#259,#456,#466,.T.);
#466 = LINE('',#467,#468);
#467 = CARTESIAN_POINT('',(-0.65,1.46,0.573255385808));
#468 = VECTOR('',#469,1.);
#469 = DIRECTION('',(1.,0.,0.));
#470 = PLANE('',#471);
#471 = AXIS2_PLACEMENT_3D('',#472,#473,#474);
#472 = CARTESIAN_POINT('',(-0.65,1.46,5.5E-02));
#473 = DIRECTION('',(0.,1.,0.));
#474 = DIRECTION('',(0.,-0.,1.));
#475 = ADVANCED_FACE('',(#476),#482,.T.);
#476 = FACE_BOUND('',#477,.T.);
#477 = EDGE_LOOP('',(#478,#479,#480,#481));
#478 = ORIENTED_EDGE('',*,*,#384,.T.);
#479 = ORIENTED_EDGE('',*,*,#408,.T.);
#480 = ORIENTED_EDGE('',*,*,#368,.F.);
#481 = ORIENTED_EDGE('',*,*,#320,.T.);
#482 = CYLINDRICAL_SURFACE('',#483,3.25E-02);
#483 = AXIS2_PLACEMENT_3D('',#484,#485,#486);
#484 = CARTESIAN_POINT('',(0.558682834453,-1.395,8.75E-02));
#485 = DIRECTION('',(0.,1.,0.));
#486 = DIRECTION('',(0.,0.,-1.));
#487 = ADVANCED_FACE('',(#488),#499,.T.);
#488 = FACE_BOUND('',#489,.T.);
#489 = EDGE_LOOP('',(#490,#491,#492,#493));
#490 = ORIENTED_EDGE('',*,*,#336,.F.);
#491 = ORIENTED_EDGE('',*,*,#361,.T.);
#492 = ORIENTED_EDGE('',*,*,#455,.T.);
#493 = ORIENTED_EDGE('',*,*,#494,.F.);
#494 = EDGE_CURVE('',#337,#456,#495,.T.);
#495 = LINE('',#496,#497);
#496 = CARTESIAN_POINT('',(0.65,-1.46,0.573255385808));
#497 = VECTOR('',#498,1.);
#498 = DIRECTION('',(0.,1.,0.));
#499 = PLANE('',#500);
#500 = AXIS2_PLACEMENT_3D('',#501,#502,#503);
#501 = CARTESIAN_POINT('',(0.65,-1.46,5.5E-02));
#502 = DIRECTION('',(1.,0.,0.));
#503 = DIRECTION('',(0.,0.,1.));
#504 = ADVANCED_FACE('',(#505),#523,.F.);
#505 = FACE_BOUND('',#506,.T.);
#506 = EDGE_LOOP('',(#507,#508,#509,#517));
#507 = ORIENTED_EDGE('',*,*,#424,.F.);
#508 = ORIENTED_EDGE('',*,*,#346,.T.);
#509 = ORIENTED_EDGE('',*,*,#510,.T.);
#510 = EDGE_CURVE('',#337,#511,#513,.T.);
#511 = VERTEX_POINT('',#512);
#512 = CARTESIAN_POINT('',(0.588407643313,-1.398407643313,1.09133675956)
  );
#513 = LINE('',#514,#515);
#514 = CARTESIAN_POINT('',(0.609012329123,-1.419012329123,0.918021359659
    ));
#515 = VECTOR('',#516,1.);
#516 = DIRECTION('',(-0.117239993157,0.117239993157,0.986158997327));
#517 = ORIENTED_EDGE('',*,*,#518,.F.);
#518 = EDGE_CURVE('',#425,#511,#519,.T.);
#519 = LINE('',#520,#521);
#520 = CARTESIAN_POINT('',(-0.585,-1.398407643313,1.09133675956));
#521 = VECTOR('',#522,1.);
#522 = DIRECTION('',(1.,0.,0.));
#523 = PLANE('',#524);
#524 = AXIS2_PLACEMENT_3D('',#525,#526,#527);
#525 = CARTESIAN_POINT('',(-0.65,-1.4275,0.846627692904));
#526 = DIRECTION('',(0.,0.993007160071,-0.118054140323));
#527 = DIRECTION('',(-1.,0.,-0.));
#528 = ADVANCED_FACE('',(#529),#556,.T.);
#529 = FACE_BOUND('',#530,.T.);
#530 = EDGE_LOOP('',(#531,#540,#548,#555));
#531 = ORIENTED_EDGE('',*,*,#532,.T.);
#532 = EDGE_CURVE('',#425,#533,#535,.T.);
#533 = VERTEX_POINT('',#534);
#534 = CARTESIAN_POINT('',(-0.556134910611,-1.366134910611,1.12));
#535 = ELLIPSE('',#536,4.596194077713E-02,3.25E-02);
#536 = AXIS2_PLACEMENT_3D('',#537,#538,#539);
#537 = CARTESIAN_POINT('',(-0.556134910611,-1.366134910611,1.0875));
#538 = DIRECTION('',(-0.707106781187,0.707106781187,0.));
#539 = DIRECTION('',(0.707106781187,0.707106781187,0.));
#540 = ORIENTED_EDGE('',*,*,#541,.T.);
#541 = EDGE_CURVE('',#533,#542,#544,.T.);
#542 = VERTEX_POINT('',#543);
#543 = CARTESIAN_POINT('',(-0.556134910611,1.366134910611,1.12));
#544 = LINE('',#545,#546);
#545 = CARTESIAN_POINT('',(-0.556134910611,-1.395,1.12));
#546 = VECTOR('',#547,1.);
#547 = DIRECTION('',(0.,1.,0.));
#548 = ORIENTED_EDGE('',*,*,#549,.F.);
#549 = EDGE_CURVE('',#434,#542,#550,.T.);
#550 = ELLIPSE('',#551,4.596194077713E-02,3.25E-02);
#551 = AXIS2_PLACEMENT_3D('',#552,#553,#554);
#552 = CARTESIAN_POINT('',(-0.556134910611,1.366134910611,1.0875));
#553 = DIRECTION('',(0.707106781187,0.707106781187,-0.));
#554 = DIRECTION('',(-0.707106781187,0.707106781187,0.));
#555 = ORIENTED_EDGE('',*,*,#441,.F.);
#556 = CYLINDRICAL_SURFACE('',#557,3.25E-02);
#557 = AXIS2_PLACEMENT_3D('',#558,#559,#560);
#558 = CARTESIAN_POINT('',(-0.556134910611,-1.395,1.0875));
#559 = DIRECTION('',(0.,1.,0.));
#560 = DIRECTION('',(-0.993007160071,0.,0.118054140323));
#561 = ADVANCED_FACE('',(#562),#580,.T.);
#562 = FACE_BOUND('',#563,.F.);
#563 = EDGE_LOOP('',(#564,#565,#566,#574));
#564 = ORIENTED_EDGE('',*,*,#433,.F.);
#565 = ORIENTED_EDGE('',*,*,#465,.T.);
#566 = ORIENTED_EDGE('',*,*,#567,.T.);
#567 = EDGE_CURVE('',#456,#568,#570,.T.);
#568 = VERTEX_POINT('',#569);
#569 = CARTESIAN_POINT('',(0.588407643313,1.398407643313,1.09133675956)
  );
#570 = LINE('',#571,#572);
#571 = CARTESIAN_POINT('',(0.58894431377,1.39894431377,1.086822579842));
#572 = VECTOR('',#573,1.);
#573 = DIRECTION('',(-0.117239993157,-0.117239993157,0.986158997327));
#574 = ORIENTED_EDGE('',*,*,#575,.F.);
#575 = EDGE_CURVE('',#434,#568,#576,.T.);
#576 = LINE('',#577,#578);
#577 = CARTESIAN_POINT('',(-0.585,1.398407643313,1.09133675956));
#578 = VECTOR('',#579,1.);
#579 = DIRECTION('',(1.,0.,0.));
#580 = PLANE('',#581);
#581 = AXIS2_PLACEMENT_3D('',#582,#583,#584);
#582 = CARTESIAN_POINT('',(-0.65,1.4275,0.846627692904));
#583 = DIRECTION('',(0.,0.993007160071,0.118054140323));
#584 = DIRECTION('',(-1.,0.,0.));
#585 = ADVANCED_FACE('',(#586),#597,.T.);
#586 = FACE_BOUND('',#587,.T.);
#587 = EDGE_LOOP('',(#588,#589,#590,#591));
#588 = ORIENTED_EDGE('',*,*,#510,.F.);
#589 = ORIENTED_EDGE('',*,*,#494,.T.);
#590 = ORIENTED_EDGE('',*,*,#567,.T.);
#591 = ORIENTED_EDGE('',*,*,#592,.F.);
#592 = EDGE_CURVE('',#511,#568,#593,.T.);
#593 = LINE('',#594,#595);
#594 = CARTESIAN_POINT('',(0.588407643313,-1.395,1.09133675956));
#595 = VECTOR('',#596,1.);
#596 = DIRECTION('',(0.,1.,0.));
#597 = PLANE('',#598);
#598 = AXIS2_PLACEMENT_3D('',#599,#600,#601);
#599 = CARTESIAN_POINT('',(0.6175,-1.46,0.846627692904));
#600 = DIRECTION('',(0.993007160071,0.,0.118054140323));
#601 = DIRECTION('',(-0.,1.,0.));
#602 = ADVANCED_FACE('',(#603),#622,.T.);
#603 = FACE_BOUND('',#604,.T.);
#604 = EDGE_LOOP('',(#605,#606,#615,#621));
#605 = ORIENTED_EDGE('',*,*,#518,.T.);
#606 = ORIENTED_EDGE('',*,*,#607,.T.);
#607 = EDGE_CURVE('',#511,#608,#610,.T.);
#608 = VERTEX_POINT('',#609);
#609 = CARTESIAN_POINT('',(0.556134910611,-1.366134910611,1.12));
#610 = ELLIPSE('',#611,4.596194077713E-02,3.25E-02);
#611 = AXIS2_PLACEMENT_3D('',#612,#613,#614);
#612 = CARTESIAN_POINT('',(0.556134910611,-1.366134910611,1.0875));
#613 = DIRECTION('',(-0.707106781187,-0.707106781187,0.));
#614 = DIRECTION('',(0.707106781187,-0.707106781187,0.));
#615 = ORIENTED_EDGE('',*,*,#616,.F.);
#616 = EDGE_CURVE('',#533,#608,#617,.T.);
#617 = LINE('',#618,#619);
#618 = CARTESIAN_POINT('',(-0.585,-1.366134910611,1.12));
#619 = VECTOR('',#620,1.);
#620 = DIRECTION('',(1.,0.,0.));
#621 = ORIENTED_EDGE('',*,*,#532,.F.);
#622 = CYLINDRICAL_SURFACE('',#623,3.25E-02);
#623 = AXIS2_PLACEMENT_3D('',#624,#625,#626);
#624 = CARTESIAN_POINT('',(-0.585,-1.366134910611,1.0875));
#625 = DIRECTION('',(1.,0.,0.));
#626 = DIRECTION('',(0.,-0.993007160071,0.118054140323));
#627 = ADVANCED_FACE('',(#628,#646),#657,.T.);
#628 = FACE_BOUND('',#629,.T.);
#629 = EDGE_LOOP('',(#630,#631,#632,#640));
#630 = ORIENTED_EDGE('',*,*,#541,.F.);
#631 = ORIENTED_EDGE('',*,*,#616,.T.);
#632 = ORIENTED_EDGE('',*,*,#633,.T.);
#633 = EDGE_CURVE('',#608,#634,#636,.T.);
#634 = VERTEX_POINT('',#635);
#635 = CARTESIAN_POINT('',(0.556134910611,1.366134910611,1.12));
#636 = LINE('',#637,#638);
#637 = CARTESIAN_POINT('',(0.556134910611,-1.395,1.12));
#638 = VECTOR('',#639,1.);
#639 = DIRECTION('',(0.,1.,0.));
#640 = ORIENTED_EDGE('',*,*,#641,.F.);
#641 = EDGE_CURVE('',#542,#634,#642,.T.);
#642 = LINE('',#643,#644);
#643 = CARTESIAN_POINT('',(-0.585,1.366134910611,1.12));
#644 = VECTOR('',#645,1.);
#645 = DIRECTION('',(1.,0.,0.));
#646 = FACE_BOUND('',#647,.T.);
#647 = EDGE_LOOP('',(#648));
#648 = ORIENTED_EDGE('',*,*,#649,.F.);
#649 = EDGE_CURVE('',#650,#650,#652,.T.);
#650 = VERTEX_POINT('',#651);
#651 = CARTESIAN_POINT('',(-0.30875,0.95,1.12));
#652 = CIRCLE('',#653,8.125E-02);
#653 = AXIS2_PLACEMENT_3D('',#654,#655,#656);
#654 = CARTESIAN_POINT('',(-0.39,0.95,1.12));
#655 = DIRECTION('',(0.,0.,1.));
#656 = DIRECTION('',(1.,0.,-0.));
#657 = PLANE('',#658);
#658 = AXIS2_PLACEMENT_3D('',#659,#660,#661);
#659 = CARTESIAN_POINT('',(-0.65,-1.46,1.12));
#660 = DIRECTION('',(0.,0.,1.));
#661 = DIRECTION('',(1.,0.,-0.));
#662 = ADVANCED_FACE('',(#663),#675,.T.);
#663 = FACE_BOUND('',#664,.T.);
#664 = EDGE_LOOP('',(#665,#666,#673,#674));
#665 = ORIENTED_EDGE('',*,*,#641,.T.);
#666 = ORIENTED_EDGE('',*,*,#667,.T.);
#667 = EDGE_CURVE('',#634,#568,#668,.T.);
#668 = ELLIPSE('',#669,4.596194077713E-02,3.25E-02);
#669 = AXIS2_PLACEMENT_3D('',#670,#671,#672);
#670 = CARTESIAN_POINT('',(0.556134910611,1.366134910611,1.0875));
#671 = DIRECTION('',(-0.707106781187,0.707106781187,0.));
#672 = DIRECTION('',(0.707106781187,0.707106781187,0.));
#673 = ORIENTED_EDGE('',*,*,#575,.F.);
#674 = ORIENTED_EDGE('',*,*,#549,.T.);
#675 = CYLINDRICAL_SURFACE('',#676,3.25E-02);
#676 = AXIS2_PLACEMENT_3D('',#677,#678,#679);
#677 = CARTESIAN_POINT('',(-0.585,1.366134910611,1.0875));
#678 = DIRECTION('',(1.,0.,0.));
#679 = DIRECTION('',(0.,0.,1.));
#680 = ADVANCED_FACE('',(#681),#687,.T.);
#681 = FACE_BOUND('',#682,.T.);
#682 = EDGE_LOOP('',(#683,#684,#685,#686));
#683 = ORIENTED_EDGE('',*,*,#607,.F.);
#684 = ORIENTED_EDGE('',*,*,#592,.T.);
#685 = ORIENTED_EDGE('',*,*,#667,.F.);
#686 = ORIENTED_EDGE('',*,*,#633,.F.);
#687 = CYLINDRICAL_SURFACE('',#688,3.25E-02);
#688 = AXIS2_PLACEMENT_3D('',#689,#690,#691);
#689 = CARTESIAN_POINT('',(0.556134910611,-1.395,1.0875));
#690 = DIRECTION('',(0.,1.,0.));
#691 = DIRECTION('',(0.,-0.,1.));
#692 = ADVANCED_FACE('',(#693),#712,.F.);
#693 = FACE_BOUND('',#694,.F.);
#694 = EDGE_LOOP('',(#695,#703,#704,#705));
#695 = ORIENTED_EDGE('',*,*,#696,.T.);
#696 = EDGE_CURVE('',#697,#650,#699,.T.);
#697 = VERTEX_POINT('',#698);
#698 = CARTESIAN_POINT('',(-0.30875,0.95,1.008));
#699 = LINE('',#700,#701);
#700 = CARTESIAN_POINT('',(-0.30875,0.95,1.008));
#701 = VECTOR('',#702,1.);
#702 = DIRECTION('',(0.,0.,1.));
#703 = ORIENTED_EDGE('',*,*,#649,.F.);
#704 = ORIENTED_EDGE('',*,*,#696,.F.);
#705 = ORIENTED_EDGE('',*,*,#706,.T.);
#706 = EDGE_CURVE('',#697,#697,#707,.T.);
#707 = CIRCLE('',#708,8.125E-02);
#708 = AXIS2_PLACEMENT_3D('',#709,#710,#711);
#709 = CARTESIAN_POINT('',(-0.39,0.95,1.008));
#710 = DIRECTION('',(0.,0.,1.));
#711 = DIRECTION('',(1.,0.,-0.));
#712 = CYLINDRICAL_SURFACE('',#713,8.125E-02);
#713 = AXIS2_PLACEMENT_3D('',#714,#715,#716);
#714 = CARTESIAN_POINT('',(-0.39,0.95,1.008));
#715 = DIRECTION('',(0.,0.,1.));
#716 = DIRECTION('',(1.,0.,-0.));
#717 = ADVANCED_FACE('',(#718),#721,.T.);
#718 = FACE_BOUND('',#719,.F.);
#719 = EDGE_LOOP('',(#720));
#720 = ORIENTED_EDGE('',*,*,#706,.F.);
#721 = PLANE('',#722);
#722 = AXIS2_PLACEMENT_3D('',#723,#724,#725);
#723 = CARTESIAN_POINT('',(-0.39,0.95,1.008));
#724 = DIRECTION('',(0.,0.,1.));
#725 = DIRECTION('',(1.,0.,-0.));
#726 = ( GEOMETRIC_REPRESENTATION_CONTEXT(3) 
GLOBAL_UNCERTAINTY_ASSIGNED_CONTEXT((#730)) GLOBAL_UNIT_ASSIGNED_CONTEXT
((#727,#728,#729)) REPRESENTATION_CONTEXT('Context #1',
  '3D Context with UNIT and UNCERTAINTY') );
#727 = ( LENGTH_UNIT() NAMED_UNIT(*) SI_UNIT(.MILLI.,.METRE.) );
#728 = ( NAMED_UNIT(*) PLANE_ANGLE_UNIT() SI_UNIT($,.RADIAN.) );
#729 = ( NAMED_UNIT(*) SI_UNIT($,.STERADIAN.) SOLID_ANGLE_UNIT() );
#730 = UNCERTAINTY_MEASURE_WITH_UNIT(LENGTH_MEASURE(1.E-07),#727,
  'distance_accuracy_value','confusion accuracy');
#731 = CONTEXT_DEPENDENT_SHAPE_REPRESENTATION(#732,#734);
#732 = ( REPRESENTATION_RELATIONSHIP('','',#138,#107) 
REPRESENTATION_RELATIONSHIP_WITH_TRANSFORMATION(#733) 
SHAPE_REPRESENTATION_RELATIONSHIP() );
#733 = ITEM_DEFINED_TRANSFORMATION('','',#11,#108);
#734 = PRODUCT_DEFINITION_SHAPE('Placement','Placement of an item',#735
  );
#735 = NEXT_ASSEMBLY_USAGE_OCCURRENCE('1','=>0:1:1:4','',#102,#133,$);
#736 = PRODUCT_RELATED_PRODUCT_CATEGORY('part',$,(#135));
#737 = SHAPE_DEFINITION_REPRESENTATION(#738,#744);
#738 = PRODUCT_DEFINITION_SHAPE('','',#739);
#739 = PRODUCT_DEFINITION('design','',#740,#743);
#740 = PRODUCT_DEFINITION_FORMATION('','',#741);
#741 = PRODUCT('PinsArrayL','PinsArrayL','',(#742));
#742 = PRODUCT_CONTEXT('',#2,'mechanical');
#743 = PRODUCT_DEFINITION_CONTEXT('part definition',#2,'design');
#744 = SHAPE_REPRESENTATION('',(#11,#745,#1132),#1519);
#745 = MANIFOLD_SOLID_BREP('',#746);
#746 = CLOSED_SHELL('',(#747,#787,#877,#902,#926,#1001,#1018,#1035,#1052
    ,#1069,#1086,#1103,#1120));
#747 = ADVANCED_FACE('',(#748),#782,.T.);
#748 = FACE_BOUND('',#749,.T.);
#749 = EDGE_LOOP('',(#750,#760,#768,#776));
#750 = ORIENTED_EDGE('',*,*,#751,.F.);
#751 = EDGE_CURVE('',#752,#754,#756,.T.);
#752 = VERTEX_POINT('',#753);
#753 = CARTESIAN_POINT('',(-1.185,1.1625,0.2125));
#754 = VERTEX_POINT('',#755);
#755 = CARTESIAN_POINT('',(-0.984450076811,1.1625,0.2125));
#756 = LINE('',#757,#758);
#757 = CARTESIAN_POINT('',(-1.185,1.1625,0.2125));
#758 = VECTOR('',#759,1.);
#759 = DIRECTION('',(1.,0.,0.));
#760 = ORIENTED_EDGE('',*,*,#761,.F.);
#761 = EDGE_CURVE('',#762,#752,#764,.T.);
#762 = VERTEX_POINT('',#763);
#763 = CARTESIAN_POINT('',(-1.185,0.7375,0.2125));
#764 = LINE('',#765,#766);
#765 = CARTESIAN_POINT('',(-1.185,0.7375,0.2125));
#766 = VECTOR('',#767,1.);
#767 = DIRECTION('',(0.,1.,0.));
#768 = ORIENTED_EDGE('',*,*,#769,.T.);
#769 = EDGE_CURVE('',#762,#770,#772,.T.);
#770 = VERTEX_POINT('',#771);
#771 = CARTESIAN_POINT('',(-0.984450076811,0.7375,0.2125));
#772 = LINE('',#773,#774);
#773 = CARTESIAN_POINT('',(-1.185,0.7375,0.2125));
#774 = VECTOR('',#775,1.);
#775 = DIRECTION('',(1.,0.,0.));
#776 = ORIENTED_EDGE('',*,*,#777,.T.);
#777 = EDGE_CURVE('',#770,#754,#778,.T.);
#778 = LINE('',#779,#780);
#779 = CARTESIAN_POINT('',(-0.984450076811,0.7375,0.2125));
#780 = VECTOR('',#781,1.);
#781 = DIRECTION('',(0.,1.,0.));
#782 = PLANE('',#783);
#783 = AXIS2_PLACEMENT_3D('',#784,#785,#786);
#784 = CARTESIAN_POINT('',(-1.185,0.7375,0.2125));
#785 = DIRECTION('',(0.,0.,1.));
#786 = DIRECTION('',(1.,0.,-0.));
#787 = ADVANCED_FACE('',(#788),#872,.T.);
#788 = FACE_BOUND('',#789,.T.);
#789 = EDGE_LOOP('',(#790,#800,#806,#807,#816,#824,#833,#841,#849,#857,
    #865));
#790 = ORIENTED_EDGE('',*,*,#791,.F.);
#791 = EDGE_CURVE('',#792,#794,#796,.T.);
#792 = VERTEX_POINT('',#793);
#793 = CARTESIAN_POINT('',(-1.185,1.1625,0.));
#794 = VERTEX_POINT('',#795);
#795 = CARTESIAN_POINT('',(-0.884633384541,1.1625,2.775557561563E-17));
#796 = LINE('',#797,#798);
#797 = CARTESIAN_POINT('',(-1.185,1.1625,0.));
#798 = VECTOR('',#799,1.);
#799 = DIRECTION('',(1.,0.,0.));
#800 = ORIENTED_EDGE('',*,*,#801,.T.);
#801 = EDGE_CURVE('',#792,#752,#802,.T.);
#802 = LINE('',#803,#804);
#803 = CARTESIAN_POINT('',(-1.185,1.1625,0.));
#804 = VECTOR('',#805,1.);
#805 = DIRECTION('',(0.,0.,1.));
#806 = ORIENTED_EDGE('',*,*,#751,.T.);
#807 = ORIENTED_EDGE('',*,*,#808,.T.);
#808 = EDGE_CURVE('',#754,#809,#811,.T.);
#809 = VERTEX_POINT('',#810);
#810 = CARTESIAN_POINT('',(-0.878406990347,1.1625,0.312122307096));
#811 = CIRCLE('',#812,0.10625);
#812 = AXIS2_PLACEMENT_3D('',#813,#814,#815);
#813 = CARTESIAN_POINT('',(-0.984450076811,1.1625,0.31875));
#814 = DIRECTION('',(0.,-1.,0.));
#815 = DIRECTION('',(0.,0.,1.));
#816 = ORIENTED_EDGE('',*,*,#817,.T.);
#817 = EDGE_CURVE('',#809,#818,#820,.T.);
#818 = VERTEX_POINT('',#819);
#819 = CARTESIAN_POINT('',(-0.868312567121,1.1625,0.473633078712));
#820 = LINE('',#821,#822);
#821 = CARTESIAN_POINT('',(-0.897086172928,1.1625,1.325538580798E-02));
#822 = VECTOR('',#823,1.);
#823 = DIRECTION('',(6.237828615517E-02,0.,0.998052578483));
#824 = ORIENTED_EDGE('',*,*,#825,.T.);
#825 = EDGE_CURVE('',#818,#826,#828,.T.);
#826 = VERTEX_POINT('',#827);
#827 = CARTESIAN_POINT('',(-0.762269480657,1.1625,0.573255385808));
#828 = CIRCLE('',#829,0.10625);
#829 = AXIS2_PLACEMENT_3D('',#830,#831,#832);
#830 = CARTESIAN_POINT('',(-0.762269480657,1.1625,0.467005385808));
#831 = DIRECTION('',(0.,1.,0.));
#832 = DIRECTION('',(0.,-0.,1.));
#833 = ORIENTED_EDGE('',*,*,#834,.T.);
#834 = EDGE_CURVE('',#826,#835,#837,.T.);
#835 = VERTEX_POINT('',#836);
#836 = CARTESIAN_POINT('',(-0.65,1.1625,0.573255385808));
#837 = LINE('',#838,#839);
#838 = CARTESIAN_POINT('',(-0.862086172928,1.1625,0.573255385808));
#839 = VECTOR('',#840,1.);
#840 = DIRECTION('',(1.,0.,0.));
#841 = ORIENTED_EDGE('',*,*,#842,.F.);
#842 = EDGE_CURVE('',#843,#835,#845,.T.);
#843 = VERTEX_POINT('',#844);
#844 = CARTESIAN_POINT('',(-0.65,1.1625,0.360755385808));
#845 = LINE('',#846,#847);
#846 = CARTESIAN_POINT('',(-0.65,1.1625,0.360755385808));
#847 = VECTOR('',#848,1.);
#848 = DIRECTION('',(0.,0.,1.));
#849 = ORIENTED_EDGE('',*,*,#850,.F.);
#850 = EDGE_CURVE('',#851,#843,#853,.T.);
#851 = VERTEX_POINT('',#852);
#852 = CARTESIAN_POINT('',(-0.662452788387,1.1625,0.360755385808));
#853 = LINE('',#854,#855);
#854 = CARTESIAN_POINT('',(-0.862086172928,1.1625,0.360755385808));
#855 = VECTOR('',#856,1.);
#856 = DIRECTION('',(1.,0.,0.));
#857 = ORIENTED_EDGE('',*,*,#858,.F.);
#858 = EDGE_CURVE('',#859,#851,#861,.T.);
#859 = VERTEX_POINT('',#860);
#860 = CARTESIAN_POINT('',(-0.672547211613,1.1625,0.199244614192));
#861 = LINE('',#862,#863);
#862 = CARTESIAN_POINT('',(-0.685,1.1625,2.25514051877E-17));
#863 = VECTOR('',#864,1.);
#864 = DIRECTION('',(6.237828615517E-02,0.,0.998052578483));
#865 = ORIENTED_EDGE('',*,*,#866,.F.);
#866 = EDGE_CURVE('',#794,#859,#867,.T.);
#867 = CIRCLE('',#868,0.2125);
#868 = AXIS2_PLACEMENT_3D('',#869,#870,#871);
#869 = CARTESIAN_POINT('',(-0.884633384541,1.1625,0.2125));
#870 = DIRECTION('',(0.,-1.,0.));
#871 = DIRECTION('',(0.,0.,1.));
#872 = PLANE('',#873);
#873 = AXIS2_PLACEMENT_3D('',#874,#875,#876);
#874 = CARTESIAN_POINT('',(-0.872591867378,1.1625,0.238825176285));
#875 = DIRECTION('',(1.441582765103E-30,1.,-2.700415335329E-31));
#876 = DIRECTION('',(1.,-1.441582765103E-30,0.));
#877 = ADVANCED_FACE('',(#878),#897,.F.);
#878 = FACE_BOUND('',#879,.F.);
#879 = EDGE_LOOP('',(#880,#881,#882,#890));
#880 = ORIENTED_EDGE('',*,*,#777,.T.);
#881 = ORIENTED_EDGE('',*,*,#808,.T.);
#882 = ORIENTED_EDGE('',*,*,#883,.F.);
#883 = EDGE_CURVE('',#884,#809,#886,.T.);
#884 = VERTEX_POINT('',#885);
#885 = CARTESIAN_POINT('',(-0.878406990347,0.7375,0.312122307096));
#886 = LINE('',#887,#888);
#887 = CARTESIAN_POINT('',(-0.878406990347,0.7375,0.312122307096));
#888 = VECTOR('',#889,1.);
#889 = DIRECTION('',(0.,1.,0.));
#890 = ORIENTED_EDGE('',*,*,#891,.F.);
#891 = EDGE_CURVE('',#770,#884,#892,.T.);
#892 = CIRCLE('',#893,0.10625);
#893 = AXIS2_PLACEMENT_3D('',#894,#895,#896);
#894 = CARTESIAN_POINT('',(-0.984450076811,0.7375,0.31875));
#895 = DIRECTION('',(0.,-1.,0.));
#896 = DIRECTION('',(0.,0.,1.));
#897 = CYLINDRICAL_SURFACE('',#898,0.10625);
#898 = AXIS2_PLACEMENT_3D('',#899,#900,#901);
#899 = CARTESIAN_POINT('',(-0.984450076811,0.7375,0.31875));
#900 = DIRECTION('',(0.,1.,0.));
#901 = DIRECTION('',(0.,0.,-1.));
#902 = ADVANCED_FACE('',(#903),#921,.F.);
#903 = FACE_BOUND('',#904,.F.);
#904 = EDGE_LOOP('',(#905,#913,#919,#920));
#905 = ORIENTED_EDGE('',*,*,#906,.F.);
#906 = EDGE_CURVE('',#907,#762,#909,.T.);
#907 = VERTEX_POINT('',#908);
#908 = CARTESIAN_POINT('',(-1.185,0.7375,0.));
#909 = LINE('',#910,#911);
#910 = CARTESIAN_POINT('',(-1.185,0.7375,0.));
#911 = VECTOR('',#912,1.);
#912 = DIRECTION('',(0.,0.,1.));
#913 = ORIENTED_EDGE('',*,*,#914,.T.);
#914 = EDGE_CURVE('',#907,#792,#915,.T.);
#915 = LINE('',#916,#917);
#916 = CARTESIAN_POINT('',(-1.185,0.7375,0.));
#917 = VECTOR('',#918,1.);
#918 = DIRECTION('',(0.,1.,0.));
#919 = ORIENTED_EDGE('',*,*,#801,.T.);
#920 = ORIENTED_EDGE('',*,*,#761,.F.);
#921 = PLANE('',#922);
#922 = AXIS2_PLACEMENT_3D('',#923,#924,#925);
#923 = CARTESIAN_POINT('',(-1.185,0.7375,0.));
#924 = DIRECTION('',(1.,0.,0.));
#925 = DIRECTION('',(0.,0.,1.));
#926 = ADVANCED_FACE('',(#927),#996,.T.);
#927 = FACE_BOUND('',#928,.T.);
#928 = EDGE_LOOP('',(#929,#937,#946,#954,#962,#970,#978,#987,#993,#994,
    #995));
#929 = ORIENTED_EDGE('',*,*,#930,.T.);
#930 = EDGE_CURVE('',#907,#931,#933,.T.);
#931 = VERTEX_POINT('',#932);
#932 = CARTESIAN_POINT('',(-0.884633384541,0.7375,2.775557561563E-17));
#933 = LINE('',#934,#935);
#934 = CARTESIAN_POINT('',(-1.185,0.7375,0.));
#935 = VECTOR('',#936,1.);
#936 = DIRECTION('',(1.,0.,0.));
#937 = ORIENTED_EDGE('',*,*,#938,.T.);
#938 = EDGE_CURVE('',#931,#939,#941,.T.);
#939 = VERTEX_POINT('',#940);
#940 = CARTESIAN_POINT('',(-0.672547211613,0.7375,0.199244614192));
#941 = CIRCLE('',#942,0.2125);
#942 = AXIS2_PLACEMENT_3D('',#943,#944,#945);
#943 = CARTESIAN_POINT('',(-0.884633384541,0.7375,0.2125));
#944 = DIRECTION('',(0.,-1.,0.));
#945 = DIRECTION('',(0.,0.,1.));
#946 = ORIENTED_EDGE('',*,*,#947,.T.);
#947 = EDGE_CURVE('',#939,#948,#950,.T.);
#948 = VERTEX_POINT('',#949);
#949 = CARTESIAN_POINT('',(-0.662452788387,0.7375,0.360755385808));
#950 = LINE('',#951,#952);
#951 = CARTESIAN_POINT('',(-0.685,0.7375,2.25514051877E-17));
#952 = VECTOR('',#953,1.);
#953 = DIRECTION('',(6.237828615517E-02,0.,0.998052578483));
#954 = ORIENTED_EDGE('',*,*,#955,.T.);
#955 = EDGE_CURVE('',#948,#956,#958,.T.);
#956 = VERTEX_POINT('',#957);
#957 = CARTESIAN_POINT('',(-0.65,0.7375,0.360755385808));
#958 = LINE('',#959,#960);
#959 = CARTESIAN_POINT('',(-0.862086172928,0.7375,0.360755385808));
#960 = VECTOR('',#961,1.);
#961 = DIRECTION('',(1.,0.,0.));
#962 = ORIENTED_EDGE('',*,*,#963,.T.);
#963 = EDGE_CURVE('',#956,#964,#966,.T.);
#964 = VERTEX_POINT('',#965);
#965 = CARTESIAN_POINT('',(-0.65,0.7375,0.573255385808));
#966 = LINE('',#967,#968);
#967 = CARTESIAN_POINT('',(-0.65,0.7375,0.360755385808));
#968 = VECTOR('',#969,1.);
#969 = DIRECTION('',(0.,0.,1.));
#970 = ORIENTED_EDGE('',*,*,#971,.F.);
#971 = EDGE_CURVE('',#972,#964,#974,.T.);
#972 = VERTEX_POINT('',#973);
#973 = CARTESIAN_POINT('',(-0.762269480657,0.7375,0.573255385808));
#974 = LINE('',#975,#976);
#975 = CARTESIAN_POINT('',(-0.862086172928,0.7375,0.573255385808));
#976 = VECTOR('',#977,1.);
#977 = DIRECTION('',(1.,0.,0.));
#978 = ORIENTED_EDGE('',*,*,#979,.F.);
#979 = EDGE_CURVE('',#980,#972,#982,.T.);
#980 = VERTEX_POINT('',#981);
#981 = CARTESIAN_POINT('',(-0.868312567121,0.7375,0.473633078712));
#982 = CIRCLE('',#983,0.10625);
#983 = AXIS2_PLACEMENT_3D('',#984,#985,#986);
#984 = CARTESIAN_POINT('',(-0.762269480657,0.7375,0.467005385808));
#985 = DIRECTION('',(0.,1.,0.));
#986 = DIRECTION('',(0.,-0.,1.));
#987 = ORIENTED_EDGE('',*,*,#988,.F.);
#988 = EDGE_CURVE('',#884,#980,#989,.T.);
#989 = LINE('',#990,#991);
#990 = CARTESIAN_POINT('',(-0.897086172928,0.7375,1.325538580798E-02));
#991 = VECTOR('',#992,1.);
#992 = DIRECTION('',(6.237828615517E-02,0.,0.998052578483));
#993 = ORIENTED_EDGE('',*,*,#891,.F.);
#994 = ORIENTED_EDGE('',*,*,#769,.F.);
#995 = ORIENTED_EDGE('',*,*,#906,.F.);
#996 = PLANE('',#997);
#997 = AXIS2_PLACEMENT_3D('',#998,#999,#1000);
#998 = CARTESIAN_POINT('',(-0.872591867378,0.7375,0.238825176285));
#999 = DIRECTION('',(-1.570469611146E-30,-1.,8.706977090487E-31));
#1000 = DIRECTION('',(-1.,1.570469611146E-30,0.));
#1001 = ADVANCED_FACE('',(#1002),#1013,.F.);
#1002 = FACE_BOUND('',#1003,.F.);
#1003 = EDGE_LOOP('',(#1004,#1005,#1006,#1007));
#1004 = ORIENTED_EDGE('',*,*,#791,.F.);
#1005 = ORIENTED_EDGE('',*,*,#914,.F.);
#1006 = ORIENTED_EDGE('',*,*,#930,.T.);
#1007 = ORIENTED_EDGE('',*,*,#1008,.T.);
#1008 = EDGE_CURVE('',#931,#794,#1009,.T.);
#1009 = LINE('',#1010,#1011);
#1010 = CARTESIAN_POINT('',(-0.884633384541,0.7375,2.775557561563E-17));
#1011 = VECTOR('',#1012,1.);
#1012 = DIRECTION('',(0.,1.,0.));
#1013 = PLANE('',#1014);
#1014 = AXIS2_PLACEMENT_3D('',#1015,#1016,#1017);
#1015 = CARTESIAN_POINT('',(-1.185,0.7375,0.));
#1016 = DIRECTION('',(0.,0.,1.));
#1017 = DIRECTION('',(1.,0.,-0.));
#1018 = ADVANCED_FACE('',(#1019),#1030,.T.);
#1019 = FACE_BOUND('',#1020,.T.);
#1020 = EDGE_LOOP('',(#1021,#1022,#1023,#1029));
#1021 = ORIENTED_EDGE('',*,*,#1008,.T.);
#1022 = ORIENTED_EDGE('',*,*,#866,.T.);
#1023 = ORIENTED_EDGE('',*,*,#1024,.F.);
#1024 = EDGE_CURVE('',#939,#859,#1025,.T.);
#1025 = LINE('',#1026,#1027);
#1026 = CARTESIAN_POINT('',(-0.672547211613,0.7375,0.199244614192));
#1027 = VECTOR('',#1028,1.);
#1028 = DIRECTION('',(0.,1.,0.));
#1029 = ORIENTED_EDGE('',*,*,#938,.F.);
#1030 = CYLINDRICAL_SURFACE('',#1031,0.2125);
#1031 = AXIS2_PLACEMENT_3D('',#1032,#1033,#1034);
#1032 = CARTESIAN_POINT('',(-0.884633384541,0.7375,0.2125));
#1033 = DIRECTION('',(0.,1.,0.));
#1034 = DIRECTION('',(0.,0.,-1.));
#1035 = ADVANCED_FACE('',(#1036),#1047,.T.);
#1036 = FACE_BOUND('',#1037,.T.);
#1037 = EDGE_LOOP('',(#1038,#1039,#1040,#1041));
#1038 = ORIENTED_EDGE('',*,*,#947,.F.);
#1039 = ORIENTED_EDGE('',*,*,#1024,.T.);
#1040 = ORIENTED_EDGE('',*,*,#858,.T.);
#1041 = ORIENTED_EDGE('',*,*,#1042,.F.);
#1042 = EDGE_CURVE('',#948,#851,#1043,.T.);
#1043 = LINE('',#1044,#1045);
#1044 = CARTESIAN_POINT('',(-0.662452788387,0.7375,0.360755385808));
#1045 = VECTOR('',#1046,1.);
#1046 = DIRECTION('',(0.,1.,0.));
#1047 = PLANE('',#1048);
#1048 = AXIS2_PLACEMENT_3D('',#1049,#1050,#1051);
#1049 = CARTESIAN_POINT('',(-0.685,0.7375,2.25514051877E-17));
#1050 = DIRECTION('',(0.998052578483,0.,-6.237828615517E-02));
#1051 = DIRECTION('',(6.237828615517E-02,0.,0.998052578483));
#1052 = ADVANCED_FACE('',(#1053),#1064,.F.);
#1053 = FACE_BOUND('',#1054,.F.);
#1054 = EDGE_LOOP('',(#1055,#1056,#1057,#1058));
#1055 = ORIENTED_EDGE('',*,*,#850,.F.);
#1056 = ORIENTED_EDGE('',*,*,#1042,.F.);
#1057 = ORIENTED_EDGE('',*,*,#955,.T.);
#1058 = ORIENTED_EDGE('',*,*,#1059,.T.);
#1059 = EDGE_CURVE('',#956,#843,#1060,.T.);
#1060 = LINE('',#1061,#1062);
#1061 = CARTESIAN_POINT('',(-0.65,0.7375,0.360755385808));
#1062 = VECTOR('',#1063,1.);
#1063 = DIRECTION('',(0.,1.,0.));
#1064 = PLANE('',#1065);
#1065 = AXIS2_PLACEMENT_3D('',#1066,#1067,#1068);
#1066 = CARTESIAN_POINT('',(-0.862086172928,0.7375,0.360755385808));
#1067 = DIRECTION('',(0.,0.,1.));
#1068 = DIRECTION('',(1.,0.,-0.));
#1069 = ADVANCED_FACE('',(#1070),#1081,.T.);
#1070 = FACE_BOUND('',#1071,.T.);
#1071 = EDGE_LOOP('',(#1072,#1073,#1074,#1075));
#1072 = ORIENTED_EDGE('',*,*,#963,.F.);
#1073 = ORIENTED_EDGE('',*,*,#1059,.T.);
#1074 = ORIENTED_EDGE('',*,*,#842,.T.);
#1075 = ORIENTED_EDGE('',*,*,#1076,.F.);
#1076 = EDGE_CURVE('',#964,#835,#1077,.T.);
#1077 = LINE('',#1078,#1079);
#1078 = CARTESIAN_POINT('',(-0.65,0.7375,0.573255385808));
#1079 = VECTOR('',#1080,1.);
#1080 = DIRECTION('',(0.,1.,0.));
#1081 = PLANE('',#1082);
#1082 = AXIS2_PLACEMENT_3D('',#1083,#1084,#1085);
#1083 = CARTESIAN_POINT('',(-0.65,0.7375,0.360755385808));
#1084 = DIRECTION('',(1.,0.,0.));
#1085 = DIRECTION('',(0.,0.,1.));
#1086 = ADVANCED_FACE('',(#1087),#1098,.F.);
#1087 = FACE_BOUND('',#1088,.F.);
#1088 = EDGE_LOOP('',(#1089,#1090,#1091,#1092));
#1089 = ORIENTED_EDGE('',*,*,#988,.F.);
#1090 = ORIENTED_EDGE('',*,*,#883,.T.);
#1091 = ORIENTED_EDGE('',*,*,#817,.T.);
#1092 = ORIENTED_EDGE('',*,*,#1093,.F.);
#1093 = EDGE_CURVE('',#980,#818,#1094,.T.);
#1094 = LINE('',#1095,#1096);
#1095 = CARTESIAN_POINT('',(-0.868312567121,0.7375,0.473633078712));
#1096 = VECTOR('',#1097,1.);
#1097 = DIRECTION('',(0.,1.,0.));
#1098 = PLANE('',#1099);
#1099 = AXIS2_PLACEMENT_3D('',#1100,#1101,#1102);
#1100 = CARTESIAN_POINT('',(-0.897086172928,0.7375,1.325538580798E-02));
#1101 = DIRECTION('',(0.998052578483,0.,-6.237828615517E-02));
#1102 = DIRECTION('',(6.237828615517E-02,0.,0.998052578483));
#1103 = ADVANCED_FACE('',(#1104),#1115,.T.);
#1104 = FACE_BOUND('',#1105,.T.);
#1105 = EDGE_LOOP('',(#1106,#1107,#1108,#1109));
#1106 = ORIENTED_EDGE('',*,*,#971,.T.);
#1107 = ORIENTED_EDGE('',*,*,#1076,.T.);
#1108 = ORIENTED_EDGE('',*,*,#834,.F.);
#1109 = ORIENTED_EDGE('',*,*,#1110,.F.);
#1110 = EDGE_CURVE('',#972,#826,#1111,.T.);
#1111 = LINE('',#1112,#1113);
#1112 = CARTESIAN_POINT('',(-0.762269480657,0.7375,0.573255385808));
#1113 = VECTOR('',#1114,1.);
#1114 = DIRECTION('',(0.,1.,0.));
#1115 = PLANE('',#1116);
#1116 = AXIS2_PLACEMENT_3D('',#1117,#1118,#1119);
#1117 = CARTESIAN_POINT('',(-0.862086172928,0.7375,0.573255385808));
#1118 = DIRECTION('',(0.,0.,1.));
#1119 = DIRECTION('',(1.,0.,-0.));
#1120 = ADVANCED_FACE('',(#1121),#1127,.T.);
#1121 = FACE_BOUND('',#1122,.T.);
#1122 = EDGE_LOOP('',(#1123,#1124,#1125,#1126));
#1123 = ORIENTED_EDGE('',*,*,#979,.T.);
#1124 = ORIENTED_EDGE('',*,*,#1110,.T.);
#1125 = ORIENTED_EDGE('',*,*,#825,.F.);
#1126 = ORIENTED_EDGE('',*,*,#1093,.F.);
#1127 = CYLINDRICAL_SURFACE('',#1128,0.10625);
#1128 = AXIS2_PLACEMENT_3D('',#1129,#1130,#1131);
#1129 = CARTESIAN_POINT('',(-0.762269480657,0.7375,0.467005385808));
#1130 = DIRECTION('',(0.,1.,0.));
#1131 = DIRECTION('',(-0.998052578483,0.,6.237828615517E-02));
#1132 = MANIFOLD_SOLID_BREP('',#1133);
#1133 = CLOSED_SHELL('',(#1134,#1174,#1264,#1289,#1313,#1388,#1405,#1422
    ,#1439,#1456,#1473,#1490,#1507));
#1134 = ADVANCED_FACE('',(#1135),#1169,.T.);
#1135 = FACE_BOUND('',#1136,.T.);
#1136 = EDGE_LOOP('',(#1137,#1147,#1155,#1163));
#1137 = ORIENTED_EDGE('',*,*,#1138,.F.);
#1138 = EDGE_CURVE('',#1139,#1141,#1143,.T.);
#1139 = VERTEX_POINT('',#1140);
#1140 = CARTESIAN_POINT('',(-1.185,-0.7375,0.2125));
#1141 = VERTEX_POINT('',#1142);
#1142 = CARTESIAN_POINT('',(-0.984450076811,-0.7375,0.2125));
#1143 = LINE('',#1144,#1145);
#1144 = CARTESIAN_POINT('',(-1.185,-0.7375,0.2125));
#1145 = VECTOR('',#1146,1.);
#1146 = DIRECTION('',(1.,0.,0.));
#1147 = ORIENTED_EDGE('',*,*,#1148,.F.);
#1148 = EDGE_CURVE('',#1149,#1139,#1151,.T.);
#1149 = VERTEX_POINT('',#1150);
#1150 = CARTESIAN_POINT('',(-1.185,-1.1625,0.2125));
#1151 = LINE('',#1152,#1153);
#1152 = CARTESIAN_POINT('',(-1.185,-1.1625,0.2125));
#1153 = VECTOR('',#1154,1.);
#1154 = DIRECTION('',(0.,1.,0.));
#1155 = ORIENTED_EDGE('',*,*,#1156,.T.);
#1156 = EDGE_CURVE('',#1149,#1157,#1159,.T.);
#1157 = VERTEX_POINT('',#1158);
#1158 = CARTESIAN_POINT('',(-0.984450076811,-1.1625,0.2125));
#1159 = LINE('',#1160,#1161);
#1160 = CARTESIAN_POINT('',(-1.185,-1.1625,0.2125));
#1161 = VECTOR('',#1162,1.);
#1162 = DIRECTION('',(1.,0.,0.));
#1163 = ORIENTED_EDGE('',*,*,#1164,.T.);
#1164 = EDGE_CURVE('',#1157,#1141,#1165,.T.);
#1165 = LINE('',#1166,#1167);
#1166 = CARTESIAN_POINT('',(-0.984450076811,-1.1625,0.2125));
#1167 = VECTOR('',#1168,1.);
#1168 = DIRECTION('',(0.,1.,0.));
#1169 = PLANE('',#1170);
#1170 = AXIS2_PLACEMENT_3D('',#1171,#1172,#1173);
#1171 = CARTESIAN_POINT('',(-1.185,-1.1625,0.2125));
#1172 = DIRECTION('',(0.,0.,1.));
#1173 = DIRECTION('',(1.,0.,-0.));
#1174 = ADVANCED_FACE('',(#1175),#1259,.T.);
#1175 = FACE_BOUND('',#1176,.T.);
#1176 = EDGE_LOOP('',(#1177,#1187,#1193,#1194,#1203,#1211,#1220,#1228,
    #1236,#1244,#1252));
#1177 = ORIENTED_EDGE('',*,*,#1178,.F.);
#1178 = EDGE_CURVE('',#1179,#1181,#1183,.T.);
#1179 = VERTEX_POINT('',#1180);
#1180 = CARTESIAN_POINT('',(-1.185,-0.7375,0.));
#1181 = VERTEX_POINT('',#1182);
#1182 = CARTESIAN_POINT('',(-0.884633384541,-0.7375,2.775557561563E-17)
  );
#1183 = LINE('',#1184,#1185);
#1184 = CARTESIAN_POINT('',(-1.185,-0.7375,0.));
#1185 = VECTOR('',#1186,1.);
#1186 = DIRECTION('',(1.,0.,0.));
#1187 = ORIENTED_EDGE('',*,*,#1188,.T.);
#1188 = EDGE_CURVE('',#1179,#1139,#1189,.T.);
#1189 = LINE('',#1190,#1191);
#1190 = CARTESIAN_POINT('',(-1.185,-0.7375,0.));
#1191 = VECTOR('',#1192,1.);
#1192 = DIRECTION('',(0.,0.,1.));
#1193 = ORIENTED_EDGE('',*,*,#1138,.T.);
#1194 = ORIENTED_EDGE('',*,*,#1195,.T.);
#1195 = EDGE_CURVE('',#1141,#1196,#1198,.T.);
#1196 = VERTEX_POINT('',#1197);
#1197 = CARTESIAN_POINT('',(-0.878406990347,-0.7375,0.312122307096));
#1198 = CIRCLE('',#1199,0.10625);
#1199 = AXIS2_PLACEMENT_3D('',#1200,#1201,#1202);
#1200 = CARTESIAN_POINT('',(-0.984450076811,-0.7375,0.31875));
#1201 = DIRECTION('',(0.,-1.,0.));
#1202 = DIRECTION('',(0.,0.,1.));
#1203 = ORIENTED_EDGE('',*,*,#1204,.T.);
#1204 = EDGE_CURVE('',#1196,#1205,#1207,.T.);
#1205 = VERTEX_POINT('',#1206);
#1206 = CARTESIAN_POINT('',(-0.868312567121,-0.7375,0.473633078712));
#1207 = LINE('',#1208,#1209);
#1208 = CARTESIAN_POINT('',(-0.897086172928,-0.7375,1.325538580798E-02)
  );
#1209 = VECTOR('',#1210,1.);
#1210 = DIRECTION('',(6.237828615517E-02,0.,0.998052578483));
#1211 = ORIENTED_EDGE('',*,*,#1212,.T.);
#1212 = EDGE_CURVE('',#1205,#1213,#1215,.T.);
#1213 = VERTEX_POINT('',#1214);
#1214 = CARTESIAN_POINT('',(-0.762269480657,-0.7375,0.573255385808));
#1215 = CIRCLE('',#1216,0.10625);
#1216 = AXIS2_PLACEMENT_3D('',#1217,#1218,#1219);
#1217 = CARTESIAN_POINT('',(-0.762269480657,-0.7375,0.467005385808));
#1218 = DIRECTION('',(0.,1.,0.));
#1219 = DIRECTION('',(0.,-0.,1.));
#1220 = ORIENTED_EDGE('',*,*,#1221,.T.);
#1221 = EDGE_CURVE('',#1213,#1222,#1224,.T.);
#1222 = VERTEX_POINT('',#1223);
#1223 = CARTESIAN_POINT('',(-0.65,-0.7375,0.573255385808));
#1224 = LINE('',#1225,#1226);
#1225 = CARTESIAN_POINT('',(-0.862086172928,-0.7375,0.573255385808));
#1226 = VECTOR('',#1227,1.);
#1227 = DIRECTION('',(1.,0.,0.));
#1228 = ORIENTED_EDGE('',*,*,#1229,.F.);
#1229 = EDGE_CURVE('',#1230,#1222,#1232,.T.);
#1230 = VERTEX_POINT('',#1231);
#1231 = CARTESIAN_POINT('',(-0.65,-0.7375,0.360755385808));
#1232 = LINE('',#1233,#1234);
#1233 = CARTESIAN_POINT('',(-0.65,-0.7375,0.360755385808));
#1234 = VECTOR('',#1235,1.);
#1235 = DIRECTION('',(0.,0.,1.));
#1236 = ORIENTED_EDGE('',*,*,#1237,.F.);
#1237 = EDGE_CURVE('',#1238,#1230,#1240,.T.);
#1238 = VERTEX_POINT('',#1239);
#1239 = CARTESIAN_POINT('',(-0.662452788387,-0.7375,0.360755385808));
#1240 = LINE('',#1241,#1242);
#1241 = CARTESIAN_POINT('',(-0.862086172928,-0.7375,0.360755385808));
#1242 = VECTOR('',#1243,1.);
#1243 = DIRECTION('',(1.,0.,0.));
#1244 = ORIENTED_EDGE('',*,*,#1245,.F.);
#1245 = EDGE_CURVE('',#1246,#1238,#1248,.T.);
#1246 = VERTEX_POINT('',#1247);
#1247 = CARTESIAN_POINT('',(-0.672547211613,-0.7375,0.199244614192));
#1248 = LINE('',#1249,#1250);
#1249 = CARTESIAN_POINT('',(-0.685,-0.7375,2.25514051877E-17));
#1250 = VECTOR('',#1251,1.);
#1251 = DIRECTION('',(6.237828615517E-02,0.,0.998052578483));
#1252 = ORIENTED_EDGE('',*,*,#1253,.F.);
#1253 = EDGE_CURVE('',#1181,#1246,#1254,.T.);
#1254 = CIRCLE('',#1255,0.2125);
#1255 = AXIS2_PLACEMENT_3D('',#1256,#1257,#1258);
#1256 = CARTESIAN_POINT('',(-0.884633384541,-0.7375,0.2125));
#1257 = DIRECTION('',(0.,-1.,0.));
#1258 = DIRECTION('',(0.,0.,1.));
#1259 = PLANE('',#1260);
#1260 = AXIS2_PLACEMENT_3D('',#1261,#1262,#1263);
#1261 = CARTESIAN_POINT('',(-0.872591867378,-0.7375,0.238825176285));
#1262 = DIRECTION('',(1.441582765103E-30,1.,-2.700415335329E-31));
#1263 = DIRECTION('',(1.,-1.441582765103E-30,0.));
#1264 = ADVANCED_FACE('',(#1265),#1284,.F.);
#1265 = FACE_BOUND('',#1266,.F.);
#1266 = EDGE_LOOP('',(#1267,#1268,#1269,#1277));
#1267 = ORIENTED_EDGE('',*,*,#1164,.T.);
#1268 = ORIENTED_EDGE('',*,*,#1195,.T.);
#1269 = ORIENTED_EDGE('',*,*,#1270,.F.);
#1270 = EDGE_CURVE('',#1271,#1196,#1273,.T.);
#1271 = VERTEX_POINT('',#1272);
#1272 = CARTESIAN_POINT('',(-0.878406990347,-1.1625,0.312122307096));
#1273 = LINE('',#1274,#1275);
#1274 = CARTESIAN_POINT('',(-0.878406990347,-1.1625,0.312122307096));
#1275 = VECTOR('',#1276,1.);
#1276 = DIRECTION('',(0.,1.,0.));
#1277 = ORIENTED_EDGE('',*,*,#1278,.F.);
#1278 = EDGE_CURVE('',#1157,#1271,#1279,.T.);
#1279 = CIRCLE('',#1280,0.10625);
#1280 = AXIS2_PLACEMENT_3D('',#1281,#1282,#1283);
#1281 = CARTESIAN_POINT('',(-0.984450076811,-1.1625,0.31875));
#1282 = DIRECTION('',(0.,-1.,0.));
#1283 = DIRECTION('',(0.,0.,1.));
#1284 = CYLINDRICAL_SURFACE('',#1285,0.10625);
#1285 = AXIS2_PLACEMENT_3D('',#1286,#1287,#1288);
#1286 = CARTESIAN_POINT('',(-0.984450076811,-1.1625,0.31875));
#1287 = DIRECTION('',(0.,1.,0.));
#1288 = DIRECTION('',(0.,0.,-1.));
#1289 = ADVANCED_FACE('',(#1290),#1308,.F.);
#1290 = FACE_BOUND('',#1291,.F.);
#1291 = EDGE_LOOP('',(#1292,#1300,#1306,#1307));
#1292 = ORIENTED_EDGE('',*,*,#1293,.F.);
#1293 = EDGE_CURVE('',#1294,#1149,#1296,.T.);
#1294 = VERTEX_POINT('',#1295);
#1295 = CARTESIAN_POINT('',(-1.185,-1.1625,0.));
#1296 = LINE('',#1297,#1298);
#1297 = CARTESIAN_POINT('',(-1.185,-1.1625,0.));
#1298 = VECTOR('',#1299,1.);
#1299 = DIRECTION('',(0.,0.,1.));
#1300 = ORIENTED_EDGE('',*,*,#1301,.T.);
#1301 = EDGE_CURVE('',#1294,#1179,#1302,.T.);
#1302 = LINE('',#1303,#1304);
#1303 = CARTESIAN_POINT('',(-1.185,-1.1625,0.));
#1304 = VECTOR('',#1305,1.);
#1305 = DIRECTION('',(0.,1.,0.));
#1306 = ORIENTED_EDGE('',*,*,#1188,.T.);
#1307 = ORIENTED_EDGE('',*,*,#1148,.F.);
#1308 = PLANE('',#1309);
#1309 = AXIS2_PLACEMENT_3D('',#1310,#1311,#1312);
#1310 = CARTESIAN_POINT('',(-1.185,-1.1625,0.));
#1311 = DIRECTION('',(1.,0.,0.));
#1312 = DIRECTION('',(0.,0.,1.));
#1313 = ADVANCED_FACE('',(#1314),#1383,.T.);
#1314 = FACE_BOUND('',#1315,.T.);
#1315 = EDGE_LOOP('',(#1316,#1324,#1333,#1341,#1349,#1357,#1365,#1374,
    #1380,#1381,#1382));
#1316 = ORIENTED_EDGE('',*,*,#1317,.T.);
#1317 = EDGE_CURVE('',#1294,#1318,#1320,.T.);
#1318 = VERTEX_POINT('',#1319);
#1319 = CARTESIAN_POINT('',(-0.884633384541,-1.1625,2.775557561563E-17)
  );
#1320 = LINE('',#1321,#1322);
#1321 = CARTESIAN_POINT('',(-1.185,-1.1625,0.));
#1322 = VECTOR('',#1323,1.);
#1323 = DIRECTION('',(1.,0.,0.));
#1324 = ORIENTED_EDGE('',*,*,#1325,.T.);
#1325 = EDGE_CURVE('',#1318,#1326,#1328,.T.);
#1326 = VERTEX_POINT('',#1327);
#1327 = CARTESIAN_POINT('',(-0.672547211613,-1.1625,0.199244614192));
#1328 = CIRCLE('',#1329,0.2125);
#1329 = AXIS2_PLACEMENT_3D('',#1330,#1331,#1332);
#1330 = CARTESIAN_POINT('',(-0.884633384541,-1.1625,0.2125));
#1331 = DIRECTION('',(0.,-1.,0.));
#1332 = DIRECTION('',(0.,0.,1.));
#1333 = ORIENTED_EDGE('',*,*,#1334,.T.);
#1334 = EDGE_CURVE('',#1326,#1335,#1337,.T.);
#1335 = VERTEX_POINT('',#1336);
#1336 = CARTESIAN_POINT('',(-0.662452788387,-1.1625,0.360755385808));
#1337 = LINE('',#1338,#1339);
#1338 = CARTESIAN_POINT('',(-0.685,-1.1625,2.25514051877E-17));
#1339 = VECTOR('',#1340,1.);
#1340 = DIRECTION('',(6.237828615517E-02,0.,0.998052578483));
#1341 = ORIENTED_EDGE('',*,*,#1342,.T.);
#1342 = EDGE_CURVE('',#1335,#1343,#1345,.T.);
#1343 = VERTEX_POINT('',#1344);
#1344 = CARTESIAN_POINT('',(-0.65,-1.1625,0.360755385808));
#1345 = LINE('',#1346,#1347);
#1346 = CARTESIAN_POINT('',(-0.862086172928,-1.1625,0.360755385808));
#1347 = VECTOR('',#1348,1.);
#1348 = DIRECTION('',(1.,0.,0.));
#1349 = ORIENTED_EDGE('',*,*,#1350,.T.);
#1350 = EDGE_CURVE('',#1343,#1351,#1353,.T.);
#1351 = VERTEX_POINT('',#1352);
#1352 = CARTESIAN_POINT('',(-0.65,-1.1625,0.573255385808));
#1353 = LINE('',#1354,#1355);
#1354 = CARTESIAN_POINT('',(-0.65,-1.1625,0.360755385808));
#1355 = VECTOR('',#1356,1.);
#1356 = DIRECTION('',(0.,0.,1.));
#1357 = ORIENTED_EDGE('',*,*,#1358,.F.);
#1358 = EDGE_CURVE('',#1359,#1351,#1361,.T.);
#1359 = VERTEX_POINT('',#1360);
#1360 = CARTESIAN_POINT('',(-0.762269480657,-1.1625,0.573255385808));
#1361 = LINE('',#1362,#1363);
#1362 = CARTESIAN_POINT('',(-0.862086172928,-1.1625,0.573255385808));
#1363 = VECTOR('',#1364,1.);
#1364 = DIRECTION('',(1.,0.,0.));
#1365 = ORIENTED_EDGE('',*,*,#1366,.F.);
#1366 = EDGE_CURVE('',#1367,#1359,#1369,.T.);
#1367 = VERTEX_POINT('',#1368);
#1368 = CARTESIAN_POINT('',(-0.868312567121,-1.1625,0.473633078712));
#1369 = CIRCLE('',#1370,0.10625);
#1370 = AXIS2_PLACEMENT_3D('',#1371,#1372,#1373);
#1371 = CARTESIAN_POINT('',(-0.762269480657,-1.1625,0.467005385808));
#1372 = DIRECTION('',(0.,1.,0.));
#1373 = DIRECTION('',(0.,-0.,1.));
#1374 = ORIENTED_EDGE('',*,*,#1375,.F.);
#1375 = EDGE_CURVE('',#1271,#1367,#1376,.T.);
#1376 = LINE('',#1377,#1378);
#1377 = CARTESIAN_POINT('',(-0.897086172928,-1.1625,1.325538580798E-02)
  );
#1378 = VECTOR('',#1379,1.);
#1379 = DIRECTION('',(6.237828615517E-02,0.,0.998052578483));
#1380 = ORIENTED_EDGE('',*,*,#1278,.F.);
#1381 = ORIENTED_EDGE('',*,*,#1156,.F.);
#1382 = ORIENTED_EDGE('',*,*,#1293,.F.);
#1383 = PLANE('',#1384);
#1384 = AXIS2_PLACEMENT_3D('',#1385,#1386,#1387);
#1385 = CARTESIAN_POINT('',(-0.872591867378,-1.1625,0.238825176285));
#1386 = DIRECTION('',(-1.570469611146E-30,-1.,8.706977090487E-31));
#1387 = DIRECTION('',(-1.,1.570469611146E-30,0.));
#1388 = ADVANCED_FACE('',(#1389),#1400,.F.);
#1389 = FACE_BOUND('',#1390,.F.);
#1390 = EDGE_LOOP('',(#1391,#1392,#1393,#1394));
#1391 = ORIENTED_EDGE('',*,*,#1178,.F.);
#1392 = ORIENTED_EDGE('',*,*,#1301,.F.);
#1393 = ORIENTED_EDGE('',*,*,#1317,.T.);
#1394 = ORIENTED_EDGE('',*,*,#1395,.T.);
#1395 = EDGE_CURVE('',#1318,#1181,#1396,.T.);
#1396 = LINE('',#1397,#1398);
#1397 = CARTESIAN_POINT('',(-0.884633384541,-1.1625,2.775557561563E-17)
  );
#1398 = VECTOR('',#1399,1.);
#1399 = DIRECTION('',(0.,1.,0.));
#1400 = PLANE('',#1401);
#1401 = AXIS2_PLACEMENT_3D('',#1402,#1403,#1404);
#1402 = CARTESIAN_POINT('',(-1.185,-1.1625,0.));
#1403 = DIRECTION('',(0.,0.,1.));
#1404 = DIRECTION('',(1.,0.,-0.));
#1405 = ADVANCED_FACE('',(#1406),#1417,.T.);
#1406 = FACE_BOUND('',#1407,.T.);
#1407 = EDGE_LOOP('',(#1408,#1409,#1410,#1416));
#1408 = ORIENTED_EDGE('',*,*,#1395,.T.);
#1409 = ORIENTED_EDGE('',*,*,#1253,.T.);
#1410 = ORIENTED_EDGE('',*,*,#1411,.F.);
#1411 = EDGE_CURVE('',#1326,#1246,#1412,.T.);
#1412 = LINE('',#1413,#1414);
#1413 = CARTESIAN_POINT('',(-0.672547211613,-1.1625,0.199244614192));
#1414 = VECTOR('',#1415,1.);
#1415 = DIRECTION('',(0.,1.,0.));
#1416 = ORIENTED_EDGE('',*,*,#1325,.F.);
#1417 = CYLINDRICAL_SURFACE('',#1418,0.2125);
#1418 = AXIS2_PLACEMENT_3D('',#1419,#1420,#1421);
#1419 = CARTESIAN_POINT('',(-0.884633384541,-1.1625,0.2125));
#1420 = DIRECTION('',(0.,1.,0.));
#1421 = DIRECTION('',(0.,0.,-1.));
#1422 = ADVANCED_FACE('',(#1423),#1434,.T.);
#1423 = FACE_BOUND('',#1424,.T.);
#1424 = EDGE_LOOP('',(#1425,#1426,#1427,#1428));
#1425 = ORIENTED_EDGE('',*,*,#1334,.F.);
#1426 = ORIENTED_EDGE('',*,*,#1411,.T.);
#1427 = ORIENTED_EDGE('',*,*,#1245,.T.);
#1428 = ORIENTED_EDGE('',*,*,#1429,.F.);
#1429 = EDGE_CURVE('',#1335,#1238,#1430,.T.);
#1430 = LINE('',#1431,#1432);
#1431 = CARTESIAN_POINT('',(-0.662452788387,-1.1625,0.360755385808));
#1432 = VECTOR('',#1433,1.);
#1433 = DIRECTION('',(0.,1.,0.));
#1434 = PLANE('',#1435);
#1435 = AXIS2_PLACEMENT_3D('',#1436,#1437,#1438);
#1436 = CARTESIAN_POINT('',(-0.685,-1.1625,2.25514051877E-17));
#1437 = DIRECTION('',(0.998052578483,0.,-6.237828615517E-02));
#1438 = DIRECTION('',(6.237828615517E-02,0.,0.998052578483));
#1439 = ADVANCED_FACE('',(#1440),#1451,.F.);
#1440 = FACE_BOUND('',#1441,.F.);
#1441 = EDGE_LOOP('',(#1442,#1443,#1444,#1445));
#1442 = ORIENTED_EDGE('',*,*,#1237,.F.);
#1443 = ORIENTED_EDGE('',*,*,#1429,.F.);
#1444 = ORIENTED_EDGE('',*,*,#1342,.T.);
#1445 = ORIENTED_EDGE('',*,*,#1446,.T.);
#1446 = EDGE_CURVE('',#1343,#1230,#1447,.T.);
#1447 = LINE('',#1448,#1449);
#1448 = CARTESIAN_POINT('',(-0.65,-1.1625,0.360755385808));
#1449 = VECTOR('',#1450,1.);
#1450 = DIRECTION('',(0.,1.,0.));
#1451 = PLANE('',#1452);
#1452 = AXIS2_PLACEMENT_3D('',#1453,#1454,#1455);
#1453 = CARTESIAN_POINT('',(-0.862086172928,-1.1625,0.360755385808));
#1454 = DIRECTION('',(0.,0.,1.));
#1455 = DIRECTION('',(1.,0.,-0.));
#1456 = ADVANCED_FACE('',(#1457),#1468,.T.);
#1457 = FACE_BOUND('',#1458,.T.);
#1458 = EDGE_LOOP('',(#1459,#1460,#1461,#1462));
#1459 = ORIENTED_EDGE('',*,*,#1350,.F.);
#1460 = ORIENTED_EDGE('',*,*,#1446,.T.);
#1461 = ORIENTED_EDGE('',*,*,#1229,.T.);
#1462 = ORIENTED_EDGE('',*,*,#1463,.F.);
#1463 = EDGE_CURVE('',#1351,#1222,#1464,.T.);
#1464 = LINE('',#1465,#1466);
#1465 = CARTESIAN_POINT('',(-0.65,-1.1625,0.573255385808));
#1466 = VECTOR('',#1467,1.);
#1467 = DIRECTION('',(0.,1.,0.));
#1468 = PLANE('',#1469);
#1469 = AXIS2_PLACEMENT_3D('',#1470,#1471,#1472);
#1470 = CARTESIAN_POINT('',(-0.65,-1.1625,0.360755385808));
#1471 = DIRECTION('',(1.,0.,0.));
#1472 = DIRECTION('',(0.,0.,1.));
#1473 = ADVANCED_FACE('',(#1474),#1485,.F.);
#1474 = FACE_BOUND('',#1475,.F.);
#1475 = EDGE_LOOP('',(#1476,#1477,#1478,#1479));
#1476 = ORIENTED_EDGE('',*,*,#1375,.F.);
#1477 = ORIENTED_EDGE('',*,*,#1270,.T.);
#1478 = ORIENTED_EDGE('',*,*,#1204,.T.);
#1479 = ORIENTED_EDGE('',*,*,#1480,.F.);
#1480 = EDGE_CURVE('',#1367,#1205,#1481,.T.);
#1481 = LINE('',#1482,#1483);
#1482 = CARTESIAN_POINT('',(-0.868312567121,-1.1625,0.473633078712));
#1483 = VECTOR('',#1484,1.);
#1484 = DIRECTION('',(0.,1.,0.));
#1485 = PLANE('',#1486);
#1486 = AXIS2_PLACEMENT_3D('',#1487,#1488,#1489);
#1487 = CARTESIAN_POINT('',(-0.897086172928,-1.1625,1.325538580798E-02)
  );
#1488 = DIRECTION('',(0.998052578483,0.,-6.237828615517E-02));
#1489 = DIRECTION('',(6.237828615517E-02,0.,0.998052578483));
#1490 = ADVANCED_FACE('',(#1491),#1502,.T.);
#1491 = FACE_BOUND('',#1492,.T.);
#1492 = EDGE_LOOP('',(#1493,#1494,#1495,#1496));
#1493 = ORIENTED_EDGE('',*,*,#1358,.T.);
#1494 = ORIENTED_EDGE('',*,*,#1463,.T.);
#1495 = ORIENTED_EDGE('',*,*,#1221,.F.);
#1496 = ORIENTED_EDGE('',*,*,#1497,.F.);
#1497 = EDGE_CURVE('',#1359,#1213,#1498,.T.);
#1498 = LINE('',#1499,#1500);
#1499 = CARTESIAN_POINT('',(-0.762269480657,-1.1625,0.573255385808));
#1500 = VECTOR('',#1501,1.);
#1501 = DIRECTION('',(0.,1.,0.));
#1502 = PLANE('',#1503);
#1503 = AXIS2_PLACEMENT_3D('',#1504,#1505,#1506);
#1504 = CARTESIAN_POINT('',(-0.862086172928,-1.1625,0.573255385808));
#1505 = DIRECTION('',(0.,0.,1.));
#1506 = DIRECTION('',(1.,0.,-0.));
#1507 = ADVANCED_FACE('',(#1508),#1514,.T.);
#1508 = FACE_BOUND('',#1509,.T.);
#1509 = EDGE_LOOP('',(#1510,#1511,#1512,#1513));
#1510 = ORIENTED_EDGE('',*,*,#1366,.T.);
#1511 = ORIENTED_EDGE('',*,*,#1497,.T.);
#1512 = ORIENTED_EDGE('',*,*,#1212,.F.);
#1513 = ORIENTED_EDGE('',*,*,#1480,.F.);
#1514 = CYLINDRICAL_SURFACE('',#1515,0.10625);
#1515 = AXIS2_PLACEMENT_3D('',#1516,#1517,#1518);
#1516 = CARTESIAN_POINT('',(-0.762269480657,-1.1625,0.467005385808));
#1517 = DIRECTION('',(0.,1.,0.));
#1518 = DIRECTION('',(-0.998052578483,0.,6.237828615517E-02));
#1519 = ( GEOMETRIC_REPRESENTATION_CONTEXT(3) 
GLOBAL_UNCERTAINTY_ASSIGNED_CONTEXT((#1523)) 
GLOBAL_UNIT_ASSIGNED_CONTEXT((#1520,#1521,#1522)) REPRESENTATION_CONTEXT
('Context #1','3D Context with UNIT and UNCERTAINTY') );
#1520 = ( LENGTH_UNIT() NAMED_UNIT(*) SI_UNIT(.MILLI.,.METRE.) );
#1521 = ( NAMED_UNIT(*) PLANE_ANGLE_UNIT() SI_UNIT($,.RADIAN.) );
#1522 = ( NAMED_UNIT(*) SI_UNIT($,.STERADIAN.) SOLID_ANGLE_UNIT() );
#1523 = UNCERTAINTY_MEASURE_WITH_UNIT(LENGTH_MEASURE(1.E-07),#1520,
  'distance_accuracy_value','confusion accuracy');
#1524 = CONTEXT_DEPENDENT_SHAPE_REPRESENTATION(#1525,#1527);
#1525 = ( REPRESENTATION_RELATIONSHIP('','',#744,#107) 
REPRESENTATION_RELATIONSHIP_WITH_TRANSFORMATION(#1526) 
SHAPE_REPRESENTATION_RELATIONSHIP() );
#1526 = ITEM_DEFINED_TRANSFORMATION('','',#11,#112);
#1527 = PRODUCT_DEFINITION_SHAPE('Placement','Placement of an item',
  #1528);
#1528 = NEXT_ASSEMBLY_USAGE_OCCURRENCE('2','=>0:1:1:5','',#102,#739,$);
#1529 = PRODUCT_RELATED_PRODUCT_CATEGORY('part',$,(#741));
#1530 = SHAPE_DEFINITION_REPRESENTATION(#1531,#1537);
#1531 = PRODUCT_DEFINITION_SHAPE('','',#1532);
#1532 = PRODUCT_DEFINITION('design','',#1533,#1536);
#1533 = PRODUCT_DEFINITION_FORMATION('','',#1534);
#1534 = PRODUCT('FilletPinR','FilletPinR','',(#1535));
#1535 = PRODUCT_CONTEXT('',#2,'mechanical');
#1536 = PRODUCT_DEFINITION_CONTEXT('part definition',#2,'design');
#1537 = ADVANCED_BREP_SHAPE_REPRESENTATION('',(#11,#1538),#1925);
#1538 = MANIFOLD_SOLID_BREP('',#1539);
#1539 = CLOSED_SHELL('',(#1540,#1580,#1670,#1695,#1719,#1794,#1811,#1828
    ,#1845,#1862,#1879,#1896,#1913));
#1540 = ADVANCED_FACE('',(#1541),#1575,.T.);
#1541 = FACE_BOUND('',#1542,.T.);
#1542 = EDGE_LOOP('',(#1543,#1553,#1561,#1569));
#1543 = ORIENTED_EDGE('',*,*,#1544,.F.);
#1544 = EDGE_CURVE('',#1545,#1547,#1549,.T.);
#1545 = VERTEX_POINT('',#1546);
#1546 = CARTESIAN_POINT('',(0.984450076811,0.2125,0.2125));
#1547 = VERTEX_POINT('',#1548);
#1548 = CARTESIAN_POINT('',(1.185,0.2125,0.2125));
#1549 = LINE('',#1550,#1551);
#1550 = CARTESIAN_POINT('',(0.685,0.2125,0.2125));
#1551 = VECTOR('',#1552,1.);
#1552 = DIRECTION('',(1.,0.,0.));
#1553 = ORIENTED_EDGE('',*,*,#1554,.F.);
#1554 = EDGE_CURVE('',#1555,#1545,#1557,.T.);
#1555 = VERTEX_POINT('',#1556);
#1556 = CARTESIAN_POINT('',(0.984450076811,-0.2125,0.2125));
#1557 = LINE('',#1558,#1559);
#1558 = CARTESIAN_POINT('',(0.984450076811,-0.2125,0.2125));
#1559 = VECTOR('',#1560,1.);
#1560 = DIRECTION('',(0.,1.,0.));
#1561 = ORIENTED_EDGE('',*,*,#1562,.T.);
#1562 = EDGE_CURVE('',#1555,#1563,#1565,.T.);
#1563 = VERTEX_POINT('',#1564);
#1564 = CARTESIAN_POINT('',(1.185,-0.2125,0.2125));
#1565 = LINE('',#1566,#1567);
#1566 = CARTESIAN_POINT('',(0.685,-0.2125,0.2125));
#1567 = VECTOR('',#1568,1.);
#1568 = DIRECTION('',(1.,0.,0.));
#1569 = ORIENTED_EDGE('',*,*,#1570,.T.);
#1570 = EDGE_CURVE('',#1563,#1547,#1571,.T.);
#1571 = LINE('',#1572,#1573);
#1572 = CARTESIAN_POINT('',(1.185,-0.2125,0.2125));
#1573 = VECTOR('',#1574,1.);
#1574 = DIRECTION('',(0.,1.,0.));
#1575 = PLANE('',#1576);
#1576 = AXIS2_PLACEMENT_3D('',#1577,#1578,#1579);
#1577 = CARTESIAN_POINT('',(0.685,-0.2125,0.2125));
#1578 = DIRECTION('',(0.,0.,1.));
#1579 = DIRECTION('',(1.,0.,-0.));
#1580 = ADVANCED_FACE('',(#1581),#1665,.T.);
#1581 = FACE_BOUND('',#1582,.T.);
#1582 = EDGE_LOOP('',(#1583,#1593,#1602,#1610,#1618,#1626,#1634,#1643,
    #1651,#1658,#1659));
#1583 = ORIENTED_EDGE('',*,*,#1584,.F.);
#1584 = EDGE_CURVE('',#1585,#1587,#1589,.T.);
#1585 = VERTEX_POINT('',#1586);
#1586 = CARTESIAN_POINT('',(0.884633384541,0.2125,2.775557561563E-17));
#1587 = VERTEX_POINT('',#1588);
#1588 = CARTESIAN_POINT('',(1.185,0.2125,0.));
#1589 = LINE('',#1590,#1591);
#1590 = CARTESIAN_POINT('',(0.685,0.2125,0.));
#1591 = VECTOR('',#1592,1.);
#1592 = DIRECTION('',(1.,0.,0.));
#1593 = ORIENTED_EDGE('',*,*,#1594,.T.);
#1594 = EDGE_CURVE('',#1585,#1595,#1597,.T.);
#1595 = VERTEX_POINT('',#1596);
#1596 = CARTESIAN_POINT('',(0.672547211613,0.2125,0.199244614192));
#1597 = CIRCLE('',#1598,0.2125);
#1598 = AXIS2_PLACEMENT_3D('',#1599,#1600,#1601);
#1599 = CARTESIAN_POINT('',(0.884633384541,0.2125,0.2125));
#1600 = DIRECTION('',(0.,1.,0.));
#1601 = DIRECTION('',(0.,-0.,1.));
#1602 = ORIENTED_EDGE('',*,*,#1603,.T.);
#1603 = EDGE_CURVE('',#1595,#1604,#1606,.T.);
#1604 = VERTEX_POINT('',#1605);
#1605 = CARTESIAN_POINT('',(0.662452788387,0.2125,0.360755385808));
#1606 = LINE('',#1607,#1608);
#1607 = CARTESIAN_POINT('',(0.685,0.2125,0.));
#1608 = VECTOR('',#1609,1.);
#1609 = DIRECTION('',(-6.237828615517E-02,0.,0.998052578483));
#1610 = ORIENTED_EDGE('',*,*,#1611,.F.);
#1611 = EDGE_CURVE('',#1612,#1604,#1614,.T.);
#1612 = VERTEX_POINT('',#1613);
#1613 = CARTESIAN_POINT('',(0.65,0.2125,0.360755385808));
#1614 = LINE('',#1615,#1616);
#1615 = CARTESIAN_POINT('',(0.65,0.2125,0.360755385808));
#1616 = VECTOR('',#1617,1.);
#1617 = DIRECTION('',(1.,0.,0.));
#1618 = ORIENTED_EDGE('',*,*,#1619,.T.);
#1619 = EDGE_CURVE('',#1612,#1620,#1622,.T.);
#1620 = VERTEX_POINT('',#1621);
#1621 = CARTESIAN_POINT('',(0.65,0.2125,0.573255385808));
#1622 = LINE('',#1623,#1624);
#1623 = CARTESIAN_POINT('',(0.65,0.2125,0.360755385808));
#1624 = VECTOR('',#1625,1.);
#1625 = DIRECTION('',(0.,0.,1.));
#1626 = ORIENTED_EDGE('',*,*,#1627,.T.);
#1627 = EDGE_CURVE('',#1620,#1628,#1630,.T.);
#1628 = VERTEX_POINT('',#1629);
#1629 = CARTESIAN_POINT('',(0.762269480657,0.2125,0.573255385808));
#1630 = LINE('',#1631,#1632);
#1631 = CARTESIAN_POINT('',(0.65,0.2125,0.573255385808));
#1632 = VECTOR('',#1633,1.);
#1633 = DIRECTION('',(1.,0.,0.));
#1634 = ORIENTED_EDGE('',*,*,#1635,.F.);
#1635 = EDGE_CURVE('',#1636,#1628,#1638,.T.);
#1636 = VERTEX_POINT('',#1637);
#1637 = CARTESIAN_POINT('',(0.868312567121,0.2125,0.473633078712));
#1638 = CIRCLE('',#1639,0.10625);
#1639 = AXIS2_PLACEMENT_3D('',#1640,#1641,#1642);
#1640 = CARTESIAN_POINT('',(0.762269480657,0.2125,0.467005385808));
#1641 = DIRECTION('',(0.,-1.,0.));
#1642 = DIRECTION('',(0.,0.,1.));
#1643 = ORIENTED_EDGE('',*,*,#1644,.F.);
#1644 = EDGE_CURVE('',#1645,#1636,#1647,.T.);
#1645 = VERTEX_POINT('',#1646);
#1646 = CARTESIAN_POINT('',(0.878406990347,0.2125,0.312122307096));
#1647 = LINE('',#1648,#1649);
#1648 = CARTESIAN_POINT('',(0.897086172928,0.2125,1.325538580798E-02));
#1649 = VECTOR('',#1650,1.);
#1650 = DIRECTION('',(-6.237828615517E-02,0.,0.998052578483));
#1651 = ORIENTED_EDGE('',*,*,#1652,.F.);
#1652 = EDGE_CURVE('',#1545,#1645,#1653,.T.);
#1653 = CIRCLE('',#1654,0.10625);
#1654 = AXIS2_PLACEMENT_3D('',#1655,#1656,#1657);
#1655 = CARTESIAN_POINT('',(0.984450076811,0.2125,0.31875));
#1656 = DIRECTION('',(0.,1.,0.));
#1657 = DIRECTION('',(0.,-0.,1.));
#1658 = ORIENTED_EDGE('',*,*,#1544,.T.);
#1659 = ORIENTED_EDGE('',*,*,#1660,.F.);
#1660 = EDGE_CURVE('',#1587,#1547,#1661,.T.);
#1661 = LINE('',#1662,#1663);
#1662 = CARTESIAN_POINT('',(1.185,0.2125,0.));
#1663 = VECTOR('',#1664,1.);
#1664 = DIRECTION('',(0.,0.,1.));
#1665 = PLANE('',#1666);
#1666 = AXIS2_PLACEMENT_3D('',#1667,#1668,#1669);
#1667 = CARTESIAN_POINT('',(0.872591867378,0.2125,0.238825176285));
#1668 = DIRECTION('',(-2.093948041098E-31,1.,-1.130819441873E-31));
#1669 = DIRECTION('',(1.,2.093948041098E-31,0.));
#1670 = ADVANCED_FACE('',(#1671),#1690,.F.);
#1671 = FACE_BOUND('',#1672,.F.);
#1672 = EDGE_LOOP('',(#1673,#1682,#1688,#1689));
#1673 = ORIENTED_EDGE('',*,*,#1674,.T.);
#1674 = EDGE_CURVE('',#1555,#1675,#1677,.T.);
#1675 = VERTEX_POINT('',#1676);
#1676 = CARTESIAN_POINT('',(0.878406990347,-0.2125,0.312122307096));
#1677 = CIRCLE('',#1678,0.10625);
#1678 = AXIS2_PLACEMENT_3D('',#1679,#1680,#1681);
#1679 = CARTESIAN_POINT('',(0.984450076811,-0.2125,0.31875));
#1680 = DIRECTION('',(0.,1.,0.));
#1681 = DIRECTION('',(0.,-0.,1.));
#1682 = ORIENTED_EDGE('',*,*,#1683,.T.);
#1683 = EDGE_CURVE('',#1675,#1645,#1684,.T.);
#1684 = LINE('',#1685,#1686);
#1685 = CARTESIAN_POINT('',(0.878406990347,-0.2125,0.312122307096));
#1686 = VECTOR('',#1687,1.);
#1687 = DIRECTION('',(0.,1.,0.));
#1688 = ORIENTED_EDGE('',*,*,#1652,.F.);
#1689 = ORIENTED_EDGE('',*,*,#1554,.F.);
#1690 = CYLINDRICAL_SURFACE('',#1691,0.10625);
#1691 = AXIS2_PLACEMENT_3D('',#1692,#1693,#1694);
#1692 = CARTESIAN_POINT('',(0.984450076811,-0.2125,0.31875));
#1693 = DIRECTION('',(0.,1.,0.));
#1694 = DIRECTION('',(0.,0.,-1.));
#1695 = ADVANCED_FACE('',(#1696),#1714,.T.);
#1696 = FACE_BOUND('',#1697,.T.);
#1697 = EDGE_LOOP('',(#1698,#1706,#1712,#1713));
#1698 = ORIENTED_EDGE('',*,*,#1699,.F.);
#1699 = EDGE_CURVE('',#1700,#1563,#1702,.T.);
#1700 = VERTEX_POINT('',#1701);
#1701 = CARTESIAN_POINT('',(1.185,-0.2125,0.));
#1702 = LINE('',#1703,#1704);
#1703 = CARTESIAN_POINT('',(1.185,-0.2125,0.));
#1704 = VECTOR('',#1705,1.);
#1705 = DIRECTION('',(0.,0.,1.));
#1706 = ORIENTED_EDGE('',*,*,#1707,.T.);
#1707 = EDGE_CURVE('',#1700,#1587,#1708,.T.);
#1708 = LINE('',#1709,#1710);
#1709 = CARTESIAN_POINT('',(1.185,-0.2125,0.));
#1710 = VECTOR('',#1711,1.);
#1711 = DIRECTION('',(0.,1.,0.));
#1712 = ORIENTED_EDGE('',*,*,#1660,.T.);
#1713 = ORIENTED_EDGE('',*,*,#1570,.F.);
#1714 = PLANE('',#1715);
#1715 = AXIS2_PLACEMENT_3D('',#1716,#1717,#1718);
#1716 = CARTESIAN_POINT('',(1.185,-0.2125,0.));
#1717 = DIRECTION('',(1.,0.,0.));
#1718 = DIRECTION('',(0.,0.,1.));
#1719 = ADVANCED_FACE('',(#1720),#1789,.T.);
#1720 = FACE_BOUND('',#1721,.T.);
#1721 = EDGE_LOOP('',(#1722,#1730,#1731,#1732,#1733,#1741,#1750,#1758,
    #1766,#1774,#1782));
#1722 = ORIENTED_EDGE('',*,*,#1723,.T.);
#1723 = EDGE_CURVE('',#1724,#1700,#1726,.T.);
#1724 = VERTEX_POINT('',#1725);
#1725 = CARTESIAN_POINT('',(0.884633384541,-0.2125,2.775557561563E-17));
#1726 = LINE('',#1727,#1728);
#1727 = CARTESIAN_POINT('',(0.685,-0.2125,0.));
#1728 = VECTOR('',#1729,1.);
#1729 = DIRECTION('',(1.,0.,0.));
#1730 = ORIENTED_EDGE('',*,*,#1699,.T.);
#1731 = ORIENTED_EDGE('',*,*,#1562,.F.);
#1732 = ORIENTED_EDGE('',*,*,#1674,.T.);
#1733 = ORIENTED_EDGE('',*,*,#1734,.T.);
#1734 = EDGE_CURVE('',#1675,#1735,#1737,.T.);
#1735 = VERTEX_POINT('',#1736);
#1736 = CARTESIAN_POINT('',(0.868312567121,-0.2125,0.473633078712));
#1737 = LINE('',#1738,#1739);
#1738 = CARTESIAN_POINT('',(0.897086172928,-0.2125,1.325538580798E-02));
#1739 = VECTOR('',#1740,1.);
#1740 = DIRECTION('',(-6.237828615517E-02,0.,0.998052578483));
#1741 = ORIENTED_EDGE('',*,*,#1742,.T.);
#1742 = EDGE_CURVE('',#1735,#1743,#1745,.T.);
#1743 = VERTEX_POINT('',#1744);
#1744 = CARTESIAN_POINT('',(0.762269480657,-0.2125,0.573255385808));
#1745 = CIRCLE('',#1746,0.10625);
#1746 = AXIS2_PLACEMENT_3D('',#1747,#1748,#1749);
#1747 = CARTESIAN_POINT('',(0.762269480657,-0.2125,0.467005385808));
#1748 = DIRECTION('',(0.,-1.,0.));
#1749 = DIRECTION('',(0.,0.,1.));
#1750 = ORIENTED_EDGE('',*,*,#1751,.F.);
#1751 = EDGE_CURVE('',#1752,#1743,#1754,.T.);
#1752 = VERTEX_POINT('',#1753);
#1753 = CARTESIAN_POINT('',(0.65,-0.2125,0.573255385808));
#1754 = LINE('',#1755,#1756);
#1755 = CARTESIAN_POINT('',(0.65,-0.2125,0.573255385808));
#1756 = VECTOR('',#1757,1.);
#1757 = DIRECTION('',(1.,0.,0.));
#1758 = ORIENTED_EDGE('',*,*,#1759,.F.);
#1759 = EDGE_CURVE('',#1760,#1752,#1762,.T.);
#1760 = VERTEX_POINT('',#1761);
#1761 = CARTESIAN_POINT('',(0.65,-0.2125,0.360755385808));
#1762 = LINE('',#1763,#1764);
#1763 = CARTESIAN_POINT('',(0.65,-0.2125,0.360755385808));
#1764 = VECTOR('',#1765,1.);
#1765 = DIRECTION('',(0.,0.,1.));
#1766 = ORIENTED_EDGE('',*,*,#1767,.T.);
#1767 = EDGE_CURVE('',#1760,#1768,#1770,.T.);
#1768 = VERTEX_POINT('',#1769);
#1769 = CARTESIAN_POINT('',(0.662452788387,-0.2125,0.360755385808));
#1770 = LINE('',#1771,#1772);
#1771 = CARTESIAN_POINT('',(0.65,-0.2125,0.360755385808));
#1772 = VECTOR('',#1773,1.);
#1773 = DIRECTION('',(1.,0.,0.));
#1774 = ORIENTED_EDGE('',*,*,#1775,.F.);
#1775 = EDGE_CURVE('',#1776,#1768,#1778,.T.);
#1776 = VERTEX_POINT('',#1777);
#1777 = CARTESIAN_POINT('',(0.672547211613,-0.2125,0.199244614192));
#1778 = LINE('',#1779,#1780);
#1779 = CARTESIAN_POINT('',(0.685,-0.2125,0.));
#1780 = VECTOR('',#1781,1.);
#1781 = DIRECTION('',(-6.237828615517E-02,0.,0.998052578483));
#1782 = ORIENTED_EDGE('',*,*,#1783,.F.);
#1783 = EDGE_CURVE('',#1724,#1776,#1784,.T.);
#1784 = CIRCLE('',#1785,0.2125);
#1785 = AXIS2_PLACEMENT_3D('',#1786,#1787,#1788);
#1786 = CARTESIAN_POINT('',(0.884633384541,-0.2125,0.2125));
#1787 = DIRECTION('',(0.,1.,0.));
#1788 = DIRECTION('',(0.,-0.,1.));
#1789 = PLANE('',#1790);
#1790 = AXIS2_PLACEMENT_3D('',#1791,#1792,#1793);
#1791 = CARTESIAN_POINT('',(0.872591867378,-0.2125,0.238825176285));
#1792 = DIRECTION('',(-0.,-1.,-0.));
#1793 = DIRECTION('',(0.,0.,-1.));
#1794 = ADVANCED_FACE('',(#1795),#1806,.F.);
#1795 = FACE_BOUND('',#1796,.F.);
#1796 = EDGE_LOOP('',(#1797,#1798,#1799,#1800));
#1797 = ORIENTED_EDGE('',*,*,#1723,.T.);
#1798 = ORIENTED_EDGE('',*,*,#1707,.T.);
#1799 = ORIENTED_EDGE('',*,*,#1584,.F.);
#1800 = ORIENTED_EDGE('',*,*,#1801,.F.);
#1801 = EDGE_CURVE('',#1724,#1585,#1802,.T.);
#1802 = LINE('',#1803,#1804);
#1803 = CARTESIAN_POINT('',(0.884633384541,-0.2125,2.775557561563E-17));
#1804 = VECTOR('',#1805,1.);
#1805 = DIRECTION('',(0.,1.,0.));
#1806 = PLANE('',#1807);
#1807 = AXIS2_PLACEMENT_3D('',#1808,#1809,#1810);
#1808 = CARTESIAN_POINT('',(0.685,-0.2125,0.));
#1809 = DIRECTION('',(0.,0.,1.));
#1810 = DIRECTION('',(1.,0.,-0.));
#1811 = ADVANCED_FACE('',(#1812),#1823,.T.);
#1812 = FACE_BOUND('',#1813,.T.);
#1813 = EDGE_LOOP('',(#1814,#1815,#1821,#1822));
#1814 = ORIENTED_EDGE('',*,*,#1783,.T.);
#1815 = ORIENTED_EDGE('',*,*,#1816,.T.);
#1816 = EDGE_CURVE('',#1776,#1595,#1817,.T.);
#1817 = LINE('',#1818,#1819);
#1818 = CARTESIAN_POINT('',(0.672547211613,-0.2125,0.199244614192));
#1819 = VECTOR('',#1820,1.);
#1820 = DIRECTION('',(0.,1.,0.));
#1821 = ORIENTED_EDGE('',*,*,#1594,.F.);
#1822 = ORIENTED_EDGE('',*,*,#1801,.F.);
#1823 = CYLINDRICAL_SURFACE('',#1824,0.2125);
#1824 = AXIS2_PLACEMENT_3D('',#1825,#1826,#1827);
#1825 = CARTESIAN_POINT('',(0.884633384541,-0.2125,0.2125));
#1826 = DIRECTION('',(0.,1.,0.));
#1827 = DIRECTION('',(0.,0.,-1.));
#1828 = ADVANCED_FACE('',(#1829),#1840,.F.);
#1829 = FACE_BOUND('',#1830,.F.);
#1830 = EDGE_LOOP('',(#1831,#1832,#1833,#1834));
#1831 = ORIENTED_EDGE('',*,*,#1775,.F.);
#1832 = ORIENTED_EDGE('',*,*,#1816,.T.);
#1833 = ORIENTED_EDGE('',*,*,#1603,.T.);
#1834 = ORIENTED_EDGE('',*,*,#1835,.F.);
#1835 = EDGE_CURVE('',#1768,#1604,#1836,.T.);
#1836 = LINE('',#1837,#1838);
#1837 = CARTESIAN_POINT('',(0.662452788387,-0.2125,0.360755385808));
#1838 = VECTOR('',#1839,1.);
#1839 = DIRECTION('',(0.,1.,0.));
#1840 = PLANE('',#1841);
#1841 = AXIS2_PLACEMENT_3D('',#1842,#1843,#1844);
#1842 = CARTESIAN_POINT('',(0.685,-0.2125,0.));
#1843 = DIRECTION('',(0.998052578483,0.,6.237828615517E-02));
#1844 = DIRECTION('',(-6.237828615517E-02,0.,0.998052578483));
#1845 = ADVANCED_FACE('',(#1846),#1857,.F.);
#1846 = FACE_BOUND('',#1847,.F.);
#1847 = EDGE_LOOP('',(#1848,#1849,#1855,#1856));
#1848 = ORIENTED_EDGE('',*,*,#1611,.F.);
#1849 = ORIENTED_EDGE('',*,*,#1850,.F.);
#1850 = EDGE_CURVE('',#1760,#1612,#1851,.T.);
#1851 = LINE('',#1852,#1853);
#1852 = CARTESIAN_POINT('',(0.65,-0.2125,0.360755385808));
#1853 = VECTOR('',#1854,1.);
#1854 = DIRECTION('',(0.,1.,0.));
#1855 = ORIENTED_EDGE('',*,*,#1767,.T.);
#1856 = ORIENTED_EDGE('',*,*,#1835,.T.);
#1857 = PLANE('',#1858);
#1858 = AXIS2_PLACEMENT_3D('',#1859,#1860,#1861);
#1859 = CARTESIAN_POINT('',(0.65,-0.2125,0.360755385808));
#1860 = DIRECTION('',(0.,0.,1.));
#1861 = DIRECTION('',(1.,0.,-0.));
#1862 = ADVANCED_FACE('',(#1863),#1874,.F.);
#1863 = FACE_BOUND('',#1864,.T.);
#1864 = EDGE_LOOP('',(#1865,#1866,#1872,#1873));
#1865 = ORIENTED_EDGE('',*,*,#1759,.T.);
#1866 = ORIENTED_EDGE('',*,*,#1867,.T.);
#1867 = EDGE_CURVE('',#1752,#1620,#1868,.T.);
#1868 = LINE('',#1869,#1870);
#1869 = CARTESIAN_POINT('',(0.65,-0.2125,0.573255385808));
#1870 = VECTOR('',#1871,1.);
#1871 = DIRECTION('',(0.,1.,0.));
#1872 = ORIENTED_EDGE('',*,*,#1619,.F.);
#1873 = ORIENTED_EDGE('',*,*,#1850,.F.);
#1874 = PLANE('',#1875);
#1875 = AXIS2_PLACEMENT_3D('',#1876,#1877,#1878);
#1876 = CARTESIAN_POINT('',(0.65,-0.2125,0.360755385808));
#1877 = DIRECTION('',(1.,0.,0.));
#1878 = DIRECTION('',(0.,0.,1.));
#1879 = ADVANCED_FACE('',(#1880),#1891,.T.);
#1880 = FACE_BOUND('',#1881,.T.);
#1881 = EDGE_LOOP('',(#1882,#1883,#1884,#1885));
#1882 = ORIENTED_EDGE('',*,*,#1734,.F.);
#1883 = ORIENTED_EDGE('',*,*,#1683,.T.);
#1884 = ORIENTED_EDGE('',*,*,#1644,.T.);
#1885 = ORIENTED_EDGE('',*,*,#1886,.F.);
#1886 = EDGE_CURVE('',#1735,#1636,#1887,.T.);
#1887 = LINE('',#1888,#1889);
#1888 = CARTESIAN_POINT('',(0.868312567121,-0.2125,0.473633078712));
#1889 = VECTOR('',#1890,1.);
#1890 = DIRECTION('',(0.,1.,0.));
#1891 = PLANE('',#1892);
#1892 = AXIS2_PLACEMENT_3D('',#1893,#1894,#1895);
#1893 = CARTESIAN_POINT('',(0.897086172928,-0.2125,1.325538580798E-02));
#1894 = DIRECTION('',(0.998052578483,0.,6.237828615517E-02));
#1895 = DIRECTION('',(-6.237828615517E-02,0.,0.998052578483));
#1896 = ADVANCED_FACE('',(#1897),#1908,.T.);
#1897 = FACE_BOUND('',#1898,.T.);
#1898 = EDGE_LOOP('',(#1899,#1900,#1901,#1902));
#1899 = ORIENTED_EDGE('',*,*,#1627,.F.);
#1900 = ORIENTED_EDGE('',*,*,#1867,.F.);
#1901 = ORIENTED_EDGE('',*,*,#1751,.T.);
#1902 = ORIENTED_EDGE('',*,*,#1903,.T.);
#1903 = EDGE_CURVE('',#1743,#1628,#1904,.T.);
#1904 = LINE('',#1905,#1906);
#1905 = CARTESIAN_POINT('',(0.762269480657,-0.2125,0.573255385808));
#1906 = VECTOR('',#1907,1.);
#1907 = DIRECTION('',(0.,1.,0.));
#1908 = PLANE('',#1909);
#1909 = AXIS2_PLACEMENT_3D('',#1910,#1911,#1912);
#1910 = CARTESIAN_POINT('',(0.65,-0.2125,0.573255385808));
#1911 = DIRECTION('',(0.,0.,1.));
#1912 = DIRECTION('',(1.,0.,-0.));
#1913 = ADVANCED_FACE('',(#1914),#1920,.T.);
#1914 = FACE_BOUND('',#1915,.T.);
#1915 = EDGE_LOOP('',(#1916,#1917,#1918,#1919));
#1916 = ORIENTED_EDGE('',*,*,#1886,.T.);
#1917 = ORIENTED_EDGE('',*,*,#1635,.T.);
#1918 = ORIENTED_EDGE('',*,*,#1903,.F.);
#1919 = ORIENTED_EDGE('',*,*,#1742,.F.);
#1920 = CYLINDRICAL_SURFACE('',#1921,0.10625);
#1921 = AXIS2_PLACEMENT_3D('',#1922,#1923,#1924);
#1922 = CARTESIAN_POINT('',(0.762269480657,-0.2125,0.467005385808));
#1923 = DIRECTION('',(0.,1.,0.));
#1924 = DIRECTION('',(0.998052578483,-0.,6.237828615517E-02));
#1925 = ( GEOMETRIC_REPRESENTATION_CONTEXT(3) 
GLOBAL_UNCERTAINTY_ASSIGNED_CONTEXT((#1929)) 
GLOBAL_UNIT_ASSIGNED_CONTEXT((#1926,#1927,#1928)) REPRESENTATION_CONTEXT
('Context #1','3D Context with UNIT and UNCERTAINTY') );
#1926 = ( LENGTH_UNIT() NAMED_UNIT(*) SI_UNIT(.MILLI.,.METRE.) );
#1927 = ( NAMED_UNIT(*) PLANE_ANGLE_UNIT() SI_UNIT($,.RADIAN.) );
#1928 = ( NAMED_UNIT(*) SI_UNIT($,.STERADIAN.) SOLID_ANGLE_UNIT() );
#1929 = UNCERTAINTY_MEASURE_WITH_UNIT(LENGTH_MEASURE(1.E-07),#1926,
  'distance_accuracy_value','confusion accuracy');
#1930 = CONTEXT_DEPENDENT_SHAPE_REPRESENTATION(#1931,#1933);
#1931 = ( REPRESENTATION_RELATIONSHIP('','',#1537,#107) 
REPRESENTATION_RELATIONSHIP_WITH_TRANSFORMATION(#1932) 
SHAPE_REPRESENTATION_RELATIONSHIP() );
#1932 = ITEM_DEFINED_TRANSFORMATION('','',#11,#116);
#1933 = PRODUCT_DEFINITION_SHAPE('Placement','Placement of an item',
  #1934);
#1934 = NEXT_ASSEMBLY_USAGE_OCCURRENCE('3','=>0:1:1:6','',#102,#1532,$);
#1935 = PRODUCT_RELATED_PRODUCT_CATEGORY('part',$,(#1534));
#1936 = SHAPE_DEFINITION_REPRESENTATION(#1937,#1943);
#1937 = PRODUCT_DEFINITION_SHAPE('','',#1938);
#1938 = PRODUCT_DEFINITION('design','',#1939,#1942);
#1939 = PRODUCT_DEFINITION_FORMATION('','',#1940);
#1940 = PRODUCT('SOT-23','SOT-23','',(#1941));
#1941 = PRODUCT_CONTEXT('',#2,'mechanical');
#1942 = PRODUCT_DEFINITION_CONTEXT('part definition',#2,'design');
#1943 = SHAPE_REPRESENTATION('',(#11,#1944),#1948);
#1944 = AXIS2_PLACEMENT_3D('',#1945,#1946,#1947);
#1945 = CARTESIAN_POINT('',(0.,0.,0.));
#1946 = DIRECTION('',(0.,0.,1.));
#1947 = DIRECTION('',(1.,0.,-0.));
#1948 = ( GEOMETRIC_REPRESENTATION_CONTEXT(3) 
GLOBAL_UNCERTAINTY_ASSIGNED_CONTEXT((#1952)) 
GLOBAL_UNIT_ASSIGNED_CONTEXT((#1949,#1950,#1951)) REPRESENTATION_CONTEXT
('Context #1','3D Context with UNIT and UNCERTAINTY') );
#1949 = ( LENGTH_UNIT() NAMED_UNIT(*) SI_UNIT(.MILLI.,.METRE.) );
#1950 = ( NAMED_UNIT(*) PLANE_ANGLE_UNIT() SI_UNIT($,.RADIAN.) );
#1951 = ( NAMED_UNIT(*) SI_UNIT($,.STERADIAN.) SOLID_ANGLE_UNIT() );
#1952 = UNCERTAINTY_MEASURE_WITH_UNIT(LENGTH_MEASURE(1.E-07),#1949,
  'distance_accuracy_value','confusion accuracy');
#1953 = CONTEXT_DEPENDENT_SHAPE_REPRESENTATION(#1954,#1956);
#1954 = ( REPRESENTATION_RELATIONSHIP('','',#1943,#10) 
REPRESENTATION_RELATIONSHIP_WITH_TRANSFORMATION(#1955) 
SHAPE_REPRESENTATION_RELATIONSHIP() );
#1955 = ITEM_DEFINED_TRANSFORMATION('','',#11,#19);
#1956 = PRODUCT_DEFINITION_SHAPE('Placement','Placement of an item',
  #1957);
#1957 = NEXT_ASSEMBLY_USAGE_OCCURRENCE('7','D1','',#5,#1938,$);
#1958 = PRODUCT_RELATED_PRODUCT_CATEGORY('part',$,(#1940));
#1959 = SHAPE_DEFINITION_REPRESENTATION(#1960,#1966);
#1960 = PRODUCT_DEFINITION_SHAPE('','',#1961);
#1961 = PRODUCT_DEFINITION('design','',#1962,#1965);
#1962 = PRODUCT_DEFINITION_FORMATION('','',#1963);
#1963 = PRODUCT('SOT-23','SOT-23','',(#1964));
#1964 = PRODUCT_CONTEXT('',#2,'mechanical');
#1965 = PRODUCT_DEFINITION_CONTEXT('part definition',#2,'design');
#1966 = ADVANCED_BREP_SHAPE_REPRESENTATION('',(#11,#1967),#3949);
#1967 = MANIFOLD_SOLID_BREP('',#1968);
#1968 = CLOSED_SHELL('',(#1969,#2007,#2070,#2093,#2122,#2145,#2200,#2239
    ,#2262,#2285,#2302,#2325,#2413,#2429,#2459,#2492,#2523,#2556,#2573,
    #2590,#2623,#2653,#2676,#2699,#2716,#2745,#2799,#2822,#2845,#2868,
    #2907,#2929,#2973,#3048,#3072,#3140,#3157,#3232,#3256,#3324,#3399,
    #3423,#3491,#3508,#3525,#3571,#3587,#3603,#3620,#3632,#3649,#3666,
    #3683,#3700,#3717,#3734,#3746,#3763,#3780,#3797,#3814,#3831,#3843,
    #3860,#3877,#3894,#3911,#3928,#3940));
#1969 = ADVANCED_FACE('',(#1970),#2002,.F.);
#1970 = FACE_BOUND('',#1971,.F.);
#1971 = EDGE_LOOP('',(#1972,#1982,#1989,#1997));
#1972 = ORIENTED_EDGE('',*,*,#1973,.T.);
#1973 = EDGE_CURVE('',#1974,#1976,#1978,.T.);
#1974 = VERTEX_POINT('',#1975);
#1975 = CARTESIAN_POINT('',(-0.571621551758,1.433243103516,0.1));
#1976 = VERTEX_POINT('',#1977);
#1977 = CARTESIAN_POINT('',(0.571621551758,1.433243103516,0.1));
#1978 = LINE('',#1979,#1980);
#1979 = CARTESIAN_POINT('',(-0.571621551758,1.433243103516,0.1));
#1980 = VECTOR('',#1981,1.);
#1981 = DIRECTION('',(1.,1.110223024625E-16,0.));
#1982 = ORIENTED_EDGE('',*,*,#1983,.T.);
#1983 = EDGE_CURVE('',#1976,#1984,#1986,.T.);
#1984 = VERTEX_POINT('',#1985);
#1985 = CARTESIAN_POINT('',(0.605,1.5,0.575));
#1986 = B_SPLINE_CURVE_WITH_KNOTS('',1,(#1987,#1988),.UNSPECIFIED.,.F.,
  .F.,(2,2),(0.,1.),.PIECEWISE_BEZIER_KNOTS.);
#1987 = CARTESIAN_POINT('',(0.571621551758,1.433243103516,0.1));
#1988 = CARTESIAN_POINT('',(0.605,1.5,0.575));
#1989 = ORIENTED_EDGE('',*,*,#1990,.F.);
#1990 = EDGE_CURVE('',#1991,#1984,#1993,.T.);
#1991 = VERTEX_POINT('',#1992);
#1992 = CARTESIAN_POINT('',(-0.605,1.5,0.575));
#1993 = LINE('',#1994,#1995);
#1994 = CARTESIAN_POINT('',(-0.605,1.5,0.575));
#1995 = VECTOR('',#1996,1.);
#1996 = DIRECTION('',(1.,1.110223024625E-16,0.));
#1997 = ORIENTED_EDGE('',*,*,#1998,.F.);
#1998 = EDGE_CURVE('',#1974,#1991,#1999,.T.);
#1999 = B_SPLINE_CURVE_WITH_KNOTS('',1,(#2000,#2001),.UNSPECIFIED.,.F.,
  .F.,(2,2),(0.,1.),.PIECEWISE_BEZIER_KNOTS.);
#2000 = CARTESIAN_POINT('',(-0.571621551758,1.433243103516,0.1));
#2001 = CARTESIAN_POINT('',(-0.605,1.5,0.575));
#2002 = B_SPLINE_SURFACE_WITH_KNOTS('',1,1,(
    (#2003,#2004)
    ,(#2005,#2006
    )),.UNSPECIFIED.,.F.,.F.,.F.,(2,2),(2,2),(0.,1.21),(0.,1.),
  .PIECEWISE_BEZIER_KNOTS.);
#2003 = CARTESIAN_POINT('',(-0.571621551758,1.433243103516,0.1));
#2004 = CARTESIAN_POINT('',(-0.605,1.5,0.575));
#2005 = CARTESIAN_POINT('',(0.571621551758,1.433243103516,0.1));
#2006 = CARTESIAN_POINT('',(0.605,1.5,0.575));
#2007 = ADVANCED_FACE('',(#2008),#2065,.T.);
#2008 = FACE_BOUND('',#2009,.T.);
#2009 = EDGE_LOOP('',(#2010,#2011,#2019,#2027,#2035,#2043,#2051,#2059));
#2010 = ORIENTED_EDGE('',*,*,#1973,.T.);
#2011 = ORIENTED_EDGE('',*,*,#2012,.T.);
#2012 = EDGE_CURVE('',#1976,#2013,#2015,.T.);
#2013 = VERTEX_POINT('',#2014);
#2014 = CARTESIAN_POINT('',(0.633243103516,1.371621551758,0.1));
#2015 = LINE('',#2016,#2017);
#2016 = CARTESIAN_POINT('',(0.571621551758,1.433243103516,0.1));
#2017 = VECTOR('',#2018,1.);
#2018 = DIRECTION('',(0.707106781187,-0.707106781187,0.));
#2019 = ORIENTED_EDGE('',*,*,#2020,.T.);
#2020 = EDGE_CURVE('',#2013,#2021,#2023,.T.);
#2021 = VERTEX_POINT('',#2022);
#2022 = CARTESIAN_POINT('',(0.633243103516,-1.371621551758,0.1));
#2023 = LINE('',#2024,#2025);
#2024 = CARTESIAN_POINT('',(0.633243103516,1.371621551758,0.1));
#2025 = VECTOR('',#2026,1.);
#2026 = DIRECTION('',(1.110223024625E-16,-1.,0.));
#2027 = ORIENTED_EDGE('',*,*,#2028,.T.);
#2028 = EDGE_CURVE('',#2021,#2029,#2031,.T.);
#2029 = VERTEX_POINT('',#2030);
#2030 = CARTESIAN_POINT('',(0.571621551758,-1.433243103516,0.1));
#2031 = LINE('',#2032,#2033);
#2032 = CARTESIAN_POINT('',(0.633243103516,-1.371621551758,0.1));
#2033 = VECTOR('',#2034,1.);
#2034 = DIRECTION('',(-0.707106781187,-0.707106781187,0.));
#2035 = ORIENTED_EDGE('',*,*,#2036,.T.);
#2036 = EDGE_CURVE('',#2029,#2037,#2039,.T.);
#2037 = VERTEX_POINT('',#2038);
#2038 = CARTESIAN_POINT('',(-0.571621551758,-1.433243103516,0.1));
#2039 = LINE('',#2040,#2041);
#2040 = CARTESIAN_POINT('',(0.571621551758,-1.433243103516,0.1));
#2041 = VECTOR('',#2042,1.);
#2042 = DIRECTION('',(-1.,-1.110223024625E-16,0.));
#2043 = ORIENTED_EDGE('',*,*,#2044,.T.);
#2044 = EDGE_CURVE('',#2037,#2045,#2047,.T.);
#2045 = VERTEX_POINT('',#2046);
#2046 = CARTESIAN_POINT('',(-0.633243103516,-1.371621551758,0.1));
#2047 = LINE('',#2048,#2049);
#2048 = CARTESIAN_POINT('',(-0.571621551758,-1.433243103516,0.1));
#2049 = VECTOR('',#2050,1.);
#2050 = DIRECTION('',(-0.707106781187,0.707106781187,0.));
#2051 = ORIENTED_EDGE('',*,*,#2052,.T.);
#2052 = EDGE_CURVE('',#2045,#2053,#2055,.T.);
#2053 = VERTEX_POINT('',#2054);
#2054 = CARTESIAN_POINT('',(-0.633243103516,1.371621551758,0.1));
#2055 = LINE('',#2056,#2057);
#2056 = CARTESIAN_POINT('',(-0.633243103516,-1.371621551758,0.1));
#2057 = VECTOR('',#2058,1.);
#2058 = DIRECTION('',(-1.110223024625E-16,1.,0.));
#2059 = ORIENTED_EDGE('',*,*,#2060,.T.);
#2060 = EDGE_CURVE('',#2053,#1974,#2061,.T.);
#2061 = LINE('',#2062,#2063);
#2062 = CARTESIAN_POINT('',(-0.633243103516,1.371621551758,0.1));
#2063 = VECTOR('',#2064,1.);
#2064 = DIRECTION('',(0.707106781187,0.707106781187,0.));
#2065 = PLANE('',#2066);
#2066 = AXIS2_PLACEMENT_3D('',#2067,#2068,#2069);
#2067 = CARTESIAN_POINT('',(-0.571621551758,1.433243103516,0.1));
#2068 = DIRECTION('',(0.,0.,-1.));
#2069 = DIRECTION('',(0.370454302632,-0.928850692879,0.));
#2070 = ADVANCED_FACE('',(#2071),#2088,.F.);
#2071 = FACE_BOUND('',#2072,.F.);
#2072 = EDGE_LOOP('',(#2073,#2074,#2081,#2087));
#2073 = ORIENTED_EDGE('',*,*,#2012,.T.);
#2074 = ORIENTED_EDGE('',*,*,#2075,.T.);
#2075 = EDGE_CURVE('',#2013,#2076,#2078,.T.);
#2076 = VERTEX_POINT('',#2077);
#2077 = CARTESIAN_POINT('',(0.7,1.405,0.575));
#2078 = B_SPLINE_CURVE_WITH_KNOTS('',1,(#2079,#2080),.UNSPECIFIED.,.F.,
  .F.,(2,2),(0.,1.),.PIECEWISE_BEZIER_KNOTS.);
#2079 = CARTESIAN_POINT('',(0.633243103516,1.371621551758,0.1));
#2080 = CARTESIAN_POINT('',(0.7,1.405,0.575));
#2081 = ORIENTED_EDGE('',*,*,#2082,.F.);
#2082 = EDGE_CURVE('',#1984,#2076,#2083,.T.);
#2083 = LINE('',#2084,#2085);
#2084 = CARTESIAN_POINT('',(0.605,1.5,0.575));
#2085 = VECTOR('',#2086,1.);
#2086 = DIRECTION('',(0.707106781187,-0.707106781187,0.));
#2087 = ORIENTED_EDGE('',*,*,#1983,.F.);
#2088 = B_SPLINE_SURFACE_WITH_KNOTS('',1,1,(
    (#2089,#2090)
    ,(#2091,#2092
    )),.UNSPECIFIED.,.F.,.F.,.F.,(2,2),(2,2),(0.,0.134350288425),(0.,1.)
  ,.PIECEWISE_BEZIER_KNOTS.);
#2089 = CARTESIAN_POINT('',(0.571621551758,1.433243103516,0.1));
#2090 = CARTESIAN_POINT('',(0.605,1.5,0.575));
#2091 = CARTESIAN_POINT('',(0.633243103516,1.371621551758,0.1));
#2092 = CARTESIAN_POINT('',(0.7,1.405,0.575));
#2093 = ADVANCED_FACE('',(#2094),#2117,.F.);
#2094 = FACE_BOUND('',#2095,.F.);
#2095 = EDGE_LOOP('',(#2096,#2097,#2104,#2112));
#2096 = ORIENTED_EDGE('',*,*,#1990,.T.);
#2097 = ORIENTED_EDGE('',*,*,#2098,.T.);
#2098 = EDGE_CURVE('',#1984,#2099,#2101,.T.);
#2099 = VERTEX_POINT('',#2100);
#2100 = CARTESIAN_POINT('',(0.605,1.5,0.725));
#2101 = B_SPLINE_CURVE_WITH_KNOTS('',1,(#2102,#2103),.UNSPECIFIED.,.F.,
  .F.,(2,2),(0.,1.),.PIECEWISE_BEZIER_KNOTS.);
#2102 = CARTESIAN_POINT('',(0.605,1.5,0.575));
#2103 = CARTESIAN_POINT('',(0.605,1.5,0.725));
#2104 = ORIENTED_EDGE('',*,*,#2105,.F.);
#2105 = EDGE_CURVE('',#2106,#2099,#2108,.T.);
#2106 = VERTEX_POINT('',#2107);
#2107 = CARTESIAN_POINT('',(-0.605,1.5,0.725));
#2108 = LINE('',#2109,#2110);
#2109 = CARTESIAN_POINT('',(-0.605,1.5,0.725));
#2110 = VECTOR('',#2111,1.);
#2111 = DIRECTION('',(1.,1.110223024625E-16,0.));
#2112 = ORIENTED_EDGE('',*,*,#2113,.F.);
#2113 = EDGE_CURVE('',#1991,#2106,#2114,.T.);
#2114 = B_SPLINE_CURVE_WITH_KNOTS('',1,(#2115,#2116),.UNSPECIFIED.,.F.,
  .F.,(2,2),(0.,1.),.PIECEWISE_BEZIER_KNOTS.);
#2115 = CARTESIAN_POINT('',(-0.605,1.5,0.575));
#2116 = CARTESIAN_POINT('',(-0.605,1.5,0.725));
#2117 = PLANE('',#2118);
#2118 = AXIS2_PLACEMENT_3D('',#2119,#2120,#2121);
#2119 = CARTESIAN_POINT('',(-0.605,1.5,0.725));
#2120 = DIRECTION('',(1.110223024625E-16,-1.,0.));
#2121 = DIRECTION('',(1.,1.110223024625E-16,0.));
#2122 = ADVANCED_FACE('',(#2123),#2140,.F.);
#2123 = FACE_BOUND('',#2124,.F.);
#2124 = EDGE_LOOP('',(#2125,#2126,#2127,#2135));
#2125 = ORIENTED_EDGE('',*,*,#2060,.T.);
#2126 = ORIENTED_EDGE('',*,*,#1998,.T.);
#2127 = ORIENTED_EDGE('',*,*,#2128,.F.);
#2128 = EDGE_CURVE('',#2129,#1991,#2131,.T.);
#2129 = VERTEX_POINT('',#2130);
#2130 = CARTESIAN_POINT('',(-0.7,1.405,0.575));
#2131 = LINE('',#2132,#2133);
#2132 = CARTESIAN_POINT('',(-0.7,1.405,0.575));
#2133 = VECTOR('',#2134,1.);
#2134 = DIRECTION('',(0.707106781187,0.707106781187,0.));
#2135 = ORIENTED_EDGE('',*,*,#2136,.F.);
#2136 = EDGE_CURVE('',#2053,#2129,#2137,.T.);
#2137 = B_SPLINE_CURVE_WITH_KNOTS('',1,(#2138,#2139),.UNSPECIFIED.,.F.,
  .F.,(2,2),(0.,1.),.PIECEWISE_BEZIER_KNOTS.);
#2138 = CARTESIAN_POINT('',(-0.633243103516,1.371621551758,0.1));
#2139 = CARTESIAN_POINT('',(-0.7,1.405,0.575));
#2140 = B_SPLINE_SURFACE_WITH_KNOTS('',1,1,(
    (#2141,#2142)
    ,(#2143,#2144
    )),.UNSPECIFIED.,.F.,.F.,.F.,(2,2),(2,2),(0.,0.134350288425),(0.,1.)
  ,.PIECEWISE_BEZIER_KNOTS.);
#2141 = CARTESIAN_POINT('',(-0.633243103516,1.371621551758,0.1));
#2142 = CARTESIAN_POINT('',(-0.7,1.405,0.575));
#2143 = CARTESIAN_POINT('',(-0.571621551758,1.433243103516,0.1));
#2144 = CARTESIAN_POINT('',(-0.605,1.5,0.575));
#2145 = ADVANCED_FACE('',(#2146),#2195,.F.);
#2146 = FACE_BOUND('',#2147,.F.);
#2147 = EDGE_LOOP('',(#2148,#2149,#2150,#2158,#2166,#2174,#2182,#2190));
#2148 = ORIENTED_EDGE('',*,*,#2052,.T.);
#2149 = ORIENTED_EDGE('',*,*,#2136,.T.);
#2150 = ORIENTED_EDGE('',*,*,#2151,.F.);
#2151 = EDGE_CURVE('',#2152,#2129,#2154,.T.);
#2152 = VERTEX_POINT('',#2153);
#2153 = CARTESIAN_POINT('',(-0.7,1.15,0.575));
#2154 = LINE('',#2155,#2156);
#2155 = CARTESIAN_POINT('',(-0.7,-1.405,0.575));
#2156 = VECTOR('',#2157,1.);
#2157 = DIRECTION('',(-1.110223024625E-16,1.,0.));
#2158 = ORIENTED_EDGE('',*,*,#2159,.F.);
#2159 = EDGE_CURVE('',#2160,#2152,#2162,.T.);
#2160 = VERTEX_POINT('',#2161);
#2161 = CARTESIAN_POINT('',(-0.7,0.75,0.575));
#2162 = LINE('',#2163,#2164);
#2163 = CARTESIAN_POINT('',(-0.7,0.75,0.575));
#2164 = VECTOR('',#2165,1.);
#2165 = DIRECTION('',(1.144237745222E-17,1.,0.));
#2166 = ORIENTED_EDGE('',*,*,#2167,.F.);
#2167 = EDGE_CURVE('',#2168,#2160,#2170,.T.);
#2168 = VERTEX_POINT('',#2169);
#2169 = CARTESIAN_POINT('',(-0.7,-0.75,0.575));
#2170 = LINE('',#2171,#2172);
#2171 = CARTESIAN_POINT('',(-0.7,-1.405,0.575));
#2172 = VECTOR('',#2173,1.);
#2173 = DIRECTION('',(-1.110223024625E-16,1.,0.));
#2174 = ORIENTED_EDGE('',*,*,#2175,.F.);
#2175 = EDGE_CURVE('',#2176,#2168,#2178,.T.);
#2176 = VERTEX_POINT('',#2177);
#2177 = CARTESIAN_POINT('',(-0.7,-1.15,0.575));
#2178 = LINE('',#2179,#2180);
#2179 = CARTESIAN_POINT('',(-0.7,-1.15,0.575));
#2180 = VECTOR('',#2181,1.);
#2181 = DIRECTION('',(1.144237745222E-17,1.,0.));
#2182 = ORIENTED_EDGE('',*,*,#2183,.F.);
#2183 = EDGE_CURVE('',#2184,#2176,#2186,.T.);
#2184 = VERTEX_POINT('',#2185);
#2185 = CARTESIAN_POINT('',(-0.7,-1.405,0.575));
#2186 = LINE('',#2187,#2188);
#2187 = CARTESIAN_POINT('',(-0.7,-1.405,0.575));
#2188 = VECTOR('',#2189,1.);
#2189 = DIRECTION('',(-1.110223024625E-16,1.,0.));
#2190 = ORIENTED_EDGE('',*,*,#2191,.F.);
#2191 = EDGE_CURVE('',#2045,#2184,#2192,.T.);
#2192 = B_SPLINE_CURVE_WITH_KNOTS('',1,(#2193,#2194),.UNSPECIFIED.,.F.,
  .F.,(2,2),(0.,1.),.PIECEWISE_BEZIER_KNOTS.);
#2193 = CARTESIAN_POINT('',(-0.633243103516,-1.371621551758,0.1));
#2194 = CARTESIAN_POINT('',(-0.7,-1.405,0.575));
#2195 = B_SPLINE_SURFACE_WITH_KNOTS('',1,1,(
    (#2196,#2197)
    ,(#2198,#2199
    )),.UNSPECIFIED.,.F.,.F.,.F.,(2,2),(2,2),(0.,2.81),(0.,1.),
  .PIECEWISE_BEZIER_KNOTS.);
#2196 = CARTESIAN_POINT('',(-0.633243103516,-1.371621551758,0.1));
#2197 = CARTESIAN_POINT('',(-0.7,-1.405,0.575));
#2198 = CARTESIAN_POINT('',(-0.633243103516,1.371621551758,0.1));
#2199 = CARTESIAN_POINT('',(-0.7,1.405,0.575));
#2200 = ADVANCED_FACE('',(#2201),#2234,.F.);
#2201 = FACE_BOUND('',#2202,.F.);
#2202 = EDGE_LOOP('',(#2203,#2204,#2211,#2219,#2227,#2233));
#2203 = ORIENTED_EDGE('',*,*,#2020,.T.);
#2204 = ORIENTED_EDGE('',*,*,#2205,.T.);
#2205 = EDGE_CURVE('',#2021,#2206,#2208,.T.);
#2206 = VERTEX_POINT('',#2207);
#2207 = CARTESIAN_POINT('',(0.7,-1.405,0.575));
#2208 = B_SPLINE_CURVE_WITH_KNOTS('',1,(#2209,#2210),.UNSPECIFIED.,.F.,
  .F.,(2,2),(0.,1.),.PIECEWISE_BEZIER_KNOTS.);
#2209 = CARTESIAN_POINT('',(0.633243103516,-1.371621551758,0.1));
#2210 = CARTESIAN_POINT('',(0.7,-1.405,0.575));
#2211 = ORIENTED_EDGE('',*,*,#2212,.F.);
#2212 = EDGE_CURVE('',#2213,#2206,#2215,.T.);
#2213 = VERTEX_POINT('',#2214);
#2214 = CARTESIAN_POINT('',(0.7,-0.2,0.575));
#2215 = LINE('',#2216,#2217);
#2216 = CARTESIAN_POINT('',(0.7,1.405,0.575));
#2217 = VECTOR('',#2218,1.);
#2218 = DIRECTION('',(1.110223024625E-16,-1.,0.));
#2219 = ORIENTED_EDGE('',*,*,#2220,.F.);
#2220 = EDGE_CURVE('',#2221,#2213,#2223,.T.);
#2221 = VERTEX_POINT('',#2222);
#2222 = CARTESIAN_POINT('',(0.7,0.2,0.575));
#2223 = LINE('',#2224,#2225);
#2224 = CARTESIAN_POINT('',(0.7,0.2,0.575));
#2225 = VECTOR('',#2226,1.);
#2226 = DIRECTION('',(1.110223024625E-16,-1.,0.));
#2227 = ORIENTED_EDGE('',*,*,#2228,.F.);
#2228 = EDGE_CURVE('',#2076,#2221,#2229,.T.);
#2229 = LINE('',#2230,#2231);
#2230 = CARTESIAN_POINT('',(0.7,1.405,0.575));
#2231 = VECTOR('',#2232,1.);
#2232 = DIRECTION('',(1.110223024625E-16,-1.,0.));
#2233 = ORIENTED_EDGE('',*,*,#2075,.F.);
#2234 = B_SPLINE_SURFACE_WITH_KNOTS('',1,1,(
    (#2235,#2236)
    ,(#2237,#2238
    )),.UNSPECIFIED.,.F.,.F.,.F.,(2,2),(2,2),(0.,2.81),(0.,1.),
  .PIECEWISE_BEZIER_KNOTS.);
#2235 = CARTESIAN_POINT('',(0.633243103516,1.371621551758,0.1));
#2236 = CARTESIAN_POINT('',(0.7,1.405,0.575));
#2237 = CARTESIAN_POINT('',(0.633243103516,-1.371621551758,0.1));
#2238 = CARTESIAN_POINT('',(0.7,-1.405,0.575));
#2239 = ADVANCED_FACE('',(#2240),#2257,.F.);
#2240 = FACE_BOUND('',#2241,.F.);
#2241 = EDGE_LOOP('',(#2242,#2243,#2244,#2252));
#2242 = ORIENTED_EDGE('',*,*,#2044,.T.);
#2243 = ORIENTED_EDGE('',*,*,#2191,.T.);
#2244 = ORIENTED_EDGE('',*,*,#2245,.F.);
#2245 = EDGE_CURVE('',#2246,#2184,#2248,.T.);
#2246 = VERTEX_POINT('',#2247);
#2247 = CARTESIAN_POINT('',(-0.605,-1.5,0.575));
#2248 = LINE('',#2249,#2250);
#2249 = CARTESIAN_POINT('',(-0.605,-1.5,0.575));
#2250 = VECTOR('',#2251,1.);
#2251 = DIRECTION('',(-0.707106781187,0.707106781187,0.));
#2252 = ORIENTED_EDGE('',*,*,#2253,.F.);
#2253 = EDGE_CURVE('',#2037,#2246,#2254,.T.);
#2254 = B_SPLINE_CURVE_WITH_KNOTS('',1,(#2255,#2256),.UNSPECIFIED.,.F.,
  .F.,(2,2),(0.,1.),.PIECEWISE_BEZIER_KNOTS.);
#2255 = CARTESIAN_POINT('',(-0.571621551758,-1.433243103516,0.1));
#2256 = CARTESIAN_POINT('',(-0.605,-1.5,0.575));
#2257 = B_SPLINE_SURFACE_WITH_KNOTS('',1,1,(
    (#2258,#2259)
    ,(#2260,#2261
    )),.UNSPECIFIED.,.F.,.F.,.F.,(2,2),(2,2),(0.,0.134350288425),(0.,1.)
  ,.PIECEWISE_BEZIER_KNOTS.);
#2258 = CARTESIAN_POINT('',(-0.571621551758,-1.433243103516,0.1));
#2259 = CARTESIAN_POINT('',(-0.605,-1.5,0.575));
#2260 = CARTESIAN_POINT('',(-0.633243103516,-1.371621551758,0.1));
#2261 = CARTESIAN_POINT('',(-0.7,-1.405,0.575));
#2262 = ADVANCED_FACE('',(#2263),#2280,.F.);
#2263 = FACE_BOUND('',#2264,.F.);
#2264 = EDGE_LOOP('',(#2265,#2266,#2273,#2279));
#2265 = ORIENTED_EDGE('',*,*,#2028,.T.);
#2266 = ORIENTED_EDGE('',*,*,#2267,.T.);
#2267 = EDGE_CURVE('',#2029,#2268,#2270,.T.);
#2268 = VERTEX_POINT('',#2269);
#2269 = CARTESIAN_POINT('',(0.605,-1.5,0.575));
#2270 = B_SPLINE_CURVE_WITH_KNOTS('',1,(#2271,#2272),.UNSPECIFIED.,.F.,
  .F.,(2,2),(0.,1.),.PIECEWISE_BEZIER_KNOTS.);
#2271 = CARTESIAN_POINT('',(0.571621551758,-1.433243103516,0.1));
#2272 = CARTESIAN_POINT('',(0.605,-1.5,0.575));
#2273 = ORIENTED_EDGE('',*,*,#2274,.F.);
#2274 = EDGE_CURVE('',#2206,#2268,#2275,.T.);
#2275 = LINE('',#2276,#2277);
#2276 = CARTESIAN_POINT('',(0.7,-1.405,0.575));
#2277 = VECTOR('',#2278,1.);
#2278 = DIRECTION('',(-0.707106781187,-0.707106781187,0.));
#2279 = ORIENTED_EDGE('',*,*,#2205,.F.);
#2280 = B_SPLINE_SURFACE_WITH_KNOTS('',1,1,(
    (#2281,#2282)
    ,(#2283,#2284
    )),.UNSPECIFIED.,.F.,.F.,.F.,(2,2),(2,2),(0.,0.134350288425),(0.,1.)
  ,.PIECEWISE_BEZIER_KNOTS.);
#2281 = CARTESIAN_POINT('',(0.633243103516,-1.371621551758,0.1));
#2282 = CARTESIAN_POINT('',(0.7,-1.405,0.575));
#2283 = CARTESIAN_POINT('',(0.571621551758,-1.433243103516,0.1));
#2284 = CARTESIAN_POINT('',(0.605,-1.5,0.575));
#2285 = ADVANCED_FACE('',(#2286),#2297,.F.);
#2286 = FACE_BOUND('',#2287,.F.);
#2287 = EDGE_LOOP('',(#2288,#2289,#2290,#2296));
#2288 = ORIENTED_EDGE('',*,*,#2036,.T.);
#2289 = ORIENTED_EDGE('',*,*,#2253,.T.);
#2290 = ORIENTED_EDGE('',*,*,#2291,.F.);
#2291 = EDGE_CURVE('',#2268,#2246,#2292,.T.);
#2292 = LINE('',#2293,#2294);
#2293 = CARTESIAN_POINT('',(0.605,-1.5,0.575));
#2294 = VECTOR('',#2295,1.);
#2295 = DIRECTION('',(-1.,-1.110223024625E-16,0.));
#2296 = ORIENTED_EDGE('',*,*,#2267,.F.);
#2297 = B_SPLINE_SURFACE_WITH_KNOTS('',1,1,(
    (#2298,#2299)
    ,(#2300,#2301
    )),.UNSPECIFIED.,.F.,.F.,.F.,(2,2),(2,2),(0.,1.21),(0.,1.),
  .PIECEWISE_BEZIER_KNOTS.);
#2298 = CARTESIAN_POINT('',(0.571621551758,-1.433243103516,0.1));
#2299 = CARTESIAN_POINT('',(0.605,-1.5,0.575));
#2300 = CARTESIAN_POINT('',(-0.571621551758,-1.433243103516,0.1));
#2301 = CARTESIAN_POINT('',(-0.605,-1.5,0.575));
#2302 = ADVANCED_FACE('',(#2303),#2320,.F.);
#2303 = FACE_BOUND('',#2304,.F.);
#2304 = EDGE_LOOP('',(#2305,#2306,#2313,#2319));
#2305 = ORIENTED_EDGE('',*,*,#2082,.T.);
#2306 = ORIENTED_EDGE('',*,*,#2307,.T.);
#2307 = EDGE_CURVE('',#2076,#2308,#2310,.T.);
#2308 = VERTEX_POINT('',#2309);
#2309 = CARTESIAN_POINT('',(0.7,1.405,0.725));
#2310 = B_SPLINE_CURVE_WITH_KNOTS('',1,(#2311,#2312),.UNSPECIFIED.,.F.,
  .F.,(2,2),(0.,1.),.PIECEWISE_BEZIER_KNOTS.);
#2311 = CARTESIAN_POINT('',(0.7,1.405,0.575));
#2312 = CARTESIAN_POINT('',(0.7,1.405,0.725));
#2313 = ORIENTED_EDGE('',*,*,#2314,.F.);
#2314 = EDGE_CURVE('',#2099,#2308,#2315,.T.);
#2315 = LINE('',#2316,#2317);
#2316 = CARTESIAN_POINT('',(0.605,1.5,0.725));
#2317 = VECTOR('',#2318,1.);
#2318 = DIRECTION('',(0.707106781187,-0.707106781187,0.));
#2319 = ORIENTED_EDGE('',*,*,#2098,.F.);
#2320 = PLANE('',#2321);
#2321 = AXIS2_PLACEMENT_3D('',#2322,#2323,#2324);
#2322 = CARTESIAN_POINT('',(0.605,1.5,0.725));
#2323 = DIRECTION('',(-0.707106781187,-0.707106781187,0.));
#2324 = DIRECTION('',(0.707106781187,-0.707106781187,0.));
#2325 = ADVANCED_FACE('',(#2326),#2408,.F.);
#2326 = FACE_BOUND('',#2327,.F.);
#2327 = EDGE_LOOP('',(#2328,#2336,#2337,#2338,#2346,#2354,#2362,#2370,
    #2378,#2386,#2394,#2402));
#2328 = ORIENTED_EDGE('',*,*,#2329,.T.);
#2329 = EDGE_CURVE('',#2330,#2106,#2332,.T.);
#2330 = VERTEX_POINT('',#2331);
#2331 = CARTESIAN_POINT('',(-0.7,1.405,0.725));
#2332 = LINE('',#2333,#2334);
#2333 = CARTESIAN_POINT('',(-0.7,1.405,0.725));
#2334 = VECTOR('',#2335,1.);
#2335 = DIRECTION('',(0.707106781187,0.707106781187,0.));
#2336 = ORIENTED_EDGE('',*,*,#2105,.T.);
#2337 = ORIENTED_EDGE('',*,*,#2314,.T.);
#2338 = ORIENTED_EDGE('',*,*,#2339,.T.);
#2339 = EDGE_CURVE('',#2308,#2340,#2342,.T.);
#2340 = VERTEX_POINT('',#2341);
#2341 = CARTESIAN_POINT('',(0.7,0.2,0.725));
#2342 = LINE('',#2343,#2344);
#2343 = CARTESIAN_POINT('',(0.7,1.405,0.725));
#2344 = VECTOR('',#2345,1.);
#2345 = DIRECTION('',(1.110223024625E-16,-1.,0.));
#2346 = ORIENTED_EDGE('',*,*,#2347,.T.);
#2347 = EDGE_CURVE('',#2340,#2348,#2350,.T.);
#2348 = VERTEX_POINT('',#2349);
#2349 = CARTESIAN_POINT('',(0.675,0.2,0.725));
#2350 = LINE('',#2351,#2352);
#2351 = CARTESIAN_POINT('',(0.7,0.2,0.725));
#2352 = VECTOR('',#2353,1.);
#2353 = DIRECTION('',(-1.,-1.110223024625E-16,0.));
#2354 = ORIENTED_EDGE('',*,*,#2355,.F.);
#2355 = EDGE_CURVE('',#2356,#2348,#2358,.T.);
#2356 = VERTEX_POINT('',#2357);
#2357 = CARTESIAN_POINT('',(0.675,1.3925,0.725));
#2358 = LINE('',#2359,#2360);
#2359 = CARTESIAN_POINT('',(0.675,1.3925,0.725));
#2360 = VECTOR('',#2361,1.);
#2361 = DIRECTION('',(1.110223024625E-16,-1.,0.));
#2362 = ORIENTED_EDGE('',*,*,#2363,.F.);
#2363 = EDGE_CURVE('',#2364,#2356,#2366,.T.);
#2364 = VERTEX_POINT('',#2365);
#2365 = CARTESIAN_POINT('',(0.5925,1.475,0.725));
#2366 = LINE('',#2367,#2368);
#2367 = CARTESIAN_POINT('',(0.5925,1.475,0.725));
#2368 = VECTOR('',#2369,1.);
#2369 = DIRECTION('',(0.707106781187,-0.707106781187,0.));
#2370 = ORIENTED_EDGE('',*,*,#2371,.F.);
#2371 = EDGE_CURVE('',#2372,#2364,#2374,.T.);
#2372 = VERTEX_POINT('',#2373);
#2373 = CARTESIAN_POINT('',(-0.5925,1.475,0.725));
#2374 = LINE('',#2375,#2376);
#2375 = CARTESIAN_POINT('',(-0.5925,1.475,0.725));
#2376 = VECTOR('',#2377,1.);
#2377 = DIRECTION('',(1.,1.110223024625E-16,0.));
#2378 = ORIENTED_EDGE('',*,*,#2379,.F.);
#2379 = EDGE_CURVE('',#2380,#2372,#2382,.T.);
#2380 = VERTEX_POINT('',#2381);
#2381 = CARTESIAN_POINT('',(-0.675,1.3925,0.725));
#2382 = LINE('',#2383,#2384);
#2383 = CARTESIAN_POINT('',(-0.675,1.3925,0.725));
#2384 = VECTOR('',#2385,1.);
#2385 = DIRECTION('',(0.707106781187,0.707106781187,0.));
#2386 = ORIENTED_EDGE('',*,*,#2387,.F.);
#2387 = EDGE_CURVE('',#2388,#2380,#2390,.T.);
#2388 = VERTEX_POINT('',#2389);
#2389 = CARTESIAN_POINT('',(-0.675,1.15,0.725));
#2390 = LINE('',#2391,#2392);
#2391 = CARTESIAN_POINT('',(-0.675,-1.3925,0.725));
#2392 = VECTOR('',#2393,1.);
#2393 = DIRECTION('',(-1.110223024625E-16,1.,0.));
#2394 = ORIENTED_EDGE('',*,*,#2395,.F.);
#2395 = EDGE_CURVE('',#2396,#2388,#2398,.T.);
#2396 = VERTEX_POINT('',#2397);
#2397 = CARTESIAN_POINT('',(-0.7,1.15,0.725));
#2398 = LINE('',#2399,#2400);
#2399 = CARTESIAN_POINT('',(-0.7,1.15,0.725));
#2400 = VECTOR('',#2401,1.);
#2401 = DIRECTION('',(1.,-1.144237745222E-17,0.));
#2402 = ORIENTED_EDGE('',*,*,#2403,.T.);
#2403 = EDGE_CURVE('',#2396,#2330,#2404,.T.);
#2404 = LINE('',#2405,#2406);
#2405 = CARTESIAN_POINT('',(-0.7,-1.405,0.725));
#2406 = VECTOR('',#2407,1.);
#2407 = DIRECTION('',(-1.110223024625E-16,1.,0.));
#2408 = PLANE('',#2409);
#2409 = AXIS2_PLACEMENT_3D('',#2410,#2411,#2412);
#2410 = CARTESIAN_POINT('',(-1.486299604971E-16,1.4875,0.725));
#2411 = DIRECTION('',(1.022886882533E-31,-6.310887241768E-27,-1.));
#2412 = DIRECTION('',(1.,1.217738924546E-16,1.022886882525E-31));
#2413 = ADVANCED_FACE('',(#2414),#2424,.F.);
#2414 = FACE_BOUND('',#2415,.F.);
#2415 = EDGE_LOOP('',(#2416,#2417,#2418,#2419));
#2416 = ORIENTED_EDGE('',*,*,#2128,.T.);
#2417 = ORIENTED_EDGE('',*,*,#2113,.T.);
#2418 = ORIENTED_EDGE('',*,*,#2329,.F.);
#2419 = ORIENTED_EDGE('',*,*,#2420,.F.);
#2420 = EDGE_CURVE('',#2129,#2330,#2421,.T.);
#2421 = B_SPLINE_CURVE_WITH_KNOTS('',1,(#2422,#2423),.UNSPECIFIED.,.F.,
  .F.,(2,2),(0.,1.),.PIECEWISE_BEZIER_KNOTS.);
#2422 = CARTESIAN_POINT('',(-0.7,1.405,0.575));
#2423 = CARTESIAN_POINT('',(-0.7,1.405,0.725));
#2424 = PLANE('',#2425);
#2425 = AXIS2_PLACEMENT_3D('',#2426,#2427,#2428);
#2426 = CARTESIAN_POINT('',(-0.7,1.405,0.725));
#2427 = DIRECTION('',(0.707106781187,-0.707106781187,0.));
#2428 = DIRECTION('',(0.707106781187,0.707106781187,0.));
#2429 = ADVANCED_FACE('',(#2430),#2454,.F.);
#2430 = FACE_BOUND('',#2431,.F.);
#2431 = EDGE_LOOP('',(#2432,#2439,#2440,#2448));
#2432 = ORIENTED_EDGE('',*,*,#2433,.F.);
#2433 = EDGE_CURVE('',#2184,#2434,#2436,.T.);
#2434 = VERTEX_POINT('',#2435);
#2435 = CARTESIAN_POINT('',(-0.7,-1.405,0.725));
#2436 = B_SPLINE_CURVE_WITH_KNOTS('',1,(#2437,#2438),.UNSPECIFIED.,.F.,
  .F.,(2,2),(0.,1.),.PIECEWISE_BEZIER_KNOTS.);
#2437 = CARTESIAN_POINT('',(-0.7,-1.405,0.575));
#2438 = CARTESIAN_POINT('',(-0.7,-1.405,0.725));
#2439 = ORIENTED_EDGE('',*,*,#2183,.T.);
#2440 = ORIENTED_EDGE('',*,*,#2441,.T.);
#2441 = EDGE_CURVE('',#2176,#2442,#2444,.T.);
#2442 = VERTEX_POINT('',#2443);
#2443 = CARTESIAN_POINT('',(-0.7,-1.15,0.725));
#2444 = LINE('',#2445,#2446);
#2445 = CARTESIAN_POINT('',(-0.7,-1.15,0.529763586955));
#2446 = VECTOR('',#2447,1.);
#2447 = DIRECTION('',(0.,0.,1.));
#2448 = ORIENTED_EDGE('',*,*,#2449,.F.);
#2449 = EDGE_CURVE('',#2434,#2442,#2450,.T.);
#2450 = LINE('',#2451,#2452);
#2451 = CARTESIAN_POINT('',(-0.7,-1.405,0.725));
#2452 = VECTOR('',#2453,1.);
#2453 = DIRECTION('',(-1.110223024625E-16,1.,0.));
#2454 = PLANE('',#2455);
#2455 = AXIS2_PLACEMENT_3D('',#2456,#2457,#2458);
#2456 = CARTESIAN_POINT('',(-0.7,-1.405,0.725));
#2457 = DIRECTION('',(1.,1.110223024625E-16,0.));
#2458 = DIRECTION('',(-1.110223024625E-16,1.,0.));
#2459 = ADVANCED_FACE('',(#2460),#2487,.F.);
#2460 = FACE_BOUND('',#2461,.F.);
#2461 = EDGE_LOOP('',(#2462,#2463,#2472,#2480));
#2462 = ORIENTED_EDGE('',*,*,#2175,.T.);
#2463 = ORIENTED_EDGE('',*,*,#2464,.T.);
#2464 = EDGE_CURVE('',#2168,#2465,#2467,.T.);
#2465 = VERTEX_POINT('',#2466);
#2466 = CARTESIAN_POINT('',(-0.798480775301,-0.75,0.492364817767));
#2467 = CIRCLE('',#2468,0.1);
#2468 = AXIS2_PLACEMENT_3D('',#2469,#2470,#2471);
#2469 = CARTESIAN_POINT('',(-0.7,-0.75,0.475));
#2470 = DIRECTION('',(-1.144237745222E-17,-1.,-5.473822126269E-48));
#2471 = DIRECTION('',(2.22044604925E-15,-2.540718180781E-32,1.));
#2472 = ORIENTED_EDGE('',*,*,#2473,.F.);
#2473 = EDGE_CURVE('',#2474,#2465,#2476,.T.);
#2474 = VERTEX_POINT('',#2475);
#2475 = CARTESIAN_POINT('',(-0.798480775301,-1.15,0.492364817767));
#2476 = LINE('',#2477,#2478);
#2477 = CARTESIAN_POINT('',(-0.798480775301,-1.15,0.492364817767));
#2478 = VECTOR('',#2479,1.);
#2479 = DIRECTION('',(1.144237745222E-17,1.,0.));
#2480 = ORIENTED_EDGE('',*,*,#2481,.F.);
#2481 = EDGE_CURVE('',#2176,#2474,#2482,.T.);
#2482 = CIRCLE('',#2483,0.1);
#2483 = AXIS2_PLACEMENT_3D('',#2484,#2485,#2486);
#2484 = CARTESIAN_POINT('',(-0.7,-1.15,0.475));
#2485 = DIRECTION('',(-1.144237745222E-17,-1.,-5.473822126269E-48));
#2486 = DIRECTION('',(2.22044604925E-15,-2.540718180781E-32,1.));
#2487 = CYLINDRICAL_SURFACE('',#2488,0.1);
#2488 = AXIS2_PLACEMENT_3D('',#2489,#2490,#2491);
#2489 = CARTESIAN_POINT('',(-0.7,-1.15,0.475));
#2490 = DIRECTION('',(-1.144237745222E-17,-1.,0.));
#2491 = DIRECTION('',(2.22044604925E-15,-2.540718180781E-32,1.));
#2492 = ADVANCED_FACE('',(#2493),#2518,.F.);
#2493 = FACE_BOUND('',#2494,.F.);
#2494 = EDGE_LOOP('',(#2495,#2503,#2504,#2512));
#2495 = ORIENTED_EDGE('',*,*,#2496,.F.);
#2496 = EDGE_CURVE('',#2168,#2497,#2499,.T.);
#2497 = VERTEX_POINT('',#2498);
#2498 = CARTESIAN_POINT('',(-0.7,-0.75,0.725));
#2499 = LINE('',#2500,#2501);
#2500 = CARTESIAN_POINT('',(-0.7,-0.75,0.529763586955));
#2501 = VECTOR('',#2502,1.);
#2502 = DIRECTION('',(0.,0.,1.));
#2503 = ORIENTED_EDGE('',*,*,#2167,.T.);
#2504 = ORIENTED_EDGE('',*,*,#2505,.T.);
#2505 = EDGE_CURVE('',#2160,#2506,#2508,.T.);
#2506 = VERTEX_POINT('',#2507);
#2507 = CARTESIAN_POINT('',(-0.7,0.75,0.725));
#2508 = LINE('',#2509,#2510);
#2509 = CARTESIAN_POINT('',(-0.7,0.75,0.529763586955));
#2510 = VECTOR('',#2511,1.);
#2511 = DIRECTION('',(0.,0.,1.));
#2512 = ORIENTED_EDGE('',*,*,#2513,.F.);
#2513 = EDGE_CURVE('',#2497,#2506,#2514,.T.);
#2514 = LINE('',#2515,#2516);
#2515 = CARTESIAN_POINT('',(-0.7,-1.405,0.725));
#2516 = VECTOR('',#2517,1.);
#2517 = DIRECTION('',(-1.110223024625E-16,1.,0.));
#2518 = PLANE('',#2519);
#2519 = AXIS2_PLACEMENT_3D('',#2520,#2521,#2522);
#2520 = CARTESIAN_POINT('',(-0.7,-1.405,0.725));
#2521 = DIRECTION('',(1.,1.110223024625E-16,0.));
#2522 = DIRECTION('',(-1.110223024625E-16,1.,0.));
#2523 = ADVANCED_FACE('',(#2524),#2551,.F.);
#2524 = FACE_BOUND('',#2525,.F.);
#2525 = EDGE_LOOP('',(#2526,#2527,#2536,#2544));
#2526 = ORIENTED_EDGE('',*,*,#2159,.T.);
#2527 = ORIENTED_EDGE('',*,*,#2528,.T.);
#2528 = EDGE_CURVE('',#2152,#2529,#2531,.T.);
#2529 = VERTEX_POINT('',#2530);
#2530 = CARTESIAN_POINT('',(-0.798480775301,1.15,0.492364817767));
#2531 = CIRCLE('',#2532,0.1);
#2532 = AXIS2_PLACEMENT_3D('',#2533,#2534,#2535);
#2533 = CARTESIAN_POINT('',(-0.7,1.15,0.475));
#2534 = DIRECTION('',(-1.144237745222E-17,-1.,-5.473822126269E-48));
#2535 = DIRECTION('',(2.22044604925E-15,-2.540718180781E-32,1.));
#2536 = ORIENTED_EDGE('',*,*,#2537,.F.);
#2537 = EDGE_CURVE('',#2538,#2529,#2540,.T.);
#2538 = VERTEX_POINT('',#2539);
#2539 = CARTESIAN_POINT('',(-0.798480775301,0.75,0.492364817767));
#2540 = LINE('',#2541,#2542);
#2541 = CARTESIAN_POINT('',(-0.798480775301,0.75,0.492364817767));
#2542 = VECTOR('',#2543,1.);
#2543 = DIRECTION('',(1.144237745222E-17,1.,0.));
#2544 = ORIENTED_EDGE('',*,*,#2545,.F.);
#2545 = EDGE_CURVE('',#2160,#2538,#2546,.T.);
#2546 = CIRCLE('',#2547,0.1);
#2547 = AXIS2_PLACEMENT_3D('',#2548,#2549,#2550);
#2548 = CARTESIAN_POINT('',(-0.7,0.75,0.475));
#2549 = DIRECTION('',(-1.144237745222E-17,-1.,-5.473822126269E-48));
#2550 = DIRECTION('',(2.22044604925E-15,-2.540718180781E-32,1.));
#2551 = CYLINDRICAL_SURFACE('',#2552,0.1);
#2552 = AXIS2_PLACEMENT_3D('',#2553,#2554,#2555);
#2553 = CARTESIAN_POINT('',(-0.7,0.75,0.475));
#2554 = DIRECTION('',(-1.144237745222E-17,-1.,0.));
#2555 = DIRECTION('',(2.22044604925E-15,-2.540718180781E-32,1.));
#2556 = ADVANCED_FACE('',(#2557),#2568,.F.);
#2557 = FACE_BOUND('',#2558,.F.);
#2558 = EDGE_LOOP('',(#2559,#2565,#2566,#2567));
#2559 = ORIENTED_EDGE('',*,*,#2560,.F.);
#2560 = EDGE_CURVE('',#2152,#2396,#2561,.T.);
#2561 = LINE('',#2562,#2563);
#2562 = CARTESIAN_POINT('',(-0.7,1.15,0.529763586955));
#2563 = VECTOR('',#2564,1.);
#2564 = DIRECTION('',(0.,0.,1.));
#2565 = ORIENTED_EDGE('',*,*,#2151,.T.);
#2566 = ORIENTED_EDGE('',*,*,#2420,.T.);
#2567 = ORIENTED_EDGE('',*,*,#2403,.F.);
#2568 = PLANE('',#2569);
#2569 = AXIS2_PLACEMENT_3D('',#2570,#2571,#2572);
#2570 = CARTESIAN_POINT('',(-0.7,-1.405,0.725));
#2571 = DIRECTION('',(1.,1.110223024625E-16,0.));
#2572 = DIRECTION('',(-1.110223024625E-16,1.,0.));
#2573 = ADVANCED_FACE('',(#2574),#2585,.F.);
#2574 = FACE_BOUND('',#2575,.F.);
#2575 = EDGE_LOOP('',(#2576,#2577,#2578,#2584));
#2576 = ORIENTED_EDGE('',*,*,#2307,.F.);
#2577 = ORIENTED_EDGE('',*,*,#2228,.T.);
#2578 = ORIENTED_EDGE('',*,*,#2579,.T.);
#2579 = EDGE_CURVE('',#2221,#2340,#2580,.T.);
#2580 = LINE('',#2581,#2582);
#2581 = CARTESIAN_POINT('',(0.7,0.2,0.529763586955));
#2582 = VECTOR('',#2583,1.);
#2583 = DIRECTION('',(0.,0.,1.));
#2584 = ORIENTED_EDGE('',*,*,#2339,.F.);
#2585 = PLANE('',#2586);
#2586 = AXIS2_PLACEMENT_3D('',#2587,#2588,#2589);
#2587 = CARTESIAN_POINT('',(0.7,1.405,0.725));
#2588 = DIRECTION('',(-1.,-1.110223024625E-16,0.));
#2589 = DIRECTION('',(1.110223024625E-16,-1.,0.));
#2590 = ADVANCED_FACE('',(#2591),#2618,.F.);
#2591 = FACE_BOUND('',#2592,.F.);
#2592 = EDGE_LOOP('',(#2593,#2594,#2603,#2611));
#2593 = ORIENTED_EDGE('',*,*,#2220,.T.);
#2594 = ORIENTED_EDGE('',*,*,#2595,.T.);
#2595 = EDGE_CURVE('',#2213,#2596,#2598,.T.);
#2596 = VERTEX_POINT('',#2597);
#2597 = CARTESIAN_POINT('',(0.798480775301,-0.2,0.492364817767));
#2598 = CIRCLE('',#2599,0.1);
#2599 = AXIS2_PLACEMENT_3D('',#2600,#2601,#2602);
#2600 = CARTESIAN_POINT('',(0.7,-0.2,0.475));
#2601 = DIRECTION('',(-1.110223024625E-16,1.,0.));
#2602 = DIRECTION('',(-2.22044604925E-15,-2.465190328815E-31,1.));
#2603 = ORIENTED_EDGE('',*,*,#2604,.F.);
#2604 = EDGE_CURVE('',#2605,#2596,#2607,.T.);
#2605 = VERTEX_POINT('',#2606);
#2606 = CARTESIAN_POINT('',(0.798480775301,0.2,0.492364817767));
#2607 = LINE('',#2608,#2609);
#2608 = CARTESIAN_POINT('',(0.798480775301,0.2,0.492364817767));
#2609 = VECTOR('',#2610,1.);
#2610 = DIRECTION('',(1.110223024625E-16,-1.,0.));
#2611 = ORIENTED_EDGE('',*,*,#2612,.F.);
#2612 = EDGE_CURVE('',#2221,#2605,#2613,.T.);
#2613 = CIRCLE('',#2614,0.1);
#2614 = AXIS2_PLACEMENT_3D('',#2615,#2616,#2617);
#2615 = CARTESIAN_POINT('',(0.7,0.2,0.475));
#2616 = DIRECTION('',(-1.110223024625E-16,1.,0.));
#2617 = DIRECTION('',(-2.22044604925E-15,-2.465190328815E-31,1.));
#2618 = CYLINDRICAL_SURFACE('',#2619,0.1);
#2619 = AXIS2_PLACEMENT_3D('',#2620,#2621,#2622);
#2620 = CARTESIAN_POINT('',(0.7,0.2,0.475));
#2621 = DIRECTION('',(-1.110223024625E-16,1.,0.));
#2622 = DIRECTION('',(-2.22044604925E-15,-2.465190328815E-31,1.));
#2623 = ADVANCED_FACE('',(#2624),#2648,.F.);
#2624 = FACE_BOUND('',#2625,.F.);
#2625 = EDGE_LOOP('',(#2626,#2634,#2635,#2642));
#2626 = ORIENTED_EDGE('',*,*,#2627,.F.);
#2627 = EDGE_CURVE('',#2213,#2628,#2630,.T.);
#2628 = VERTEX_POINT('',#2629);
#2629 = CARTESIAN_POINT('',(0.7,-0.2,0.725));
#2630 = LINE('',#2631,#2632);
#2631 = CARTESIAN_POINT('',(0.7,-0.2,0.529763586955));
#2632 = VECTOR('',#2633,1.);
#2633 = DIRECTION('',(0.,0.,1.));
#2634 = ORIENTED_EDGE('',*,*,#2212,.T.);
#2635 = ORIENTED_EDGE('',*,*,#2636,.T.);
#2636 = EDGE_CURVE('',#2206,#2637,#2639,.T.);
#2637 = VERTEX_POINT('',#2638);
#2638 = CARTESIAN_POINT('',(0.7,-1.405,0.725));
#2639 = B_SPLINE_CURVE_WITH_KNOTS('',1,(#2640,#2641),.UNSPECIFIED.,.F.,
  .F.,(2,2),(0.,1.),.PIECEWISE_BEZIER_KNOTS.);
#2640 = CARTESIAN_POINT('',(0.7,-1.405,0.575));
#2641 = CARTESIAN_POINT('',(0.7,-1.405,0.725));
#2642 = ORIENTED_EDGE('',*,*,#2643,.F.);
#2643 = EDGE_CURVE('',#2628,#2637,#2644,.T.);
#2644 = LINE('',#2645,#2646);
#2645 = CARTESIAN_POINT('',(0.7,1.405,0.725));
#2646 = VECTOR('',#2647,1.);
#2647 = DIRECTION('',(1.110223024625E-16,-1.,0.));
#2648 = PLANE('',#2649);
#2649 = AXIS2_PLACEMENT_3D('',#2650,#2651,#2652);
#2650 = CARTESIAN_POINT('',(0.7,1.405,0.725));
#2651 = DIRECTION('',(-1.,-1.110223024625E-16,0.));
#2652 = DIRECTION('',(1.110223024625E-16,-1.,0.));
#2653 = ADVANCED_FACE('',(#2654),#2671,.F.);
#2654 = FACE_BOUND('',#2655,.F.);
#2655 = EDGE_LOOP('',(#2656,#2657,#2658,#2666));
#2656 = ORIENTED_EDGE('',*,*,#2245,.T.);
#2657 = ORIENTED_EDGE('',*,*,#2433,.T.);
#2658 = ORIENTED_EDGE('',*,*,#2659,.F.);
#2659 = EDGE_CURVE('',#2660,#2434,#2662,.T.);
#2660 = VERTEX_POINT('',#2661);
#2661 = CARTESIAN_POINT('',(-0.605,-1.5,0.725));
#2662 = LINE('',#2663,#2664);
#2663 = CARTESIAN_POINT('',(-0.605,-1.5,0.725));
#2664 = VECTOR('',#2665,1.);
#2665 = DIRECTION('',(-0.707106781187,0.707106781187,0.));
#2666 = ORIENTED_EDGE('',*,*,#2667,.F.);
#2667 = EDGE_CURVE('',#2246,#2660,#2668,.T.);
#2668 = B_SPLINE_CURVE_WITH_KNOTS('',1,(#2669,#2670),.UNSPECIFIED.,.F.,
  .F.,(2,2),(0.,1.),.PIECEWISE_BEZIER_KNOTS.);
#2669 = CARTESIAN_POINT('',(-0.605,-1.5,0.575));
#2670 = CARTESIAN_POINT('',(-0.605,-1.5,0.725));
#2671 = PLANE('',#2672);
#2672 = AXIS2_PLACEMENT_3D('',#2673,#2674,#2675);
#2673 = CARTESIAN_POINT('',(-0.605,-1.5,0.725));
#2674 = DIRECTION('',(0.707106781187,0.707106781187,0.));
#2675 = DIRECTION('',(-0.707106781187,0.707106781187,0.));
#2676 = ADVANCED_FACE('',(#2677),#2694,.F.);
#2677 = FACE_BOUND('',#2678,.F.);
#2678 = EDGE_LOOP('',(#2679,#2680,#2687,#2693));
#2679 = ORIENTED_EDGE('',*,*,#2274,.T.);
#2680 = ORIENTED_EDGE('',*,*,#2681,.T.);
#2681 = EDGE_CURVE('',#2268,#2682,#2684,.T.);
#2682 = VERTEX_POINT('',#2683);
#2683 = CARTESIAN_POINT('',(0.605,-1.5,0.725));
#2684 = B_SPLINE_CURVE_WITH_KNOTS('',1,(#2685,#2686),.UNSPECIFIED.,.F.,
  .F.,(2,2),(0.,1.),.PIECEWISE_BEZIER_KNOTS.);
#2685 = CARTESIAN_POINT('',(0.605,-1.5,0.575));
#2686 = CARTESIAN_POINT('',(0.605,-1.5,0.725));
#2687 = ORIENTED_EDGE('',*,*,#2688,.F.);
#2688 = EDGE_CURVE('',#2637,#2682,#2689,.T.);
#2689 = LINE('',#2690,#2691);
#2690 = CARTESIAN_POINT('',(0.7,-1.405,0.725));
#2691 = VECTOR('',#2692,1.);
#2692 = DIRECTION('',(-0.707106781187,-0.707106781187,0.));
#2693 = ORIENTED_EDGE('',*,*,#2636,.F.);
#2694 = PLANE('',#2695);
#2695 = AXIS2_PLACEMENT_3D('',#2696,#2697,#2698);
#2696 = CARTESIAN_POINT('',(0.7,-1.405,0.725));
#2697 = DIRECTION('',(-0.707106781187,0.707106781187,0.));
#2698 = DIRECTION('',(-0.707106781187,-0.707106781187,0.));
#2699 = ADVANCED_FACE('',(#2700),#2711,.F.);
#2700 = FACE_BOUND('',#2701,.F.);
#2701 = EDGE_LOOP('',(#2702,#2703,#2704,#2710));
#2702 = ORIENTED_EDGE('',*,*,#2291,.T.);
#2703 = ORIENTED_EDGE('',*,*,#2667,.T.);
#2704 = ORIENTED_EDGE('',*,*,#2705,.F.);
#2705 = EDGE_CURVE('',#2682,#2660,#2706,.T.);
#2706 = LINE('',#2707,#2708);
#2707 = CARTESIAN_POINT('',(0.605,-1.5,0.725));
#2708 = VECTOR('',#2709,1.);
#2709 = DIRECTION('',(-1.,-1.110223024625E-16,0.));
#2710 = ORIENTED_EDGE('',*,*,#2681,.F.);
#2711 = PLANE('',#2712);
#2712 = AXIS2_PLACEMENT_3D('',#2713,#2714,#2715);
#2713 = CARTESIAN_POINT('',(0.605,-1.5,0.725));
#2714 = DIRECTION('',(-1.110223024625E-16,1.,0.));
#2715 = DIRECTION('',(-1.,-1.110223024625E-16,0.));
#2716 = ADVANCED_FACE('',(#2717),#2740,.F.);
#2717 = FACE_BOUND('',#2718,.F.);
#2718 = EDGE_LOOP('',(#2719,#2727,#2733,#2734));
#2719 = ORIENTED_EDGE('',*,*,#2720,.F.);
#2720 = EDGE_CURVE('',#2506,#2721,#2723,.T.);
#2721 = VERTEX_POINT('',#2722);
#2722 = CARTESIAN_POINT('',(-0.675,0.75,0.725));
#2723 = LINE('',#2724,#2725);
#2724 = CARTESIAN_POINT('',(-0.7,0.75,0.725));
#2725 = VECTOR('',#2726,1.);
#2726 = DIRECTION('',(1.,-1.144237745222E-17,0.));
#2727 = ORIENTED_EDGE('',*,*,#2728,.T.);
#2728 = EDGE_CURVE('',#2506,#2396,#2729,.T.);
#2729 = LINE('',#2730,#2731);
#2730 = CARTESIAN_POINT('',(-0.7,0.75,0.725));
#2731 = VECTOR('',#2732,1.);
#2732 = DIRECTION('',(1.144237745222E-17,1.,0.));
#2733 = ORIENTED_EDGE('',*,*,#2395,.T.);
#2734 = ORIENTED_EDGE('',*,*,#2735,.F.);
#2735 = EDGE_CURVE('',#2721,#2388,#2736,.T.);
#2736 = LINE('',#2737,#2738);
#2737 = CARTESIAN_POINT('',(-0.675,-1.3925,0.725));
#2738 = VECTOR('',#2739,1.);
#2739 = DIRECTION('',(-1.110223024625E-16,1.,0.));
#2740 = PLANE('',#2741);
#2741 = AXIS2_PLACEMENT_3D('',#2742,#2743,#2744);
#2742 = CARTESIAN_POINT('',(-0.7,0.75,0.725));
#2743 = DIRECTION('',(0.,0.,-1.));
#2744 = DIRECTION('',(1.,-1.144237745222E-17,0.));
#2745 = ADVANCED_FACE('',(#2746),#2794,.F.);
#2746 = FACE_BOUND('',#2747,.F.);
#2747 = EDGE_LOOP('',(#2748,#2758,#2766,#2772,#2773,#2774,#2781,#2789));
#2748 = ORIENTED_EDGE('',*,*,#2749,.T.);
#2749 = EDGE_CURVE('',#2750,#2752,#2754,.T.);
#2750 = VERTEX_POINT('',#2751);
#2751 = CARTESIAN_POINT('',(-0.675,-1.3925,0.725));
#2752 = VERTEX_POINT('',#2753);
#2753 = CARTESIAN_POINT('',(-0.675,-1.15,0.725));
#2754 = LINE('',#2755,#2756);
#2755 = CARTESIAN_POINT('',(-0.675,-1.3925,0.725));
#2756 = VECTOR('',#2757,1.);
#2757 = DIRECTION('',(-1.110223024625E-16,1.,0.));
#2758 = ORIENTED_EDGE('',*,*,#2759,.T.);
#2759 = EDGE_CURVE('',#2752,#2760,#2762,.T.);
#2760 = VERTEX_POINT('',#2761);
#2761 = CARTESIAN_POINT('',(-0.675,-0.75,0.725));
#2762 = LINE('',#2763,#2764);
#2763 = CARTESIAN_POINT('',(-0.675,-1.3925,0.725));
#2764 = VECTOR('',#2765,1.);
#2765 = DIRECTION('',(-1.110223024625E-16,1.,0.));
#2766 = ORIENTED_EDGE('',*,*,#2767,.T.);
#2767 = EDGE_CURVE('',#2760,#2721,#2768,.T.);
#2768 = LINE('',#2769,#2770);
#2769 = CARTESIAN_POINT('',(-0.675,-1.3925,0.725));
#2770 = VECTOR('',#2771,1.);
#2771 = DIRECTION('',(-1.110223024625E-16,1.,0.));
#2772 = ORIENTED_EDGE('',*,*,#2735,.T.);
#2773 = ORIENTED_EDGE('',*,*,#2387,.T.);
#2774 = ORIENTED_EDGE('',*,*,#2775,.T.);
#2775 = EDGE_CURVE('',#2380,#2776,#2778,.T.);
#2776 = VERTEX_POINT('',#2777);
#2777 = CARTESIAN_POINT('',(-0.608243103516,1.359121551758,1.2));
#2778 = B_SPLINE_CURVE_WITH_KNOTS('',1,(#2779,#2780),.UNSPECIFIED.,.F.,
  .F.,(2,2),(0.,1.),.PIECEWISE_BEZIER_KNOTS.);
#2779 = CARTESIAN_POINT('',(-0.675,1.3925,0.725));
#2780 = CARTESIAN_POINT('',(-0.608243103516,1.359121551758,1.2));
#2781 = ORIENTED_EDGE('',*,*,#2782,.F.);
#2782 = EDGE_CURVE('',#2783,#2776,#2785,.T.);
#2783 = VERTEX_POINT('',#2784);
#2784 = CARTESIAN_POINT('',(-0.608243103516,-1.359121551758,1.2));
#2785 = LINE('',#2786,#2787);
#2786 = CARTESIAN_POINT('',(-0.608243103516,-1.359121551758,1.2));
#2787 = VECTOR('',#2788,1.);
#2788 = DIRECTION('',(-1.110223024625E-16,1.,0.));
#2789 = ORIENTED_EDGE('',*,*,#2790,.F.);
#2790 = EDGE_CURVE('',#2750,#2783,#2791,.T.);
#2791 = B_SPLINE_CURVE_WITH_KNOTS('',1,(#2792,#2793),.UNSPECIFIED.,.F.,
  .F.,(2,2),(0.,1.),.PIECEWISE_BEZIER_KNOTS.);
#2792 = CARTESIAN_POINT('',(-0.675,-1.3925,0.725));
#2793 = CARTESIAN_POINT('',(-0.608243103516,-1.359121551758,1.2));
#2794 = B_SPLINE_SURFACE_WITH_KNOTS('',1,1,(
    (#2795,#2796)
    ,(#2797,#2798
    )),.UNSPECIFIED.,.F.,.F.,.F.,(2,2),(2,2),(0.,2.785),(0.,1.),
  .PIECEWISE_BEZIER_KNOTS.);
#2795 = CARTESIAN_POINT('',(-0.675,-1.3925,0.725));
#2796 = CARTESIAN_POINT('',(-0.608243103516,-1.359121551758,1.2));
#2797 = CARTESIAN_POINT('',(-0.675,1.3925,0.725));
#2798 = CARTESIAN_POINT('',(-0.608243103516,1.359121551758,1.2));
#2799 = ADVANCED_FACE('',(#2800),#2817,.F.);
#2800 = FACE_BOUND('',#2801,.F.);
#2801 = EDGE_LOOP('',(#2802,#2803,#2810,#2816));
#2802 = ORIENTED_EDGE('',*,*,#2379,.T.);
#2803 = ORIENTED_EDGE('',*,*,#2804,.T.);
#2804 = EDGE_CURVE('',#2372,#2805,#2807,.T.);
#2805 = VERTEX_POINT('',#2806);
#2806 = CARTESIAN_POINT('',(-0.559121551758,1.408243103516,1.2));
#2807 = B_SPLINE_CURVE_WITH_KNOTS('',1,(#2808,#2809),.UNSPECIFIED.,.F.,
  .F.,(2,2),(0.,1.),.PIECEWISE_BEZIER_KNOTS.);
#2808 = CARTESIAN_POINT('',(-0.5925,1.475,0.725));
#2809 = CARTESIAN_POINT('',(-0.559121551758,1.408243103516,1.2));
#2810 = ORIENTED_EDGE('',*,*,#2811,.F.);
#2811 = EDGE_CURVE('',#2776,#2805,#2812,.T.);
#2812 = LINE('',#2813,#2814);
#2813 = CARTESIAN_POINT('',(-0.608243103516,1.359121551758,1.2));
#2814 = VECTOR('',#2815,1.);
#2815 = DIRECTION('',(0.707106781187,0.707106781187,0.));
#2816 = ORIENTED_EDGE('',*,*,#2775,.F.);
#2817 = B_SPLINE_SURFACE_WITH_KNOTS('',1,1,(
    (#2818,#2819)
    ,(#2820,#2821
    )),.UNSPECIFIED.,.F.,.F.,.F.,(2,2),(2,2),(0.,0.116672618896),(0.,1.)
  ,.PIECEWISE_BEZIER_KNOTS.);
#2818 = CARTESIAN_POINT('',(-0.675,1.3925,0.725));
#2819 = CARTESIAN_POINT('',(-0.608243103516,1.359121551758,1.2));
#2820 = CARTESIAN_POINT('',(-0.5925,1.475,0.725));
#2821 = CARTESIAN_POINT('',(-0.559121551758,1.408243103516,1.2));
#2822 = ADVANCED_FACE('',(#2823),#2840,.F.);
#2823 = FACE_BOUND('',#2824,.F.);
#2824 = EDGE_LOOP('',(#2825,#2826,#2833,#2839));
#2825 = ORIENTED_EDGE('',*,*,#2371,.T.);
#2826 = ORIENTED_EDGE('',*,*,#2827,.T.);
#2827 = EDGE_CURVE('',#2364,#2828,#2830,.T.);
#2828 = VERTEX_POINT('',#2829);
#2829 = CARTESIAN_POINT('',(0.559121551758,1.408243103516,1.2));
#2830 = B_SPLINE_CURVE_WITH_KNOTS('',1,(#2831,#2832),.UNSPECIFIED.,.F.,
  .F.,(2,2),(0.,1.),.PIECEWISE_BEZIER_KNOTS.);
#2831 = CARTESIAN_POINT('',(0.5925,1.475,0.725));
#2832 = CARTESIAN_POINT('',(0.559121551758,1.408243103516,1.2));
#2833 = ORIENTED_EDGE('',*,*,#2834,.F.);
#2834 = EDGE_CURVE('',#2805,#2828,#2835,.T.);
#2835 = LINE('',#2836,#2837);
#2836 = CARTESIAN_POINT('',(-0.559121551758,1.408243103516,1.2));
#2837 = VECTOR('',#2838,1.);
#2838 = DIRECTION('',(1.,1.110223024625E-16,0.));
#2839 = ORIENTED_EDGE('',*,*,#2804,.F.);
#2840 = B_SPLINE_SURFACE_WITH_KNOTS('',1,1,(
    (#2841,#2842)
    ,(#2843,#2844
    )),.UNSPECIFIED.,.F.,.F.,.F.,(2,2),(2,2),(0.,1.185),(0.,1.),
  .PIECEWISE_BEZIER_KNOTS.);
#2841 = CARTESIAN_POINT('',(-0.5925,1.475,0.725));
#2842 = CARTESIAN_POINT('',(-0.559121551758,1.408243103516,1.2));
#2843 = CARTESIAN_POINT('',(0.5925,1.475,0.725));
#2844 = CARTESIAN_POINT('',(0.559121551758,1.408243103516,1.2));
#2845 = ADVANCED_FACE('',(#2846),#2863,.F.);
#2846 = FACE_BOUND('',#2847,.F.);
#2847 = EDGE_LOOP('',(#2848,#2849,#2856,#2862));
#2848 = ORIENTED_EDGE('',*,*,#2363,.T.);
#2849 = ORIENTED_EDGE('',*,*,#2850,.T.);
#2850 = EDGE_CURVE('',#2356,#2851,#2853,.T.);
#2851 = VERTEX_POINT('',#2852);
#2852 = CARTESIAN_POINT('',(0.608243103516,1.359121551758,1.2));
#2853 = B_SPLINE_CURVE_WITH_KNOTS('',1,(#2854,#2855),.UNSPECIFIED.,.F.,
  .F.,(2,2),(0.,1.),.PIECEWISE_BEZIER_KNOTS.);
#2854 = CARTESIAN_POINT('',(0.675,1.3925,0.725));
#2855 = CARTESIAN_POINT('',(0.608243103516,1.359121551758,1.2));
#2856 = ORIENTED_EDGE('',*,*,#2857,.F.);
#2857 = EDGE_CURVE('',#2828,#2851,#2858,.T.);
#2858 = LINE('',#2859,#2860);
#2859 = CARTESIAN_POINT('',(0.559121551758,1.408243103516,1.2));
#2860 = VECTOR('',#2861,1.);
#2861 = DIRECTION('',(0.707106781187,-0.707106781187,0.));
#2862 = ORIENTED_EDGE('',*,*,#2827,.F.);
#2863 = B_SPLINE_SURFACE_WITH_KNOTS('',1,1,(
    (#2864,#2865)
    ,(#2866,#2867
    )),.UNSPECIFIED.,.F.,.F.,.F.,(2,2),(2,2),(0.,0.116672618896),(0.,1.)
  ,.PIECEWISE_BEZIER_KNOTS.);
#2864 = CARTESIAN_POINT('',(0.5925,1.475,0.725));
#2865 = CARTESIAN_POINT('',(0.559121551758,1.408243103516,1.2));
#2866 = CARTESIAN_POINT('',(0.675,1.3925,0.725));
#2867 = CARTESIAN_POINT('',(0.608243103516,1.359121551758,1.2));
#2868 = ADVANCED_FACE('',(#2869),#2902,.F.);
#2869 = FACE_BOUND('',#2870,.F.);
#2870 = EDGE_LOOP('',(#2871,#2872,#2880,#2888,#2895,#2901));
#2871 = ORIENTED_EDGE('',*,*,#2355,.T.);
#2872 = ORIENTED_EDGE('',*,*,#2873,.T.);
#2873 = EDGE_CURVE('',#2348,#2874,#2876,.T.);
#2874 = VERTEX_POINT('',#2875);
#2875 = CARTESIAN_POINT('',(0.675,-0.2,0.725));
#2876 = LINE('',#2877,#2878);
#2877 = CARTESIAN_POINT('',(0.675,1.3925,0.725));
#2878 = VECTOR('',#2879,1.);
#2879 = DIRECTION('',(1.110223024625E-16,-1.,0.));
#2880 = ORIENTED_EDGE('',*,*,#2881,.T.);
#2881 = EDGE_CURVE('',#2874,#2882,#2884,.T.);
#2882 = VERTEX_POINT('',#2883);
#2883 = CARTESIAN_POINT('',(0.675,-1.3925,0.725));
#2884 = LINE('',#2885,#2886);
#2885 = CARTESIAN_POINT('',(0.675,1.3925,0.725));
#2886 = VECTOR('',#2887,1.);
#2887 = DIRECTION('',(1.110223024625E-16,-1.,0.));
#2888 = ORIENTED_EDGE('',*,*,#2889,.T.);
#2889 = EDGE_CURVE('',#2882,#2890,#2892,.T.);
#2890 = VERTEX_POINT('',#2891);
#2891 = CARTESIAN_POINT('',(0.608243103516,-1.359121551758,1.2));
#2892 = B_SPLINE_CURVE_WITH_KNOTS('',1,(#2893,#2894),.UNSPECIFIED.,.F.,
  .F.,(2,2),(0.,1.),.PIECEWISE_BEZIER_KNOTS.);
#2893 = CARTESIAN_POINT('',(0.675,-1.3925,0.725));
#2894 = CARTESIAN_POINT('',(0.608243103516,-1.359121551758,1.2));
#2895 = ORIENTED_EDGE('',*,*,#2896,.F.);
#2896 = EDGE_CURVE('',#2851,#2890,#2897,.T.);
#2897 = LINE('',#2898,#2899);
#2898 = CARTESIAN_POINT('',(0.608243103516,1.359121551758,1.2));
#2899 = VECTOR('',#2900,1.);
#2900 = DIRECTION('',(1.110223024625E-16,-1.,0.));
#2901 = ORIENTED_EDGE('',*,*,#2850,.F.);
#2902 = B_SPLINE_SURFACE_WITH_KNOTS('',1,1,(
    (#2903,#2904)
    ,(#2905,#2906
    )),.UNSPECIFIED.,.F.,.F.,.F.,(2,2),(2,2),(0.,2.785),(0.,1.),
  .PIECEWISE_BEZIER_KNOTS.);
#2903 = CARTESIAN_POINT('',(0.675,1.3925,0.725));
#2904 = CARTESIAN_POINT('',(0.608243103516,1.359121551758,1.2));
#2905 = CARTESIAN_POINT('',(0.675,-1.3925,0.725));
#2906 = CARTESIAN_POINT('',(0.608243103516,-1.359121551758,1.2));
#2907 = ADVANCED_FACE('',(#2908),#2924,.F.);
#2908 = FACE_BOUND('',#2909,.F.);
#2909 = EDGE_LOOP('',(#2910,#2911,#2917,#2923));
#2910 = ORIENTED_EDGE('',*,*,#2347,.F.);
#2911 = ORIENTED_EDGE('',*,*,#2912,.T.);
#2912 = EDGE_CURVE('',#2340,#2628,#2913,.T.);
#2913 = LINE('',#2914,#2915);
#2914 = CARTESIAN_POINT('',(0.7,0.2,0.725));
#2915 = VECTOR('',#2916,1.);
#2916 = DIRECTION('',(1.110223024625E-16,-1.,0.));
#2917 = ORIENTED_EDGE('',*,*,#2918,.T.);
#2918 = EDGE_CURVE('',#2628,#2874,#2919,.T.);
#2919 = LINE('',#2920,#2921);
#2920 = CARTESIAN_POINT('',(0.7,-0.2,0.725));
#2921 = VECTOR('',#2922,1.);
#2922 = DIRECTION('',(-1.,-1.110223024625E-16,0.));
#2923 = ORIENTED_EDGE('',*,*,#2873,.F.);
#2924 = PLANE('',#2925);
#2925 = AXIS2_PLACEMENT_3D('',#2926,#2927,#2928);
#2926 = CARTESIAN_POINT('',(0.7,0.2,0.725));
#2927 = DIRECTION('',(0.,0.,-1.));
#2928 = DIRECTION('',(-1.,-1.110223024625E-16,-0.));
#2929 = ADVANCED_FACE('',(#2930),#2968,.F.);
#2930 = FACE_BOUND('',#2931,.F.);
#2931 = EDGE_LOOP('',(#2932,#2933,#2934,#2935,#2936,#2937,#2938,#2944,
    #2945,#2953,#2961,#2967));
#2932 = ORIENTED_EDGE('',*,*,#2918,.F.);
#2933 = ORIENTED_EDGE('',*,*,#2643,.T.);
#2934 = ORIENTED_EDGE('',*,*,#2688,.T.);
#2935 = ORIENTED_EDGE('',*,*,#2705,.T.);
#2936 = ORIENTED_EDGE('',*,*,#2659,.T.);
#2937 = ORIENTED_EDGE('',*,*,#2449,.T.);
#2938 = ORIENTED_EDGE('',*,*,#2939,.T.);
#2939 = EDGE_CURVE('',#2442,#2752,#2940,.T.);
#2940 = LINE('',#2941,#2942);
#2941 = CARTESIAN_POINT('',(-0.7,-1.15,0.725));
#2942 = VECTOR('',#2943,1.);
#2943 = DIRECTION('',(1.,-1.144237745222E-17,0.));
#2944 = ORIENTED_EDGE('',*,*,#2749,.F.);
#2945 = ORIENTED_EDGE('',*,*,#2946,.F.);
#2946 = EDGE_CURVE('',#2947,#2750,#2949,.T.);
#2947 = VERTEX_POINT('',#2948);
#2948 = CARTESIAN_POINT('',(-0.5925,-1.475,0.725));
#2949 = LINE('',#2950,#2951);
#2950 = CARTESIAN_POINT('',(-0.5925,-1.475,0.725));
#2951 = VECTOR('',#2952,1.);
#2952 = DIRECTION('',(-0.707106781187,0.707106781187,0.));
#2953 = ORIENTED_EDGE('',*,*,#2954,.F.);
#2954 = EDGE_CURVE('',#2955,#2947,#2957,.T.);
#2955 = VERTEX_POINT('',#2956);
#2956 = CARTESIAN_POINT('',(0.5925,-1.475,0.725));
#2957 = LINE('',#2958,#2959);
#2958 = CARTESIAN_POINT('',(0.5925,-1.475,0.725));
#2959 = VECTOR('',#2960,1.);
#2960 = DIRECTION('',(-1.,-1.110223024625E-16,0.));
#2961 = ORIENTED_EDGE('',*,*,#2962,.F.);
#2962 = EDGE_CURVE('',#2882,#2955,#2963,.T.);
#2963 = LINE('',#2964,#2965);
#2964 = CARTESIAN_POINT('',(0.675,-1.3925,0.725));
#2965 = VECTOR('',#2966,1.);
#2966 = DIRECTION('',(-0.707106781187,-0.707106781187,0.));
#2967 = ORIENTED_EDGE('',*,*,#2881,.F.);
#2968 = PLANE('',#2969);
#2969 = AXIS2_PLACEMENT_3D('',#2970,#2971,#2972);
#2970 = CARTESIAN_POINT('',(-1.486299604971E-16,1.4875,0.725));
#2971 = DIRECTION('',(1.022886882533E-31,-6.310887241768E-27,-1.));
#2972 = DIRECTION('',(1.,1.217738924546E-16,1.022886882525E-31));
#2973 = ADVANCED_FACE('',(#2974),#3043,.F.);
#2974 = FACE_BOUND('',#2975,.F.);
#2975 = EDGE_LOOP('',(#2976,#2977,#2978,#2986,#2995,#3003,#3011,#3019,
    #3028,#3036));
#2976 = ORIENTED_EDGE('',*,*,#2441,.F.);
#2977 = ORIENTED_EDGE('',*,*,#2481,.T.);
#2978 = ORIENTED_EDGE('',*,*,#2979,.T.);
#2979 = EDGE_CURVE('',#2474,#2980,#2982,.T.);
#2980 = VERTEX_POINT('',#2981);
#2981 = CARTESIAN_POINT('',(-0.843471632406,-1.15,0.206587955583));
#2982 = LINE('',#2983,#2984);
#2983 = CARTESIAN_POINT('',(-0.798480775301,-1.15,0.492364817767));
#2984 = VECTOR('',#2985,1.);
#2985 = DIRECTION('',(-0.155518033909,1.779496044609E-18,-0.987833053268
    ));
#2986 = ORIENTED_EDGE('',*,*,#2987,.T.);
#2987 = EDGE_CURVE('',#2980,#2988,#2990,.T.);
#2988 = VERTEX_POINT('',#2989);
#2989 = CARTESIAN_POINT('',(-1.089673570659,-1.15,5.551115123126E-17));
#2990 = CIRCLE('',#2991,0.25);
#2991 = AXIS2_PLACEMENT_3D('',#2992,#2993,#2994);
#2992 = CARTESIAN_POINT('',(-1.089673570659,-1.15,0.25));
#2993 = DIRECTION('',(1.144237745222E-17,1.,3.851859888774E-34));
#2994 = DIRECTION('',(0.984807753012,-1.126854202784E-17,-0.173648177667
    ));
#2995 = ORIENTED_EDGE('',*,*,#2996,.T.);
#2996 = EDGE_CURVE('',#2988,#2997,#2999,.T.);
#2997 = VERTEX_POINT('',#2998);
#2998 = CARTESIAN_POINT('',(-1.25,-1.15,5.551115123126E-17));
#2999 = LINE('',#3000,#3001);
#3000 = CARTESIAN_POINT('',(-1.089673570659,-1.15,5.551115123126E-17));
#3001 = VECTOR('',#3002,1.);
#3002 = DIRECTION('',(-1.,1.144237745222E-17,0.));
#3003 = ORIENTED_EDGE('',*,*,#3004,.T.);
#3004 = EDGE_CURVE('',#2997,#3005,#3007,.T.);
#3005 = VERTEX_POINT('',#3006);
#3006 = CARTESIAN_POINT('',(-1.25,-1.15,0.15));
#3007 = LINE('',#3008,#3009);
#3008 = CARTESIAN_POINT('',(-1.25,-1.15,5.551115123126E-17));
#3009 = VECTOR('',#3010,1.);
#3010 = DIRECTION('',(0.,0.,1.));
#3011 = ORIENTED_EDGE('',*,*,#3012,.T.);
#3012 = EDGE_CURVE('',#3005,#3013,#3015,.T.);
#3013 = VERTEX_POINT('',#3014);
#3014 = CARTESIAN_POINT('',(-1.089673570659,-1.15,0.15));
#3015 = LINE('',#3016,#3017);
#3016 = CARTESIAN_POINT('',(-1.25,-1.15,0.15));
#3017 = VECTOR('',#3018,1.);
#3018 = DIRECTION('',(1.,-1.144237745222E-17,0.));
#3019 = ORIENTED_EDGE('',*,*,#3020,.T.);
#3020 = EDGE_CURVE('',#3013,#3021,#3023,.T.);
#3021 = VERTEX_POINT('',#3022);
#3022 = CARTESIAN_POINT('',(-0.991192795358,-1.15,0.232635182233));
#3023 = CIRCLE('',#3024,0.1);
#3024 = AXIS2_PLACEMENT_3D('',#3025,#3026,#3027);
#3025 = CARTESIAN_POINT('',(-1.089673570659,-1.15,0.25));
#3026 = DIRECTION('',(-1.144237745222E-17,-1.,1.094764425254E-47));
#3027 = DIRECTION('',(-2.22044604925E-15,2.540718180781E-32,-1.));
#3028 = ORIENTED_EDGE('',*,*,#3029,.T.);
#3029 = EDGE_CURVE('',#3021,#3030,#3032,.T.);
#3030 = VERTEX_POINT('',#3031);
#3031 = CARTESIAN_POINT('',(-0.946201938253,-1.15,0.518412044417));
#3032 = LINE('',#3033,#3034);
#3033 = CARTESIAN_POINT('',(-0.991192795358,-1.15,0.232635182233));
#3034 = VECTOR('',#3035,1.);
#3035 = DIRECTION('',(0.155518033909,-1.779496044609E-18,0.987833053268)
  );
#3036 = ORIENTED_EDGE('',*,*,#3037,.T.);
#3037 = EDGE_CURVE('',#3030,#2442,#3038,.T.);
#3038 = CIRCLE('',#3039,0.25);
#3039 = AXIS2_PLACEMENT_3D('',#3040,#3041,#3042);
#3040 = CARTESIAN_POINT('',(-0.7,-1.15,0.475));
#3041 = DIRECTION('',(1.144237745222E-17,1.,0.));
#3042 = DIRECTION('',(-0.984807753012,1.126854202784E-17,0.173648177667)
  );
#3043 = PLANE('',#3044);
#3044 = AXIS2_PLACEMENT_3D('',#3045,#3046,#3047);
#3045 = CARTESIAN_POINT('',(-0.931323080229,-1.15,0.33452717391));
#3046 = DIRECTION('',(1.144237745222E-17,1.,0.));
#3047 = DIRECTION('',(0.,-0.,1.));
#3048 = ADVANCED_FACE('',(#3049),#3067,.F.);
#3049 = FACE_BOUND('',#3050,.F.);
#3050 = EDGE_LOOP('',(#3051,#3052,#3060,#3066));
#3051 = ORIENTED_EDGE('',*,*,#2473,.T.);
#3052 = ORIENTED_EDGE('',*,*,#3053,.T.);
#3053 = EDGE_CURVE('',#2465,#3054,#3056,.T.);
#3054 = VERTEX_POINT('',#3055);
#3055 = CARTESIAN_POINT('',(-0.843471632406,-0.75,0.206587955583));
#3056 = LINE('',#3057,#3058);
#3057 = CARTESIAN_POINT('',(-0.798480775301,-0.75,0.492364817767));
#3058 = VECTOR('',#3059,1.);
#3059 = DIRECTION('',(-0.155518033909,1.779496044609E-18,-0.987833053268
    ));
#3060 = ORIENTED_EDGE('',*,*,#3061,.F.);
#3061 = EDGE_CURVE('',#2980,#3054,#3062,.T.);
#3062 = LINE('',#3063,#3064);
#3063 = CARTESIAN_POINT('',(-0.843471632406,-1.15,0.206587955583));
#3064 = VECTOR('',#3065,1.);
#3065 = DIRECTION('',(1.144237745222E-17,1.,0.));
#3066 = ORIENTED_EDGE('',*,*,#2979,.F.);
#3067 = PLANE('',#3068);
#3068 = AXIS2_PLACEMENT_3D('',#3069,#3070,#3071);
#3069 = CARTESIAN_POINT('',(-0.798480775301,-1.15,0.492364817767));
#3070 = DIRECTION('',(-0.987833053268,1.130315865527E-17,0.155518033909)
  );
#3071 = DIRECTION('',(-0.155518033909,1.779496044609E-18,-0.987833053268
    ));
#3072 = ADVANCED_FACE('',(#3073),#3135,.T.);
#3073 = FACE_BOUND('',#3074,.T.);
#3074 = EDGE_LOOP('',(#3075,#3076,#3077,#3078,#3087,#3095,#3103,#3111,
    #3120,#3128));
#3075 = ORIENTED_EDGE('',*,*,#2496,.F.);
#3076 = ORIENTED_EDGE('',*,*,#2464,.T.);
#3077 = ORIENTED_EDGE('',*,*,#3053,.T.);
#3078 = ORIENTED_EDGE('',*,*,#3079,.T.);
#3079 = EDGE_CURVE('',#3054,#3080,#3082,.T.);
#3080 = VERTEX_POINT('',#3081);
#3081 = CARTESIAN_POINT('',(-1.089673570659,-0.75,5.551115123126E-17));
#3082 = CIRCLE('',#3083,0.25);
#3083 = AXIS2_PLACEMENT_3D('',#3084,#3085,#3086);
#3084 = CARTESIAN_POINT('',(-1.089673570659,-0.75,0.25));
#3085 = DIRECTION('',(1.144237745222E-17,1.,3.851859888774E-34));
#3086 = DIRECTION('',(0.984807753012,-1.126854202784E-17,-0.173648177667
    ));
#3087 = ORIENTED_EDGE('',*,*,#3088,.T.);
#3088 = EDGE_CURVE('',#3080,#3089,#3091,.T.);
#3089 = VERTEX_POINT('',#3090);
#3090 = CARTESIAN_POINT('',(-1.25,-0.75,5.551115123126E-17));
#3091 = LINE('',#3092,#3093);
#3092 = CARTESIAN_POINT('',(-1.089673570659,-0.75,5.551115123126E-17));
#3093 = VECTOR('',#3094,1.);
#3094 = DIRECTION('',(-1.,1.144237745222E-17,0.));
#3095 = ORIENTED_EDGE('',*,*,#3096,.T.);
#3096 = EDGE_CURVE('',#3089,#3097,#3099,.T.);
#3097 = VERTEX_POINT('',#3098);
#3098 = CARTESIAN_POINT('',(-1.25,-0.75,0.15));
#3099 = LINE('',#3100,#3101);
#3100 = CARTESIAN_POINT('',(-1.25,-0.75,5.551115123126E-17));
#3101 = VECTOR('',#3102,1.);
#3102 = DIRECTION('',(0.,0.,1.));
#3103 = ORIENTED_EDGE('',*,*,#3104,.T.);
#3104 = EDGE_CURVE('',#3097,#3105,#3107,.T.);
#3105 = VERTEX_POINT('',#3106);
#3106 = CARTESIAN_POINT('',(-1.089673570659,-0.75,0.15));
#3107 = LINE('',#3108,#3109);
#3108 = CARTESIAN_POINT('',(-1.25,-0.75,0.15));
#3109 = VECTOR('',#3110,1.);
#3110 = DIRECTION('',(1.,-1.144237745222E-17,0.));
#3111 = ORIENTED_EDGE('',*,*,#3112,.T.);
#3112 = EDGE_CURVE('',#3105,#3113,#3115,.T.);
#3113 = VERTEX_POINT('',#3114);
#3114 = CARTESIAN_POINT('',(-0.991192795358,-0.75,0.232635182233));
#3115 = CIRCLE('',#3116,0.1);
#3116 = AXIS2_PLACEMENT_3D('',#3117,#3118,#3119);
#3117 = CARTESIAN_POINT('',(-1.089673570659,-0.75,0.25));
#3118 = DIRECTION('',(-1.144237745222E-17,-1.,1.094764425254E-47));
#3119 = DIRECTION('',(-2.22044604925E-15,2.540718180781E-32,-1.));
#3120 = ORIENTED_EDGE('',*,*,#3121,.T.);
#3121 = EDGE_CURVE('',#3113,#3122,#3124,.T.);
#3122 = VERTEX_POINT('',#3123);
#3123 = CARTESIAN_POINT('',(-0.946201938253,-0.75,0.518412044417));
#3124 = LINE('',#3125,#3126);
#3125 = CARTESIAN_POINT('',(-0.991192795358,-0.75,0.232635182233));
#3126 = VECTOR('',#3127,1.);
#3127 = DIRECTION('',(0.155518033909,-1.779496044609E-18,0.987833053268)
  );
#3128 = ORIENTED_EDGE('',*,*,#3129,.T.);
#3129 = EDGE_CURVE('',#3122,#2497,#3130,.T.);
#3130 = CIRCLE('',#3131,0.25);
#3131 = AXIS2_PLACEMENT_3D('',#3132,#3133,#3134);
#3132 = CARTESIAN_POINT('',(-0.7,-0.75,0.475));
#3133 = DIRECTION('',(1.144237745222E-17,1.,0.));
#3134 = DIRECTION('',(-0.984807753012,1.126854202784E-17,0.173648177667)
  );
#3135 = PLANE('',#3136);
#3136 = AXIS2_PLACEMENT_3D('',#3137,#3138,#3139);
#3137 = CARTESIAN_POINT('',(-0.931323080229,-0.75,0.33452717391));
#3138 = DIRECTION('',(1.144237745222E-17,1.,0.));
#3139 = DIRECTION('',(0.,-0.,1.));
#3140 = ADVANCED_FACE('',(#3141),#3152,.F.);
#3141 = FACE_BOUND('',#3142,.F.);
#3142 = EDGE_LOOP('',(#3143,#3144,#3145,#3146));
#3143 = ORIENTED_EDGE('',*,*,#2513,.T.);
#3144 = ORIENTED_EDGE('',*,*,#2720,.T.);
#3145 = ORIENTED_EDGE('',*,*,#2767,.F.);
#3146 = ORIENTED_EDGE('',*,*,#3147,.F.);
#3147 = EDGE_CURVE('',#2497,#2760,#3148,.T.);
#3148 = LINE('',#3149,#3150);
#3149 = CARTESIAN_POINT('',(-0.7,-0.75,0.725));
#3150 = VECTOR('',#3151,1.);
#3151 = DIRECTION('',(1.,-1.144237745222E-17,0.));
#3152 = PLANE('',#3153);
#3153 = AXIS2_PLACEMENT_3D('',#3154,#3155,#3156);
#3154 = CARTESIAN_POINT('',(-1.486299604971E-16,1.4875,0.725));
#3155 = DIRECTION('',(1.022886882533E-31,-6.310887241768E-27,-1.));
#3156 = DIRECTION('',(1.,1.217738924546E-16,1.022886882525E-31));
#3157 = ADVANCED_FACE('',(#3158),#3227,.F.);
#3158 = FACE_BOUND('',#3159,.F.);
#3159 = EDGE_LOOP('',(#3160,#3161,#3162,#3170,#3179,#3187,#3195,#3203,
    #3212,#3220));
#3160 = ORIENTED_EDGE('',*,*,#2505,.F.);
#3161 = ORIENTED_EDGE('',*,*,#2545,.T.);
#3162 = ORIENTED_EDGE('',*,*,#3163,.T.);
#3163 = EDGE_CURVE('',#2538,#3164,#3166,.T.);
#3164 = VERTEX_POINT('',#3165);
#3165 = CARTESIAN_POINT('',(-0.843471632406,0.75,0.206587955583));
#3166 = LINE('',#3167,#3168);
#3167 = CARTESIAN_POINT('',(-0.798480775301,0.75,0.492364817767));
#3168 = VECTOR('',#3169,1.);
#3169 = DIRECTION('',(-0.155518033909,1.779496044609E-18,-0.987833053268
    ));
#3170 = ORIENTED_EDGE('',*,*,#3171,.T.);
#3171 = EDGE_CURVE('',#3164,#3172,#3174,.T.);
#3172 = VERTEX_POINT('',#3173);
#3173 = CARTESIAN_POINT('',(-1.089673570659,0.75,5.551115123126E-17));
#3174 = CIRCLE('',#3175,0.25);
#3175 = AXIS2_PLACEMENT_3D('',#3176,#3177,#3178);
#3176 = CARTESIAN_POINT('',(-1.089673570659,0.75,0.25));
#3177 = DIRECTION('',(1.144237745222E-17,1.,3.851859888774E-34));
#3178 = DIRECTION('',(0.984807753012,-1.126854202784E-17,-0.173648177667
    ));
#3179 = ORIENTED_EDGE('',*,*,#3180,.T.);
#3180 = EDGE_CURVE('',#3172,#3181,#3183,.T.);
#3181 = VERTEX_POINT('',#3182);
#3182 = CARTESIAN_POINT('',(-1.25,0.75,5.551115123126E-17));
#3183 = LINE('',#3184,#3185);
#3184 = CARTESIAN_POINT('',(-1.089673570659,0.75,5.551115123126E-17));
#3185 = VECTOR('',#3186,1.);
#3186 = DIRECTION('',(-1.,1.144237745222E-17,0.));
#3187 = ORIENTED_EDGE('',*,*,#3188,.T.);
#3188 = EDGE_CURVE('',#3181,#3189,#3191,.T.);
#3189 = VERTEX_POINT('',#3190);
#3190 = CARTESIAN_POINT('',(-1.25,0.75,0.15));
#3191 = LINE('',#3192,#3193);
#3192 = CARTESIAN_POINT('',(-1.25,0.75,5.551115123126E-17));
#3193 = VECTOR('',#3194,1.);
#3194 = DIRECTION('',(0.,0.,1.));
#3195 = ORIENTED_EDGE('',*,*,#3196,.T.);
#3196 = EDGE_CURVE('',#3189,#3197,#3199,.T.);
#3197 = VERTEX_POINT('',#3198);
#3198 = CARTESIAN_POINT('',(-1.089673570659,0.75,0.15));
#3199 = LINE('',#3200,#3201);
#3200 = CARTESIAN_POINT('',(-1.25,0.75,0.15));
#3201 = VECTOR('',#3202,1.);
#3202 = DIRECTION('',(1.,-1.144237745222E-17,0.));
#3203 = ORIENTED_EDGE('',*,*,#3204,.T.);
#3204 = EDGE_CURVE('',#3197,#3205,#3207,.T.);
#3205 = VERTEX_POINT('',#3206);
#3206 = CARTESIAN_POINT('',(-0.991192795358,0.75,0.232635182233));
#3207 = CIRCLE('',#3208,0.1);
#3208 = AXIS2_PLACEMENT_3D('',#3209,#3210,#3211);
#3209 = CARTESIAN_POINT('',(-1.089673570659,0.75,0.25));
#3210 = DIRECTION('',(-1.144237745222E-17,-1.,1.094764425254E-47));
#3211 = DIRECTION('',(-2.22044604925E-15,2.540718180781E-32,-1.));
#3212 = ORIENTED_EDGE('',*,*,#3213,.T.);
#3213 = EDGE_CURVE('',#3205,#3214,#3216,.T.);
#3214 = VERTEX_POINT('',#3215);
#3215 = CARTESIAN_POINT('',(-0.946201938253,0.75,0.518412044417));
#3216 = LINE('',#3217,#3218);
#3217 = CARTESIAN_POINT('',(-0.991192795358,0.75,0.232635182233));
#3218 = VECTOR('',#3219,1.);
#3219 = DIRECTION('',(0.155518033909,-1.779496044609E-18,0.987833053268)
  );
#3220 = ORIENTED_EDGE('',*,*,#3221,.T.);
#3221 = EDGE_CURVE('',#3214,#2506,#3222,.T.);
#3222 = CIRCLE('',#3223,0.25);
#3223 = AXIS2_PLACEMENT_3D('',#3224,#3225,#3226);
#3224 = CARTESIAN_POINT('',(-0.7,0.75,0.475));
#3225 = DIRECTION('',(1.144237745222E-17,1.,0.));
#3226 = DIRECTION('',(-0.984807753012,1.126854202784E-17,0.173648177667)
  );
#3227 = PLANE('',#3228);
#3228 = AXIS2_PLACEMENT_3D('',#3229,#3230,#3231);
#3229 = CARTESIAN_POINT('',(-0.931323080229,0.75,0.33452717391));
#3230 = DIRECTION('',(1.144237745222E-17,1.,0.));
#3231 = DIRECTION('',(0.,-0.,1.));
#3232 = ADVANCED_FACE('',(#3233),#3251,.F.);
#3233 = FACE_BOUND('',#3234,.F.);
#3234 = EDGE_LOOP('',(#3235,#3236,#3244,#3250));
#3235 = ORIENTED_EDGE('',*,*,#2537,.T.);
#3236 = ORIENTED_EDGE('',*,*,#3237,.T.);
#3237 = EDGE_CURVE('',#2529,#3238,#3240,.T.);
#3238 = VERTEX_POINT('',#3239);
#3239 = CARTESIAN_POINT('',(-0.843471632406,1.15,0.206587955583));
#3240 = LINE('',#3241,#3242);
#3241 = CARTESIAN_POINT('',(-0.798480775301,1.15,0.492364817767));
#3242 = VECTOR('',#3243,1.);
#3243 = DIRECTION('',(-0.155518033909,1.779496044609E-18,-0.987833053268
    ));
#3244 = ORIENTED_EDGE('',*,*,#3245,.F.);
#3245 = EDGE_CURVE('',#3164,#3238,#3246,.T.);
#3246 = LINE('',#3247,#3248);
#3247 = CARTESIAN_POINT('',(-0.843471632406,0.75,0.206587955583));
#3248 = VECTOR('',#3249,1.);
#3249 = DIRECTION('',(1.144237745222E-17,1.,0.));
#3250 = ORIENTED_EDGE('',*,*,#3163,.F.);
#3251 = PLANE('',#3252);
#3252 = AXIS2_PLACEMENT_3D('',#3253,#3254,#3255);
#3253 = CARTESIAN_POINT('',(-0.798480775301,0.75,0.492364817767));
#3254 = DIRECTION('',(-0.987833053268,1.130315865527E-17,0.155518033909)
  );
#3255 = DIRECTION('',(-0.155518033909,1.779496044609E-18,-0.987833053268
    ));
#3256 = ADVANCED_FACE('',(#3257),#3319,.T.);
#3257 = FACE_BOUND('',#3258,.T.);
#3258 = EDGE_LOOP('',(#3259,#3260,#3261,#3262,#3271,#3279,#3287,#3295,
    #3304,#3312));
#3259 = ORIENTED_EDGE('',*,*,#2560,.F.);
#3260 = ORIENTED_EDGE('',*,*,#2528,.T.);
#3261 = ORIENTED_EDGE('',*,*,#3237,.T.);
#3262 = ORIENTED_EDGE('',*,*,#3263,.T.);
#3263 = EDGE_CURVE('',#3238,#3264,#3266,.T.);
#3264 = VERTEX_POINT('',#3265);
#3265 = CARTESIAN_POINT('',(-1.089673570659,1.15,5.551115123126E-17));
#3266 = CIRCLE('',#3267,0.25);
#3267 = AXIS2_PLACEMENT_3D('',#3268,#3269,#3270);
#3268 = CARTESIAN_POINT('',(-1.089673570659,1.15,0.25));
#3269 = DIRECTION('',(1.144237745222E-17,1.,3.851859888774E-34));
#3270 = DIRECTION('',(0.984807753012,-1.126854202784E-17,-0.173648177667
    ));
#3271 = ORIENTED_EDGE('',*,*,#3272,.T.);
#3272 = EDGE_CURVE('',#3264,#3273,#3275,.T.);
#3273 = VERTEX_POINT('',#3274);
#3274 = CARTESIAN_POINT('',(-1.25,1.15,5.551115123126E-17));
#3275 = LINE('',#3276,#3277);
#3276 = CARTESIAN_POINT('',(-1.089673570659,1.15,5.551115123126E-17));
#3277 = VECTOR('',#3278,1.);
#3278 = DIRECTION('',(-1.,1.144237745222E-17,0.));
#3279 = ORIENTED_EDGE('',*,*,#3280,.T.);
#3280 = EDGE_CURVE('',#3273,#3281,#3283,.T.);
#3281 = VERTEX_POINT('',#3282);
#3282 = CARTESIAN_POINT('',(-1.25,1.15,0.15));
#3283 = LINE('',#3284,#3285);
#3284 = CARTESIAN_POINT('',(-1.25,1.15,5.551115123126E-17));
#3285 = VECTOR('',#3286,1.);
#3286 = DIRECTION('',(0.,0.,1.));
#3287 = ORIENTED_EDGE('',*,*,#3288,.T.);
#3288 = EDGE_CURVE('',#3281,#3289,#3291,.T.);
#3289 = VERTEX_POINT('',#3290);
#3290 = CARTESIAN_POINT('',(-1.089673570659,1.15,0.15));
#3291 = LINE('',#3292,#3293);
#3292 = CARTESIAN_POINT('',(-1.25,1.15,0.15));
#3293 = VECTOR('',#3294,1.);
#3294 = DIRECTION('',(1.,-1.144237745222E-17,0.));
#3295 = ORIENTED_EDGE('',*,*,#3296,.T.);
#3296 = EDGE_CURVE('',#3289,#3297,#3299,.T.);
#3297 = VERTEX_POINT('',#3298);
#3298 = CARTESIAN_POINT('',(-0.991192795358,1.15,0.232635182233));
#3299 = CIRCLE('',#3300,0.1);
#3300 = AXIS2_PLACEMENT_3D('',#3301,#3302,#3303);
#3301 = CARTESIAN_POINT('',(-1.089673570659,1.15,0.25));
#3302 = DIRECTION('',(-1.144237745222E-17,-1.,1.094764425254E-47));
#3303 = DIRECTION('',(-2.22044604925E-15,2.540718180781E-32,-1.));
#3304 = ORIENTED_EDGE('',*,*,#3305,.T.);
#3305 = EDGE_CURVE('',#3297,#3306,#3308,.T.);
#3306 = VERTEX_POINT('',#3307);
#3307 = CARTESIAN_POINT('',(-0.946201938253,1.15,0.518412044417));
#3308 = LINE('',#3309,#3310);
#3309 = CARTESIAN_POINT('',(-0.991192795358,1.15,0.232635182233));
#3310 = VECTOR('',#3311,1.);
#3311 = DIRECTION('',(0.155518033909,-1.779496044609E-18,0.987833053268)
  );
#3312 = ORIENTED_EDGE('',*,*,#3313,.T.);
#3313 = EDGE_CURVE('',#3306,#2396,#3314,.T.);
#3314 = CIRCLE('',#3315,0.25);
#3315 = AXIS2_PLACEMENT_3D('',#3316,#3317,#3318);
#3316 = CARTESIAN_POINT('',(-0.7,1.15,0.475));
#3317 = DIRECTION('',(1.144237745222E-17,1.,0.));
#3318 = DIRECTION('',(-0.984807753012,1.126854202784E-17,0.173648177667)
  );
#3319 = PLANE('',#3320);
#3320 = AXIS2_PLACEMENT_3D('',#3321,#3322,#3323);
#3321 = CARTESIAN_POINT('',(-0.931323080229,1.15,0.33452717391));
#3322 = DIRECTION('',(1.144237745222E-17,1.,0.));
#3323 = DIRECTION('',(0.,-0.,1.));
#3324 = ADVANCED_FACE('',(#3325),#3394,.F.);
#3325 = FACE_BOUND('',#3326,.F.);
#3326 = EDGE_LOOP('',(#3327,#3328,#3329,#3337,#3346,#3354,#3362,#3370,
    #3379,#3387));
#3327 = ORIENTED_EDGE('',*,*,#2579,.F.);
#3328 = ORIENTED_EDGE('',*,*,#2612,.T.);
#3329 = ORIENTED_EDGE('',*,*,#3330,.T.);
#3330 = EDGE_CURVE('',#2605,#3331,#3333,.T.);
#3331 = VERTEX_POINT('',#3332);
#3332 = CARTESIAN_POINT('',(0.843471632406,0.2,0.206587955583));
#3333 = LINE('',#3334,#3335);
#3334 = CARTESIAN_POINT('',(0.798480775301,0.2,0.492364817767));
#3335 = VECTOR('',#3336,1.);
#3336 = DIRECTION('',(0.155518033909,1.726597019897E-17,-0.987833053268)
  );
#3337 = ORIENTED_EDGE('',*,*,#3338,.T.);
#3338 = EDGE_CURVE('',#3331,#3339,#3341,.T.);
#3339 = VERTEX_POINT('',#3340);
#3340 = CARTESIAN_POINT('',(1.089673570659,0.2,5.551115123126E-17));
#3341 = CIRCLE('',#3342,0.25);
#3342 = AXIS2_PLACEMENT_3D('',#3343,#3344,#3345);
#3343 = CARTESIAN_POINT('',(1.089673570659,0.2,0.25));
#3344 = DIRECTION('',(1.110223024625E-16,-1.,0.));
#3345 = DIRECTION('',(-0.984807753012,-1.093356242223E-16,
    -0.173648177667));
#3346 = ORIENTED_EDGE('',*,*,#3347,.T.);
#3347 = EDGE_CURVE('',#3339,#3348,#3350,.T.);
#3348 = VERTEX_POINT('',#3349);
#3349 = CARTESIAN_POINT('',(1.25,0.2,5.551115123126E-17));
#3350 = LINE('',#3351,#3352);
#3351 = CARTESIAN_POINT('',(1.089673570659,0.2,5.551115123126E-17));
#3352 = VECTOR('',#3353,1.);
#3353 = DIRECTION('',(1.,1.110223024625E-16,0.));
#3354 = ORIENTED_EDGE('',*,*,#3355,.T.);
#3355 = EDGE_CURVE('',#3348,#3356,#3358,.T.);
#3356 = VERTEX_POINT('',#3357);
#3357 = CARTESIAN_POINT('',(1.25,0.2,0.15));
#3358 = LINE('',#3359,#3360);
#3359 = CARTESIAN_POINT('',(1.25,0.2,5.551115123126E-17));
#3360 = VECTOR('',#3361,1.);
#3361 = DIRECTION('',(0.,0.,1.));
#3362 = ORIENTED_EDGE('',*,*,#3363,.T.);
#3363 = EDGE_CURVE('',#3356,#3364,#3366,.T.);
#3364 = VERTEX_POINT('',#3365);
#3365 = CARTESIAN_POINT('',(1.089673570659,0.2,0.15));
#3366 = LINE('',#3367,#3368);
#3367 = CARTESIAN_POINT('',(1.25,0.2,0.15));
#3368 = VECTOR('',#3369,1.);
#3369 = DIRECTION('',(-1.,-1.110223024625E-16,0.));
#3370 = ORIENTED_EDGE('',*,*,#3371,.T.);
#3371 = EDGE_CURVE('',#3364,#3372,#3374,.T.);
#3372 = VERTEX_POINT('',#3373);
#3373 = CARTESIAN_POINT('',(0.991192795358,0.2,0.232635182233));
#3374 = CIRCLE('',#3375,0.1);
#3375 = AXIS2_PLACEMENT_3D('',#3376,#3377,#3378);
#3376 = CARTESIAN_POINT('',(1.089673570659,0.2,0.25));
#3377 = DIRECTION('',(-1.110223024625E-16,1.,0.));
#3378 = DIRECTION('',(2.22044604925E-15,2.465190328815E-31,-1.));
#3379 = ORIENTED_EDGE('',*,*,#3380,.T.);
#3380 = EDGE_CURVE('',#3372,#3381,#3383,.T.);
#3381 = VERTEX_POINT('',#3382);
#3382 = CARTESIAN_POINT('',(0.946201938253,0.2,0.518412044417));
#3383 = LINE('',#3384,#3385);
#3384 = CARTESIAN_POINT('',(0.991192795358,0.2,0.232635182233));
#3385 = VECTOR('',#3386,1.);
#3386 = DIRECTION('',(-0.155518033909,-1.726597019897E-17,0.987833053268
    ));
#3387 = ORIENTED_EDGE('',*,*,#3388,.T.);
#3388 = EDGE_CURVE('',#3381,#2340,#3389,.T.);
#3389 = CIRCLE('',#3390,0.25);
#3390 = AXIS2_PLACEMENT_3D('',#3391,#3392,#3393);
#3391 = CARTESIAN_POINT('',(0.7,0.2,0.475));
#3392 = DIRECTION('',(1.110223024625E-16,-1.,0.));
#3393 = DIRECTION('',(0.984807753012,1.093356242223E-16,0.173648177667)
  );
#3394 = PLANE('',#3395);
#3395 = AXIS2_PLACEMENT_3D('',#3396,#3397,#3398);
#3396 = CARTESIAN_POINT('',(0.931323080229,0.2,0.33452717391));
#3397 = DIRECTION('',(1.110223024625E-16,-1.,0.));
#3398 = DIRECTION('',(0.,0.,1.));
#3399 = ADVANCED_FACE('',(#3400),#3418,.F.);
#3400 = FACE_BOUND('',#3401,.F.);
#3401 = EDGE_LOOP('',(#3402,#3403,#3411,#3417));
#3402 = ORIENTED_EDGE('',*,*,#2604,.T.);
#3403 = ORIENTED_EDGE('',*,*,#3404,.T.);
#3404 = EDGE_CURVE('',#2596,#3405,#3407,.T.);
#3405 = VERTEX_POINT('',#3406);
#3406 = CARTESIAN_POINT('',(0.843471632406,-0.2,0.206587955583));
#3407 = LINE('',#3408,#3409);
#3408 = CARTESIAN_POINT('',(0.798480775301,-0.2,0.492364817767));
#3409 = VECTOR('',#3410,1.);
#3410 = DIRECTION('',(0.155518033909,1.726597019897E-17,-0.987833053268)
  );
#3411 = ORIENTED_EDGE('',*,*,#3412,.F.);
#3412 = EDGE_CURVE('',#3331,#3405,#3413,.T.);
#3413 = LINE('',#3414,#3415);
#3414 = CARTESIAN_POINT('',(0.843471632406,0.2,0.206587955583));
#3415 = VECTOR('',#3416,1.);
#3416 = DIRECTION('',(1.110223024625E-16,-1.,0.));
#3417 = ORIENTED_EDGE('',*,*,#3330,.F.);
#3418 = PLANE('',#3419);
#3419 = AXIS2_PLACEMENT_3D('',#3420,#3421,#3422);
#3420 = CARTESIAN_POINT('',(0.798480775301,0.2,0.492364817767));
#3421 = DIRECTION('',(0.987833053268,1.096715000224E-16,0.155518033909)
  );
#3422 = DIRECTION('',(0.155518033909,1.726597019897E-17,-0.987833053268)
  );
#3423 = ADVANCED_FACE('',(#3424),#3486,.T.);
#3424 = FACE_BOUND('',#3425,.T.);
#3425 = EDGE_LOOP('',(#3426,#3427,#3428,#3429,#3438,#3446,#3454,#3462,
    #3471,#3479));
#3426 = ORIENTED_EDGE('',*,*,#2627,.F.);
#3427 = ORIENTED_EDGE('',*,*,#2595,.T.);
#3428 = ORIENTED_EDGE('',*,*,#3404,.T.);
#3429 = ORIENTED_EDGE('',*,*,#3430,.T.);
#3430 = EDGE_CURVE('',#3405,#3431,#3433,.T.);
#3431 = VERTEX_POINT('',#3432);
#3432 = CARTESIAN_POINT('',(1.089673570659,-0.2,5.551115123126E-17));
#3433 = CIRCLE('',#3434,0.25);
#3434 = AXIS2_PLACEMENT_3D('',#3435,#3436,#3437);
#3435 = CARTESIAN_POINT('',(1.089673570659,-0.2,0.25));
#3436 = DIRECTION('',(1.110223024625E-16,-1.,0.));
#3437 = DIRECTION('',(-0.984807753012,-1.093356242223E-16,
    -0.173648177667));
#3438 = ORIENTED_EDGE('',*,*,#3439,.T.);
#3439 = EDGE_CURVE('',#3431,#3440,#3442,.T.);
#3440 = VERTEX_POINT('',#3441);
#3441 = CARTESIAN_POINT('',(1.25,-0.2,5.551115123126E-17));
#3442 = LINE('',#3443,#3444);
#3443 = CARTESIAN_POINT('',(1.089673570659,-0.2,5.551115123126E-17));
#3444 = VECTOR('',#3445,1.);
#3445 = DIRECTION('',(1.,1.110223024625E-16,0.));
#3446 = ORIENTED_EDGE('',*,*,#3447,.T.);
#3447 = EDGE_CURVE('',#3440,#3448,#3450,.T.);
#3448 = VERTEX_POINT('',#3449);
#3449 = CARTESIAN_POINT('',(1.25,-0.2,0.15));
#3450 = LINE('',#3451,#3452);
#3451 = CARTESIAN_POINT('',(1.25,-0.2,5.551115123126E-17));
#3452 = VECTOR('',#3453,1.);
#3453 = DIRECTION('',(0.,0.,1.));
#3454 = ORIENTED_EDGE('',*,*,#3455,.T.);
#3455 = EDGE_CURVE('',#3448,#3456,#3458,.T.);
#3456 = VERTEX_POINT('',#3457);
#3457 = CARTESIAN_POINT('',(1.089673570659,-0.2,0.15));
#3458 = LINE('',#3459,#3460);
#3459 = CARTESIAN_POINT('',(1.25,-0.2,0.15));
#3460 = VECTOR('',#3461,1.);
#3461 = DIRECTION('',(-1.,-1.110223024625E-16,0.));
#3462 = ORIENTED_EDGE('',*,*,#3463,.T.);
#3463 = EDGE_CURVE('',#3456,#3464,#3466,.T.);
#3464 = VERTEX_POINT('',#3465);
#3465 = CARTESIAN_POINT('',(0.991192795358,-0.2,0.232635182233));
#3466 = CIRCLE('',#3467,0.1);
#3467 = AXIS2_PLACEMENT_3D('',#3468,#3469,#3470);
#3468 = CARTESIAN_POINT('',(1.089673570659,-0.2,0.25));
#3469 = DIRECTION('',(-1.110223024625E-16,1.,0.));
#3470 = DIRECTION('',(2.22044604925E-15,2.465190328815E-31,-1.));
#3471 = ORIENTED_EDGE('',*,*,#3472,.T.);
#3472 = EDGE_CURVE('',#3464,#3473,#3475,.T.);
#3473 = VERTEX_POINT('',#3474);
#3474 = CARTESIAN_POINT('',(0.946201938253,-0.2,0.518412044417));
#3475 = LINE('',#3476,#3477);
#3476 = CARTESIAN_POINT('',(0.991192795358,-0.2,0.232635182233));
#3477 = VECTOR('',#3478,1.);
#3478 = DIRECTION('',(-0.155518033909,-1.726597019897E-17,0.987833053268
    ));
#3479 = ORIENTED_EDGE('',*,*,#3480,.T.);
#3480 = EDGE_CURVE('',#3473,#2628,#3481,.T.);
#3481 = CIRCLE('',#3482,0.25);
#3482 = AXIS2_PLACEMENT_3D('',#3483,#3484,#3485);
#3483 = CARTESIAN_POINT('',(0.7,-0.2,0.475));
#3484 = DIRECTION('',(1.110223024625E-16,-1.,0.));
#3485 = DIRECTION('',(0.984807753012,1.093356242223E-16,0.173648177667)
  );
#3486 = PLANE('',#3487);
#3487 = AXIS2_PLACEMENT_3D('',#3488,#3489,#3490);
#3488 = CARTESIAN_POINT('',(0.931323080229,-0.2,0.33452717391));
#3489 = DIRECTION('',(1.110223024625E-16,-1.,0.));
#3490 = DIRECTION('',(0.,0.,1.));
#3491 = ADVANCED_FACE('',(#3492),#3503,.T.);
#3492 = FACE_BOUND('',#3493,.T.);
#3493 = EDGE_LOOP('',(#3494,#3495,#3496,#3497));
#3494 = ORIENTED_EDGE('',*,*,#3221,.T.);
#3495 = ORIENTED_EDGE('',*,*,#2728,.T.);
#3496 = ORIENTED_EDGE('',*,*,#3313,.F.);
#3497 = ORIENTED_EDGE('',*,*,#3498,.F.);
#3498 = EDGE_CURVE('',#3214,#3306,#3499,.T.);
#3499 = LINE('',#3500,#3501);
#3500 = CARTESIAN_POINT('',(-0.946201938253,0.75,0.518412044417));
#3501 = VECTOR('',#3502,1.);
#3502 = DIRECTION('',(1.144237745222E-17,1.,0.));
#3503 = CYLINDRICAL_SURFACE('',#3504,0.25);
#3504 = AXIS2_PLACEMENT_3D('',#3505,#3506,#3507);
#3505 = CARTESIAN_POINT('',(-0.7,0.75,0.475));
#3506 = DIRECTION('',(-1.144237745222E-17,-1.,0.));
#3507 = DIRECTION('',(-0.984807753012,1.126854202784E-17,0.173648177667)
  );
#3508 = ADVANCED_FACE('',(#3509),#3520,.F.);
#3509 = FACE_BOUND('',#3510,.F.);
#3510 = EDGE_LOOP('',(#3511,#3512,#3518,#3519));
#3511 = ORIENTED_EDGE('',*,*,#2939,.F.);
#3512 = ORIENTED_EDGE('',*,*,#3513,.T.);
#3513 = EDGE_CURVE('',#2442,#2497,#3514,.T.);
#3514 = LINE('',#3515,#3516);
#3515 = CARTESIAN_POINT('',(-0.7,-1.15,0.725));
#3516 = VECTOR('',#3517,1.);
#3517 = DIRECTION('',(1.144237745222E-17,1.,0.));
#3518 = ORIENTED_EDGE('',*,*,#3147,.T.);
#3519 = ORIENTED_EDGE('',*,*,#2759,.F.);
#3520 = PLANE('',#3521);
#3521 = AXIS2_PLACEMENT_3D('',#3522,#3523,#3524);
#3522 = CARTESIAN_POINT('',(-0.7,-1.15,0.725));
#3523 = DIRECTION('',(0.,0.,-1.));
#3524 = DIRECTION('',(1.,-1.144237745222E-17,0.));
#3525 = ADVANCED_FACE('',(#3526,#3555),#3566,.T.);
#3526 = FACE_BOUND('',#3527,.T.);
#3527 = EDGE_LOOP('',(#3528,#3529,#3530,#3531,#3539,#3547,#3553,#3554));
#3528 = ORIENTED_EDGE('',*,*,#2834,.F.);
#3529 = ORIENTED_EDGE('',*,*,#2811,.F.);
#3530 = ORIENTED_EDGE('',*,*,#2782,.F.);
#3531 = ORIENTED_EDGE('',*,*,#3532,.F.);
#3532 = EDGE_CURVE('',#3533,#2783,#3535,.T.);
#3533 = VERTEX_POINT('',#3534);
#3534 = CARTESIAN_POINT('',(-0.559121551758,-1.408243103516,1.2));
#3535 = LINE('',#3536,#3537);
#3536 = CARTESIAN_POINT('',(-0.559121551758,-1.408243103516,1.2));
#3537 = VECTOR('',#3538,1.);
#3538 = DIRECTION('',(-0.707106781187,0.707106781187,0.));
#3539 = ORIENTED_EDGE('',*,*,#3540,.F.);
#3540 = EDGE_CURVE('',#3541,#3533,#3543,.T.);
#3541 = VERTEX_POINT('',#3542);
#3542 = CARTESIAN_POINT('',(0.559121551758,-1.408243103516,1.2));
#3543 = LINE('',#3544,#3545);
#3544 = CARTESIAN_POINT('',(0.559121551758,-1.408243103516,1.2));
#3545 = VECTOR('',#3546,1.);
#3546 = DIRECTION('',(-1.,-1.110223024625E-16,0.));
#3547 = ORIENTED_EDGE('',*,*,#3548,.F.);
#3548 = EDGE_CURVE('',#2890,#3541,#3549,.T.);
#3549 = LINE('',#3550,#3551);
#3550 = CARTESIAN_POINT('',(0.608243103516,-1.359121551758,1.2));
#3551 = VECTOR('',#3552,1.);
#3552 = DIRECTION('',(-0.707106781187,-0.707106781187,0.));
#3553 = ORIENTED_EDGE('',*,*,#2896,.F.);
#3554 = ORIENTED_EDGE('',*,*,#2857,.F.);
#3555 = FACE_BOUND('',#3556,.T.);
#3556 = EDGE_LOOP('',(#3557));
#3557 = ORIENTED_EDGE('',*,*,#3558,.T.);
#3558 = EDGE_CURVE('',#3559,#3559,#3561,.T.);
#3559 = VERTEX_POINT('',#3560);
#3560 = CARTESIAN_POINT('',(-0.428243103516,1.178243103516,1.2));
#3561 = CIRCLE('',#3562,5.E-02);
#3562 = AXIS2_PLACEMENT_3D('',#3563,#3564,#3565);
#3563 = CARTESIAN_POINT('',(-0.428243103516,1.228243103516,1.2));
#3564 = DIRECTION('',(0.,-0.,-1.));
#3565 = DIRECTION('',(1.110223024625E-16,-1.,0.));
#3566 = PLANE('',#3567);
#3567 = AXIS2_PLACEMENT_3D('',#3568,#3569,#3570);
#3568 = CARTESIAN_POINT('',(-0.559121551758,1.408243103516,1.2));
#3569 = DIRECTION('',(0.,0.,1.));
#3570 = DIRECTION('',(0.369013679242,-0.929423963825,0.));
#3571 = ADVANCED_FACE('',(#3572),#3582,.F.);
#3572 = FACE_BOUND('',#3573,.F.);
#3573 = EDGE_LOOP('',(#3574,#3575,#3576,#3577));
#3574 = ORIENTED_EDGE('',*,*,#2946,.T.);
#3575 = ORIENTED_EDGE('',*,*,#2790,.T.);
#3576 = ORIENTED_EDGE('',*,*,#3532,.F.);
#3577 = ORIENTED_EDGE('',*,*,#3578,.F.);
#3578 = EDGE_CURVE('',#2947,#3533,#3579,.T.);
#3579 = B_SPLINE_CURVE_WITH_KNOTS('',1,(#3580,#3581),.UNSPECIFIED.,.F.,
  .F.,(2,2),(0.,1.),.PIECEWISE_BEZIER_KNOTS.);
#3580 = CARTESIAN_POINT('',(-0.5925,-1.475,0.725));
#3581 = CARTESIAN_POINT('',(-0.559121551758,-1.408243103516,1.2));
#3582 = B_SPLINE_SURFACE_WITH_KNOTS('',1,1,(
    (#3583,#3584)
    ,(#3585,#3586
    )),.UNSPECIFIED.,.F.,.F.,.F.,(2,2),(2,2),(0.,0.116672618896),(0.,1.)
  ,.PIECEWISE_BEZIER_KNOTS.);
#3583 = CARTESIAN_POINT('',(-0.5925,-1.475,0.725));
#3584 = CARTESIAN_POINT('',(-0.559121551758,-1.408243103516,1.2));
#3585 = CARTESIAN_POINT('',(-0.675,-1.3925,0.725));
#3586 = CARTESIAN_POINT('',(-0.608243103516,-1.359121551758,1.2));
#3587 = ADVANCED_FACE('',(#3588),#3598,.F.);
#3588 = FACE_BOUND('',#3589,.F.);
#3589 = EDGE_LOOP('',(#3590,#3591,#3596,#3597));
#3590 = ORIENTED_EDGE('',*,*,#2962,.T.);
#3591 = ORIENTED_EDGE('',*,*,#3592,.T.);
#3592 = EDGE_CURVE('',#2955,#3541,#3593,.T.);
#3593 = B_SPLINE_CURVE_WITH_KNOTS('',1,(#3594,#3595),.UNSPECIFIED.,.F.,
  .F.,(2,2),(0.,1.),.PIECEWISE_BEZIER_KNOTS.);
#3594 = CARTESIAN_POINT('',(0.5925,-1.475,0.725));
#3595 = CARTESIAN_POINT('',(0.559121551758,-1.408243103516,1.2));
#3596 = ORIENTED_EDGE('',*,*,#3548,.F.);
#3597 = ORIENTED_EDGE('',*,*,#2889,.F.);
#3598 = B_SPLINE_SURFACE_WITH_KNOTS('',1,1,(
    (#3599,#3600)
    ,(#3601,#3602
    )),.UNSPECIFIED.,.F.,.F.,.F.,(2,2),(2,2),(0.,0.116672618896),(0.,1.)
  ,.PIECEWISE_BEZIER_KNOTS.);
#3599 = CARTESIAN_POINT('',(0.675,-1.3925,0.725));
#3600 = CARTESIAN_POINT('',(0.608243103516,-1.359121551758,1.2));
#3601 = CARTESIAN_POINT('',(0.5925,-1.475,0.725));
#3602 = CARTESIAN_POINT('',(0.559121551758,-1.408243103516,1.2));
#3603 = ADVANCED_FACE('',(#3604),#3615,.T.);
#3604 = FACE_BOUND('',#3605,.T.);
#3605 = EDGE_LOOP('',(#3606,#3607,#3608,#3609));
#3606 = ORIENTED_EDGE('',*,*,#3388,.T.);
#3607 = ORIENTED_EDGE('',*,*,#2912,.T.);
#3608 = ORIENTED_EDGE('',*,*,#3480,.F.);
#3609 = ORIENTED_EDGE('',*,*,#3610,.F.);
#3610 = EDGE_CURVE('',#3381,#3473,#3611,.T.);
#3611 = LINE('',#3612,#3613);
#3612 = CARTESIAN_POINT('',(0.946201938253,0.2,0.518412044417));
#3613 = VECTOR('',#3614,1.);
#3614 = DIRECTION('',(1.110223024625E-16,-1.,0.));
#3615 = CYLINDRICAL_SURFACE('',#3616,0.25);
#3616 = AXIS2_PLACEMENT_3D('',#3617,#3618,#3619);
#3617 = CARTESIAN_POINT('',(0.7,0.2,0.475));
#3618 = DIRECTION('',(-1.110223024625E-16,1.,0.));
#3619 = DIRECTION('',(0.984807753012,1.093356242223E-16,0.173648177667)
  );
#3620 = ADVANCED_FACE('',(#3621),#3627,.F.);
#3621 = FACE_BOUND('',#3622,.F.);
#3622 = EDGE_LOOP('',(#3623,#3624,#3625,#3626));
#3623 = ORIENTED_EDGE('',*,*,#2954,.T.);
#3624 = ORIENTED_EDGE('',*,*,#3578,.T.);
#3625 = ORIENTED_EDGE('',*,*,#3540,.F.);
#3626 = ORIENTED_EDGE('',*,*,#3592,.F.);
#3627 = B_SPLINE_SURFACE_WITH_KNOTS('',1,1,(
    (#3628,#3629)
    ,(#3630,#3631
    )),.UNSPECIFIED.,.F.,.F.,.F.,(2,2),(2,2),(0.,1.185),(0.,1.),
  .PIECEWISE_BEZIER_KNOTS.);
#3628 = CARTESIAN_POINT('',(0.5925,-1.475,0.725));
#3629 = CARTESIAN_POINT('',(0.559121551758,-1.408243103516,1.2));
#3630 = CARTESIAN_POINT('',(-0.5925,-1.475,0.725));
#3631 = CARTESIAN_POINT('',(-0.559121551758,-1.408243103516,1.2));
#3632 = ADVANCED_FACE('',(#3633),#3644,.T.);
#3633 = FACE_BOUND('',#3634,.T.);
#3634 = EDGE_LOOP('',(#3635,#3636,#3637,#3638));
#3635 = ORIENTED_EDGE('',*,*,#3037,.T.);
#3636 = ORIENTED_EDGE('',*,*,#3513,.T.);
#3637 = ORIENTED_EDGE('',*,*,#3129,.F.);
#3638 = ORIENTED_EDGE('',*,*,#3639,.F.);
#3639 = EDGE_CURVE('',#3030,#3122,#3640,.T.);
#3640 = LINE('',#3641,#3642);
#3641 = CARTESIAN_POINT('',(-0.946201938253,-1.15,0.518412044417));
#3642 = VECTOR('',#3643,1.);
#3643 = DIRECTION('',(1.144237745222E-17,1.,0.));
#3644 = CYLINDRICAL_SURFACE('',#3645,0.25);
#3645 = AXIS2_PLACEMENT_3D('',#3646,#3647,#3648);
#3646 = CARTESIAN_POINT('',(-0.7,-1.15,0.475));
#3647 = DIRECTION('',(-1.144237745222E-17,-1.,0.));
#3648 = DIRECTION('',(-0.984807753012,1.126854202784E-17,0.173648177667)
  );
#3649 = ADVANCED_FACE('',(#3650),#3661,.F.);
#3650 = FACE_BOUND('',#3651,.F.);
#3651 = EDGE_LOOP('',(#3652,#3658,#3659,#3660));
#3652 = ORIENTED_EDGE('',*,*,#3653,.T.);
#3653 = EDGE_CURVE('',#3021,#3113,#3654,.T.);
#3654 = LINE('',#3655,#3656);
#3655 = CARTESIAN_POINT('',(-0.991192795358,-1.15,0.232635182233));
#3656 = VECTOR('',#3657,1.);
#3657 = DIRECTION('',(1.144237745222E-17,1.,0.));
#3658 = ORIENTED_EDGE('',*,*,#3121,.T.);
#3659 = ORIENTED_EDGE('',*,*,#3639,.F.);
#3660 = ORIENTED_EDGE('',*,*,#3029,.F.);
#3661 = PLANE('',#3662);
#3662 = AXIS2_PLACEMENT_3D('',#3663,#3664,#3665);
#3663 = CARTESIAN_POINT('',(-0.991192795358,-1.15,0.232635182233));
#3664 = DIRECTION('',(0.987833053268,-1.130315865527E-17,-0.155518033909
    ));
#3665 = DIRECTION('',(0.155518033909,-1.779496044609E-18,0.987833053268)
  );
#3666 = ADVANCED_FACE('',(#3667),#3678,.F.);
#3667 = FACE_BOUND('',#3668,.F.);
#3668 = EDGE_LOOP('',(#3669,#3675,#3676,#3677));
#3669 = ORIENTED_EDGE('',*,*,#3670,.T.);
#3670 = EDGE_CURVE('',#3013,#3105,#3671,.T.);
#3671 = LINE('',#3672,#3673);
#3672 = CARTESIAN_POINT('',(-1.089673570659,-1.15,0.15));
#3673 = VECTOR('',#3674,1.);
#3674 = DIRECTION('',(1.144237745222E-17,1.,0.));
#3675 = ORIENTED_EDGE('',*,*,#3112,.T.);
#3676 = ORIENTED_EDGE('',*,*,#3653,.F.);
#3677 = ORIENTED_EDGE('',*,*,#3020,.F.);
#3678 = CYLINDRICAL_SURFACE('',#3679,0.1);
#3679 = AXIS2_PLACEMENT_3D('',#3680,#3681,#3682);
#3680 = CARTESIAN_POINT('',(-1.089673570659,-1.15,0.25));
#3681 = DIRECTION('',(-1.144237745222E-17,-1.,0.));
#3682 = DIRECTION('',(-2.22044604925E-15,2.540718180781E-32,-1.));
#3683 = ADVANCED_FACE('',(#3684),#3695,.F.);
#3684 = FACE_BOUND('',#3685,.F.);
#3685 = EDGE_LOOP('',(#3686,#3692,#3693,#3694));
#3686 = ORIENTED_EDGE('',*,*,#3687,.T.);
#3687 = EDGE_CURVE('',#3005,#3097,#3688,.T.);
#3688 = LINE('',#3689,#3690);
#3689 = CARTESIAN_POINT('',(-1.25,-1.15,0.15));
#3690 = VECTOR('',#3691,1.);
#3691 = DIRECTION('',(1.144237745222E-17,1.,0.));
#3692 = ORIENTED_EDGE('',*,*,#3104,.T.);
#3693 = ORIENTED_EDGE('',*,*,#3670,.F.);
#3694 = ORIENTED_EDGE('',*,*,#3012,.F.);
#3695 = PLANE('',#3696);
#3696 = AXIS2_PLACEMENT_3D('',#3697,#3698,#3699);
#3697 = CARTESIAN_POINT('',(-1.25,-1.15,0.15));
#3698 = DIRECTION('',(0.,0.,-1.));
#3699 = DIRECTION('',(1.,-1.144237745222E-17,0.));
#3700 = ADVANCED_FACE('',(#3701),#3712,.F.);
#3701 = FACE_BOUND('',#3702,.F.);
#3702 = EDGE_LOOP('',(#3703,#3709,#3710,#3711));
#3703 = ORIENTED_EDGE('',*,*,#3704,.T.);
#3704 = EDGE_CURVE('',#2997,#3089,#3705,.T.);
#3705 = LINE('',#3706,#3707);
#3706 = CARTESIAN_POINT('',(-1.25,-1.15,5.551115123126E-17));
#3707 = VECTOR('',#3708,1.);
#3708 = DIRECTION('',(1.144237745222E-17,1.,0.));
#3709 = ORIENTED_EDGE('',*,*,#3096,.T.);
#3710 = ORIENTED_EDGE('',*,*,#3687,.F.);
#3711 = ORIENTED_EDGE('',*,*,#3004,.F.);
#3712 = PLANE('',#3713);
#3713 = AXIS2_PLACEMENT_3D('',#3714,#3715,#3716);
#3714 = CARTESIAN_POINT('',(-1.25,-1.15,5.551115123126E-17));
#3715 = DIRECTION('',(1.,-1.144237745222E-17,0.));
#3716 = DIRECTION('',(0.,0.,1.));
#3717 = ADVANCED_FACE('',(#3718),#3729,.F.);
#3718 = FACE_BOUND('',#3719,.F.);
#3719 = EDGE_LOOP('',(#3720,#3726,#3727,#3728));
#3720 = ORIENTED_EDGE('',*,*,#3721,.T.);
#3721 = EDGE_CURVE('',#2988,#3080,#3722,.T.);
#3722 = LINE('',#3723,#3724);
#3723 = CARTESIAN_POINT('',(-1.089673570659,-1.15,5.551115123126E-17));
#3724 = VECTOR('',#3725,1.);
#3725 = DIRECTION('',(1.144237745222E-17,1.,0.));
#3726 = ORIENTED_EDGE('',*,*,#3088,.T.);
#3727 = ORIENTED_EDGE('',*,*,#3704,.F.);
#3728 = ORIENTED_EDGE('',*,*,#2996,.F.);
#3729 = PLANE('',#3730);
#3730 = AXIS2_PLACEMENT_3D('',#3731,#3732,#3733);
#3731 = CARTESIAN_POINT('',(-1.089673570659,-1.15,5.551115123126E-17));
#3732 = DIRECTION('',(0.,0.,1.));
#3733 = DIRECTION('',(-1.,1.144237745222E-17,0.));
#3734 = ADVANCED_FACE('',(#3735),#3741,.T.);
#3735 = FACE_BOUND('',#3736,.T.);
#3736 = EDGE_LOOP('',(#3737,#3738,#3739,#3740));
#3737 = ORIENTED_EDGE('',*,*,#2987,.T.);
#3738 = ORIENTED_EDGE('',*,*,#3721,.T.);
#3739 = ORIENTED_EDGE('',*,*,#3079,.F.);
#3740 = ORIENTED_EDGE('',*,*,#3061,.F.);
#3741 = CYLINDRICAL_SURFACE('',#3742,0.25);
#3742 = AXIS2_PLACEMENT_3D('',#3743,#3744,#3745);
#3743 = CARTESIAN_POINT('',(-1.089673570659,-1.15,0.25));
#3744 = DIRECTION('',(-1.144237745222E-17,-1.,0.));
#3745 = DIRECTION('',(0.984807753012,-1.126854202784E-17,-0.173648177667
    ));
#3746 = ADVANCED_FACE('',(#3747),#3758,.F.);
#3747 = FACE_BOUND('',#3748,.F.);
#3748 = EDGE_LOOP('',(#3749,#3755,#3756,#3757));
#3749 = ORIENTED_EDGE('',*,*,#3750,.T.);
#3750 = EDGE_CURVE('',#3205,#3297,#3751,.T.);
#3751 = LINE('',#3752,#3753);
#3752 = CARTESIAN_POINT('',(-0.991192795358,0.75,0.232635182233));
#3753 = VECTOR('',#3754,1.);
#3754 = DIRECTION('',(1.144237745222E-17,1.,0.));
#3755 = ORIENTED_EDGE('',*,*,#3305,.T.);
#3756 = ORIENTED_EDGE('',*,*,#3498,.F.);
#3757 = ORIENTED_EDGE('',*,*,#3213,.F.);
#3758 = PLANE('',#3759);
#3759 = AXIS2_PLACEMENT_3D('',#3760,#3761,#3762);
#3760 = CARTESIAN_POINT('',(-0.991192795358,0.75,0.232635182233));
#3761 = DIRECTION('',(0.987833053268,-1.130315865527E-17,-0.155518033909
    ));
#3762 = DIRECTION('',(0.155518033909,-1.779496044609E-18,0.987833053268)
  );
#3763 = ADVANCED_FACE('',(#3764),#3775,.F.);
#3764 = FACE_BOUND('',#3765,.F.);
#3765 = EDGE_LOOP('',(#3766,#3772,#3773,#3774));
#3766 = ORIENTED_EDGE('',*,*,#3767,.T.);
#3767 = EDGE_CURVE('',#3197,#3289,#3768,.T.);
#3768 = LINE('',#3769,#3770);
#3769 = CARTESIAN_POINT('',(-1.089673570659,0.75,0.15));
#3770 = VECTOR('',#3771,1.);
#3771 = DIRECTION('',(1.144237745222E-17,1.,0.));
#3772 = ORIENTED_EDGE('',*,*,#3296,.T.);
#3773 = ORIENTED_EDGE('',*,*,#3750,.F.);
#3774 = ORIENTED_EDGE('',*,*,#3204,.F.);
#3775 = CYLINDRICAL_SURFACE('',#3776,0.1);
#3776 = AXIS2_PLACEMENT_3D('',#3777,#3778,#3779);
#3777 = CARTESIAN_POINT('',(-1.089673570659,0.75,0.25));
#3778 = DIRECTION('',(-1.144237745222E-17,-1.,0.));
#3779 = DIRECTION('',(-2.22044604925E-15,2.540718180781E-32,-1.));
#3780 = ADVANCED_FACE('',(#3781),#3792,.F.);
#3781 = FACE_BOUND('',#3782,.F.);
#3782 = EDGE_LOOP('',(#3783,#3789,#3790,#3791));
#3783 = ORIENTED_EDGE('',*,*,#3784,.T.);
#3784 = EDGE_CURVE('',#3189,#3281,#3785,.T.);
#3785 = LINE('',#3786,#3787);
#3786 = CARTESIAN_POINT('',(-1.25,0.75,0.15));
#3787 = VECTOR('',#3788,1.);
#3788 = DIRECTION('',(1.144237745222E-17,1.,0.));
#3789 = ORIENTED_EDGE('',*,*,#3288,.T.);
#3790 = ORIENTED_EDGE('',*,*,#3767,.F.);
#3791 = ORIENTED_EDGE('',*,*,#3196,.F.);
#3792 = PLANE('',#3793);
#3793 = AXIS2_PLACEMENT_3D('',#3794,#3795,#3796);
#3794 = CARTESIAN_POINT('',(-1.25,0.75,0.15));
#3795 = DIRECTION('',(0.,0.,-1.));
#3796 = DIRECTION('',(1.,-1.144237745222E-17,0.));
#3797 = ADVANCED_FACE('',(#3798),#3809,.F.);
#3798 = FACE_BOUND('',#3799,.F.);
#3799 = EDGE_LOOP('',(#3800,#3806,#3807,#3808));
#3800 = ORIENTED_EDGE('',*,*,#3801,.T.);
#3801 = EDGE_CURVE('',#3181,#3273,#3802,.T.);
#3802 = LINE('',#3803,#3804);
#3803 = CARTESIAN_POINT('',(-1.25,0.75,5.551115123126E-17));
#3804 = VECTOR('',#3805,1.);
#3805 = DIRECTION('',(1.144237745222E-17,1.,0.));
#3806 = ORIENTED_EDGE('',*,*,#3280,.T.);
#3807 = ORIENTED_EDGE('',*,*,#3784,.F.);
#3808 = ORIENTED_EDGE('',*,*,#3188,.F.);
#3809 = PLANE('',#3810);
#3810 = AXIS2_PLACEMENT_3D('',#3811,#3812,#3813);
#3811 = CARTESIAN_POINT('',(-1.25,0.75,5.551115123126E-17));
#3812 = DIRECTION('',(1.,-1.144237745222E-17,0.));
#3813 = DIRECTION('',(0.,0.,1.));
#3814 = ADVANCED_FACE('',(#3815),#3826,.F.);
#3815 = FACE_BOUND('',#3816,.F.);
#3816 = EDGE_LOOP('',(#3817,#3823,#3824,#3825));
#3817 = ORIENTED_EDGE('',*,*,#3818,.T.);
#3818 = EDGE_CURVE('',#3172,#3264,#3819,.T.);
#3819 = LINE('',#3820,#3821);
#3820 = CARTESIAN_POINT('',(-1.089673570659,0.75,5.551115123126E-17));
#3821 = VECTOR('',#3822,1.);
#3822 = DIRECTION('',(1.144237745222E-17,1.,0.));
#3823 = ORIENTED_EDGE('',*,*,#3272,.T.);
#3824 = ORIENTED_EDGE('',*,*,#3801,.F.);
#3825 = ORIENTED_EDGE('',*,*,#3180,.F.);
#3826 = PLANE('',#3827);
#3827 = AXIS2_PLACEMENT_3D('',#3828,#3829,#3830);
#3828 = CARTESIAN_POINT('',(-1.089673570659,0.75,5.551115123126E-17));
#3829 = DIRECTION('',(0.,0.,1.));
#3830 = DIRECTION('',(-1.,1.144237745222E-17,0.));
#3831 = ADVANCED_FACE('',(#3832),#3838,.T.);
#3832 = FACE_BOUND('',#3833,.T.);
#3833 = EDGE_LOOP('',(#3834,#3835,#3836,#3837));
#3834 = ORIENTED_EDGE('',*,*,#3171,.T.);
#3835 = ORIENTED_EDGE('',*,*,#3818,.T.);
#3836 = ORIENTED_EDGE('',*,*,#3263,.F.);
#3837 = ORIENTED_EDGE('',*,*,#3245,.F.);
#3838 = CYLINDRICAL_SURFACE('',#3839,0.25);
#3839 = AXIS2_PLACEMENT_3D('',#3840,#3841,#3842);
#3840 = CARTESIAN_POINT('',(-1.089673570659,0.75,0.25));
#3841 = DIRECTION('',(-1.144237745222E-17,-1.,0.));
#3842 = DIRECTION('',(0.984807753012,-1.126854202784E-17,-0.173648177667
    ));
#3843 = ADVANCED_FACE('',(#3844),#3855,.F.);
#3844 = FACE_BOUND('',#3845,.F.);
#3845 = EDGE_LOOP('',(#3846,#3852,#3853,#3854));
#3846 = ORIENTED_EDGE('',*,*,#3847,.T.);
#3847 = EDGE_CURVE('',#3372,#3464,#3848,.T.);
#3848 = LINE('',#3849,#3850);
#3849 = CARTESIAN_POINT('',(0.991192795358,0.2,0.232635182233));
#3850 = VECTOR('',#3851,1.);
#3851 = DIRECTION('',(1.110223024625E-16,-1.,0.));
#3852 = ORIENTED_EDGE('',*,*,#3472,.T.);
#3853 = ORIENTED_EDGE('',*,*,#3610,.F.);
#3854 = ORIENTED_EDGE('',*,*,#3380,.F.);
#3855 = PLANE('',#3856);
#3856 = AXIS2_PLACEMENT_3D('',#3857,#3858,#3859);
#3857 = CARTESIAN_POINT('',(0.991192795358,0.2,0.232635182233));
#3858 = DIRECTION('',(-0.987833053268,-1.096715000224E-16,
    -0.155518033909));
#3859 = DIRECTION('',(-0.155518033909,-1.726597019897E-17,0.987833053268
    ));
#3860 = ADVANCED_FACE('',(#3861),#3872,.F.);
#3861 = FACE_BOUND('',#3862,.F.);
#3862 = EDGE_LOOP('',(#3863,#3869,#3870,#3871));
#3863 = ORIENTED_EDGE('',*,*,#3864,.T.);
#3864 = EDGE_CURVE('',#3364,#3456,#3865,.T.);
#3865 = LINE('',#3866,#3867);
#3866 = CARTESIAN_POINT('',(1.089673570659,0.2,0.15));
#3867 = VECTOR('',#3868,1.);
#3868 = DIRECTION('',(1.110223024625E-16,-1.,0.));
#3869 = ORIENTED_EDGE('',*,*,#3463,.T.);
#3870 = ORIENTED_EDGE('',*,*,#3847,.F.);
#3871 = ORIENTED_EDGE('',*,*,#3371,.F.);
#3872 = CYLINDRICAL_SURFACE('',#3873,0.1);
#3873 = AXIS2_PLACEMENT_3D('',#3874,#3875,#3876);
#3874 = CARTESIAN_POINT('',(1.089673570659,0.2,0.25));
#3875 = DIRECTION('',(-1.110223024625E-16,1.,0.));
#3876 = DIRECTION('',(2.22044604925E-15,2.465190328815E-31,-1.));
#3877 = ADVANCED_FACE('',(#3878),#3889,.F.);
#3878 = FACE_BOUND('',#3879,.F.);
#3879 = EDGE_LOOP('',(#3880,#3886,#3887,#3888));
#3880 = ORIENTED_EDGE('',*,*,#3881,.T.);
#3881 = EDGE_CURVE('',#3356,#3448,#3882,.T.);
#3882 = LINE('',#3883,#3884);
#3883 = CARTESIAN_POINT('',(1.25,0.2,0.15));
#3884 = VECTOR('',#3885,1.);
#3885 = DIRECTION('',(1.110223024625E-16,-1.,0.));
#3886 = ORIENTED_EDGE('',*,*,#3455,.T.);
#3887 = ORIENTED_EDGE('',*,*,#3864,.F.);
#3888 = ORIENTED_EDGE('',*,*,#3363,.F.);
#3889 = PLANE('',#3890);
#3890 = AXIS2_PLACEMENT_3D('',#3891,#3892,#3893);
#3891 = CARTESIAN_POINT('',(1.25,0.2,0.15));
#3892 = DIRECTION('',(0.,0.,-1.));
#3893 = DIRECTION('',(-1.,-1.110223024625E-16,-0.));
#3894 = ADVANCED_FACE('',(#3895),#3906,.F.);
#3895 = FACE_BOUND('',#3896,.F.);
#3896 = EDGE_LOOP('',(#3897,#3903,#3904,#3905));
#3897 = ORIENTED_EDGE('',*,*,#3898,.T.);
#3898 = EDGE_CURVE('',#3348,#3440,#3899,.T.);
#3899 = LINE('',#3900,#3901);
#3900 = CARTESIAN_POINT('',(1.25,0.2,5.551115123126E-17));
#3901 = VECTOR('',#3902,1.);
#3902 = DIRECTION('',(1.110223024625E-16,-1.,0.));
#3903 = ORIENTED_EDGE('',*,*,#3447,.T.);
#3904 = ORIENTED_EDGE('',*,*,#3881,.F.);
#3905 = ORIENTED_EDGE('',*,*,#3355,.F.);
#3906 = PLANE('',#3907);
#3907 = AXIS2_PLACEMENT_3D('',#3908,#3909,#3910);
#3908 = CARTESIAN_POINT('',(1.25,0.2,5.551115123126E-17));
#3909 = DIRECTION('',(-1.,-1.110223024625E-16,0.));
#3910 = DIRECTION('',(0.,0.,1.));
#3911 = ADVANCED_FACE('',(#3912),#3923,.F.);
#3912 = FACE_BOUND('',#3913,.F.);
#3913 = EDGE_LOOP('',(#3914,#3920,#3921,#3922));
#3914 = ORIENTED_EDGE('',*,*,#3915,.T.);
#3915 = EDGE_CURVE('',#3339,#3431,#3916,.T.);
#3916 = LINE('',#3917,#3918);
#3917 = CARTESIAN_POINT('',(1.089673570659,0.2,5.551115123126E-17));
#3918 = VECTOR('',#3919,1.);
#3919 = DIRECTION('',(1.110223024625E-16,-1.,0.));
#3920 = ORIENTED_EDGE('',*,*,#3439,.T.);
#3921 = ORIENTED_EDGE('',*,*,#3898,.F.);
#3922 = ORIENTED_EDGE('',*,*,#3347,.F.);
#3923 = PLANE('',#3924);
#3924 = AXIS2_PLACEMENT_3D('',#3925,#3926,#3927);
#3925 = CARTESIAN_POINT('',(1.089673570659,0.2,5.551115123126E-17));
#3926 = DIRECTION('',(0.,0.,1.));
#3927 = DIRECTION('',(1.,1.110223024625E-16,-0.));
#3928 = ADVANCED_FACE('',(#3929),#3935,.T.);
#3929 = FACE_BOUND('',#3930,.T.);
#3930 = EDGE_LOOP('',(#3931,#3932,#3933,#3934));
#3931 = ORIENTED_EDGE('',*,*,#3338,.T.);
#3932 = ORIENTED_EDGE('',*,*,#3915,.T.);
#3933 = ORIENTED_EDGE('',*,*,#3430,.F.);
#3934 = ORIENTED_EDGE('',*,*,#3412,.F.);
#3935 = CYLINDRICAL_SURFACE('',#3936,0.25);
#3936 = AXIS2_PLACEMENT_3D('',#3937,#3938,#3939);
#3937 = CARTESIAN_POINT('',(1.089673570659,0.2,0.25));
#3938 = DIRECTION('',(-1.110223024625E-16,1.,0.));
#3939 = DIRECTION('',(-0.984807753012,-1.093356242223E-16,
    -0.173648177667));
#3940 = ADVANCED_FACE('',(#3941),#3944,.F.);
#3941 = FACE_BOUND('',#3942,.T.);
#3942 = EDGE_LOOP('',(#3943));
#3943 = ORIENTED_EDGE('',*,*,#3558,.F.);
#3944 = PLANE('',#3945);
#3945 = AXIS2_PLACEMENT_3D('',#3946,#3947,#3948);
#3946 = CARTESIAN_POINT('',(-0.428243103516,1.228243103516,1.2));
#3947 = DIRECTION('',(0.,0.,-1.));
#3948 = DIRECTION('',(1.110223024625E-16,-1.,0.));
#3949 = ( GEOMETRIC_REPRESENTATION_CONTEXT(3) 
GLOBAL_UNCERTAINTY_ASSIGNED_CONTEXT((#3953)) 
GLOBAL_UNIT_ASSIGNED_CONTEXT((#3950,#3951,#3952)) REPRESENTATION_CONTEXT
('Context #1','3D Context with UNIT and UNCERTAINTY') );
#3950 = ( LENGTH_UNIT() NAMED_UNIT(*) SI_UNIT(.MILLI.,.METRE.) );
#3951 = ( NAMED_UNIT(*) PLANE_ANGLE_UNIT() SI_UNIT($,.RADIAN.) );
#3952 = ( NAMED_UNIT(*) SI_UNIT($,.STERADIAN.) SOLID_ANGLE_UNIT() );
#3953 = UNCERTAINTY_MEASURE_WITH_UNIT(LENGTH_MEASURE(1.E-07),#3950,
  'distance_accuracy_value','confusion accuracy');
#3954 = CONTEXT_DEPENDENT_SHAPE_REPRESENTATION(#3955,#3957);
#3955 = ( REPRESENTATION_RELATIONSHIP('','',#1966,#1943) 
REPRESENTATION_RELATIONSHIP_WITH_TRANSFORMATION(#3956) 
SHAPE_REPRESENTATION_RELATIONSHIP() );
#3956 = ITEM_DEFINED_TRANSFORMATION('','',#11,#1944);
#3957 = PRODUCT_DEFINITION_SHAPE('Placement','Placement of an item',
  #3958);
#3958 = NEXT_ASSEMBLY_USAGE_OCCURRENCE('6','=>[0:1:1:8]','',#1938,#1961,
  $);
#3959 = PRODUCT_RELATED_PRODUCT_CATEGORY('part',$,(#1963));
#3960 = SHAPE_DEFINITION_REPRESENTATION(#3961,#3967);
#3961 = PRODUCT_DEFINITION_SHAPE('','',#3962);
#3962 = PRODUCT_DEFINITION('design','',#3963,#3966);
#3963 = PRODUCT_DEFINITION_FORMATION('','',#3964);
#3964 = PRODUCT('C_0603_1608Metric','C_0603_1608Metric','',(#3965));
#3965 = PRODUCT_CONTEXT('',#2,'mechanical');
#3966 = PRODUCT_DEFINITION_CONTEXT('part definition',#2,'design');
#3967 = SHAPE_REPRESENTATION('',(#11,#3968),#3972);
#3968 = AXIS2_PLACEMENT_3D('',#3969,#3970,#3971);
#3969 = CARTESIAN_POINT('',(0.,0.,0.));
#3970 = DIRECTION('',(0.,0.,1.));
#3971 = DIRECTION('',(1.,0.,-0.));
#3972 = ( GEOMETRIC_REPRESENTATION_CONTEXT(3) 
GLOBAL_UNCERTAINTY_ASSIGNED_CONTEXT((#3976)) 
GLOBAL_UNIT_ASSIGNED_CONTEXT((#3973,#3974,#3975)) REPRESENTATION_CONTEXT
('Context #1','3D Context with UNIT and UNCERTAINTY') );
#3973 = ( LENGTH_UNIT() NAMED_UNIT(*) SI_UNIT(.MILLI.,.METRE.) );
#3974 = ( NAMED_UNIT(*) PLANE_ANGLE_UNIT() SI_UNIT($,.RADIAN.) );
#3975 = ( NAMED_UNIT(*) SI_UNIT($,.STERADIAN.) SOLID_ANGLE_UNIT() );
#3976 = UNCERTAINTY_MEASURE_WITH_UNIT(LENGTH_MEASURE(1.E-07),#3973,
  'distance_accuracy_value','confusion accuracy');
#3977 = CONTEXT_DEPENDENT_SHAPE_REPRESENTATION(#3978,#3980);
#3978 = ( REPRESENTATION_RELATIONSHIP('','',#3967,#10) 
REPRESENTATION_RELATIONSHIP_WITH_TRANSFORMATION(#3979) 
SHAPE_REPRESENTATION_RELATIONSHIP() );
#3979 = ITEM_DEFINED_TRANSFORMATION('','',#11,#23);
#3980 = PRODUCT_DEFINITION_SHAPE('Placement','Placement of an item',
  #3981);
#3981 = NEXT_ASSEMBLY_USAGE_OCCURRENCE('9','C2','',#5,#3962,$);
#3982 = PRODUCT_RELATED_PRODUCT_CATEGORY('part',$,(#3964));
#3983 = SHAPE_DEFINITION_REPRESENTATION(#3984,#3990);
#3984 = PRODUCT_DEFINITION_SHAPE('','',#3985);
#3985 = PRODUCT_DEFINITION('design','',#3986,#3989);
#3986 = PRODUCT_DEFINITION_FORMATION('','',#3987);
#3987 = PRODUCT('C_0603_1608Metric','C_0603_1608Metric','',(#3988));
#3988 = PRODUCT_CONTEXT('',#2,'mechanical');
#3989 = PRODUCT_DEFINITION_CONTEXT('part definition',#2,'design');
#3990 = ADVANCED_BREP_SHAPE_REPRESENTATION('',(#11,#3991),#4845);
#3991 = MANIFOLD_SOLID_BREP('',#3992);
#3992 = CLOSED_SHELL('',(#3993,#4069,#4100,#4125,#4150,#4174,#4198,#4223
    ,#4248,#4265,#4351,#4383,#4407,#4432,#4456,#4481,#4505,#4530,#4547,
    #4633,#4664,#4689,#4714,#4738,#4762,#4787,#4812,#4829));
#3993 = ADVANCED_FACE('',(#3994),#4064,.F.);
#3994 = FACE_BOUND('',#3995,.F.);
#3995 = EDGE_LOOP('',(#3996,#4006,#4015,#4023,#4032,#4040,#4049,#4057));
#3996 = ORIENTED_EDGE('',*,*,#3997,.F.);
#3997 = EDGE_CURVE('',#3998,#4000,#4002,.T.);
#3998 = VERTEX_POINT('',#3999);
#3999 = CARTESIAN_POINT('',(-0.8,-0.4,3.E-02));
#4000 = VERTEX_POINT('',#4001);
#4001 = CARTESIAN_POINT('',(-0.8,-0.4,0.77));
#4002 = LINE('',#4003,#4004);
#4003 = CARTESIAN_POINT('',(-0.8,-0.4,0.));
#4004 = VECTOR('',#4005,1.);
#4005 = DIRECTION('',(0.,0.,1.));
#4006 = ORIENTED_EDGE('',*,*,#4007,.T.);
#4007 = EDGE_CURVE('',#3998,#4008,#4010,.T.);
#4008 = VERTEX_POINT('',#4009);
#4009 = CARTESIAN_POINT('',(-0.8,-0.37,0.));
#4010 = CIRCLE('',#4011,3.E-02);
#4011 = AXIS2_PLACEMENT_3D('',#4012,#4013,#4014);
#4012 = CARTESIAN_POINT('',(-0.8,-0.37,3.E-02));
#4013 = DIRECTION('',(1.,0.,-0.));
#4014 = DIRECTION('',(0.,0.,1.));
#4015 = ORIENTED_EDGE('',*,*,#4016,.T.);
#4016 = EDGE_CURVE('',#4008,#4017,#4019,.T.);
#4017 = VERTEX_POINT('',#4018);
#4018 = CARTESIAN_POINT('',(-0.8,0.37,0.));
#4019 = LINE('',#4020,#4021);
#4020 = CARTESIAN_POINT('',(-0.8,-0.4,0.));
#4021 = VECTOR('',#4022,1.);
#4022 = DIRECTION('',(0.,1.,0.));
#4023 = ORIENTED_EDGE('',*,*,#4024,.F.);
#4024 = EDGE_CURVE('',#4025,#4017,#4027,.T.);
#4025 = VERTEX_POINT('',#4026);
#4026 = CARTESIAN_POINT('',(-0.8,0.4,3.E-02));
#4027 = CIRCLE('',#4028,3.E-02);
#4028 = AXIS2_PLACEMENT_3D('',#4029,#4030,#4031);
#4029 = CARTESIAN_POINT('',(-0.8,0.37,3.E-02));
#4030 = DIRECTION('',(-1.,0.,0.));
#4031 = DIRECTION('',(0.,0.,1.));
#4032 = ORIENTED_EDGE('',*,*,#4033,.T.);
#4033 = EDGE_CURVE('',#4025,#4034,#4036,.T.);
#4034 = VERTEX_POINT('',#4035);
#4035 = CARTESIAN_POINT('',(-0.8,0.4,0.77));
#4036 = LINE('',#4037,#4038);
#4037 = CARTESIAN_POINT('',(-0.8,0.4,0.));
#4038 = VECTOR('',#4039,1.);
#4039 = DIRECTION('',(0.,0.,1.));
#4040 = ORIENTED_EDGE('',*,*,#4041,.T.);
#4041 = EDGE_CURVE('',#4034,#4042,#4044,.T.);
#4042 = VERTEX_POINT('',#4043);
#4043 = CARTESIAN_POINT('',(-0.8,0.37,0.8));
#4044 = CIRCLE('',#4045,3.E-02);
#4045 = AXIS2_PLACEMENT_3D('',#4046,#4047,#4048);
#4046 = CARTESIAN_POINT('',(-0.8,0.37,0.77));
#4047 = DIRECTION('',(1.,0.,-0.));
#4048 = DIRECTION('',(0.,0.,1.));
#4049 = ORIENTED_EDGE('',*,*,#4050,.F.);
#4050 = EDGE_CURVE('',#4051,#4042,#4053,.T.);
#4051 = VERTEX_POINT('',#4052);
#4052 = CARTESIAN_POINT('',(-0.8,-0.37,0.8));
#4053 = LINE('',#4054,#4055);
#4054 = CARTESIAN_POINT('',(-0.8,-0.4,0.8));
#4055 = VECTOR('',#4056,1.);
#4056 = DIRECTION('',(0.,1.,0.));
#4057 = ORIENTED_EDGE('',*,*,#4058,.F.);
#4058 = EDGE_CURVE('',#4000,#4051,#4059,.T.);
#4059 = CIRCLE('',#4060,3.E-02);
#4060 = AXIS2_PLACEMENT_3D('',#4061,#4062,#4063);
#4061 = CARTESIAN_POINT('',(-0.8,-0.37,0.77));
#4062 = DIRECTION('',(-1.,0.,0.));
#4063 = DIRECTION('',(0.,0.,1.));
#4064 = PLANE('',#4065);
#4065 = AXIS2_PLACEMENT_3D('',#4066,#4067,#4068);
#4066 = CARTESIAN_POINT('',(-0.8,-0.4,0.));
#4067 = DIRECTION('',(1.,0.,0.));
#4068 = DIRECTION('',(0.,0.,1.));
#4069 = ADVANCED_FACE('',(#4070),#4095,.F.);
#4070 = FACE_BOUND('',#4071,.F.);
#4071 = EDGE_LOOP('',(#4072,#4082,#4088,#4089));
#4072 = ORIENTED_EDGE('',*,*,#4073,.F.);
#4073 = EDGE_CURVE('',#4074,#4076,#4078,.T.);
#4074 = VERTEX_POINT('',#4075);
#4075 = CARTESIAN_POINT('',(-0.5,-0.4,3.E-02));
#4076 = VERTEX_POINT('',#4077);
#4077 = CARTESIAN_POINT('',(-0.5,-0.4,0.77));
#4078 = LINE('',#4079,#4080);
#4079 = CARTESIAN_POINT('',(-0.5,-0.4,0.));
#4080 = VECTOR('',#4081,1.);
#4081 = DIRECTION('',(0.,0.,1.));
#4082 = ORIENTED_EDGE('',*,*,#4083,.F.);
#4083 = EDGE_CURVE('',#3998,#4074,#4084,.T.);
#4084 = LINE('',#4085,#4086);
#4085 = CARTESIAN_POINT('',(-0.8,-0.4,3.E-02));
#4086 = VECTOR('',#4087,1.);
#4087 = DIRECTION('',(1.,0.,0.));
#4088 = ORIENTED_EDGE('',*,*,#3997,.T.);
#4089 = ORIENTED_EDGE('',*,*,#4090,.T.);
#4090 = EDGE_CURVE('',#4000,#4076,#4091,.T.);
#4091 = LINE('',#4092,#4093);
#4092 = CARTESIAN_POINT('',(-0.8,-0.4,0.77));
#4093 = VECTOR('',#4094,1.);
#4094 = DIRECTION('',(1.,0.,0.));
#4095 = PLANE('',#4096);
#4096 = AXIS2_PLACEMENT_3D('',#4097,#4098,#4099);
#4097 = CARTESIAN_POINT('',(-0.8,-0.4,0.));
#4098 = DIRECTION('',(0.,1.,0.));
#4099 = DIRECTION('',(0.,-0.,1.));
#4100 = ADVANCED_FACE('',(#4101),#4120,.T.);
#4101 = FACE_BOUND('',#4102,.T.);
#4102 = EDGE_LOOP('',(#4103,#4104,#4112,#4119));
#4103 = ORIENTED_EDGE('',*,*,#4007,.T.);
#4104 = ORIENTED_EDGE('',*,*,#4105,.T.);
#4105 = EDGE_CURVE('',#4008,#4106,#4108,.T.);
#4106 = VERTEX_POINT('',#4107);
#4107 = CARTESIAN_POINT('',(-0.5,-0.37,0.));
#4108 = LINE('',#4109,#4110);
#4109 = CARTESIAN_POINT('',(-0.8,-0.37,0.));
#4110 = VECTOR('',#4111,1.);
#4111 = DIRECTION('',(1.,0.,0.));
#4112 = ORIENTED_EDGE('',*,*,#4113,.F.);
#4113 = EDGE_CURVE('',#4074,#4106,#4114,.T.);
#4114 = CIRCLE('',#4115,3.E-02);
#4115 = AXIS2_PLACEMENT_3D('',#4116,#4117,#4118);
#4116 = CARTESIAN_POINT('',(-0.5,-0.37,3.E-02));
#4117 = DIRECTION('',(1.,0.,-0.));
#4118 = DIRECTION('',(0.,0.,1.));
#4119 = ORIENTED_EDGE('',*,*,#4083,.F.);
#4120 = CYLINDRICAL_SURFACE('',#4121,3.E-02);
#4121 = AXIS2_PLACEMENT_3D('',#4122,#4123,#4124);
#4122 = CARTESIAN_POINT('',(-0.8,-0.37,3.E-02));
#4123 = DIRECTION('',(1.,0.,0.));
#4124 = DIRECTION('',(0.,-1.,0.));
#4125 = ADVANCED_FACE('',(#4126),#4145,.T.);
#4126 = FACE_BOUND('',#4127,.T.);
#4127 = EDGE_LOOP('',(#4128,#4129,#4138,#4144));
#4128 = ORIENTED_EDGE('',*,*,#4090,.T.);
#4129 = ORIENTED_EDGE('',*,*,#4130,.T.);
#4130 = EDGE_CURVE('',#4076,#4131,#4133,.T.);
#4131 = VERTEX_POINT('',#4132);
#4132 = CARTESIAN_POINT('',(-0.5,-0.37,0.8));
#4133 = CIRCLE('',#4134,3.E-02);
#4134 = AXIS2_PLACEMENT_3D('',#4135,#4136,#4137);
#4135 = CARTESIAN_POINT('',(-0.5,-0.37,0.77));
#4136 = DIRECTION('',(-1.,0.,0.));
#4137 = DIRECTION('',(0.,0.,1.));
#4138 = ORIENTED_EDGE('',*,*,#4139,.F.);
#4139 = EDGE_CURVE('',#4051,#4131,#4140,.T.);
#4140 = LINE('',#4141,#4142);
#4141 = CARTESIAN_POINT('',(-0.8,-0.37,0.8));
#4142 = VECTOR('',#4143,1.);
#4143 = DIRECTION('',(1.,0.,0.));
#4144 = ORIENTED_EDGE('',*,*,#4058,.F.);
#4145 = CYLINDRICAL_SURFACE('',#4146,3.E-02);
#4146 = AXIS2_PLACEMENT_3D('',#4147,#4148,#4149);
#4147 = CARTESIAN_POINT('',(-0.8,-0.37,0.77));
#4148 = DIRECTION('',(1.,0.,0.));
#4149 = DIRECTION('',(0.,-1.,0.));
#4150 = ADVANCED_FACE('',(#4151),#4169,.F.);
#4151 = FACE_BOUND('',#4152,.F.);
#4152 = EDGE_LOOP('',(#4153,#4154,#4155,#4163));
#4153 = ORIENTED_EDGE('',*,*,#4016,.F.);
#4154 = ORIENTED_EDGE('',*,*,#4105,.T.);
#4155 = ORIENTED_EDGE('',*,*,#4156,.T.);
#4156 = EDGE_CURVE('',#4106,#4157,#4159,.T.);
#4157 = VERTEX_POINT('',#4158);
#4158 = CARTESIAN_POINT('',(-0.5,0.37,0.));
#4159 = LINE('',#4160,#4161);
#4160 = CARTESIAN_POINT('',(-0.5,-0.4,0.));
#4161 = VECTOR('',#4162,1.);
#4162 = DIRECTION('',(0.,1.,0.));
#4163 = ORIENTED_EDGE('',*,*,#4164,.F.);
#4164 = EDGE_CURVE('',#4017,#4157,#4165,.T.);
#4165 = LINE('',#4166,#4167);
#4166 = CARTESIAN_POINT('',(-0.8,0.37,0.));
#4167 = VECTOR('',#4168,1.);
#4168 = DIRECTION('',(1.,0.,0.));
#4169 = PLANE('',#4170);
#4170 = AXIS2_PLACEMENT_3D('',#4171,#4172,#4173);
#4171 = CARTESIAN_POINT('',(-0.8,-0.4,0.));
#4172 = DIRECTION('',(0.,0.,1.));
#4173 = DIRECTION('',(1.,0.,-0.));
#4174 = ADVANCED_FACE('',(#4175),#4193,.T.);
#4175 = FACE_BOUND('',#4176,.T.);
#4176 = EDGE_LOOP('',(#4177,#4178,#4179,#4187));
#4177 = ORIENTED_EDGE('',*,*,#4050,.F.);
#4178 = ORIENTED_EDGE('',*,*,#4139,.T.);
#4179 = ORIENTED_EDGE('',*,*,#4180,.T.);
#4180 = EDGE_CURVE('',#4131,#4181,#4183,.T.);
#4181 = VERTEX_POINT('',#4182);
#4182 = CARTESIAN_POINT('',(-0.5,0.37,0.8));
#4183 = LINE('',#4184,#4185);
#4184 = CARTESIAN_POINT('',(-0.5,-0.4,0.8));
#4185 = VECTOR('',#4186,1.);
#4186 = DIRECTION('',(0.,1.,0.));
#4187 = ORIENTED_EDGE('',*,*,#4188,.F.);
#4188 = EDGE_CURVE('',#4042,#4181,#4189,.T.);
#4189 = LINE('',#4190,#4191);
#4190 = CARTESIAN_POINT('',(-0.8,0.37,0.8));
#4191 = VECTOR('',#4192,1.);
#4192 = DIRECTION('',(1.,0.,0.));
#4193 = PLANE('',#4194);
#4194 = AXIS2_PLACEMENT_3D('',#4195,#4196,#4197);
#4195 = CARTESIAN_POINT('',(-0.8,-0.4,0.8));
#4196 = DIRECTION('',(0.,0.,1.));
#4197 = DIRECTION('',(1.,0.,-0.));
#4198 = ADVANCED_FACE('',(#4199),#4218,.T.);
#4199 = FACE_BOUND('',#4200,.T.);
#4200 = EDGE_LOOP('',(#4201,#4209,#4216,#4217));
#4201 = ORIENTED_EDGE('',*,*,#4202,.T.);
#4202 = EDGE_CURVE('',#4025,#4203,#4205,.T.);
#4203 = VERTEX_POINT('',#4204);
#4204 = CARTESIAN_POINT('',(-0.5,0.4,3.E-02));
#4205 = LINE('',#4206,#4207);
#4206 = CARTESIAN_POINT('',(-0.8,0.4,3.E-02));
#4207 = VECTOR('',#4208,1.);
#4208 = DIRECTION('',(1.,0.,0.));
#4209 = ORIENTED_EDGE('',*,*,#4210,.T.);
#4210 = EDGE_CURVE('',#4203,#4157,#4211,.T.);
#4211 = CIRCLE('',#4212,3.E-02);
#4212 = AXIS2_PLACEMENT_3D('',#4213,#4214,#4215);
#4213 = CARTESIAN_POINT('',(-0.5,0.37,3.E-02));
#4214 = DIRECTION('',(-1.,0.,0.));
#4215 = DIRECTION('',(0.,0.,1.));
#4216 = ORIENTED_EDGE('',*,*,#4164,.F.);
#4217 = ORIENTED_EDGE('',*,*,#4024,.F.);
#4218 = CYLINDRICAL_SURFACE('',#4219,3.E-02);
#4219 = AXIS2_PLACEMENT_3D('',#4220,#4221,#4222);
#4220 = CARTESIAN_POINT('',(-0.8,0.37,3.E-02));
#4221 = DIRECTION('',(1.,0.,0.));
#4222 = DIRECTION('',(-0.,1.,0.));
#4223 = ADVANCED_FACE('',(#4224),#4243,.T.);
#4224 = FACE_BOUND('',#4225,.T.);
#4225 = EDGE_LOOP('',(#4226,#4227,#4228,#4237));
#4226 = ORIENTED_EDGE('',*,*,#4041,.T.);
#4227 = ORIENTED_EDGE('',*,*,#4188,.T.);
#4228 = ORIENTED_EDGE('',*,*,#4229,.F.);
#4229 = EDGE_CURVE('',#4230,#4181,#4232,.T.);
#4230 = VERTEX_POINT('',#4231);
#4231 = CARTESIAN_POINT('',(-0.5,0.4,0.77));
#4232 = CIRCLE('',#4233,3.E-02);
#4233 = AXIS2_PLACEMENT_3D('',#4234,#4235,#4236);
#4234 = CARTESIAN_POINT('',(-0.5,0.37,0.77));
#4235 = DIRECTION('',(1.,0.,-0.));
#4236 = DIRECTION('',(0.,0.,1.));
#4237 = ORIENTED_EDGE('',*,*,#4238,.F.);
#4238 = EDGE_CURVE('',#4034,#4230,#4239,.T.);
#4239 = LINE('',#4240,#4241);
#4240 = CARTESIAN_POINT('',(-0.8,0.4,0.77));
#4241 = VECTOR('',#4242,1.);
#4242 = DIRECTION('',(1.,0.,0.));
#4243 = CYLINDRICAL_SURFACE('',#4244,3.E-02);
#4244 = AXIS2_PLACEMENT_3D('',#4245,#4246,#4247);
#4245 = CARTESIAN_POINT('',(-0.8,0.37,0.77));
#4246 = DIRECTION('',(1.,0.,0.));
#4247 = DIRECTION('',(-0.,1.,0.));
#4248 = ADVANCED_FACE('',(#4249),#4260,.T.);
#4249 = FACE_BOUND('',#4250,.T.);
#4250 = EDGE_LOOP('',(#4251,#4257,#4258,#4259));
#4251 = ORIENTED_EDGE('',*,*,#4252,.F.);
#4252 = EDGE_CURVE('',#4203,#4230,#4253,.T.);
#4253 = LINE('',#4254,#4255);
#4254 = CARTESIAN_POINT('',(-0.5,0.4,0.));
#4255 = VECTOR('',#4256,1.);
#4256 = DIRECTION('',(0.,0.,1.));
#4257 = ORIENTED_EDGE('',*,*,#4202,.F.);
#4258 = ORIENTED_EDGE('',*,*,#4033,.T.);
#4259 = ORIENTED_EDGE('',*,*,#4238,.T.);
#4260 = PLANE('',#4261);
#4261 = AXIS2_PLACEMENT_3D('',#4262,#4263,#4264);
#4262 = CARTESIAN_POINT('',(-0.8,0.4,0.));
#4263 = DIRECTION('',(0.,1.,0.));
#4264 = DIRECTION('',(0.,-0.,1.));
#4265 = ADVANCED_FACE('',(#4266,#4276),#4346,.T.);
#4266 = FACE_BOUND('',#4267,.T.);
#4267 = EDGE_LOOP('',(#4268,#4269,#4270,#4271,#4272,#4273,#4274,#4275));
#4268 = ORIENTED_EDGE('',*,*,#4073,.F.);
#4269 = ORIENTED_EDGE('',*,*,#4113,.T.);
#4270 = ORIENTED_EDGE('',*,*,#4156,.T.);
#4271 = ORIENTED_EDGE('',*,*,#4210,.F.);
#4272 = ORIENTED_EDGE('',*,*,#4252,.T.);
#4273 = ORIENTED_EDGE('',*,*,#4229,.T.);
#4274 = ORIENTED_EDGE('',*,*,#4180,.F.);
#4275 = ORIENTED_EDGE('',*,*,#4130,.F.);
#4276 = FACE_BOUND('',#4277,.T.);
#4277 = EDGE_LOOP('',(#4278,#4289,#4297,#4306,#4314,#4323,#4331,#4340));
#4278 = ORIENTED_EDGE('',*,*,#4279,.F.);
#4279 = EDGE_CURVE('',#4280,#4282,#4284,.T.);
#4280 = VERTEX_POINT('',#4281);
#4281 = CARTESIAN_POINT('',(-0.5,-0.37,6.E-02));
#4282 = VERTEX_POINT('',#4283);
#4283 = CARTESIAN_POINT('',(-0.5,-0.34,3.E-02));
#4284 = CIRCLE('',#4285,3.E-02);
#4285 = AXIS2_PLACEMENT_3D('',#4286,#4287,#4288);
#4286 = CARTESIAN_POINT('',(-0.5,-0.34,6.E-02));
#4287 = DIRECTION('',(1.,0.,-0.));
#4288 = DIRECTION('',(0.,0.,1.));
#4289 = ORIENTED_EDGE('',*,*,#4290,.T.);
#4290 = EDGE_CURVE('',#4280,#4291,#4293,.T.);
#4291 = VERTEX_POINT('',#4292);
#4292 = CARTESIAN_POINT('',(-0.5,-0.37,0.74));
#4293 = LINE('',#4294,#4295);
#4294 = CARTESIAN_POINT('',(-0.5,-0.37,3.E-02));
#4295 = VECTOR('',#4296,1.);
#4296 = DIRECTION('',(0.,0.,1.));
#4297 = ORIENTED_EDGE('',*,*,#4298,.T.);
#4298 = EDGE_CURVE('',#4291,#4299,#4301,.T.);
#4299 = VERTEX_POINT('',#4300);
#4300 = CARTESIAN_POINT('',(-0.5,-0.34,0.77));
#4301 = CIRCLE('',#4302,3.E-02);
#4302 = AXIS2_PLACEMENT_3D('',#4303,#4304,#4305);
#4303 = CARTESIAN_POINT('',(-0.5,-0.34,0.74));
#4304 = DIRECTION('',(-1.,0.,0.));
#4305 = DIRECTION('',(0.,0.,1.));
#4306 = ORIENTED_EDGE('',*,*,#4307,.T.);
#4307 = EDGE_CURVE('',#4299,#4308,#4310,.T.);
#4308 = VERTEX_POINT('',#4309);
#4309 = CARTESIAN_POINT('',(-0.5,0.34,0.77));
#4310 = LINE('',#4311,#4312);
#4311 = CARTESIAN_POINT('',(-0.5,-0.37,0.77));
#4312 = VECTOR('',#4313,1.);
#4313 = DIRECTION('',(0.,1.,0.));
#4314 = ORIENTED_EDGE('',*,*,#4315,.F.);
#4315 = EDGE_CURVE('',#4316,#4308,#4318,.T.);
#4316 = VERTEX_POINT('',#4317);
#4317 = CARTESIAN_POINT('',(-0.5,0.37,0.74));
#4318 = CIRCLE('',#4319,3.E-02);
#4319 = AXIS2_PLACEMENT_3D('',#4320,#4321,#4322);
#4320 = CARTESIAN_POINT('',(-0.5,0.34,0.74));
#4321 = DIRECTION('',(1.,0.,-0.));
#4322 = DIRECTION('',(0.,0.,1.));
#4323 = ORIENTED_EDGE('',*,*,#4324,.F.);
#4324 = EDGE_CURVE('',#4325,#4316,#4327,.T.);
#4325 = VERTEX_POINT('',#4326);
#4326 = CARTESIAN_POINT('',(-0.5,0.37,6.E-02));
#4327 = LINE('',#4328,#4329);
#4328 = CARTESIAN_POINT('',(-0.5,0.37,3.E-02));
#4329 = VECTOR('',#4330,1.);
#4330 = DIRECTION('',(0.,0.,1.));
#4331 = ORIENTED_EDGE('',*,*,#4332,.T.);
#4332 = EDGE_CURVE('',#4325,#4333,#4335,.T.);
#4333 = VERTEX_POINT('',#4334);
#4334 = CARTESIAN_POINT('',(-0.5,0.34,3.E-02));
#4335 = CIRCLE('',#4336,3.E-02);
#4336 = AXIS2_PLACEMENT_3D('',#4337,#4338,#4339);
#4337 = CARTESIAN_POINT('',(-0.5,0.34,6.E-02));
#4338 = DIRECTION('',(-1.,0.,0.));
#4339 = DIRECTION('',(0.,0.,1.));
#4340 = ORIENTED_EDGE('',*,*,#4341,.F.);
#4341 = EDGE_CURVE('',#4282,#4333,#4342,.T.);
#4342 = LINE('',#4343,#4344);
#4343 = CARTESIAN_POINT('',(-0.5,-0.37,3.E-02));
#4344 = VECTOR('',#4345,1.);
#4345 = DIRECTION('',(0.,1.,0.));
#4346 = PLANE('',#4347);
#4347 = AXIS2_PLACEMENT_3D('',#4348,#4349,#4350);
#4348 = CARTESIAN_POINT('',(-0.5,-0.4,0.));
#4349 = DIRECTION('',(1.,0.,0.));
#4350 = DIRECTION('',(0.,0.,1.));
#4351 = ADVANCED_FACE('',(#4352),#4378,.T.);
#4352 = FACE_BOUND('',#4353,.T.);
#4353 = EDGE_LOOP('',(#4354,#4355,#4363,#4372));
#4354 = ORIENTED_EDGE('',*,*,#4279,.T.);
#4355 = ORIENTED_EDGE('',*,*,#4356,.T.);
#4356 = EDGE_CURVE('',#4282,#4357,#4359,.T.);
#4357 = VERTEX_POINT('',#4358);
#4358 = CARTESIAN_POINT('',(0.5,-0.34,3.E-02));
#4359 = LINE('',#4360,#4361);
#4360 = CARTESIAN_POINT('',(-0.5,-0.34,3.E-02));
#4361 = VECTOR('',#4362,1.);
#4362 = DIRECTION('',(1.,0.,0.));
#4363 = ORIENTED_EDGE('',*,*,#4364,.F.);
#4364 = EDGE_CURVE('',#4365,#4357,#4367,.T.);
#4365 = VERTEX_POINT('',#4366);
#4366 = CARTESIAN_POINT('',(0.5,-0.37,6.E-02));
#4367 = CIRCLE('',#4368,3.E-02);
#4368 = AXIS2_PLACEMENT_3D('',#4369,#4370,#4371);
#4369 = CARTESIAN_POINT('',(0.5,-0.34,6.E-02));
#4370 = DIRECTION('',(1.,0.,-0.));
#4371 = DIRECTION('',(0.,0.,1.));
#4372 = ORIENTED_EDGE('',*,*,#4373,.F.);
#4373 = EDGE_CURVE('',#4280,#4365,#4374,.T.);
#4374 = LINE('',#4375,#4376);
#4375 = CARTESIAN_POINT('',(-0.5,-0.37,6.E-02));
#4376 = VECTOR('',#4377,1.);
#4377 = DIRECTION('',(1.,0.,0.));
#4378 = CYLINDRICAL_SURFACE('',#4379,3.E-02);
#4379 = AXIS2_PLACEMENT_3D('',#4380,#4381,#4382);
#4380 = CARTESIAN_POINT('',(-0.5,-0.34,6.E-02));
#4381 = DIRECTION('',(1.,0.,0.));
#4382 = DIRECTION('',(0.,-1.,0.));
#4383 = ADVANCED_FACE('',(#4384),#4402,.F.);
#4384 = FACE_BOUND('',#4385,.F.);
#4385 = EDGE_LOOP('',(#4386,#4387,#4388,#4396));
#4386 = ORIENTED_EDGE('',*,*,#4341,.F.);
#4387 = ORIENTED_EDGE('',*,*,#4356,.T.);
#4388 = ORIENTED_EDGE('',*,*,#4389,.T.);
#4389 = EDGE_CURVE('',#4357,#4390,#4392,.T.);
#4390 = VERTEX_POINT('',#4391);
#4391 = CARTESIAN_POINT('',(0.5,0.34,3.E-02));
#4392 = LINE('',#4393,#4394);
#4393 = CARTESIAN_POINT('',(0.5,-0.37,3.E-02));
#4394 = VECTOR('',#4395,1.);
#4395 = DIRECTION('',(0.,1.,0.));
#4396 = ORIENTED_EDGE('',*,*,#4397,.F.);
#4397 = EDGE_CURVE('',#4333,#4390,#4398,.T.);
#4398 = LINE('',#4399,#4400);
#4399 = CARTESIAN_POINT('',(-0.5,0.34,3.E-02));
#4400 = VECTOR('',#4401,1.);
#4401 = DIRECTION('',(1.,0.,0.));
#4402 = PLANE('',#4403);
#4403 = AXIS2_PLACEMENT_3D('',#4404,#4405,#4406);
#4404 = CARTESIAN_POINT('',(-0.5,-0.37,3.E-02));
#4405 = DIRECTION('',(0.,0.,1.));
#4406 = DIRECTION('',(1.,0.,-0.));
#4407 = ADVANCED_FACE('',(#4408),#4427,.T.);
#4408 = FACE_BOUND('',#4409,.T.);
#4409 = EDGE_LOOP('',(#4410,#4418,#4425,#4426));
#4410 = ORIENTED_EDGE('',*,*,#4411,.T.);
#4411 = EDGE_CURVE('',#4325,#4412,#4414,.T.);
#4412 = VERTEX_POINT('',#4413);
#4413 = CARTESIAN_POINT('',(0.5,0.37,6.E-02));
#4414 = LINE('',#4415,#4416);
#4415 = CARTESIAN_POINT('',(-0.5,0.37,6.E-02));
#4416 = VECTOR('',#4417,1.);
#4417 = DIRECTION('',(1.,0.,0.));
#4418 = ORIENTED_EDGE('',*,*,#4419,.T.);
#4419 = EDGE_CURVE('',#4412,#4390,#4420,.T.);
#4420 = CIRCLE('',#4421,3.E-02);
#4421 = AXIS2_PLACEMENT_3D('',#4422,#4423,#4424);
#4422 = CARTESIAN_POINT('',(0.5,0.34,6.E-02));
#4423 = DIRECTION('',(-1.,0.,0.));
#4424 = DIRECTION('',(0.,0.,1.));
#4425 = ORIENTED_EDGE('',*,*,#4397,.F.);
#4426 = ORIENTED_EDGE('',*,*,#4332,.F.);
#4427 = CYLINDRICAL_SURFACE('',#4428,3.E-02);
#4428 = AXIS2_PLACEMENT_3D('',#4429,#4430,#4431);
#4429 = CARTESIAN_POINT('',(-0.5,0.34,6.E-02));
#4430 = DIRECTION('',(1.,0.,0.));
#4431 = DIRECTION('',(-0.,1.,0.));
#4432 = ADVANCED_FACE('',(#4433),#4451,.T.);
#4433 = FACE_BOUND('',#4434,.T.);
#4434 = EDGE_LOOP('',(#4435,#4443,#4444,#4445));
#4435 = ORIENTED_EDGE('',*,*,#4436,.F.);
#4436 = EDGE_CURVE('',#4412,#4437,#4439,.T.);
#4437 = VERTEX_POINT('',#4438);
#4438 = CARTESIAN_POINT('',(0.5,0.37,0.74));
#4439 = LINE('',#4440,#4441);
#4440 = CARTESIAN_POINT('',(0.5,0.37,3.E-02));
#4441 = VECTOR('',#4442,1.);
#4442 = DIRECTION('',(0.,0.,1.));
#4443 = ORIENTED_EDGE('',*,*,#4411,.F.);
#4444 = ORIENTED_EDGE('',*,*,#4324,.T.);
#4445 = ORIENTED_EDGE('',*,*,#4446,.T.);
#4446 = EDGE_CURVE('',#4316,#4437,#4447,.T.);
#4447 = LINE('',#4448,#4449);
#4448 = CARTESIAN_POINT('',(-0.5,0.37,0.74));
#4449 = VECTOR('',#4450,1.);
#4450 = DIRECTION('',(1.,0.,0.));
#4451 = PLANE('',#4452);
#4452 = AXIS2_PLACEMENT_3D('',#4453,#4454,#4455);
#4453 = CARTESIAN_POINT('',(-0.5,0.37,3.E-02));
#4454 = DIRECTION('',(0.,1.,0.));
#4455 = DIRECTION('',(0.,-0.,1.));
#4456 = ADVANCED_FACE('',(#4457),#4476,.T.);
#4457 = FACE_BOUND('',#4458,.T.);
#4458 = EDGE_LOOP('',(#4459,#4460,#4468,#4475));
#4459 = ORIENTED_EDGE('',*,*,#4315,.T.);
#4460 = ORIENTED_EDGE('',*,*,#4461,.T.);
#4461 = EDGE_CURVE('',#4308,#4462,#4464,.T.);
#4462 = VERTEX_POINT('',#4463);
#4463 = CARTESIAN_POINT('',(0.5,0.34,0.77));
#4464 = LINE('',#4465,#4466);
#4465 = CARTESIAN_POINT('',(-0.5,0.34,0.77));
#4466 = VECTOR('',#4467,1.);
#4467 = DIRECTION('',(1.,0.,0.));
#4468 = ORIENTED_EDGE('',*,*,#4469,.F.);
#4469 = EDGE_CURVE('',#4437,#4462,#4470,.T.);
#4470 = CIRCLE('',#4471,3.E-02);
#4471 = AXIS2_PLACEMENT_3D('',#4472,#4473,#4474);
#4472 = CARTESIAN_POINT('',(0.5,0.34,0.74));
#4473 = DIRECTION('',(1.,0.,-0.));
#4474 = DIRECTION('',(0.,0.,1.));
#4475 = ORIENTED_EDGE('',*,*,#4446,.F.);
#4476 = CYLINDRICAL_SURFACE('',#4477,3.E-02);
#4477 = AXIS2_PLACEMENT_3D('',#4478,#4479,#4480);
#4478 = CARTESIAN_POINT('',(-0.5,0.34,0.74));
#4479 = DIRECTION('',(1.,0.,0.));
#4480 = DIRECTION('',(-0.,1.,0.));
#4481 = ADVANCED_FACE('',(#4482),#4500,.T.);
#4482 = FACE_BOUND('',#4483,.T.);
#4483 = EDGE_LOOP('',(#4484,#4485,#4493,#4499));
#4484 = ORIENTED_EDGE('',*,*,#4307,.F.);
#4485 = ORIENTED_EDGE('',*,*,#4486,.T.);
#4486 = EDGE_CURVE('',#4299,#4487,#4489,.T.);
#4487 = VERTEX_POINT('',#4488);
#4488 = CARTESIAN_POINT('',(0.5,-0.34,0.77));
#4489 = LINE('',#4490,#4491);
#4490 = CARTESIAN_POINT('',(-0.5,-0.34,0.77));
#4491 = VECTOR('',#4492,1.);
#4492 = DIRECTION('',(1.,0.,0.));
#4493 = ORIENTED_EDGE('',*,*,#4494,.T.);
#4494 = EDGE_CURVE('',#4487,#4462,#4495,.T.);
#4495 = LINE('',#4496,#4497);
#4496 = CARTESIAN_POINT('',(0.5,-0.37,0.77));
#4497 = VECTOR('',#4498,1.);
#4498 = DIRECTION('',(0.,1.,0.));
#4499 = ORIENTED_EDGE('',*,*,#4461,.F.);
#4500 = PLANE('',#4501);
#4501 = AXIS2_PLACEMENT_3D('',#4502,#4503,#4504);
#4502 = CARTESIAN_POINT('',(-0.5,-0.37,0.77));
#4503 = DIRECTION('',(0.,0.,1.));
#4504 = DIRECTION('',(1.,0.,-0.));
#4505 = ADVANCED_FACE('',(#4506),#4525,.T.);
#4506 = FACE_BOUND('',#4507,.T.);
#4507 = EDGE_LOOP('',(#4508,#4516,#4523,#4524));
#4508 = ORIENTED_EDGE('',*,*,#4509,.T.);
#4509 = EDGE_CURVE('',#4291,#4510,#4512,.T.);
#4510 = VERTEX_POINT('',#4511);
#4511 = CARTESIAN_POINT('',(0.5,-0.37,0.74));
#4512 = LINE('',#4513,#4514);
#4513 = CARTESIAN_POINT('',(-0.5,-0.37,0.74));
#4514 = VECTOR('',#4515,1.);
#4515 = DIRECTION('',(1.,0.,0.));
#4516 = ORIENTED_EDGE('',*,*,#4517,.T.);
#4517 = EDGE_CURVE('',#4510,#4487,#4518,.T.);
#4518 = CIRCLE('',#4519,3.E-02);
#4519 = AXIS2_PLACEMENT_3D('',#4520,#4521,#4522);
#4520 = CARTESIAN_POINT('',(0.5,-0.34,0.74));
#4521 = DIRECTION('',(-1.,0.,0.));
#4522 = DIRECTION('',(0.,0.,1.));
#4523 = ORIENTED_EDGE('',*,*,#4486,.F.);
#4524 = ORIENTED_EDGE('',*,*,#4298,.F.);
#4525 = CYLINDRICAL_SURFACE('',#4526,3.E-02);
#4526 = AXIS2_PLACEMENT_3D('',#4527,#4528,#4529);
#4527 = CARTESIAN_POINT('',(-0.5,-0.34,0.74));
#4528 = DIRECTION('',(1.,0.,0.));
#4529 = DIRECTION('',(0.,-1.,0.));
#4530 = ADVANCED_FACE('',(#4531),#4542,.F.);
#4531 = FACE_BOUND('',#4532,.F.);
#4532 = EDGE_LOOP('',(#4533,#4539,#4540,#4541));
#4533 = ORIENTED_EDGE('',*,*,#4534,.F.);
#4534 = EDGE_CURVE('',#4365,#4510,#4535,.T.);
#4535 = LINE('',#4536,#4537);
#4536 = CARTESIAN_POINT('',(0.5,-0.37,3.E-02));
#4537 = VECTOR('',#4538,1.);
#4538 = DIRECTION('',(0.,0.,1.));
#4539 = ORIENTED_EDGE('',*,*,#4373,.F.);
#4540 = ORIENTED_EDGE('',*,*,#4290,.T.);
#4541 = ORIENTED_EDGE('',*,*,#4509,.T.);
#4542 = PLANE('',#4543);
#4543 = AXIS2_PLACEMENT_3D('',#4544,#4545,#4546);
#4544 = CARTESIAN_POINT('',(-0.5,-0.37,3.E-02));
#4545 = DIRECTION('',(0.,1.,0.));
#4546 = DIRECTION('',(0.,-0.,1.));
#4547 = ADVANCED_FACE('',(#4548,#4618),#4628,.F.);
#4548 = FACE_BOUND('',#4549,.F.);
#4549 = EDGE_LOOP('',(#4550,#4560,#4569,#4577,#4586,#4594,#4603,#4611));
#4550 = ORIENTED_EDGE('',*,*,#4551,.F.);
#4551 = EDGE_CURVE('',#4552,#4554,#4556,.T.);
#4552 = VERTEX_POINT('',#4553);
#4553 = CARTESIAN_POINT('',(0.5,-0.4,3.E-02));
#4554 = VERTEX_POINT('',#4555);
#4555 = CARTESIAN_POINT('',(0.5,-0.4,0.77));
#4556 = LINE('',#4557,#4558);
#4557 = CARTESIAN_POINT('',(0.5,-0.4,0.));
#4558 = VECTOR('',#4559,1.);
#4559 = DIRECTION('',(0.,0.,1.));
#4560 = ORIENTED_EDGE('',*,*,#4561,.T.);
#4561 = EDGE_CURVE('',#4552,#4562,#4564,.T.);
#4562 = VERTEX_POINT('',#4563);
#4563 = CARTESIAN_POINT('',(0.5,-0.37,0.));
#4564 = CIRCLE('',#4565,3.E-02);
#4565 = AXIS2_PLACEMENT_3D('',#4566,#4567,#4568);
#4566 = CARTESIAN_POINT('',(0.5,-0.37,3.E-02));
#4567 = DIRECTION('',(1.,0.,-0.));
#4568 = DIRECTION('',(0.,0.,1.));
#4569 = ORIENTED_EDGE('',*,*,#4570,.T.);
#4570 = EDGE_CURVE('',#4562,#4571,#4573,.T.);
#4571 = VERTEX_POINT('',#4572);
#4572 = CARTESIAN_POINT('',(0.5,0.37,0.));
#4573 = LINE('',#4574,#4575);
#4574 = CARTESIAN_POINT('',(0.5,-0.4,0.));
#4575 = VECTOR('',#4576,1.);
#4576 = DIRECTION('',(0.,1.,0.));
#4577 = ORIENTED_EDGE('',*,*,#4578,.F.);
#4578 = EDGE_CURVE('',#4579,#4571,#4581,.T.);
#4579 = VERTEX_POINT('',#4580);
#4580 = CARTESIAN_POINT('',(0.5,0.4,3.E-02));
#4581 = CIRCLE('',#4582,3.E-02);
#4582 = AXIS2_PLACEMENT_3D('',#4583,#4584,#4585);
#4583 = CARTESIAN_POINT('',(0.5,0.37,3.E-02));
#4584 = DIRECTION('',(-1.,0.,0.));
#4585 = DIRECTION('',(0.,0.,1.));
#4586 = ORIENTED_EDGE('',*,*,#4587,.T.);
#4587 = EDGE_CURVE('',#4579,#4588,#4590,.T.);
#4588 = VERTEX_POINT('',#4589);
#4589 = CARTESIAN_POINT('',(0.5,0.4,0.77));
#4590 = LINE('',#4591,#4592);
#4591 = CARTESIAN_POINT('',(0.5,0.4,0.));
#4592 = VECTOR('',#4593,1.);
#4593 = DIRECTION('',(0.,0.,1.));
#4594 = ORIENTED_EDGE('',*,*,#4595,.T.);
#4595 = EDGE_CURVE('',#4588,#4596,#4598,.T.);
#4596 = VERTEX_POINT('',#4597);
#4597 = CARTESIAN_POINT('',(0.5,0.37,0.8));
#4598 = CIRCLE('',#4599,3.E-02);
#4599 = AXIS2_PLACEMENT_3D('',#4600,#4601,#4602);
#4600 = CARTESIAN_POINT('',(0.5,0.37,0.77));
#4601 = DIRECTION('',(1.,0.,-0.));
#4602 = DIRECTION('',(0.,0.,1.));
#4603 = ORIENTED_EDGE('',*,*,#4604,.F.);
#4604 = EDGE_CURVE('',#4605,#4596,#4607,.T.);
#4605 = VERTEX_POINT('',#4606);
#4606 = CARTESIAN_POINT('',(0.5,-0.37,0.8));
#4607 = LINE('',#4608,#4609);
#4608 = CARTESIAN_POINT('',(0.5,-0.4,0.8));
#4609 = VECTOR('',#4610,1.);
#4610 = DIRECTION('',(0.,1.,0.));
#4611 = ORIENTED_EDGE('',*,*,#4612,.F.);
#4612 = EDGE_CURVE('',#4554,#4605,#4613,.T.);
#4613 = CIRCLE('',#4614,3.E-02);
#4614 = AXIS2_PLACEMENT_3D('',#4615,#4616,#4617);
#4615 = CARTESIAN_POINT('',(0.5,-0.37,0.77));
#4616 = DIRECTION('',(-1.,0.,0.));
#4617 = DIRECTION('',(0.,0.,1.));
#4618 = FACE_BOUND('',#4619,.F.);
#4619 = EDGE_LOOP('',(#4620,#4621,#4622,#4623,#4624,#4625,#4626,#4627));
#4620 = ORIENTED_EDGE('',*,*,#4364,.F.);
#4621 = ORIENTED_EDGE('',*,*,#4534,.T.);
#4622 = ORIENTED_EDGE('',*,*,#4517,.T.);
#4623 = ORIENTED_EDGE('',*,*,#4494,.T.);
#4624 = ORIENTED_EDGE('',*,*,#4469,.F.);
#4625 = ORIENTED_EDGE('',*,*,#4436,.F.);
#4626 = ORIENTED_EDGE('',*,*,#4419,.T.);
#4627 = ORIENTED_EDGE('',*,*,#4389,.F.);
#4628 = PLANE('',#4629);
#4629 = AXIS2_PLACEMENT_3D('',#4630,#4631,#4632);
#4630 = CARTESIAN_POINT('',(0.5,-0.4,0.));
#4631 = DIRECTION('',(1.,0.,0.));
#4632 = DIRECTION('',(0.,0.,1.));
#4633 = ADVANCED_FACE('',(#4634),#4659,.F.);
#4634 = FACE_BOUND('',#4635,.F.);
#4635 = EDGE_LOOP('',(#4636,#4646,#4652,#4653));
#4636 = ORIENTED_EDGE('',*,*,#4637,.F.);
#4637 = EDGE_CURVE('',#4638,#4640,#4642,.T.);
#4638 = VERTEX_POINT('',#4639);
#4639 = CARTESIAN_POINT('',(0.8,-0.4,3.E-02));
#4640 = VERTEX_POINT('',#4641);
#4641 = CARTESIAN_POINT('',(0.8,-0.4,0.77));
#4642 = LINE('',#4643,#4644);
#4643 = CARTESIAN_POINT('',(0.8,-0.4,0.));
#4644 = VECTOR('',#4645,1.);
#4645 = DIRECTION('',(0.,0.,1.));
#4646 = ORIENTED_EDGE('',*,*,#4647,.F.);
#4647 = EDGE_CURVE('',#4552,#4638,#4648,.T.);
#4648 = LINE('',#4649,#4650);
#4649 = CARTESIAN_POINT('',(0.5,-0.4,3.E-02));
#4650 = VECTOR('',#4651,1.);
#4651 = DIRECTION('',(1.,0.,0.));
#4652 = ORIENTED_EDGE('',*,*,#4551,.T.);
#4653 = ORIENTED_EDGE('',*,*,#4654,.T.);
#4654 = EDGE_CURVE('',#4554,#4640,#4655,.T.);
#4655 = LINE('',#4656,#4657);
#4656 = CARTESIAN_POINT('',(0.5,-0.4,0.77));
#4657 = VECTOR('',#4658,1.);
#4658 = DIRECTION('',(1.,0.,0.));
#4659 = PLANE('',#4660);
#4660 = AXIS2_PLACEMENT_3D('',#4661,#4662,#4663);
#4661 = CARTESIAN_POINT('',(0.5,-0.4,0.));
#4662 = DIRECTION('',(0.,1.,0.));
#4663 = DIRECTION('',(0.,-0.,1.));
#4664 = ADVANCED_FACE('',(#4665),#4684,.T.);
#4665 = FACE_BOUND('',#4666,.T.);
#4666 = EDGE_LOOP('',(#4667,#4668,#4676,#4683));
#4667 = ORIENTED_EDGE('',*,*,#4561,.T.);
#4668 = ORIENTED_EDGE('',*,*,#4669,.T.);
#4669 = EDGE_CURVE('',#4562,#4670,#4672,.T.);
#4670 = VERTEX_POINT('',#4671);
#4671 = CARTESIAN_POINT('',(0.8,-0.37,0.));
#4672 = LINE('',#4673,#4674);
#4673 = CARTESIAN_POINT('',(0.5,-0.37,0.));
#4674 = VECTOR('',#4675,1.);
#4675 = DIRECTION('',(1.,0.,0.));
#4676 = ORIENTED_EDGE('',*,*,#4677,.F.);
#4677 = EDGE_CURVE('',#4638,#4670,#4678,.T.);
#4678 = CIRCLE('',#4679,3.E-02);
#4679 = AXIS2_PLACEMENT_3D('',#4680,#4681,#4682);
#4680 = CARTESIAN_POINT('',(0.8,-0.37,3.E-02));
#4681 = DIRECTION('',(1.,0.,-0.));
#4682 = DIRECTION('',(0.,0.,1.));
#4683 = ORIENTED_EDGE('',*,*,#4647,.F.);
#4684 = CYLINDRICAL_SURFACE('',#4685,3.E-02);
#4685 = AXIS2_PLACEMENT_3D('',#4686,#4687,#4688);
#4686 = CARTESIAN_POINT('',(0.5,-0.37,3.E-02));
#4687 = DIRECTION('',(1.,0.,0.));
#4688 = DIRECTION('',(0.,-1.,0.));
#4689 = ADVANCED_FACE('',(#4690),#4709,.T.);
#4690 = FACE_BOUND('',#4691,.T.);
#4691 = EDGE_LOOP('',(#4692,#4693,#4702,#4708));
#4692 = ORIENTED_EDGE('',*,*,#4654,.T.);
#4693 = ORIENTED_EDGE('',*,*,#4694,.T.);
#4694 = EDGE_CURVE('',#4640,#4695,#4697,.T.);
#4695 = VERTEX_POINT('',#4696);
#4696 = CARTESIAN_POINT('',(0.8,-0.37,0.8));
#4697 = CIRCLE('',#4698,3.E-02);
#4698 = AXIS2_PLACEMENT_3D('',#4699,#4700,#4701);
#4699 = CARTESIAN_POINT('',(0.8,-0.37,0.77));
#4700 = DIRECTION('',(-1.,0.,0.));
#4701 = DIRECTION('',(0.,0.,1.));
#4702 = ORIENTED_EDGE('',*,*,#4703,.F.);
#4703 = EDGE_CURVE('',#4605,#4695,#4704,.T.);
#4704 = LINE('',#4705,#4706);
#4705 = CARTESIAN_POINT('',(0.5,-0.37,0.8));
#4706 = VECTOR('',#4707,1.);
#4707 = DIRECTION('',(1.,0.,0.));
#4708 = ORIENTED_EDGE('',*,*,#4612,.F.);
#4709 = CYLINDRICAL_SURFACE('',#4710,3.E-02);
#4710 = AXIS2_PLACEMENT_3D('',#4711,#4712,#4713);
#4711 = CARTESIAN_POINT('',(0.5,-0.37,0.77));
#4712 = DIRECTION('',(1.,0.,0.));
#4713 = DIRECTION('',(0.,-1.,0.));
#4714 = ADVANCED_FACE('',(#4715),#4733,.F.);
#4715 = FACE_BOUND('',#4716,.F.);
#4716 = EDGE_LOOP('',(#4717,#4718,#4719,#4727));
#4717 = ORIENTED_EDGE('',*,*,#4570,.F.);
#4718 = ORIENTED_EDGE('',*,*,#4669,.T.);
#4719 = ORIENTED_EDGE('',*,*,#4720,.T.);
#4720 = EDGE_CURVE('',#4670,#4721,#4723,.T.);
#4721 = VERTEX_POINT('',#4722);
#4722 = CARTESIAN_POINT('',(0.8,0.37,0.));
#4723 = LINE('',#4724,#4725);
#4724 = CARTESIAN_POINT('',(0.8,-0.4,0.));
#4725 = VECTOR('',#4726,1.);
#4726 = DIRECTION('',(0.,1.,0.));
#4727 = ORIENTED_EDGE('',*,*,#4728,.F.);
#4728 = EDGE_CURVE('',#4571,#4721,#4729,.T.);
#4729 = LINE('',#4730,#4731);
#4730 = CARTESIAN_POINT('',(0.5,0.37,0.));
#4731 = VECTOR('',#4732,1.);
#4732 = DIRECTION('',(1.,0.,0.));
#4733 = PLANE('',#4734);
#4734 = AXIS2_PLACEMENT_3D('',#4735,#4736,#4737);
#4735 = CARTESIAN_POINT('',(0.5,-0.4,0.));
#4736 = DIRECTION('',(0.,0.,1.));
#4737 = DIRECTION('',(1.,0.,-0.));
#4738 = ADVANCED_FACE('',(#4739),#4757,.T.);
#4739 = FACE_BOUND('',#4740,.T.);
#4740 = EDGE_LOOP('',(#4741,#4742,#4743,#4751));
#4741 = ORIENTED_EDGE('',*,*,#4604,.F.);
#4742 = ORIENTED_EDGE('',*,*,#4703,.T.);
#4743 = ORIENTED_EDGE('',*,*,#4744,.T.);
#4744 = EDGE_CURVE('',#4695,#4745,#4747,.T.);
#4745 = VERTEX_POINT('',#4746);
#4746 = CARTESIAN_POINT('',(0.8,0.37,0.8));
#4747 = LINE('',#4748,#4749);
#4748 = CARTESIAN_POINT('',(0.8,-0.4,0.8));
#4749 = VECTOR('',#4750,1.);
#4750 = DIRECTION('',(0.,1.,0.));
#4751 = ORIENTED_EDGE('',*,*,#4752,.F.);
#4752 = EDGE_CURVE('',#4596,#4745,#4753,.T.);
#4753 = LINE('',#4754,#4755);
#4754 = CARTESIAN_POINT('',(0.5,0.37,0.8));
#4755 = VECTOR('',#4756,1.);
#4756 = DIRECTION('',(1.,0.,0.));
#4757 = PLANE('',#4758);
#4758 = AXIS2_PLACEMENT_3D('',#4759,#4760,#4761);
#4759 = CARTESIAN_POINT('',(0.5,-0.4,0.8));
#4760 = DIRECTION('',(0.,0.,1.));
#4761 = DIRECTION('',(1.,0.,-0.));
#4762 = ADVANCED_FACE('',(#4763),#4782,.T.);
#4763 = FACE_BOUND('',#4764,.T.);
#4764 = EDGE_LOOP('',(#4765,#4773,#4780,#4781));
#4765 = ORIENTED_EDGE('',*,*,#4766,.T.);
#4766 = EDGE_CURVE('',#4579,#4767,#4769,.T.);
#4767 = VERTEX_POINT('',#4768);
#4768 = CARTESIAN_POINT('',(0.8,0.4,3.E-02));
#4769 = LINE('',#4770,#4771);
#4770 = CARTESIAN_POINT('',(0.5,0.4,3.E-02));
#4771 = VECTOR('',#4772,1.);
#4772 = DIRECTION('',(1.,0.,0.));
#4773 = ORIENTED_EDGE('',*,*,#4774,.T.);
#4774 = EDGE_CURVE('',#4767,#4721,#4775,.T.);
#4775 = CIRCLE('',#4776,3.E-02);
#4776 = AXIS2_PLACEMENT_3D('',#4777,#4778,#4779);
#4777 = CARTESIAN_POINT('',(0.8,0.37,3.E-02));
#4778 = DIRECTION('',(-1.,0.,0.));
#4779 = DIRECTION('',(0.,0.,1.));
#4780 = ORIENTED_EDGE('',*,*,#4728,.F.);
#4781 = ORIENTED_EDGE('',*,*,#4578,.F.);
#4782 = CYLINDRICAL_SURFACE('',#4783,3.E-02);
#4783 = AXIS2_PLACEMENT_3D('',#4784,#4785,#4786);
#4784 = CARTESIAN_POINT('',(0.5,0.37,3.E-02));
#4785 = DIRECTION('',(1.,0.,0.));
#4786 = DIRECTION('',(-0.,1.,0.));
#4787 = ADVANCED_FACE('',(#4788),#4807,.T.);
#4788 = FACE_BOUND('',#4789,.T.);
#4789 = EDGE_LOOP('',(#4790,#4791,#4792,#4801));
#4790 = ORIENTED_EDGE('',*,*,#4595,.T.);
#4791 = ORIENTED_EDGE('',*,*,#4752,.T.);
#4792 = ORIENTED_EDGE('',*,*,#4793,.F.);
#4793 = EDGE_CURVE('',#4794,#4745,#4796,.T.);
#4794 = VERTEX_POINT('',#4795);
#4795 = CARTESIAN_POINT('',(0.8,0.4,0.77));
#4796 = CIRCLE('',#4797,3.E-02);
#4797 = AXIS2_PLACEMENT_3D('',#4798,#4799,#4800);
#4798 = CARTESIAN_POINT('',(0.8,0.37,0.77));
#4799 = DIRECTION('',(1.,0.,-0.));
#4800 = DIRECTION('',(0.,0.,1.));
#4801 = ORIENTED_EDGE('',*,*,#4802,.F.);
#4802 = EDGE_CURVE('',#4588,#4794,#4803,.T.);
#4803 = LINE('',#4804,#4805);
#4804 = CARTESIAN_POINT('',(0.5,0.4,0.77));
#4805 = VECTOR('',#4806,1.);
#4806 = DIRECTION('',(1.,0.,0.));
#4807 = CYLINDRICAL_SURFACE('',#4808,3.E-02);
#4808 = AXIS2_PLACEMENT_3D('',#4809,#4810,#4811);
#4809 = CARTESIAN_POINT('',(0.5,0.37,0.77));
#4810 = DIRECTION('',(1.,0.,0.));
#4811 = DIRECTION('',(-0.,1.,0.));
#4812 = ADVANCED_FACE('',(#4813),#4824,.T.);
#4813 = FACE_BOUND('',#4814,.T.);
#4814 = EDGE_LOOP('',(#4815,#4821,#4822,#4823));
#4815 = ORIENTED_EDGE('',*,*,#4816,.F.);
#4816 = EDGE_CURVE('',#4767,#4794,#4817,.T.);
#4817 = LINE('',#4818,#4819);
#4818 = CARTESIAN_POINT('',(0.8,0.4,0.));
#4819 = VECTOR('',#4820,1.);
#4820 = DIRECTION('',(0.,0.,1.));
#4821 = ORIENTED_EDGE('',*,*,#4766,.F.);
#4822 = ORIENTED_EDGE('',*,*,#4587,.T.);
#4823 = ORIENTED_EDGE('',*,*,#4802,.T.);
#4824 = PLANE('',#4825);
#4825 = AXIS2_PLACEMENT_3D('',#4826,#4827,#4828);
#4826 = CARTESIAN_POINT('',(0.5,0.4,0.));
#4827 = DIRECTION('',(0.,1.,0.));
#4828 = DIRECTION('',(0.,-0.,1.));
#4829 = ADVANCED_FACE('',(#4830),#4840,.T.);
#4830 = FACE_BOUND('',#4831,.T.);
#4831 = EDGE_LOOP('',(#4832,#4833,#4834,#4835,#4836,#4837,#4838,#4839));
#4832 = ORIENTED_EDGE('',*,*,#4637,.F.);
#4833 = ORIENTED_EDGE('',*,*,#4677,.T.);
#4834 = ORIENTED_EDGE('',*,*,#4720,.T.);
#4835 = ORIENTED_EDGE('',*,*,#4774,.F.);
#4836 = ORIENTED_EDGE('',*,*,#4816,.T.);
#4837 = ORIENTED_EDGE('',*,*,#4793,.T.);
#4838 = ORIENTED_EDGE('',*,*,#4744,.F.);
#4839 = ORIENTED_EDGE('',*,*,#4694,.F.);
#4840 = PLANE('',#4841);
#4841 = AXIS2_PLACEMENT_3D('',#4842,#4843,#4844);
#4842 = CARTESIAN_POINT('',(0.8,-0.4,0.));
#4843 = DIRECTION('',(1.,0.,0.));
#4844 = DIRECTION('',(0.,0.,1.));
#4845 = ( GEOMETRIC_REPRESENTATION_CONTEXT(3) 
GLOBAL_UNCERTAINTY_ASSIGNED_CONTEXT((#4849)) 
GLOBAL_UNIT_ASSIGNED_CONTEXT((#4846,#4847,#4848)) REPRESENTATION_CONTEXT
('Context #1','3D Context with UNIT and UNCERTAINTY') );
#4846 = ( LENGTH_UNIT() NAMED_UNIT(*) SI_UNIT(.MILLI.,.METRE.) );
#4847 = ( NAMED_UNIT(*) PLANE_ANGLE_UNIT() SI_UNIT($,.RADIAN.) );
#4848 = ( NAMED_UNIT(*) SI_UNIT($,.STERADIAN.) SOLID_ANGLE_UNIT() );
#4849 = UNCERTAINTY_MEASURE_WITH_UNIT(LENGTH_MEASURE(1.E-07),#4846,
  'distance_accuracy_value','confusion accuracy');
#4850 = CONTEXT_DEPENDENT_SHAPE_REPRESENTATION(#4851,#4853);
#4851 = ( REPRESENTATION_RELATIONSHIP('','',#3990,#3967) 
REPRESENTATION_RELATIONSHIP_WITH_TRANSFORMATION(#4852) 
SHAPE_REPRESENTATION_RELATIONSHIP() );
#4852 = ITEM_DEFINED_TRANSFORMATION('','',#11,#3968);
#4853 = PRODUCT_DEFINITION_SHAPE('Placement','Placement of an item',
  #4854);
#4854 = NEXT_ASSEMBLY_USAGE_OCCURRENCE('8','=>[0:1:1:10]','',#3962,#3985
  ,$);
#4855 = PRODUCT_RELATED_PRODUCT_CATEGORY('part',$,(#3987));
#4856 = SHAPE_DEFINITION_REPRESENTATION(#4857,#4863);
#4857 = PRODUCT_DEFINITION_SHAPE('','',#4858);
#4858 = PRODUCT_DEFINITION('design','',#4859,#4862);
#4859 = PRODUCT_DEFINITION_FORMATION('','',#4860);
#4860 = PRODUCT('PinHeader_1x01_P2.54mm_Vertical',
  'PinHeader_1x01_P2.54mm_Vertical','',(#4861));
#4861 = PRODUCT_CONTEXT('',#2,'mechanical');
#4862 = PRODUCT_DEFINITION_CONTEXT('part definition',#2,'design');
#4863 = SHAPE_REPRESENTATION('',(#11,#4864),#4868);
#4864 = AXIS2_PLACEMENT_3D('',#4865,#4866,#4867);
#4865 = CARTESIAN_POINT('',(0.,0.,0.));
#4866 = DIRECTION('',(0.,0.,1.));
#4867 = DIRECTION('',(1.,0.,-0.));
#4868 = ( GEOMETRIC_REPRESENTATION_CONTEXT(3) 
GLOBAL_UNCERTAINTY_ASSIGNED_CONTEXT((#4872)) 
GLOBAL_UNIT_ASSIGNED_CONTEXT((#4869,#4870,#4871)) REPRESENTATION_CONTEXT
('Context #1','3D Context with UNIT and UNCERTAINTY') );
#4869 = ( LENGTH_UNIT() NAMED_UNIT(*) SI_UNIT(.MILLI.,.METRE.) );
#4870 = ( NAMED_UNIT(*) PLANE_ANGLE_UNIT() SI_UNIT($,.RADIAN.) );
#4871 = ( NAMED_UNIT(*) SI_UNIT($,.STERADIAN.) SOLID_ANGLE_UNIT() );
#4872 = UNCERTAINTY_MEASURE_WITH_UNIT(LENGTH_MEASURE(1.E-07),#4869,
  'distance_accuracy_value','confusion accuracy');
#4873 = CONTEXT_DEPENDENT_SHAPE_REPRESENTATION(#4874,#4876);
#4874 = ( REPRESENTATION_RELATIONSHIP('','',#4863,#10) 
REPRESENTATION_RELATIONSHIP_WITH_TRANSFORMATION(#4875) 
SHAPE_REPRESENTATION_RELATIONSHIP() );
#4875 = ITEM_DEFINED_TRANSFORMATION('','',#11,#27);
#4876 = PRODUCT_DEFINITION_SHAPE('Placement','Placement of an item',
  #4877);
#4877 = NEXT_ASSEMBLY_USAGE_OCCURRENCE('11','J2','',#5,#4858,$);
#4878 = PRODUCT_RELATED_PRODUCT_CATEGORY('part',$,(#4860));
#4879 = SHAPE_DEFINITION_REPRESENTATION(#4880,#4886);
#4880 = PRODUCT_DEFINITION_SHAPE('','',#4881);
#4881 = PRODUCT_DEFINITION('design','',#4882,#4885);
#4882 = PRODUCT_DEFINITION_FORMATION('','',#4883);
#4883 = PRODUCT('PinHeader_1x01_P254mm_Vertical',
  'PinHeader_1x01_P254mm_Vertical','',(#4884));
#4884 = PRODUCT_CONTEXT('',#2,'mechanical');
#4885 = PRODUCT_DEFINITION_CONTEXT('part definition',#2,'design');
#4886 = ADVANCED_BREP_SHAPE_REPRESENTATION('',(#11,#4887),#5645);
#4887 = MANIFOLD_SOLID_BREP('',#4888);
#4888 = CLOSED_SHELL('',(#4889,#4929,#4960,#4991,#5074,#5157,#5174,#5191
    ,#5208,#5225,#5237,#5268,#5292,#5316,#5333,#5364,#5388,#5412,#5429,
    #5460,#5484,#5508,#5525,#5556,#5580,#5604,#5621,#5633));
#4889 = ADVANCED_FACE('',(#4890),#4924,.F.);
#4890 = FACE_BOUND('',#4891,.F.);
#4891 = EDGE_LOOP('',(#4892,#4902,#4910,#4918));
#4892 = ORIENTED_EDGE('',*,*,#4893,.T.);
#4893 = EDGE_CURVE('',#4894,#4896,#4898,.T.);
#4894 = VERTEX_POINT('',#4895);
#4895 = CARTESIAN_POINT('',(-1.016,1.27,0.));
#4896 = VERTEX_POINT('',#4897);
#4897 = CARTESIAN_POINT('',(-1.016,1.27,2.54));
#4898 = LINE('',#4899,#4900);
#4899 = CARTESIAN_POINT('',(-1.016,1.27,0.));
#4900 = VECTOR('',#4901,1.);
#4901 = DIRECTION('',(0.,0.,1.));
#4902 = ORIENTED_EDGE('',*,*,#4903,.T.);
#4903 = EDGE_CURVE('',#4896,#4904,#4906,.T.);
#4904 = VERTEX_POINT('',#4905);
#4905 = CARTESIAN_POINT('',(-1.27,1.016,2.54));
#4906 = LINE('',#4907,#4908);
#4907 = CARTESIAN_POINT('',(-1.016,1.27,2.54));
#4908 = VECTOR('',#4909,1.);
#4909 = DIRECTION('',(-0.707106781187,-0.707106781187,0.));
#4910 = ORIENTED_EDGE('',*,*,#4911,.F.);
#4911 = EDGE_CURVE('',#4912,#4904,#4914,.T.);
#4912 = VERTEX_POINT('',#4913);
#4913 = CARTESIAN_POINT('',(-1.27,1.016,0.));
#4914 = LINE('',#4915,#4916);
#4915 = CARTESIAN_POINT('',(-1.27,1.016,0.));
#4916 = VECTOR('',#4917,1.);
#4917 = DIRECTION('',(0.,0.,1.));
#4918 = ORIENTED_EDGE('',*,*,#4919,.F.);
#4919 = EDGE_CURVE('',#4894,#4912,#4920,.T.);
#4920 = LINE('',#4921,#4922);
#4921 = CARTESIAN_POINT('',(-1.016,1.27,0.));
#4922 = VECTOR('',#4923,1.);
#4923 = DIRECTION('',(-0.707106781187,-0.707106781187,0.));
#4924 = PLANE('',#4925);
#4925 = AXIS2_PLACEMENT_3D('',#4926,#4927,#4928);
#4926 = CARTESIAN_POINT('',(-1.016,1.27,0.));
#4927 = DIRECTION('',(0.707106781187,-0.707106781187,0.));
#4928 = DIRECTION('',(-0.707106781187,-0.707106781187,0.));
#4929 = ADVANCED_FACE('',(#4930),#4955,.F.);
#4930 = FACE_BOUND('',#4931,.F.);
#4931 = EDGE_LOOP('',(#4932,#4942,#4948,#4949));
#4932 = ORIENTED_EDGE('',*,*,#4933,.T.);
#4933 = EDGE_CURVE('',#4934,#4936,#4938,.T.);
#4934 = VERTEX_POINT('',#4935);
#4935 = CARTESIAN_POINT('',(1.016,1.27,0.));
#4936 = VERTEX_POINT('',#4937);
#4937 = CARTESIAN_POINT('',(1.016,1.27,2.54));
#4938 = LINE('',#4939,#4940);
#4939 = CARTESIAN_POINT('',(1.016,1.27,0.));
#4940 = VECTOR('',#4941,1.);
#4941 = DIRECTION('',(0.,0.,1.));
#4942 = ORIENTED_EDGE('',*,*,#4943,.T.);
#4943 = EDGE_CURVE('',#4936,#4896,#4944,.T.);
#4944 = LINE('',#4945,#4946);
#4945 = CARTESIAN_POINT('',(1.016,1.27,2.54));
#4946 = VECTOR('',#4947,1.);
#4947 = DIRECTION('',(-1.,0.,0.));
#4948 = ORIENTED_EDGE('',*,*,#4893,.F.);
#4949 = ORIENTED_EDGE('',*,*,#4950,.F.);
#4950 = EDGE_CURVE('',#4934,#4894,#4951,.T.);
#4951 = LINE('',#4952,#4953);
#4952 = CARTESIAN_POINT('',(1.016,1.27,0.));
#4953 = VECTOR('',#4954,1.);
#4954 = DIRECTION('',(-1.,0.,0.));
#4955 = PLANE('',#4956);
#4956 = AXIS2_PLACEMENT_3D('',#4957,#4958,#4959);
#4957 = CARTESIAN_POINT('',(1.016,1.27,0.));
#4958 = DIRECTION('',(0.,-1.,0.));
#4959 = DIRECTION('',(-1.,0.,0.));
#4960 = ADVANCED_FACE('',(#4961),#4986,.F.);
#4961 = FACE_BOUND('',#4962,.F.);
#4962 = EDGE_LOOP('',(#4963,#4964,#4972,#4980));
#4963 = ORIENTED_EDGE('',*,*,#4911,.T.);
#4964 = ORIENTED_EDGE('',*,*,#4965,.T.);
#4965 = EDGE_CURVE('',#4904,#4966,#4968,.T.);
#4966 = VERTEX_POINT('',#4967);
#4967 = CARTESIAN_POINT('',(-1.27,-1.016,2.54));
#4968 = LINE('',#4969,#4970);
#4969 = CARTESIAN_POINT('',(-1.27,1.016,2.54));
#4970 = VECTOR('',#4971,1.);
#4971 = DIRECTION('',(0.,-1.,0.));
#4972 = ORIENTED_EDGE('',*,*,#4973,.F.);
#4973 = EDGE_CURVE('',#4974,#4966,#4976,.T.);
#4974 = VERTEX_POINT('',#4975);
#4975 = CARTESIAN_POINT('',(-1.27,-1.016,0.));
#4976 = LINE('',#4977,#4978);
#4977 = CARTESIAN_POINT('',(-1.27,-1.016,0.));
#4978 = VECTOR('',#4979,1.);
#4979 = DIRECTION('',(0.,0.,1.));
#4980 = ORIENTED_EDGE('',*,*,#4981,.F.);
#4981 = EDGE_CURVE('',#4912,#4974,#4982,.T.);
#4982 = LINE('',#4983,#4984);
#4983 = CARTESIAN_POINT('',(-1.27,1.016,0.));
#4984 = VECTOR('',#4985,1.);
#4985 = DIRECTION('',(0.,-1.,0.));
#4986 = PLANE('',#4987);
#4987 = AXIS2_PLACEMENT_3D('',#4988,#4989,#4990);
#4988 = CARTESIAN_POINT('',(-1.27,1.016,0.));
#4989 = DIRECTION('',(1.,0.,0.));
#4990 = DIRECTION('',(0.,-1.,0.));
#4991 = ADVANCED_FACE('',(#4992,#5035),#5069,.F.);
#4992 = FACE_BOUND('',#4993,.F.);
#4993 = EDGE_LOOP('',(#4994,#4995,#4996,#5004,#5012,#5020,#5028,#5034));
#4994 = ORIENTED_EDGE('',*,*,#4919,.T.);
#4995 = ORIENTED_EDGE('',*,*,#4981,.T.);
#4996 = ORIENTED_EDGE('',*,*,#4997,.T.);
#4997 = EDGE_CURVE('',#4974,#4998,#5000,.T.);
#4998 = VERTEX_POINT('',#4999);
#4999 = CARTESIAN_POINT('',(-1.016,-1.27,0.));
#5000 = LINE('',#5001,#5002);
#5001 = CARTESIAN_POINT('',(-1.27,-1.016,0.));
#5002 = VECTOR('',#5003,1.);
#5003 = DIRECTION('',(0.707106781187,-0.707106781187,0.));
#5004 = ORIENTED_EDGE('',*,*,#5005,.T.);
#5005 = EDGE_CURVE('',#4998,#5006,#5008,.T.);
#5006 = VERTEX_POINT('',#5007);
#5007 = CARTESIAN_POINT('',(1.016,-1.27,0.));
#5008 = LINE('',#5009,#5010);
#5009 = CARTESIAN_POINT('',(-1.016,-1.27,0.));
#5010 = VECTOR('',#5011,1.);
#5011 = DIRECTION('',(1.,0.,0.));
#5012 = ORIENTED_EDGE('',*,*,#5013,.T.);
#5013 = EDGE_CURVE('',#5006,#5014,#5016,.T.);
#5014 = VERTEX_POINT('',#5015);
#5015 = CARTESIAN_POINT('',(1.27,-1.016,0.));
#5016 = LINE('',#5017,#5018);
#5017 = CARTESIAN_POINT('',(1.016,-1.27,0.));
#5018 = VECTOR('',#5019,1.);
#5019 = DIRECTION('',(0.707106781187,0.707106781187,0.));
#5020 = ORIENTED_EDGE('',*,*,#5021,.T.);
#5021 = EDGE_CURVE('',#5014,#5022,#5024,.T.);
#5022 = VERTEX_POINT('',#5023);
#5023 = CARTESIAN_POINT('',(1.27,1.016,0.));
#5024 = LINE('',#5025,#5026);
#5025 = CARTESIAN_POINT('',(1.27,-1.016,0.));
#5026 = VECTOR('',#5027,1.);
#5027 = DIRECTION('',(0.,1.,0.));
#5028 = ORIENTED_EDGE('',*,*,#5029,.T.);
#5029 = EDGE_CURVE('',#5022,#4934,#5030,.T.);
#5030 = LINE('',#5031,#5032);
#5031 = CARTESIAN_POINT('',(1.27,1.016,0.));
#5032 = VECTOR('',#5033,1.);
#5033 = DIRECTION('',(-0.707106781187,0.707106781187,0.));
#5034 = ORIENTED_EDGE('',*,*,#4950,.T.);
#5035 = FACE_BOUND('',#5036,.F.);
#5036 = EDGE_LOOP('',(#5037,#5047,#5055,#5063));
#5037 = ORIENTED_EDGE('',*,*,#5038,.T.);
#5038 = EDGE_CURVE('',#5039,#5041,#5043,.T.);
#5039 = VERTEX_POINT('',#5040);
#5040 = CARTESIAN_POINT('',(0.32,-0.32,0.));
#5041 = VERTEX_POINT('',#5042);
#5042 = CARTESIAN_POINT('',(-0.32,-0.32,0.));
#5043 = LINE('',#5044,#5045);
#5044 = CARTESIAN_POINT('',(-0.16,-0.32,0.));
#5045 = VECTOR('',#5046,1.);
#5046 = DIRECTION('',(-1.,0.,0.));
#5047 = ORIENTED_EDGE('',*,*,#5048,.T.);
#5048 = EDGE_CURVE('',#5041,#5049,#5051,.T.);
#5049 = VERTEX_POINT('',#5050);
#5050 = CARTESIAN_POINT('',(-0.32,0.32,0.));
#5051 = LINE('',#5052,#5053);
#5052 = CARTESIAN_POINT('',(-0.32,-0.16,0.));
#5053 = VECTOR('',#5054,1.);
#5054 = DIRECTION('',(0.,1.,0.));
#5055 = ORIENTED_EDGE('',*,*,#5056,.F.);
#5056 = EDGE_CURVE('',#5057,#5049,#5059,.T.);
#5057 = VERTEX_POINT('',#5058);
#5058 = CARTESIAN_POINT('',(0.32,0.32,0.));
#5059 = LINE('',#5060,#5061);
#5060 = CARTESIAN_POINT('',(-0.16,0.32,0.));
#5061 = VECTOR('',#5062,1.);
#5062 = DIRECTION('',(-1.,0.,0.));
#5063 = ORIENTED_EDGE('',*,*,#5064,.F.);
#5064 = EDGE_CURVE('',#5039,#5057,#5065,.T.);
#5065 = LINE('',#5066,#5067);
#5066 = CARTESIAN_POINT('',(0.32,-0.16,0.));
#5067 = VECTOR('',#5068,1.);
#5068 = DIRECTION('',(0.,1.,0.));
#5069 = PLANE('',#5070);
#5070 = AXIS2_PLACEMENT_3D('',#5071,#5072,#5073);
#5071 = CARTESIAN_POINT('',(2.321466769849E-17,4.642933539699E-17,0.));
#5072 = DIRECTION('',(0.,0.,1.));
#5073 = DIRECTION('',(1.,0.,-0.));
#5074 = ADVANCED_FACE('',(#5075,#5118),#5152,.T.);
#5075 = FACE_BOUND('',#5076,.T.);
#5076 = EDGE_LOOP('',(#5077,#5078,#5079,#5087,#5095,#5103,#5111,#5117));
#5077 = ORIENTED_EDGE('',*,*,#4903,.T.);
#5078 = ORIENTED_EDGE('',*,*,#4965,.T.);
#5079 = ORIENTED_EDGE('',*,*,#5080,.T.);
#5080 = EDGE_CURVE('',#4966,#5081,#5083,.T.);
#5081 = VERTEX_POINT('',#5082);
#5082 = CARTESIAN_POINT('',(-1.016,-1.27,2.54));
#5083 = LINE('',#5084,#5085);
#5084 = CARTESIAN_POINT('',(-1.27,-1.016,2.54));
#5085 = VECTOR('',#5086,1.);
#5086 = DIRECTION('',(0.707106781187,-0.707106781187,0.));
#5087 = ORIENTED_EDGE('',*,*,#5088,.T.);
#5088 = EDGE_CURVE('',#5081,#5089,#5091,.T.);
#5089 = VERTEX_POINT('',#5090);
#5090 = CARTESIAN_POINT('',(1.016,-1.27,2.54));
#5091 = LINE('',#5092,#5093);
#5092 = CARTESIAN_POINT('',(-1.016,-1.27,2.54));
#5093 = VECTOR('',#5094,1.);
#5094 = DIRECTION('',(1.,0.,0.));
#5095 = ORIENTED_EDGE('',*,*,#5096,.T.);
#5096 = EDGE_CURVE('',#5089,#5097,#5099,.T.);
#5097 = VERTEX_POINT('',#5098);
#5098 = CARTESIAN_POINT('',(1.27,-1.016,2.54));
#5099 = LINE('',#5100,#5101);
#5100 = CARTESIAN_POINT('',(1.016,-1.27,2.54));
#5101 = VECTOR('',#5102,1.);
#5102 = DIRECTION('',(0.707106781187,0.707106781187,0.));
#5103 = ORIENTED_EDGE('',*,*,#5104,.T.);
#5104 = EDGE_CURVE('',#5097,#5105,#5107,.T.);
#5105 = VERTEX_POINT('',#5106);
#5106 = CARTESIAN_POINT('',(1.27,1.016,2.54));
#5107 = LINE('',#5108,#5109);
#5108 = CARTESIAN_POINT('',(1.27,-1.016,2.54));
#5109 = VECTOR('',#5110,1.);
#5110 = DIRECTION('',(0.,1.,0.));
#5111 = ORIENTED_EDGE('',*,*,#5112,.T.);
#5112 = EDGE_CURVE('',#5105,#4936,#5113,.T.);
#5113 = LINE('',#5114,#5115);
#5114 = CARTESIAN_POINT('',(1.27,1.016,2.54));
#5115 = VECTOR('',#5116,1.);
#5116 = DIRECTION('',(-0.707106781187,0.707106781187,0.));
#5117 = ORIENTED_EDGE('',*,*,#4943,.T.);
#5118 = FACE_BOUND('',#5119,.T.);
#5119 = EDGE_LOOP('',(#5120,#5130,#5138,#5146));
#5120 = ORIENTED_EDGE('',*,*,#5121,.T.);
#5121 = EDGE_CURVE('',#5122,#5124,#5126,.T.);
#5122 = VERTEX_POINT('',#5123);
#5123 = CARTESIAN_POINT('',(0.32,-0.32,2.54));
#5124 = VERTEX_POINT('',#5125);
#5125 = CARTESIAN_POINT('',(-0.32,-0.32,2.54));
#5126 = LINE('',#5127,#5128);
#5127 = CARTESIAN_POINT('',(-0.16,-0.32,2.54));
#5128 = VECTOR('',#5129,1.);
#5129 = DIRECTION('',(-1.,0.,0.));
#5130 = ORIENTED_EDGE('',*,*,#5131,.T.);
#5131 = EDGE_CURVE('',#5124,#5132,#5134,.T.);
#5132 = VERTEX_POINT('',#5133);
#5133 = CARTESIAN_POINT('',(-0.32,0.32,2.54));
#5134 = LINE('',#5135,#5136);
#5135 = CARTESIAN_POINT('',(-0.32,-0.16,2.54));
#5136 = VECTOR('',#5137,1.);
#5137 = DIRECTION('',(0.,1.,0.));
#5138 = ORIENTED_EDGE('',*,*,#5139,.F.);
#5139 = EDGE_CURVE('',#5140,#5132,#5142,.T.);
#5140 = VERTEX_POINT('',#5141);
#5141 = CARTESIAN_POINT('',(0.32,0.32,2.54));
#5142 = LINE('',#5143,#5144);
#5143 = CARTESIAN_POINT('',(-0.16,0.32,2.54));
#5144 = VECTOR('',#5145,1.);
#5145 = DIRECTION('',(-1.,0.,0.));
#5146 = ORIENTED_EDGE('',*,*,#5147,.F.);
#5147 = EDGE_CURVE('',#5122,#5140,#5148,.T.);
#5148 = LINE('',#5149,#5150);
#5149 = CARTESIAN_POINT('',(0.32,-0.16,2.54));
#5150 = VECTOR('',#5151,1.);
#5151 = DIRECTION('',(0.,1.,0.));
#5152 = PLANE('',#5153);
#5153 = AXIS2_PLACEMENT_3D('',#5154,#5155,#5156);
#5154 = CARTESIAN_POINT('',(2.321466769849E-17,4.642933539699E-17,2.54)
  );
#5155 = DIRECTION('',(0.,0.,1.));
#5156 = DIRECTION('',(1.,0.,-0.));
#5157 = ADVANCED_FACE('',(#5158),#5169,.F.);
#5158 = FACE_BOUND('',#5159,.F.);
#5159 = EDGE_LOOP('',(#5160,#5166,#5167,#5168));
#5160 = ORIENTED_EDGE('',*,*,#5161,.T.);
#5161 = EDGE_CURVE('',#5022,#5105,#5162,.T.);
#5162 = LINE('',#5163,#5164);
#5163 = CARTESIAN_POINT('',(1.27,1.016,0.));
#5164 = VECTOR('',#5165,1.);
#5165 = DIRECTION('',(0.,0.,1.));
#5166 = ORIENTED_EDGE('',*,*,#5112,.T.);
#5167 = ORIENTED_EDGE('',*,*,#4933,.F.);
#5168 = ORIENTED_EDGE('',*,*,#5029,.F.);
#5169 = PLANE('',#5170);
#5170 = AXIS2_PLACEMENT_3D('',#5171,#5172,#5173);
#5171 = CARTESIAN_POINT('',(1.27,1.016,0.));
#5172 = DIRECTION('',(-0.707106781187,-0.707106781187,0.));
#5173 = DIRECTION('',(-0.707106781187,0.707106781187,0.));
#5174 = ADVANCED_FACE('',(#5175),#5186,.F.);
#5175 = FACE_BOUND('',#5176,.F.);
#5176 = EDGE_LOOP('',(#5177,#5178,#5179,#5185));
#5177 = ORIENTED_EDGE('',*,*,#4973,.T.);
#5178 = ORIENTED_EDGE('',*,*,#5080,.T.);
#5179 = ORIENTED_EDGE('',*,*,#5180,.F.);
#5180 = EDGE_CURVE('',#4998,#5081,#5181,.T.);
#5181 = LINE('',#5182,#5183);
#5182 = CARTESIAN_POINT('',(-1.016,-1.27,0.));
#5183 = VECTOR('',#5184,1.);
#5184 = DIRECTION('',(0.,0.,1.));
#5185 = ORIENTED_EDGE('',*,*,#4997,.F.);
#5186 = PLANE('',#5187);
#5187 = AXIS2_PLACEMENT_3D('',#5188,#5189,#5190);
#5188 = CARTESIAN_POINT('',(-1.27,-1.016,0.));
#5189 = DIRECTION('',(0.707106781187,0.707106781187,0.));
#5190 = DIRECTION('',(0.707106781187,-0.707106781187,0.));
#5191 = ADVANCED_FACE('',(#5192),#5203,.F.);
#5192 = FACE_BOUND('',#5193,.F.);
#5193 = EDGE_LOOP('',(#5194,#5200,#5201,#5202));
#5194 = ORIENTED_EDGE('',*,*,#5195,.T.);
#5195 = EDGE_CURVE('',#5014,#5097,#5196,.T.);
#5196 = LINE('',#5197,#5198);
#5197 = CARTESIAN_POINT('',(1.27,-1.016,0.));
#5198 = VECTOR('',#5199,1.);
#5199 = DIRECTION('',(0.,0.,1.));
#5200 = ORIENTED_EDGE('',*,*,#5104,.T.);
#5201 = ORIENTED_EDGE('',*,*,#5161,.F.);
#5202 = ORIENTED_EDGE('',*,*,#5021,.F.);
#5203 = PLANE('',#5204);
#5204 = AXIS2_PLACEMENT_3D('',#5205,#5206,#5207);
#5205 = CARTESIAN_POINT('',(1.27,-1.016,0.));
#5206 = DIRECTION('',(-1.,0.,0.));
#5207 = DIRECTION('',(0.,1.,0.));
#5208 = ADVANCED_FACE('',(#5209),#5220,.F.);
#5209 = FACE_BOUND('',#5210,.F.);
#5210 = EDGE_LOOP('',(#5211,#5212,#5213,#5219));
#5211 = ORIENTED_EDGE('',*,*,#5180,.T.);
#5212 = ORIENTED_EDGE('',*,*,#5088,.T.);
#5213 = ORIENTED_EDGE('',*,*,#5214,.F.);
#5214 = EDGE_CURVE('',#5006,#5089,#5215,.T.);
#5215 = LINE('',#5216,#5217);
#5216 = CARTESIAN_POINT('',(1.016,-1.27,0.));
#5217 = VECTOR('',#5218,1.);
#5218 = DIRECTION('',(0.,0.,1.));
#5219 = ORIENTED_EDGE('',*,*,#5005,.F.);
#5220 = PLANE('',#5221);
#5221 = AXIS2_PLACEMENT_3D('',#5222,#5223,#5224);
#5222 = CARTESIAN_POINT('',(-1.016,-1.27,0.));
#5223 = DIRECTION('',(0.,1.,0.));
#5224 = DIRECTION('',(1.,0.,0.));
#5225 = ADVANCED_FACE('',(#5226),#5232,.F.);
#5226 = FACE_BOUND('',#5227,.F.);
#5227 = EDGE_LOOP('',(#5228,#5229,#5230,#5231));
#5228 = ORIENTED_EDGE('',*,*,#5214,.T.);
#5229 = ORIENTED_EDGE('',*,*,#5096,.T.);
#5230 = ORIENTED_EDGE('',*,*,#5195,.F.);
#5231 = ORIENTED_EDGE('',*,*,#5013,.F.);
#5232 = PLANE('',#5233);
#5233 = AXIS2_PLACEMENT_3D('',#5234,#5235,#5236);
#5234 = CARTESIAN_POINT('',(1.016,-1.27,0.));
#5235 = DIRECTION('',(-0.707106781187,0.707106781187,0.));
#5236 = DIRECTION('',(0.707106781187,0.707106781187,0.));
#5237 = ADVANCED_FACE('',(#5238),#5263,.F.);
#5238 = FACE_BOUND('',#5239,.F.);
#5239 = EDGE_LOOP('',(#5240,#5248,#5256,#5262));
#5240 = ORIENTED_EDGE('',*,*,#5241,.F.);
#5241 = EDGE_CURVE('',#5242,#5039,#5244,.T.);
#5242 = VERTEX_POINT('',#5243);
#5243 = CARTESIAN_POINT('',(0.32,-0.32,-2.84));
#5244 = LINE('',#5245,#5246);
#5245 = CARTESIAN_POINT('',(0.32,-0.32,-3.));
#5246 = VECTOR('',#5247,1.);
#5247 = DIRECTION('',(0.,0.,1.));
#5248 = ORIENTED_EDGE('',*,*,#5249,.F.);
#5249 = EDGE_CURVE('',#5250,#5242,#5252,.T.);
#5250 = VERTEX_POINT('',#5251);
#5251 = CARTESIAN_POINT('',(-0.32,-0.32,-2.84));
#5252 = LINE('',#5253,#5254);
#5253 = CARTESIAN_POINT('',(-0.32,-0.32,-2.84));
#5254 = VECTOR('',#5255,1.);
#5255 = DIRECTION('',(1.,0.,0.));
#5256 = ORIENTED_EDGE('',*,*,#5257,.T.);
#5257 = EDGE_CURVE('',#5250,#5041,#5258,.T.);
#5258 = LINE('',#5259,#5260);
#5259 = CARTESIAN_POINT('',(-0.32,-0.32,-3.));
#5260 = VECTOR('',#5261,1.);
#5261 = DIRECTION('',(0.,0.,1.));
#5262 = ORIENTED_EDGE('',*,*,#5038,.F.);
#5263 = PLANE('',#5264);
#5264 = AXIS2_PLACEMENT_3D('',#5265,#5266,#5267);
#5265 = CARTESIAN_POINT('',(-0.32,-0.32,-3.));
#5266 = DIRECTION('',(0.,1.,0.));
#5267 = DIRECTION('',(0.,-0.,1.));
#5268 = ADVANCED_FACE('',(#5269),#5287,.T.);
#5269 = FACE_BOUND('',#5270,.T.);
#5270 = EDGE_LOOP('',(#5271,#5272,#5280,#5286));
#5271 = ORIENTED_EDGE('',*,*,#5241,.F.);
#5272 = ORIENTED_EDGE('',*,*,#5273,.T.);
#5273 = EDGE_CURVE('',#5242,#5274,#5276,.T.);
#5274 = VERTEX_POINT('',#5275);
#5275 = CARTESIAN_POINT('',(0.32,0.32,-2.84));
#5276 = LINE('',#5277,#5278);
#5277 = CARTESIAN_POINT('',(0.32,-0.32,-2.84));
#5278 = VECTOR('',#5279,1.);
#5279 = DIRECTION('',(0.,1.,0.));
#5280 = ORIENTED_EDGE('',*,*,#5281,.T.);
#5281 = EDGE_CURVE('',#5274,#5057,#5282,.T.);
#5282 = LINE('',#5283,#5284);
#5283 = CARTESIAN_POINT('',(0.32,0.32,-3.));
#5284 = VECTOR('',#5285,1.);
#5285 = DIRECTION('',(0.,0.,1.));
#5286 = ORIENTED_EDGE('',*,*,#5064,.F.);
#5287 = PLANE('',#5288);
#5288 = AXIS2_PLACEMENT_3D('',#5289,#5290,#5291);
#5289 = CARTESIAN_POINT('',(0.32,-0.32,-3.));
#5290 = DIRECTION('',(1.,0.,0.));
#5291 = DIRECTION('',(0.,0.,1.));
#5292 = ADVANCED_FACE('',(#5293),#5311,.T.);
#5293 = FACE_BOUND('',#5294,.T.);
#5294 = EDGE_LOOP('',(#5295,#5296,#5304,#5310));
#5295 = ORIENTED_EDGE('',*,*,#5281,.F.);
#5296 = ORIENTED_EDGE('',*,*,#5297,.F.);
#5297 = EDGE_CURVE('',#5298,#5274,#5300,.T.);
#5298 = VERTEX_POINT('',#5299);
#5299 = CARTESIAN_POINT('',(-0.32,0.32,-2.84));
#5300 = LINE('',#5301,#5302);
#5301 = CARTESIAN_POINT('',(-0.32,0.32,-2.84));
#5302 = VECTOR('',#5303,1.);
#5303 = DIRECTION('',(1.,0.,0.));
#5304 = ORIENTED_EDGE('',*,*,#5305,.T.);
#5305 = EDGE_CURVE('',#5298,#5049,#5306,.T.);
#5306 = LINE('',#5307,#5308);
#5307 = CARTESIAN_POINT('',(-0.32,0.32,-3.));
#5308 = VECTOR('',#5309,1.);
#5309 = DIRECTION('',(0.,0.,1.));
#5310 = ORIENTED_EDGE('',*,*,#5056,.F.);
#5311 = PLANE('',#5312);
#5312 = AXIS2_PLACEMENT_3D('',#5313,#5314,#5315);
#5313 = CARTESIAN_POINT('',(-0.32,0.32,-3.));
#5314 = DIRECTION('',(0.,1.,0.));
#5315 = DIRECTION('',(0.,-0.,1.));
#5316 = ADVANCED_FACE('',(#5317),#5328,.F.);
#5317 = FACE_BOUND('',#5318,.F.);
#5318 = EDGE_LOOP('',(#5319,#5320,#5326,#5327));
#5319 = ORIENTED_EDGE('',*,*,#5257,.F.);
#5320 = ORIENTED_EDGE('',*,*,#5321,.T.);
#5321 = EDGE_CURVE('',#5250,#5298,#5322,.T.);
#5322 = LINE('',#5323,#5324);
#5323 = CARTESIAN_POINT('',(-0.32,-0.32,-2.84));
#5324 = VECTOR('',#5325,1.);
#5325 = DIRECTION('',(0.,1.,0.));
#5326 = ORIENTED_EDGE('',*,*,#5305,.T.);
#5327 = ORIENTED_EDGE('',*,*,#5048,.F.);
#5328 = PLANE('',#5329);
#5329 = AXIS2_PLACEMENT_3D('',#5330,#5331,#5332);
#5330 = CARTESIAN_POINT('',(-0.32,-0.32,-3.));
#5331 = DIRECTION('',(1.,0.,0.));
#5332 = DIRECTION('',(0.,0.,1.));
#5333 = ADVANCED_FACE('',(#5334),#5359,.F.);
#5334 = FACE_BOUND('',#5335,.F.);
#5335 = EDGE_LOOP('',(#5336,#5344,#5345,#5353));
#5336 = ORIENTED_EDGE('',*,*,#5337,.F.);
#5337 = EDGE_CURVE('',#5122,#5338,#5340,.T.);
#5338 = VERTEX_POINT('',#5339);
#5339 = CARTESIAN_POINT('',(0.32,-0.32,8.38));
#5340 = LINE('',#5341,#5342);
#5341 = CARTESIAN_POINT('',(0.32,-0.32,-3.));
#5342 = VECTOR('',#5343,1.);
#5343 = DIRECTION('',(0.,0.,1.));
#5344 = ORIENTED_EDGE('',*,*,#5121,.T.);
#5345 = ORIENTED_EDGE('',*,*,#5346,.T.);
#5346 = EDGE_CURVE('',#5124,#5347,#5349,.T.);
#5347 = VERTEX_POINT('',#5348);
#5348 = CARTESIAN_POINT('',(-0.32,-0.32,8.38));
#5349 = LINE('',#5350,#5351);
#5350 = CARTESIAN_POINT('',(-0.32,-0.32,-3.));
#5351 = VECTOR('',#5352,1.);
#5352 = DIRECTION('',(0.,0.,1.));
#5353 = ORIENTED_EDGE('',*,*,#5354,.T.);
#5354 = EDGE_CURVE('',#5347,#5338,#5355,.T.);
#5355 = LINE('',#5356,#5357);
#5356 = CARTESIAN_POINT('',(-0.32,-0.32,8.38));
#5357 = VECTOR('',#5358,1.);
#5358 = DIRECTION('',(1.,0.,0.));
#5359 = PLANE('',#5360);
#5360 = AXIS2_PLACEMENT_3D('',#5361,#5362,#5363);
#5361 = CARTESIAN_POINT('',(-0.32,-0.32,-3.));
#5362 = DIRECTION('',(0.,1.,0.));
#5363 = DIRECTION('',(0.,-0.,1.));
#5364 = ADVANCED_FACE('',(#5365),#5383,.T.);
#5365 = FACE_BOUND('',#5366,.T.);
#5366 = EDGE_LOOP('',(#5367,#5368,#5369,#5377));
#5367 = ORIENTED_EDGE('',*,*,#5337,.F.);
#5368 = ORIENTED_EDGE('',*,*,#5147,.T.);
#5369 = ORIENTED_EDGE('',*,*,#5370,.T.);
#5370 = EDGE_CURVE('',#5140,#5371,#5373,.T.);
#5371 = VERTEX_POINT('',#5372);
#5372 = CARTESIAN_POINT('',(0.32,0.32,8.38));
#5373 = LINE('',#5374,#5375);
#5374 = CARTESIAN_POINT('',(0.32,0.32,-3.));
#5375 = VECTOR('',#5376,1.);
#5376 = DIRECTION('',(0.,0.,1.));
#5377 = ORIENTED_EDGE('',*,*,#5378,.F.);
#5378 = EDGE_CURVE('',#5338,#5371,#5379,.T.);
#5379 = LINE('',#5380,#5381);
#5380 = CARTESIAN_POINT('',(0.32,-0.32,8.38));
#5381 = VECTOR('',#5382,1.);
#5382 = DIRECTION('',(0.,1.,0.));
#5383 = PLANE('',#5384);
#5384 = AXIS2_PLACEMENT_3D('',#5385,#5386,#5387);
#5385 = CARTESIAN_POINT('',(0.32,-0.32,-3.));
#5386 = DIRECTION('',(1.,0.,0.));
#5387 = DIRECTION('',(0.,0.,1.));
#5388 = ADVANCED_FACE('',(#5389),#5407,.T.);
#5389 = FACE_BOUND('',#5390,.T.);
#5390 = EDGE_LOOP('',(#5391,#5392,#5393,#5401));
#5391 = ORIENTED_EDGE('',*,*,#5370,.F.);
#5392 = ORIENTED_EDGE('',*,*,#5139,.T.);
#5393 = ORIENTED_EDGE('',*,*,#5394,.T.);
#5394 = EDGE_CURVE('',#5132,#5395,#5397,.T.);
#5395 = VERTEX_POINT('',#5396);
#5396 = CARTESIAN_POINT('',(-0.32,0.32,8.38));
#5397 = LINE('',#5398,#5399);
#5398 = CARTESIAN_POINT('',(-0.32,0.32,-3.));
#5399 = VECTOR('',#5400,1.);
#5400 = DIRECTION('',(0.,0.,1.));
#5401 = ORIENTED_EDGE('',*,*,#5402,.T.);
#5402 = EDGE_CURVE('',#5395,#5371,#5403,.T.);
#5403 = LINE('',#5404,#5405);
#5404 = CARTESIAN_POINT('',(-0.32,0.32,8.38));
#5405 = VECTOR('',#5406,1.);
#5406 = DIRECTION('',(1.,0.,0.));
#5407 = PLANE('',#5408);
#5408 = AXIS2_PLACEMENT_3D('',#5409,#5410,#5411);
#5409 = CARTESIAN_POINT('',(-0.32,0.32,-3.));
#5410 = DIRECTION('',(0.,1.,0.));
#5411 = DIRECTION('',(0.,-0.,1.));
#5412 = ADVANCED_FACE('',(#5413),#5424,.F.);
#5413 = FACE_BOUND('',#5414,.F.);
#5414 = EDGE_LOOP('',(#5415,#5416,#5417,#5418));
#5415 = ORIENTED_EDGE('',*,*,#5346,.F.);
#5416 = ORIENTED_EDGE('',*,*,#5131,.T.);
#5417 = ORIENTED_EDGE('',*,*,#5394,.T.);
#5418 = ORIENTED_EDGE('',*,*,#5419,.F.);
#5419 = EDGE_CURVE('',#5347,#5395,#5420,.T.);
#5420 = LINE('',#5421,#5422);
#5421 = CARTESIAN_POINT('',(-0.32,-0.32,8.38));
#5422 = VECTOR('',#5423,1.);
#5423 = DIRECTION('',(0.,1.,0.));
#5424 = PLANE('',#5425);
#5425 = AXIS2_PLACEMENT_3D('',#5426,#5427,#5428);
#5426 = CARTESIAN_POINT('',(-0.32,-0.32,-3.));
#5427 = DIRECTION('',(1.,0.,0.));
#5428 = DIRECTION('',(0.,0.,1.));
#5429 = ADVANCED_FACE('',(#5430),#5455,.T.);
#5430 = FACE_BOUND('',#5431,.F.);
#5431 = EDGE_LOOP('',(#5432,#5440,#5441,#5449));
#5432 = ORIENTED_EDGE('',*,*,#5433,.F.);
#5433 = EDGE_CURVE('',#5250,#5434,#5436,.T.);
#5434 = VERTEX_POINT('',#5435);
#5435 = CARTESIAN_POINT('',(-0.16,-0.16,-3.));
#5436 = LINE('',#5437,#5438);
#5437 = CARTESIAN_POINT('',(-0.266666666667,-0.266666666667,
    -2.893333333333));
#5438 = VECTOR('',#5439,1.);
#5439 = DIRECTION('',(0.57735026919,0.57735026919,-0.57735026919));
#5440 = ORIENTED_EDGE('',*,*,#5249,.T.);
#5441 = ORIENTED_EDGE('',*,*,#5442,.T.);
#5442 = EDGE_CURVE('',#5242,#5443,#5445,.T.);
#5443 = VERTEX_POINT('',#5444);
#5444 = CARTESIAN_POINT('',(0.16,-0.16,-3.));
#5445 = LINE('',#5446,#5447);
#5446 = CARTESIAN_POINT('',(0.16,-0.16,-3.));
#5447 = VECTOR('',#5448,1.);
#5448 = DIRECTION('',(-0.57735026919,0.57735026919,-0.57735026919));
#5449 = ORIENTED_EDGE('',*,*,#5450,.F.);
#5450 = EDGE_CURVE('',#5434,#5443,#5451,.T.);
#5451 = LINE('',#5452,#5453);
#5452 = CARTESIAN_POINT('',(-0.32,-0.16,-3.));
#5453 = VECTOR('',#5454,1.);
#5454 = DIRECTION('',(1.,0.,0.));
#5455 = PLANE('',#5456);
#5456 = AXIS2_PLACEMENT_3D('',#5457,#5458,#5459);
#5457 = CARTESIAN_POINT('',(-0.32,-0.24,-2.92));
#5458 = DIRECTION('',(1.735167508357E-18,-0.707106781187,-0.707106781187
    ));
#5459 = DIRECTION('',(-1.,-1.226948711654E-18,-1.226948711654E-18));
#5460 = ADVANCED_FACE('',(#5461),#5479,.F.);
#5461 = FACE_BOUND('',#5462,.F.);
#5462 = EDGE_LOOP('',(#5463,#5464,#5465,#5473));
#5463 = ORIENTED_EDGE('',*,*,#5442,.F.);
#5464 = ORIENTED_EDGE('',*,*,#5273,.T.);
#5465 = ORIENTED_EDGE('',*,*,#5466,.T.);
#5466 = EDGE_CURVE('',#5274,#5467,#5469,.T.);
#5467 = VERTEX_POINT('',#5468);
#5468 = CARTESIAN_POINT('',(0.16,0.16,-3.));
#5469 = LINE('',#5470,#5471);
#5470 = CARTESIAN_POINT('',(5.333333333333E-02,5.333333333333E-02,
    -3.106666666667));
#5471 = VECTOR('',#5472,1.);
#5472 = DIRECTION('',(-0.57735026919,-0.57735026919,-0.57735026919));
#5473 = ORIENTED_EDGE('',*,*,#5474,.F.);
#5474 = EDGE_CURVE('',#5443,#5467,#5475,.T.);
#5475 = LINE('',#5476,#5477);
#5476 = CARTESIAN_POINT('',(0.16,-0.32,-3.));
#5477 = VECTOR('',#5478,1.);
#5478 = DIRECTION('',(0.,1.,0.));
#5479 = PLANE('',#5480);
#5480 = AXIS2_PLACEMENT_3D('',#5481,#5482,#5483);
#5481 = CARTESIAN_POINT('',(0.24,-0.32,-2.92));
#5482 = DIRECTION('',(-0.707106781187,1.735167508357E-18,0.707106781187)
  );
#5483 = DIRECTION('',(1.226948711654E-18,1.,-1.226948711654E-18));
#5484 = ADVANCED_FACE('',(#5485),#5503,.F.);
#5485 = FACE_BOUND('',#5486,.T.);
#5486 = EDGE_LOOP('',(#5487,#5495,#5496,#5497));
#5487 = ORIENTED_EDGE('',*,*,#5488,.F.);
#5488 = EDGE_CURVE('',#5298,#5489,#5491,.T.);
#5489 = VERTEX_POINT('',#5490);
#5490 = CARTESIAN_POINT('',(-0.16,0.16,-3.));
#5491 = LINE('',#5492,#5493);
#5492 = CARTESIAN_POINT('',(-0.16,0.16,-3.));
#5493 = VECTOR('',#5494,1.);
#5494 = DIRECTION('',(0.57735026919,-0.57735026919,-0.57735026919));
#5495 = ORIENTED_EDGE('',*,*,#5297,.T.);
#5496 = ORIENTED_EDGE('',*,*,#5466,.T.);
#5497 = ORIENTED_EDGE('',*,*,#5498,.F.);
#5498 = EDGE_CURVE('',#5489,#5467,#5499,.T.);
#5499 = LINE('',#5500,#5501);
#5500 = CARTESIAN_POINT('',(-0.32,0.16,-3.));
#5501 = VECTOR('',#5502,1.);
#5502 = DIRECTION('',(1.,0.,0.));
#5503 = PLANE('',#5504);
#5504 = AXIS2_PLACEMENT_3D('',#5505,#5506,#5507);
#5505 = CARTESIAN_POINT('',(-0.32,0.24,-2.92));
#5506 = DIRECTION('',(-1.735167508357E-18,-0.707106781187,0.707106781187
    ));
#5507 = DIRECTION('',(-1.,1.226948711654E-18,-1.226948711654E-18));
#5508 = ADVANCED_FACE('',(#5509),#5520,.T.);
#5509 = FACE_BOUND('',#5510,.T.);
#5510 = EDGE_LOOP('',(#5511,#5512,#5513,#5514));
#5511 = ORIENTED_EDGE('',*,*,#5433,.F.);
#5512 = ORIENTED_EDGE('',*,*,#5321,.T.);
#5513 = ORIENTED_EDGE('',*,*,#5488,.T.);
#5514 = ORIENTED_EDGE('',*,*,#5515,.F.);
#5515 = EDGE_CURVE('',#5434,#5489,#5516,.T.);
#5516 = LINE('',#5517,#5518);
#5517 = CARTESIAN_POINT('',(-0.16,-0.32,-3.));
#5518 = VECTOR('',#5519,1.);
#5519 = DIRECTION('',(0.,1.,0.));
#5520 = PLANE('',#5521);
#5521 = AXIS2_PLACEMENT_3D('',#5522,#5523,#5524);
#5522 = CARTESIAN_POINT('',(-0.24,-0.32,-2.92));
#5523 = DIRECTION('',(-0.707106781187,-1.735167508357E-18,
    -0.707106781187));
#5524 = DIRECTION('',(-1.226948711654E-18,1.,-1.226948711654E-18));
#5525 = ADVANCED_FACE('',(#5526),#5551,.F.);
#5526 = FACE_BOUND('',#5527,.T.);
#5527 = EDGE_LOOP('',(#5528,#5536,#5537,#5545));
#5528 = ORIENTED_EDGE('',*,*,#5529,.F.);
#5529 = EDGE_CURVE('',#5347,#5530,#5532,.T.);
#5530 = VERTEX_POINT('',#5531);
#5531 = CARTESIAN_POINT('',(-0.16,-0.16,8.54));
#5532 = LINE('',#5533,#5534);
#5533 = CARTESIAN_POINT('',(-0.266666666667,-0.266666666667,
    8.433333333333));
#5534 = VECTOR('',#5535,1.);
#5535 = DIRECTION('',(0.57735026919,0.57735026919,0.57735026919));
#5536 = ORIENTED_EDGE('',*,*,#5354,.T.);
#5537 = ORIENTED_EDGE('',*,*,#5538,.T.);
#5538 = EDGE_CURVE('',#5338,#5539,#5541,.T.);
#5539 = VERTEX_POINT('',#5540);
#5540 = CARTESIAN_POINT('',(0.16,-0.16,8.54));
#5541 = LINE('',#5542,#5543);
#5542 = CARTESIAN_POINT('',(0.16,-0.16,8.54));
#5543 = VECTOR('',#5544,1.);
#5544 = DIRECTION('',(-0.57735026919,0.57735026919,0.57735026919));
#5545 = ORIENTED_EDGE('',*,*,#5546,.F.);
#5546 = EDGE_CURVE('',#5530,#5539,#5547,.T.);
#5547 = LINE('',#5548,#5549);
#5548 = CARTESIAN_POINT('',(-0.32,-0.16,8.54));
#5549 = VECTOR('',#5550,1.);
#5550 = DIRECTION('',(1.,0.,0.));
#5551 = PLANE('',#5552);
#5552 = AXIS2_PLACEMENT_3D('',#5553,#5554,#5555);
#5553 = CARTESIAN_POINT('',(-0.32,-0.24,8.46));
#5554 = DIRECTION('',(-1.735167508357E-18,0.707106781187,-0.707106781187
    ));
#5555 = DIRECTION('',(-1.,-1.226948711654E-18,1.226948711654E-18));
#5556 = ADVANCED_FACE('',(#5557),#5575,.T.);
#5557 = FACE_BOUND('',#5558,.T.);
#5558 = EDGE_LOOP('',(#5559,#5560,#5561,#5569));
#5559 = ORIENTED_EDGE('',*,*,#5538,.F.);
#5560 = ORIENTED_EDGE('',*,*,#5378,.T.);
#5561 = ORIENTED_EDGE('',*,*,#5562,.T.);
#5562 = EDGE_CURVE('',#5371,#5563,#5565,.T.);
#5563 = VERTEX_POINT('',#5564);
#5564 = CARTESIAN_POINT('',(0.16,0.16,8.54));
#5565 = LINE('',#5566,#5567);
#5566 = CARTESIAN_POINT('',(5.333333333333E-02,5.333333333333E-02,
    8.646666666667));
#5567 = VECTOR('',#5568,1.);
#5568 = DIRECTION('',(-0.57735026919,-0.57735026919,0.57735026919));
#5569 = ORIENTED_EDGE('',*,*,#5570,.F.);
#5570 = EDGE_CURVE('',#5539,#5563,#5571,.T.);
#5571 = LINE('',#5572,#5573);
#5572 = CARTESIAN_POINT('',(0.16,-0.32,8.54));
#5573 = VECTOR('',#5574,1.);
#5574 = DIRECTION('',(0.,1.,0.));
#5575 = PLANE('',#5576);
#5576 = AXIS2_PLACEMENT_3D('',#5577,#5578,#5579);
#5577 = CARTESIAN_POINT('',(0.24,-0.32,8.46));
#5578 = DIRECTION('',(0.707106781187,-1.735167508357E-18,0.707106781187)
  );
#5579 = DIRECTION('',(1.226948711654E-18,1.,1.226948711654E-18));
#5580 = ADVANCED_FACE('',(#5581),#5599,.T.);
#5581 = FACE_BOUND('',#5582,.F.);
#5582 = EDGE_LOOP('',(#5583,#5591,#5592,#5593));
#5583 = ORIENTED_EDGE('',*,*,#5584,.F.);
#5584 = EDGE_CURVE('',#5395,#5585,#5587,.T.);
#5585 = VERTEX_POINT('',#5586);
#5586 = CARTESIAN_POINT('',(-0.16,0.16,8.54));
#5587 = LINE('',#5588,#5589);
#5588 = CARTESIAN_POINT('',(-0.16,0.16,8.54));
#5589 = VECTOR('',#5590,1.);
#5590 = DIRECTION('',(0.57735026919,-0.57735026919,0.57735026919));
#5591 = ORIENTED_EDGE('',*,*,#5402,.T.);
#5592 = ORIENTED_EDGE('',*,*,#5562,.T.);
#5593 = ORIENTED_EDGE('',*,*,#5594,.F.);
#5594 = EDGE_CURVE('',#5585,#5563,#5595,.T.);
#5595 = LINE('',#5596,#5597);
#5596 = CARTESIAN_POINT('',(-0.32,0.16,8.54));
#5597 = VECTOR('',#5598,1.);
#5598 = DIRECTION('',(1.,0.,0.));
#5599 = PLANE('',#5600);
#5600 = AXIS2_PLACEMENT_3D('',#5601,#5602,#5603);
#5601 = CARTESIAN_POINT('',(-0.32,0.24,8.46));
#5602 = DIRECTION('',(1.735167508357E-18,0.707106781187,0.707106781187)
  );
#5603 = DIRECTION('',(-1.,1.226948711654E-18,1.226948711654E-18));
#5604 = ADVANCED_FACE('',(#5605),#5616,.F.);
#5605 = FACE_BOUND('',#5606,.F.);
#5606 = EDGE_LOOP('',(#5607,#5608,#5609,#5610));
#5607 = ORIENTED_EDGE('',*,*,#5529,.F.);
#5608 = ORIENTED_EDGE('',*,*,#5419,.T.);
#5609 = ORIENTED_EDGE('',*,*,#5584,.T.);
#5610 = ORIENTED_EDGE('',*,*,#5611,.F.);
#5611 = EDGE_CURVE('',#5530,#5585,#5612,.T.);
#5612 = LINE('',#5613,#5614);
#5613 = CARTESIAN_POINT('',(-0.16,-0.32,8.54));
#5614 = VECTOR('',#5615,1.);
#5615 = DIRECTION('',(0.,1.,0.));
#5616 = PLANE('',#5617);
#5617 = AXIS2_PLACEMENT_3D('',#5618,#5619,#5620);
#5618 = CARTESIAN_POINT('',(-0.24,-0.32,8.46));
#5619 = DIRECTION('',(0.707106781187,1.735167508357E-18,-0.707106781187)
  );
#5620 = DIRECTION('',(-1.226948711654E-18,1.,1.226948711654E-18));
#5621 = ADVANCED_FACE('',(#5622),#5628,.F.);
#5622 = FACE_BOUND('',#5623,.F.);
#5623 = EDGE_LOOP('',(#5624,#5625,#5626,#5627));
#5624 = ORIENTED_EDGE('',*,*,#5498,.F.);
#5625 = ORIENTED_EDGE('',*,*,#5515,.F.);
#5626 = ORIENTED_EDGE('',*,*,#5450,.T.);
#5627 = ORIENTED_EDGE('',*,*,#5474,.T.);
#5628 = PLANE('',#5629);
#5629 = AXIS2_PLACEMENT_3D('',#5630,#5631,#5632);
#5630 = CARTESIAN_POINT('',(-0.32,-0.32,-3.));
#5631 = DIRECTION('',(0.,0.,1.));
#5632 = DIRECTION('',(1.,0.,-0.));
#5633 = ADVANCED_FACE('',(#5634),#5640,.T.);
#5634 = FACE_BOUND('',#5635,.T.);
#5635 = EDGE_LOOP('',(#5636,#5637,#5638,#5639));
#5636 = ORIENTED_EDGE('',*,*,#5570,.T.);
#5637 = ORIENTED_EDGE('',*,*,#5594,.F.);
#5638 = ORIENTED_EDGE('',*,*,#5611,.F.);
#5639 = ORIENTED_EDGE('',*,*,#5546,.T.);
#5640 = PLANE('',#5641);
#5641 = AXIS2_PLACEMENT_3D('',#5642,#5643,#5644);
#5642 = CARTESIAN_POINT('',(-0.32,-0.32,8.54));
#5643 = DIRECTION('',(0.,0.,1.));
#5644 = DIRECTION('',(1.,0.,-0.));
#5645 = ( GEOMETRIC_REPRESENTATION_CONTEXT(3) 
GLOBAL_UNCERTAINTY_ASSIGNED_CONTEXT((#5649)) 
GLOBAL_UNIT_ASSIGNED_CONTEXT((#5646,#5647,#5648)) REPRESENTATION_CONTEXT
('Context #1','3D Context with UNIT and UNCERTAINTY') );
#5646 = ( LENGTH_UNIT() NAMED_UNIT(*) SI_UNIT(.MILLI.,.METRE.) );
#5647 = ( NAMED_UNIT(*) PLANE_ANGLE_UNIT() SI_UNIT($,.RADIAN.) );
#5648 = ( NAMED_UNIT(*) SI_UNIT($,.STERADIAN.) SOLID_ANGLE_UNIT() );
#5649 = UNCERTAINTY_MEASURE_WITH_UNIT(LENGTH_MEASURE(1.E-07),#5646,
  'distance_accuracy_value','confusion accuracy');
#5650 = CONTEXT_DEPENDENT_SHAPE_REPRESENTATION(#5651,#5653);
#5651 = ( REPRESENTATION_RELATIONSHIP('','',#4886,#4863) 
REPRESENTATION_RELATIONSHIP_WITH_TRANSFORMATION(#5652) 
SHAPE_REPRESENTATION_RELATIONSHIP() );
#5652 = ITEM_DEFINED_TRANSFORMATION('','',#11,#4864);
#5653 = PRODUCT_DEFINITION_SHAPE('Placement','Placement of an item',
  #5654);
#5654 = NEXT_ASSEMBLY_USAGE_OCCURRENCE('10','=>[0:1:1:12]','',#4858,
  #4881,$);
#5655 = PRODUCT_RELATED_PRODUCT_CATEGORY('part',$,(#4883));
#5656 = SHAPE_DEFINITION_REPRESENTATION(#5657,#5663);
#5657 = PRODUCT_DEFINITION_SHAPE('','',#5658);
#5658 = PRODUCT_DEFINITION('design','',#5659,#5662);
#5659 = PRODUCT_DEFINITION_FORMATION('','',#5660);
#5660 = PRODUCT('R_0603_1608Metric','R_0603_1608Metric','',(#5661));
#5661 = PRODUCT_CONTEXT('',#2,'mechanical');
#5662 = PRODUCT_DEFINITION_CONTEXT('part definition',#2,'design');
#5663 = SHAPE_REPRESENTATION('',(#11,#5664),#5668);
#5664 = AXIS2_PLACEMENT_3D('',#5665,#5666,#5667);
#5665 = CARTESIAN_POINT('',(0.,0.,0.));
#5666 = DIRECTION('',(0.,0.,1.));
#5667 = DIRECTION('',(1.,0.,-0.));
#5668 = ( GEOMETRIC_REPRESENTATION_CONTEXT(3) 
GLOBAL_UNCERTAINTY_ASSIGNED_CONTEXT((#5672)) 
GLOBAL_UNIT_ASSIGNED_CONTEXT((#5669,#5670,#5671)) REPRESENTATION_CONTEXT
('Context #1','3D Context with UNIT and UNCERTAINTY') );
#5669 = ( LENGTH_UNIT() NAMED_UNIT(*) SI_UNIT(.MILLI.,.METRE.) );
#5670 = ( NAMED_UNIT(*) PLANE_ANGLE_UNIT() SI_UNIT($,.RADIAN.) );
#5671 = ( NAMED_UNIT(*) SI_UNIT($,.STERADIAN.) SOLID_ANGLE_UNIT() );
#5672 = UNCERTAINTY_MEASURE_WITH_UNIT(LENGTH_MEASURE(1.E-07),#5669,
  'distance_accuracy_value','confusion accuracy');
#5673 = CONTEXT_DEPENDENT_SHAPE_REPRESENTATION(#5674,#5676);
#5674 = ( REPRESENTATION_RELATIONSHIP('','',#5663,#10) 
REPRESENTATION_RELATIONSHIP_WITH_TRANSFORMATION(#5675) 
SHAPE_REPRESENTATION_RELATIONSHIP() );
#5675 = ITEM_DEFINED_TRANSFORMATION('','',#11,#31);
#5676 = PRODUCT_DEFINITION_SHAPE('Placement','Placement of an item',
  #5677);
#5677 = NEXT_ASSEMBLY_USAGE_OCCURRENCE('13','R1','',#5,#5658,$);
#5678 = PRODUCT_RELATED_PRODUCT_CATEGORY('part',$,(#5660));
#5679 = SHAPE_DEFINITION_REPRESENTATION(#5680,#5686);
#5680 = PRODUCT_DEFINITION_SHAPE('','',#5681);
#5681 = PRODUCT_DEFINITION('design','',#5682,#5685);
#5682 = PRODUCT_DEFINITION_FORMATION('','',#5683);
#5683 = PRODUCT('R_0603_1608Metric','R_0603_1608Metric','',(#5684));
#5684 = PRODUCT_CONTEXT('',#2,'mechanical');
#5685 = PRODUCT_DEFINITION_CONTEXT('part definition',#2,'design');
#5686 = ADVANCED_BREP_SHAPE_REPRESENTATION('',(#11,#5687),#6477);
#5687 = MANIFOLD_SOLID_BREP('',#5688);
#5688 = CLOSED_SHELL('',(#5689,#5729,#5812,#5837,#5862,#5929,#5946,#5963
    ,#6012,#6029,#6046,#6095,#6112,#6181,#6212,#6236,#6305,#6329,#6346,
    #6363,#6380,#6397,#6414,#6431,#6448,#6465));
#5689 = ADVANCED_FACE('',(#5690),#5724,.F.);
#5690 = FACE_BOUND('',#5691,.F.);
#5691 = EDGE_LOOP('',(#5692,#5702,#5710,#5718));
#5692 = ORIENTED_EDGE('',*,*,#5693,.F.);
#5693 = EDGE_CURVE('',#5694,#5696,#5698,.T.);
#5694 = VERTEX_POINT('',#5695);
#5695 = CARTESIAN_POINT('',(-0.8,-0.4,4.5E-02));
#5696 = VERTEX_POINT('',#5697);
#5697 = CARTESIAN_POINT('',(-0.8,-0.4,0.405));
#5698 = LINE('',#5699,#5700);
#5699 = CARTESIAN_POINT('',(-0.8,-0.4,0.));
#5700 = VECTOR('',#5701,1.);
#5701 = DIRECTION('',(0.,0.,1.));
#5702 = ORIENTED_EDGE('',*,*,#5703,.T.);
#5703 = EDGE_CURVE('',#5694,#5704,#5706,.T.);
#5704 = VERTEX_POINT('',#5705);
#5705 = CARTESIAN_POINT('',(-0.8,0.4,4.5E-02));
#5706 = LINE('',#5707,#5708);
#5707 = CARTESIAN_POINT('',(-0.8,-0.4,4.5E-02));
#5708 = VECTOR('',#5709,1.);
#5709 = DIRECTION('',(0.,1.,0.));
#5710 = ORIENTED_EDGE('',*,*,#5711,.T.);
#5711 = EDGE_CURVE('',#5704,#5712,#5714,.T.);
#5712 = VERTEX_POINT('',#5713);
#5713 = CARTESIAN_POINT('',(-0.8,0.4,0.405));
#5714 = LINE('',#5715,#5716);
#5715 = CARTESIAN_POINT('',(-0.8,0.4,0.));
#5716 = VECTOR('',#5717,1.);
#5717 = DIRECTION('',(0.,0.,1.));
#5718 = ORIENTED_EDGE('',*,*,#5719,.F.);
#5719 = EDGE_CURVE('',#5696,#5712,#5720,.T.);
#5720 = LINE('',#5721,#5722);
#5721 = CARTESIAN_POINT('',(-0.8,-0.4,0.405));
#5722 = VECTOR('',#5723,1.);
#5723 = DIRECTION('',(0.,1.,0.));
#5724 = PLANE('',#5725);
#5725 = AXIS2_PLACEMENT_3D('',#5726,#5727,#5728);
#5726 = CARTESIAN_POINT('',(-0.8,-0.4,0.));
#5727 = DIRECTION('',(1.,0.,0.));
#5728 = DIRECTION('',(0.,0.,1.));
#5729 = ADVANCED_FACE('',(#5730),#5807,.F.);
#5730 = FACE_BOUND('',#5731,.F.);
#5731 = EDGE_LOOP('',(#5732,#5742,#5749,#5750,#5759,#5767,#5776,#5784,
    #5792,#5800));
#5732 = ORIENTED_EDGE('',*,*,#5733,.F.);
#5733 = EDGE_CURVE('',#5734,#5736,#5738,.T.);
#5734 = VERTEX_POINT('',#5735);
#5735 = CARTESIAN_POINT('',(-0.755,-0.4,-2.775557561563E-17));
#5736 = VERTEX_POINT('',#5737);
#5737 = CARTESIAN_POINT('',(-0.545,-0.4,-2.775557561563E-17));
#5738 = LINE('',#5739,#5740);
#5739 = CARTESIAN_POINT('',(-0.8,-0.4,0.));
#5740 = VECTOR('',#5741,1.);
#5741 = DIRECTION('',(1.,0.,0.));
#5742 = ORIENTED_EDGE('',*,*,#5743,.F.);
#5743 = EDGE_CURVE('',#5694,#5734,#5744,.T.);
#5744 = CIRCLE('',#5745,4.5E-02);
#5745 = AXIS2_PLACEMENT_3D('',#5746,#5747,#5748);
#5746 = CARTESIAN_POINT('',(-0.755,-0.4,4.5E-02));
#5747 = DIRECTION('',(0.,-1.,0.));
#5748 = DIRECTION('',(0.,0.,1.));
#5749 = ORIENTED_EDGE('',*,*,#5693,.T.);
#5750 = ORIENTED_EDGE('',*,*,#5751,.T.);
#5751 = EDGE_CURVE('',#5696,#5752,#5754,.T.);
#5752 = VERTEX_POINT('',#5753);
#5753 = CARTESIAN_POINT('',(-0.755,-0.4,0.45));
#5754 = CIRCLE('',#5755,4.5E-02);
#5755 = AXIS2_PLACEMENT_3D('',#5756,#5757,#5758);
#5756 = CARTESIAN_POINT('',(-0.755,-0.4,0.405));
#5757 = DIRECTION('',(0.,1.,0.));
#5758 = DIRECTION('',(0.,-0.,1.));
#5759 = ORIENTED_EDGE('',*,*,#5760,.T.);
#5760 = EDGE_CURVE('',#5752,#5761,#5763,.T.);
#5761 = VERTEX_POINT('',#5762);
#5762 = CARTESIAN_POINT('',(-0.545,-0.4,0.45));
#5763 = LINE('',#5764,#5765);
#5764 = CARTESIAN_POINT('',(-0.8,-0.4,0.45));
#5765 = VECTOR('',#5766,1.);
#5766 = DIRECTION('',(1.,0.,0.));
#5767 = ORIENTED_EDGE('',*,*,#5768,.F.);
#5768 = EDGE_CURVE('',#5769,#5761,#5771,.T.);
#5769 = VERTEX_POINT('',#5770);
#5770 = CARTESIAN_POINT('',(-0.5,-0.4,0.405));
#5771 = CIRCLE('',#5772,4.5E-02);
#5772 = AXIS2_PLACEMENT_3D('',#5773,#5774,#5775);
#5773 = CARTESIAN_POINT('',(-0.545,-0.4,0.405));
#5774 = DIRECTION('',(0.,-1.,0.));
#5775 = DIRECTION('',(0.,0.,1.));
#5776 = ORIENTED_EDGE('',*,*,#5777,.F.);
#5777 = EDGE_CURVE('',#5778,#5769,#5780,.T.);
#5778 = VERTEX_POINT('',#5779);
#5779 = CARTESIAN_POINT('',(-0.755,-0.4,0.405));
#5780 = LINE('',#5781,#5782);
#5781 = CARTESIAN_POINT('',(-0.755,-0.4,0.405));
#5782 = VECTOR('',#5783,1.);
#5783 = DIRECTION('',(1.,0.,0.));
#5784 = ORIENTED_EDGE('',*,*,#5785,.F.);
#5785 = EDGE_CURVE('',#5786,#5778,#5788,.T.);
#5786 = VERTEX_POINT('',#5787);
#5787 = CARTESIAN_POINT('',(-0.755,-0.4,4.5E-02));
#5788 = LINE('',#5789,#5790);
#5789 = CARTESIAN_POINT('',(-0.755,-0.4,4.5E-02));
#5790 = VECTOR('',#5791,1.);
#5791 = DIRECTION('',(0.,0.,1.));
#5792 = ORIENTED_EDGE('',*,*,#5793,.T.);
#5793 = EDGE_CURVE('',#5786,#5794,#5796,.T.);
#5794 = VERTEX_POINT('',#5795);
#5795 = CARTESIAN_POINT('',(-0.5,-0.4,4.5E-02));
#5796 = LINE('',#5797,#5798);
#5797 = CARTESIAN_POINT('',(-0.755,-0.4,4.5E-02));
#5798 = VECTOR('',#5799,1.);
#5799 = DIRECTION('',(1.,0.,0.));
#5800 = ORIENTED_EDGE('',*,*,#5801,.T.);
#5801 = EDGE_CURVE('',#5794,#5736,#5802,.T.);
#5802 = CIRCLE('',#5803,4.5E-02);
#5803 = AXIS2_PLACEMENT_3D('',#5804,#5805,#5806);
#5804 = CARTESIAN_POINT('',(-0.545,-0.4,4.5E-02));
#5805 = DIRECTION('',(0.,1.,0.));
#5806 = DIRECTION('',(0.,-0.,1.));
#5807 = PLANE('',#5808);
#5808 = AXIS2_PLACEMENT_3D('',#5809,#5810,#5811);
#5809 = CARTESIAN_POINT('',(-0.8,-0.4,0.));
#5810 = DIRECTION('',(0.,1.,0.));
#5811 = DIRECTION('',(0.,-0.,1.));
#5812 = ADVANCED_FACE('',(#5813),#5832,.T.);
#5813 = FACE_BOUND('',#5814,.T.);
#5814 = EDGE_LOOP('',(#5815,#5816,#5825,#5831));
#5815 = ORIENTED_EDGE('',*,*,#5703,.T.);
#5816 = ORIENTED_EDGE('',*,*,#5817,.T.);
#5817 = EDGE_CURVE('',#5704,#5818,#5820,.T.);
#5818 = VERTEX_POINT('',#5819);
#5819 = CARTESIAN_POINT('',(-0.755,0.4,-2.775557561563E-17));
#5820 = CIRCLE('',#5821,4.5E-02);
#5821 = AXIS2_PLACEMENT_3D('',#5822,#5823,#5824);
#5822 = CARTESIAN_POINT('',(-0.755,0.4,4.5E-02));
#5823 = DIRECTION('',(0.,-1.,0.));
#5824 = DIRECTION('',(0.,0.,1.));
#5825 = ORIENTED_EDGE('',*,*,#5826,.F.);
#5826 = EDGE_CURVE('',#5734,#5818,#5827,.T.);
#5827 = LINE('',#5828,#5829);
#5828 = CARTESIAN_POINT('',(-0.755,-0.4,-2.775557561563E-17));
#5829 = VECTOR('',#5830,1.);
#5830 = DIRECTION('',(0.,1.,0.));
#5831 = ORIENTED_EDGE('',*,*,#5743,.F.);
#5832 = CYLINDRICAL_SURFACE('',#5833,4.5E-02);
#5833 = AXIS2_PLACEMENT_3D('',#5834,#5835,#5836);
#5834 = CARTESIAN_POINT('',(-0.755,-0.4,4.5E-02));
#5835 = DIRECTION('',(0.,1.,0.));
#5836 = DIRECTION('',(-1.,0.,0.));
#5837 = ADVANCED_FACE('',(#5838),#5857,.T.);
#5838 = FACE_BOUND('',#5839,.T.);
#5839 = EDGE_LOOP('',(#5840,#5841,#5849,#5856));
#5840 = ORIENTED_EDGE('',*,*,#5751,.T.);
#5841 = ORIENTED_EDGE('',*,*,#5842,.T.);
#5842 = EDGE_CURVE('',#5752,#5843,#5845,.T.);
#5843 = VERTEX_POINT('',#5844);
#5844 = CARTESIAN_POINT('',(-0.755,0.4,0.45));
#5845 = LINE('',#5846,#5847);
#5846 = CARTESIAN_POINT('',(-0.755,-0.4,0.45));
#5847 = VECTOR('',#5848,1.);
#5848 = DIRECTION('',(0.,1.,0.));
#5849 = ORIENTED_EDGE('',*,*,#5850,.F.);
#5850 = EDGE_CURVE('',#5712,#5843,#5851,.T.);
#5851 = CIRCLE('',#5852,4.5E-02);
#5852 = AXIS2_PLACEMENT_3D('',#5853,#5854,#5855);
#5853 = CARTESIAN_POINT('',(-0.755,0.4,0.405));
#5854 = DIRECTION('',(0.,1.,0.));
#5855 = DIRECTION('',(0.,-0.,1.));
#5856 = ORIENTED_EDGE('',*,*,#5719,.F.);
#5857 = CYLINDRICAL_SURFACE('',#5858,4.5E-02);
#5858 = AXIS2_PLACEMENT_3D('',#5859,#5860,#5861);
#5859 = CARTESIAN_POINT('',(-0.755,-0.4,0.405));
#5860 = DIRECTION('',(0.,1.,0.));
#5861 = DIRECTION('',(-1.,0.,0.));
#5862 = ADVANCED_FACE('',(#5863),#5924,.T.);
#5863 = FACE_BOUND('',#5864,.T.);
#5864 = EDGE_LOOP('',(#5865,#5873,#5874,#5875,#5876,#5884,#5893,#5901,
    #5909,#5917));
#5865 = ORIENTED_EDGE('',*,*,#5866,.F.);
#5866 = EDGE_CURVE('',#5818,#5867,#5869,.T.);
#5867 = VERTEX_POINT('',#5868);
#5868 = CARTESIAN_POINT('',(-0.545,0.4,-2.775557561563E-17));
#5869 = LINE('',#5870,#5871);
#5870 = CARTESIAN_POINT('',(-0.8,0.4,0.));
#5871 = VECTOR('',#5872,1.);
#5872 = DIRECTION('',(1.,0.,0.));
#5873 = ORIENTED_EDGE('',*,*,#5817,.F.);
#5874 = ORIENTED_EDGE('',*,*,#5711,.T.);
#5875 = ORIENTED_EDGE('',*,*,#5850,.T.);
#5876 = ORIENTED_EDGE('',*,*,#5877,.T.);
#5877 = EDGE_CURVE('',#5843,#5878,#5880,.T.);
#5878 = VERTEX_POINT('',#5879);
#5879 = CARTESIAN_POINT('',(-0.545,0.4,0.45));
#5880 = LINE('',#5881,#5882);
#5881 = CARTESIAN_POINT('',(-0.8,0.4,0.45));
#5882 = VECTOR('',#5883,1.);
#5883 = DIRECTION('',(1.,0.,0.));
#5884 = ORIENTED_EDGE('',*,*,#5885,.F.);
#5885 = EDGE_CURVE('',#5886,#5878,#5888,.T.);
#5886 = VERTEX_POINT('',#5887);
#5887 = CARTESIAN_POINT('',(-0.5,0.4,0.405));
#5888 = CIRCLE('',#5889,4.5E-02);
#5889 = AXIS2_PLACEMENT_3D('',#5890,#5891,#5892);
#5890 = CARTESIAN_POINT('',(-0.545,0.4,0.405));
#5891 = DIRECTION('',(0.,-1.,0.));
#5892 = DIRECTION('',(0.,0.,1.));
#5893 = ORIENTED_EDGE('',*,*,#5894,.F.);
#5894 = EDGE_CURVE('',#5895,#5886,#5897,.T.);
#5895 = VERTEX_POINT('',#5896);
#5896 = CARTESIAN_POINT('',(-0.755,0.4,0.405));
#5897 = LINE('',#5898,#5899);
#5898 = CARTESIAN_POINT('',(-0.755,0.4,0.405));
#5899 = VECTOR('',#5900,1.);
#5900 = DIRECTION('',(1.,0.,0.));
#5901 = ORIENTED_EDGE('',*,*,#5902,.F.);
#5902 = EDGE_CURVE('',#5903,#5895,#5905,.T.);
#5903 = VERTEX_POINT('',#5904);
#5904 = CARTESIAN_POINT('',(-0.755,0.4,4.5E-02));
#5905 = LINE('',#5906,#5907);
#5906 = CARTESIAN_POINT('',(-0.755,0.4,4.5E-02));
#5907 = VECTOR('',#5908,1.);
#5908 = DIRECTION('',(0.,0.,1.));
#5909 = ORIENTED_EDGE('',*,*,#5910,.T.);
#5910 = EDGE_CURVE('',#5903,#5911,#5913,.T.);
#5911 = VERTEX_POINT('',#5912);
#5912 = CARTESIAN_POINT('',(-0.5,0.4,4.5E-02));
#5913 = LINE('',#5914,#5915);
#5914 = CARTESIAN_POINT('',(-0.755,0.4,4.5E-02));
#5915 = VECTOR('',#5916,1.);
#5916 = DIRECTION('',(1.,0.,0.));
#5917 = ORIENTED_EDGE('',*,*,#5918,.T.);
#5918 = EDGE_CURVE('',#5911,#5867,#5919,.T.);
#5919 = CIRCLE('',#5920,4.5E-02);
#5920 = AXIS2_PLACEMENT_3D('',#5921,#5922,#5923);
#5921 = CARTESIAN_POINT('',(-0.545,0.4,4.5E-02));
#5922 = DIRECTION('',(0.,1.,0.));
#5923 = DIRECTION('',(0.,-0.,1.));
#5924 = PLANE('',#5925);
#5925 = AXIS2_PLACEMENT_3D('',#5926,#5927,#5928);
#5926 = CARTESIAN_POINT('',(-0.8,0.4,0.));
#5927 = DIRECTION('',(0.,1.,0.));
#5928 = DIRECTION('',(0.,-0.,1.));
#5929 = ADVANCED_FACE('',(#5930),#5941,.F.);
#5930 = FACE_BOUND('',#5931,.F.);
#5931 = EDGE_LOOP('',(#5932,#5933,#5934,#5935));
#5932 = ORIENTED_EDGE('',*,*,#5866,.F.);
#5933 = ORIENTED_EDGE('',*,*,#5826,.F.);
#5934 = ORIENTED_EDGE('',*,*,#5733,.T.);
#5935 = ORIENTED_EDGE('',*,*,#5936,.T.);
#5936 = EDGE_CURVE('',#5736,#5867,#5937,.T.);
#5937 = LINE('',#5938,#5939);
#5938 = CARTESIAN_POINT('',(-0.545,-0.4,-2.775557561563E-17));
#5939 = VECTOR('',#5940,1.);
#5940 = DIRECTION('',(0.,1.,0.));
#5941 = PLANE('',#5942);
#5942 = AXIS2_PLACEMENT_3D('',#5943,#5944,#5945);
#5943 = CARTESIAN_POINT('',(-0.8,-0.4,0.));
#5944 = DIRECTION('',(0.,0.,1.));
#5945 = DIRECTION('',(1.,0.,-0.));
#5946 = ADVANCED_FACE('',(#5947),#5958,.T.);
#5947 = FACE_BOUND('',#5948,.T.);
#5948 = EDGE_LOOP('',(#5949,#5950,#5951,#5952));
#5949 = ORIENTED_EDGE('',*,*,#5801,.T.);
#5950 = ORIENTED_EDGE('',*,*,#5936,.T.);
#5951 = ORIENTED_EDGE('',*,*,#5918,.F.);
#5952 = ORIENTED_EDGE('',*,*,#5953,.F.);
#5953 = EDGE_CURVE('',#5794,#5911,#5954,.T.);
#5954 = LINE('',#5955,#5956);
#5955 = CARTESIAN_POINT('',(-0.5,-0.4,4.5E-02));
#5956 = VECTOR('',#5957,1.);
#5957 = DIRECTION('',(0.,1.,0.));
#5958 = CYLINDRICAL_SURFACE('',#5959,4.5E-02);
#5959 = AXIS2_PLACEMENT_3D('',#5960,#5961,#5962);
#5960 = CARTESIAN_POINT('',(-0.545,-0.4,4.5E-02));
#5961 = DIRECTION('',(0.,1.,0.));
#5962 = DIRECTION('',(1.,0.,0.));
#5963 = ADVANCED_FACE('',(#5964),#6007,.F.);
#5964 = FACE_BOUND('',#5965,.F.);
#5965 = EDGE_LOOP('',(#5966,#5967,#5968,#5969,#5977,#5985,#5993,#6001));
#5966 = ORIENTED_EDGE('',*,*,#5793,.F.);
#5967 = ORIENTED_EDGE('',*,*,#5785,.T.);
#5968 = ORIENTED_EDGE('',*,*,#5777,.T.);
#5969 = ORIENTED_EDGE('',*,*,#5970,.T.);
#5970 = EDGE_CURVE('',#5769,#5971,#5973,.T.);
#5971 = VERTEX_POINT('',#5972);
#5972 = CARTESIAN_POINT('',(0.5,-0.4,0.405));
#5973 = LINE('',#5974,#5975);
#5974 = CARTESIAN_POINT('',(-0.5,-0.4,0.405));
#5975 = VECTOR('',#5976,1.);
#5976 = DIRECTION('',(1.,0.,0.));
#5977 = ORIENTED_EDGE('',*,*,#5978,.T.);
#5978 = EDGE_CURVE('',#5971,#5979,#5981,.T.);
#5979 = VERTEX_POINT('',#5980);
#5980 = CARTESIAN_POINT('',(0.755,-0.4,0.405));
#5981 = LINE('',#5982,#5983);
#5982 = CARTESIAN_POINT('',(-0.755,-0.4,0.405));
#5983 = VECTOR('',#5984,1.);
#5984 = DIRECTION('',(1.,0.,0.));
#5985 = ORIENTED_EDGE('',*,*,#5986,.F.);
#5986 = EDGE_CURVE('',#5987,#5979,#5989,.T.);
#5987 = VERTEX_POINT('',#5988);
#5988 = CARTESIAN_POINT('',(0.755,-0.4,4.5E-02));
#5989 = LINE('',#5990,#5991);
#5990 = CARTESIAN_POINT('',(0.755,-0.4,4.5E-02));
#5991 = VECTOR('',#5992,1.);
#5992 = DIRECTION('',(0.,0.,1.));
#5993 = ORIENTED_EDGE('',*,*,#5994,.F.);
#5994 = EDGE_CURVE('',#5995,#5987,#5997,.T.);
#5995 = VERTEX_POINT('',#5996);
#5996 = CARTESIAN_POINT('',(0.5,-0.4,4.5E-02));
#5997 = LINE('',#5998,#5999);
#5998 = CARTESIAN_POINT('',(-0.755,-0.4,4.5E-02));
#5999 = VECTOR('',#6000,1.);
#6000 = DIRECTION('',(1.,0.,0.));
#6001 = ORIENTED_EDGE('',*,*,#6002,.F.);
#6002 = EDGE_CURVE('',#5794,#5995,#6003,.T.);
#6003 = LINE('',#6004,#6005);
#6004 = CARTESIAN_POINT('',(-0.755,-0.4,4.5E-02));
#6005 = VECTOR('',#6006,1.);
#6006 = DIRECTION('',(1.,0.,0.));
#6007 = PLANE('',#6008);
#6008 = AXIS2_PLACEMENT_3D('',#6009,#6010,#6011);
#6009 = CARTESIAN_POINT('',(-0.755,-0.4,4.5E-02));
#6010 = DIRECTION('',(0.,1.,0.));
#6011 = DIRECTION('',(0.,-0.,1.));
#6012 = ADVANCED_FACE('',(#6013),#6024,.T.);
#6013 = FACE_BOUND('',#6014,.T.);
#6014 = EDGE_LOOP('',(#6015,#6016,#6017,#6018));
#6015 = ORIENTED_EDGE('',*,*,#5877,.F.);
#6016 = ORIENTED_EDGE('',*,*,#5842,.F.);
#6017 = ORIENTED_EDGE('',*,*,#5760,.T.);
#6018 = ORIENTED_EDGE('',*,*,#6019,.T.);
#6019 = EDGE_CURVE('',#5761,#5878,#6020,.T.);
#6020 = LINE('',#6021,#6022);
#6021 = CARTESIAN_POINT('',(-0.545,-0.4,0.45));
#6022 = VECTOR('',#6023,1.);
#6023 = DIRECTION('',(0.,1.,0.));
#6024 = PLANE('',#6025);
#6025 = AXIS2_PLACEMENT_3D('',#6026,#6027,#6028);
#6026 = CARTESIAN_POINT('',(-0.8,-0.4,0.45));
#6027 = DIRECTION('',(0.,0.,1.));
#6028 = DIRECTION('',(1.,0.,-0.));
#6029 = ADVANCED_FACE('',(#6030),#6041,.T.);
#6030 = FACE_BOUND('',#6031,.T.);
#6031 = EDGE_LOOP('',(#6032,#6038,#6039,#6040));
#6032 = ORIENTED_EDGE('',*,*,#6033,.T.);
#6033 = EDGE_CURVE('',#5769,#5886,#6034,.T.);
#6034 = LINE('',#6035,#6036);
#6035 = CARTESIAN_POINT('',(-0.5,-0.4,0.405));
#6036 = VECTOR('',#6037,1.);
#6037 = DIRECTION('',(0.,1.,0.));
#6038 = ORIENTED_EDGE('',*,*,#5885,.T.);
#6039 = ORIENTED_EDGE('',*,*,#6019,.F.);
#6040 = ORIENTED_EDGE('',*,*,#5768,.F.);
#6041 = CYLINDRICAL_SURFACE('',#6042,4.5E-02);
#6042 = AXIS2_PLACEMENT_3D('',#6043,#6044,#6045);
#6043 = CARTESIAN_POINT('',(-0.545,-0.4,0.405));
#6044 = DIRECTION('',(0.,1.,0.));
#6045 = DIRECTION('',(1.,0.,0.));
#6046 = ADVANCED_FACE('',(#6047),#6090,.T.);
#6047 = FACE_BOUND('',#6048,.T.);
#6048 = EDGE_LOOP('',(#6049,#6050,#6051,#6052,#6060,#6068,#6076,#6084));
#6049 = ORIENTED_EDGE('',*,*,#5910,.F.);
#6050 = ORIENTED_EDGE('',*,*,#5902,.T.);
#6051 = ORIENTED_EDGE('',*,*,#5894,.T.);
#6052 = ORIENTED_EDGE('',*,*,#6053,.T.);
#6053 = EDGE_CURVE('',#5886,#6054,#6056,.T.);
#6054 = VERTEX_POINT('',#6055);
#6055 = CARTESIAN_POINT('',(0.5,0.4,0.405));
#6056 = LINE('',#6057,#6058);
#6057 = CARTESIAN_POINT('',(-0.5,0.4,0.405));
#6058 = VECTOR('',#6059,1.);
#6059 = DIRECTION('',(1.,0.,0.));
#6060 = ORIENTED_EDGE('',*,*,#6061,.T.);
#6061 = EDGE_CURVE('',#6054,#6062,#6064,.T.);
#6062 = VERTEX_POINT('',#6063);
#6063 = CARTESIAN_POINT('',(0.755,0.4,0.405));
#6064 = LINE('',#6065,#6066);
#6065 = CARTESIAN_POINT('',(-0.755,0.4,0.405));
#6066 = VECTOR('',#6067,1.);
#6067 = DIRECTION('',(1.,0.,0.));
#6068 = ORIENTED_EDGE('',*,*,#6069,.F.);
#6069 = EDGE_CURVE('',#6070,#6062,#6072,.T.);
#6070 = VERTEX_POINT('',#6071);
#6071 = CARTESIAN_POINT('',(0.755,0.4,4.5E-02));
#6072 = LINE('',#6073,#6074);
#6073 = CARTESIAN_POINT('',(0.755,0.4,4.5E-02));
#6074 = VECTOR('',#6075,1.);
#6075 = DIRECTION('',(0.,0.,1.));
#6076 = ORIENTED_EDGE('',*,*,#6077,.F.);
#6077 = EDGE_CURVE('',#6078,#6070,#6080,.T.);
#6078 = VERTEX_POINT('',#6079);
#6079 = CARTESIAN_POINT('',(0.5,0.4,4.5E-02));
#6080 = LINE('',#6081,#6082);
#6081 = CARTESIAN_POINT('',(-0.755,0.4,4.5E-02));
#6082 = VECTOR('',#6083,1.);
#6083 = DIRECTION('',(1.,0.,0.));
#6084 = ORIENTED_EDGE('',*,*,#6085,.F.);
#6085 = EDGE_CURVE('',#5911,#6078,#6086,.T.);
#6086 = LINE('',#6087,#6088);
#6087 = CARTESIAN_POINT('',(-0.755,0.4,4.5E-02));
#6088 = VECTOR('',#6089,1.);
#6089 = DIRECTION('',(1.,0.,0.));
#6090 = PLANE('',#6091);
#6091 = AXIS2_PLACEMENT_3D('',#6092,#6093,#6094);
#6092 = CARTESIAN_POINT('',(-0.755,0.4,4.5E-02));
#6093 = DIRECTION('',(0.,1.,0.));
#6094 = DIRECTION('',(0.,-0.,1.));
#6095 = ADVANCED_FACE('',(#6096),#6107,.F.);
#6096 = FACE_BOUND('',#6097,.F.);
#6097 = EDGE_LOOP('',(#6098,#6099,#6100,#6106));
#6098 = ORIENTED_EDGE('',*,*,#5953,.F.);
#6099 = ORIENTED_EDGE('',*,*,#6002,.T.);
#6100 = ORIENTED_EDGE('',*,*,#6101,.T.);
#6101 = EDGE_CURVE('',#5995,#6078,#6102,.T.);
#6102 = LINE('',#6103,#6104);
#6103 = CARTESIAN_POINT('',(0.5,-0.4,4.5E-02));
#6104 = VECTOR('',#6105,1.);
#6105 = DIRECTION('',(0.,1.,0.));
#6106 = ORIENTED_EDGE('',*,*,#6085,.F.);
#6107 = PLANE('',#6108);
#6108 = AXIS2_PLACEMENT_3D('',#6109,#6110,#6111);
#6109 = CARTESIAN_POINT('',(-0.755,-0.4,4.5E-02));
#6110 = DIRECTION('',(0.,0.,1.));
#6111 = DIRECTION('',(1.,0.,-0.));
#6112 = ADVANCED_FACE('',(#6113),#6176,.F.);
#6113 = FACE_BOUND('',#6114,.F.);
#6114 = EDGE_LOOP('',(#6115,#6125,#6132,#6133,#6134,#6135,#6144,#6152,
    #6161,#6169));
#6115 = ORIENTED_EDGE('',*,*,#6116,.F.);
#6116 = EDGE_CURVE('',#6117,#6119,#6121,.T.);
#6117 = VERTEX_POINT('',#6118);
#6118 = CARTESIAN_POINT('',(0.545,-0.4,-2.775557561563E-17));
#6119 = VERTEX_POINT('',#6120);
#6120 = CARTESIAN_POINT('',(0.755,-0.4,-2.775557561563E-17));
#6121 = LINE('',#6122,#6123);
#6122 = CARTESIAN_POINT('',(0.5,-0.4,0.));
#6123 = VECTOR('',#6124,1.);
#6124 = DIRECTION('',(1.,0.,0.));
#6125 = ORIENTED_EDGE('',*,*,#6126,.F.);
#6126 = EDGE_CURVE('',#5995,#6117,#6127,.T.);
#6127 = CIRCLE('',#6128,4.5E-02);
#6128 = AXIS2_PLACEMENT_3D('',#6129,#6130,#6131);
#6129 = CARTESIAN_POINT('',(0.545,-0.4,4.5E-02));
#6130 = DIRECTION('',(0.,-1.,0.));
#6131 = DIRECTION('',(0.,0.,1.));
#6132 = ORIENTED_EDGE('',*,*,#5994,.T.);
#6133 = ORIENTED_EDGE('',*,*,#5986,.T.);
#6134 = ORIENTED_EDGE('',*,*,#5978,.F.);
#6135 = ORIENTED_EDGE('',*,*,#6136,.T.);
#6136 = EDGE_CURVE('',#5971,#6137,#6139,.T.);
#6137 = VERTEX_POINT('',#6138);
#6138 = CARTESIAN_POINT('',(0.545,-0.4,0.45));
#6139 = CIRCLE('',#6140,4.5E-02);
#6140 = AXIS2_PLACEMENT_3D('',#6141,#6142,#6143);
#6141 = CARTESIAN_POINT('',(0.545,-0.4,0.405));
#6142 = DIRECTION('',(0.,1.,0.));
#6143 = DIRECTION('',(0.,-0.,1.));
#6144 = ORIENTED_EDGE('',*,*,#6145,.T.);
#6145 = EDGE_CURVE('',#6137,#6146,#6148,.T.);
#6146 = VERTEX_POINT('',#6147);
#6147 = CARTESIAN_POINT('',(0.755,-0.4,0.45));
#6148 = LINE('',#6149,#6150);
#6149 = CARTESIAN_POINT('',(0.5,-0.4,0.45));
#6150 = VECTOR('',#6151,1.);
#6151 = DIRECTION('',(1.,0.,0.));
#6152 = ORIENTED_EDGE('',*,*,#6153,.F.);
#6153 = EDGE_CURVE('',#6154,#6146,#6156,.T.);
#6154 = VERTEX_POINT('',#6155);
#6155 = CARTESIAN_POINT('',(0.8,-0.4,0.405));
#6156 = CIRCLE('',#6157,4.5E-02);
#6157 = AXIS2_PLACEMENT_3D('',#6158,#6159,#6160);
#6158 = CARTESIAN_POINT('',(0.755,-0.4,0.405));
#6159 = DIRECTION('',(0.,-1.,0.));
#6160 = DIRECTION('',(0.,0.,1.));
#6161 = ORIENTED_EDGE('',*,*,#6162,.F.);
#6162 = EDGE_CURVE('',#6163,#6154,#6165,.T.);
#6163 = VERTEX_POINT('',#6164);
#6164 = CARTESIAN_POINT('',(0.8,-0.4,4.5E-02));
#6165 = LINE('',#6166,#6167);
#6166 = CARTESIAN_POINT('',(0.8,-0.4,0.));
#6167 = VECTOR('',#6168,1.);
#6168 = DIRECTION('',(0.,0.,1.));
#6169 = ORIENTED_EDGE('',*,*,#6170,.T.);
#6170 = EDGE_CURVE('',#6163,#6119,#6171,.T.);
#6171 = CIRCLE('',#6172,4.5E-02);
#6172 = AXIS2_PLACEMENT_3D('',#6173,#6174,#6175);
#6173 = CARTESIAN_POINT('',(0.755,-0.4,4.5E-02));
#6174 = DIRECTION('',(0.,1.,0.));
#6175 = DIRECTION('',(0.,-0.,1.));
#6176 = PLANE('',#6177);
#6177 = AXIS2_PLACEMENT_3D('',#6178,#6179,#6180);
#6178 = CARTESIAN_POINT('',(0.5,-0.4,0.));
#6179 = DIRECTION('',(0.,1.,0.));
#6180 = DIRECTION('',(0.,-0.,1.));
#6181 = ADVANCED_FACE('',(#6182),#6207,.F.);
#6182 = FACE_BOUND('',#6183,.F.);
#6183 = EDGE_LOOP('',(#6184,#6185,#6193,#6201));
#6184 = ORIENTED_EDGE('',*,*,#5970,.F.);
#6185 = ORIENTED_EDGE('',*,*,#6186,.T.);
#6186 = EDGE_CURVE('',#5769,#6187,#6189,.T.);
#6187 = VERTEX_POINT('',#6188);
#6188 = CARTESIAN_POINT('',(-0.5,-0.4,0.45));
#6189 = LINE('',#6190,#6191);
#6190 = CARTESIAN_POINT('',(-0.5,-0.4,0.405));
#6191 = VECTOR('',#6192,1.);
#6192 = DIRECTION('',(0.,0.,1.));
#6193 = ORIENTED_EDGE('',*,*,#6194,.T.);
#6194 = EDGE_CURVE('',#6187,#6195,#6197,.T.);
#6195 = VERTEX_POINT('',#6196);
#6196 = CARTESIAN_POINT('',(0.5,-0.4,0.45));
#6197 = LINE('',#6198,#6199);
#6198 = CARTESIAN_POINT('',(-0.5,-0.4,0.45));
#6199 = VECTOR('',#6200,1.);
#6200 = DIRECTION('',(1.,0.,0.));
#6201 = ORIENTED_EDGE('',*,*,#6202,.F.);
#6202 = EDGE_CURVE('',#5971,#6195,#6203,.T.);
#6203 = LINE('',#6204,#6205);
#6204 = CARTESIAN_POINT('',(0.5,-0.4,0.405));
#6205 = VECTOR('',#6206,1.);
#6206 = DIRECTION('',(0.,0.,1.));
#6207 = PLANE('',#6208);
#6208 = AXIS2_PLACEMENT_3D('',#6209,#6210,#6211);
#6209 = CARTESIAN_POINT('',(-0.5,-0.4,0.405));
#6210 = DIRECTION('',(0.,1.,0.));
#6211 = DIRECTION('',(0.,-0.,1.));
#6212 = ADVANCED_FACE('',(#6213),#6231,.F.);
#6213 = FACE_BOUND('',#6214,.F.);
#6214 = EDGE_LOOP('',(#6215,#6216,#6217,#6225));
#6215 = ORIENTED_EDGE('',*,*,#6186,.F.);
#6216 = ORIENTED_EDGE('',*,*,#6033,.T.);
#6217 = ORIENTED_EDGE('',*,*,#6218,.T.);
#6218 = EDGE_CURVE('',#5886,#6219,#6221,.T.);
#6219 = VERTEX_POINT('',#6220);
#6220 = CARTESIAN_POINT('',(-0.5,0.4,0.45));
#6221 = LINE('',#6222,#6223);
#6222 = CARTESIAN_POINT('',(-0.5,0.4,0.405));
#6223 = VECTOR('',#6224,1.);
#6224 = DIRECTION('',(0.,0.,1.));
#6225 = ORIENTED_EDGE('',*,*,#6226,.F.);
#6226 = EDGE_CURVE('',#6187,#6219,#6227,.T.);
#6227 = LINE('',#6228,#6229);
#6228 = CARTESIAN_POINT('',(-0.5,-0.4,0.45));
#6229 = VECTOR('',#6230,1.);
#6230 = DIRECTION('',(0.,1.,0.));
#6231 = PLANE('',#6232);
#6232 = AXIS2_PLACEMENT_3D('',#6233,#6234,#6235);
#6233 = CARTESIAN_POINT('',(-0.5,-0.4,0.405));
#6234 = DIRECTION('',(1.,0.,0.));
#6235 = DIRECTION('',(0.,0.,1.));
#6236 = ADVANCED_FACE('',(#6237),#6300,.T.);
#6237 = FACE_BOUND('',#6238,.T.);
#6238 = EDGE_LOOP('',(#6239,#6249,#6256,#6257,#6258,#6259,#6268,#6276,
    #6285,#6293));
#6239 = ORIENTED_EDGE('',*,*,#6240,.F.);
#6240 = EDGE_CURVE('',#6241,#6243,#6245,.T.);
#6241 = VERTEX_POINT('',#6242);
#6242 = CARTESIAN_POINT('',(0.545,0.4,-2.775557561563E-17));
#6243 = VERTEX_POINT('',#6244);
#6244 = CARTESIAN_POINT('',(0.755,0.4,-2.775557561563E-17));
#6245 = LINE('',#6246,#6247);
#6246 = CARTESIAN_POINT('',(0.5,0.4,0.));
#6247 = VECTOR('',#6248,1.);
#6248 = DIRECTION('',(1.,0.,0.));
#6249 = ORIENTED_EDGE('',*,*,#6250,.F.);
#6250 = EDGE_CURVE('',#6078,#6241,#6251,.T.);
#6251 = CIRCLE('',#6252,4.5E-02);
#6252 = AXIS2_PLACEMENT_3D('',#6253,#6254,#6255);
#6253 = CARTESIAN_POINT('',(0.545,0.4,4.5E-02));
#6254 = DIRECTION('',(0.,-1.,0.));
#6255 = DIRECTION('',(0.,0.,1.));
#6256 = ORIENTED_EDGE('',*,*,#6077,.T.);
#6257 = ORIENTED_EDGE('',*,*,#6069,.T.);
#6258 = ORIENTED_EDGE('',*,*,#6061,.F.);
#6259 = ORIENTED_EDGE('',*,*,#6260,.T.);
#6260 = EDGE_CURVE('',#6054,#6261,#6263,.T.);
#6261 = VERTEX_POINT('',#6262);
#6262 = CARTESIAN_POINT('',(0.545,0.4,0.45));
#6263 = CIRCLE('',#6264,4.5E-02);
#6264 = AXIS2_PLACEMENT_3D('',#6265,#6266,#6267);
#6265 = CARTESIAN_POINT('',(0.545,0.4,0.405));
#6266 = DIRECTION('',(0.,1.,0.));
#6267 = DIRECTION('',(0.,-0.,1.));
#6268 = ORIENTED_EDGE('',*,*,#6269,.T.);
#6269 = EDGE_CURVE('',#6261,#6270,#6272,.T.);
#6270 = VERTEX_POINT('',#6271);
#6271 = CARTESIAN_POINT('',(0.755,0.4,0.45));
#6272 = LINE('',#6273,#6274);
#6273 = CARTESIAN_POINT('',(0.5,0.4,0.45));
#6274 = VECTOR('',#6275,1.);
#6275 = DIRECTION('',(1.,0.,0.));
#6276 = ORIENTED_EDGE('',*,*,#6277,.F.);
#6277 = EDGE_CURVE('',#6278,#6270,#6280,.T.);
#6278 = VERTEX_POINT('',#6279);
#6279 = CARTESIAN_POINT('',(0.8,0.4,0.405));
#6280 = CIRCLE('',#6281,4.5E-02);
#6281 = AXIS2_PLACEMENT_3D('',#6282,#6283,#6284);
#6282 = CARTESIAN_POINT('',(0.755,0.4,0.405));
#6283 = DIRECTION('',(0.,-1.,0.));
#6284 = DIRECTION('',(0.,0.,1.));
#6285 = ORIENTED_EDGE('',*,*,#6286,.F.);
#6286 = EDGE_CURVE('',#6287,#6278,#6289,.T.);
#6287 = VERTEX_POINT('',#6288);
#6288 = CARTESIAN_POINT('',(0.8,0.4,4.5E-02));
#6289 = LINE('',#6290,#6291);
#6290 = CARTESIAN_POINT('',(0.8,0.4,0.));
#6291 = VECTOR('',#6292,1.);
#6292 = DIRECTION('',(0.,0.,1.));
#6293 = ORIENTED_EDGE('',*,*,#6294,.T.);
#6294 = EDGE_CURVE('',#6287,#6243,#6295,.T.);
#6295 = CIRCLE('',#6296,4.5E-02);
#6296 = AXIS2_PLACEMENT_3D('',#6297,#6298,#6299);
#6297 = CARTESIAN_POINT('',(0.755,0.4,4.5E-02));
#6298 = DIRECTION('',(0.,1.,0.));
#6299 = DIRECTION('',(0.,-0.,1.));
#6300 = PLANE('',#6301);
#6301 = AXIS2_PLACEMENT_3D('',#6302,#6303,#6304);
#6302 = CARTESIAN_POINT('',(0.5,0.4,0.));
#6303 = DIRECTION('',(0.,1.,0.));
#6304 = DIRECTION('',(0.,-0.,1.));
#6305 = ADVANCED_FACE('',(#6306),#6324,.T.);
#6306 = FACE_BOUND('',#6307,.T.);
#6307 = EDGE_LOOP('',(#6308,#6309,#6310,#6318));
#6308 = ORIENTED_EDGE('',*,*,#6053,.F.);
#6309 = ORIENTED_EDGE('',*,*,#6218,.T.);
#6310 = ORIENTED_EDGE('',*,*,#6311,.T.);
#6311 = EDGE_CURVE('',#6219,#6312,#6314,.T.);
#6312 = VERTEX_POINT('',#6313);
#6313 = CARTESIAN_POINT('',(0.5,0.4,0.45));
#6314 = LINE('',#6315,#6316);
#6315 = CARTESIAN_POINT('',(-0.5,0.4,0.45));
#6316 = VECTOR('',#6317,1.);
#6317 = DIRECTION('',(1.,0.,0.));
#6318 = ORIENTED_EDGE('',*,*,#6319,.F.);
#6319 = EDGE_CURVE('',#6054,#6312,#6320,.T.);
#6320 = LINE('',#6321,#6322);
#6321 = CARTESIAN_POINT('',(0.5,0.4,0.405));
#6322 = VECTOR('',#6323,1.);
#6323 = DIRECTION('',(0.,0.,1.));
#6324 = PLANE('',#6325);
#6325 = AXIS2_PLACEMENT_3D('',#6326,#6327,#6328);
#6326 = CARTESIAN_POINT('',(-0.5,0.4,0.405));
#6327 = DIRECTION('',(0.,1.,0.));
#6328 = DIRECTION('',(0.,-0.,1.));
#6329 = ADVANCED_FACE('',(#6330),#6341,.T.);
#6330 = FACE_BOUND('',#6331,.T.);
#6331 = EDGE_LOOP('',(#6332,#6333,#6334,#6340));
#6332 = ORIENTED_EDGE('',*,*,#6101,.T.);
#6333 = ORIENTED_EDGE('',*,*,#6250,.T.);
#6334 = ORIENTED_EDGE('',*,*,#6335,.F.);
#6335 = EDGE_CURVE('',#6117,#6241,#6336,.T.);
#6336 = LINE('',#6337,#6338);
#6337 = CARTESIAN_POINT('',(0.545,-0.4,-2.775557561563E-17));
#6338 = VECTOR('',#6339,1.);
#6339 = DIRECTION('',(0.,1.,0.));
#6340 = ORIENTED_EDGE('',*,*,#6126,.F.);
#6341 = CYLINDRICAL_SURFACE('',#6342,4.5E-02);
#6342 = AXIS2_PLACEMENT_3D('',#6343,#6344,#6345);
#6343 = CARTESIAN_POINT('',(0.545,-0.4,4.5E-02));
#6344 = DIRECTION('',(0.,1.,0.));
#6345 = DIRECTION('',(-1.,0.,0.));
#6346 = ADVANCED_FACE('',(#6347),#6358,.F.);
#6347 = FACE_BOUND('',#6348,.F.);
#6348 = EDGE_LOOP('',(#6349,#6350,#6351,#6352));
#6349 = ORIENTED_EDGE('',*,*,#6240,.F.);
#6350 = ORIENTED_EDGE('',*,*,#6335,.F.);
#6351 = ORIENTED_EDGE('',*,*,#6116,.T.);
#6352 = ORIENTED_EDGE('',*,*,#6353,.T.);
#6353 = EDGE_CURVE('',#6119,#6243,#6354,.T.);
#6354 = LINE('',#6355,#6356);
#6355 = CARTESIAN_POINT('',(0.755,-0.4,-2.775557561563E-17));
#6356 = VECTOR('',#6357,1.);
#6357 = DIRECTION('',(0.,1.,0.));
#6358 = PLANE('',#6359);
#6359 = AXIS2_PLACEMENT_3D('',#6360,#6361,#6362);
#6360 = CARTESIAN_POINT('',(0.5,-0.4,0.));
#6361 = DIRECTION('',(0.,0.,1.));
#6362 = DIRECTION('',(1.,0.,-0.));
#6363 = ADVANCED_FACE('',(#6364),#6375,.T.);
#6364 = FACE_BOUND('',#6365,.T.);
#6365 = EDGE_LOOP('',(#6366,#6367,#6368,#6369));
#6366 = ORIENTED_EDGE('',*,*,#6170,.T.);
#6367 = ORIENTED_EDGE('',*,*,#6353,.T.);
#6368 = ORIENTED_EDGE('',*,*,#6294,.F.);
#6369 = ORIENTED_EDGE('',*,*,#6370,.F.);
#6370 = EDGE_CURVE('',#6163,#6287,#6371,.T.);
#6371 = LINE('',#6372,#6373);
#6372 = CARTESIAN_POINT('',(0.8,-0.4,4.5E-02));
#6373 = VECTOR('',#6374,1.);
#6374 = DIRECTION('',(0.,1.,0.));
#6375 = CYLINDRICAL_SURFACE('',#6376,4.5E-02);
#6376 = AXIS2_PLACEMENT_3D('',#6377,#6378,#6379);
#6377 = CARTESIAN_POINT('',(0.755,-0.4,4.5E-02));
#6378 = DIRECTION('',(0.,1.,0.));
#6379 = DIRECTION('',(1.,0.,0.));
#6380 = ADVANCED_FACE('',(#6381),#6392,.T.);
#6381 = FACE_BOUND('',#6382,.T.);
#6382 = EDGE_LOOP('',(#6383,#6384,#6385,#6386));
#6383 = ORIENTED_EDGE('',*,*,#6162,.F.);
#6384 = ORIENTED_EDGE('',*,*,#6370,.T.);
#6385 = ORIENTED_EDGE('',*,*,#6286,.T.);
#6386 = ORIENTED_EDGE('',*,*,#6387,.F.);
#6387 = EDGE_CURVE('',#6154,#6278,#6388,.T.);
#6388 = LINE('',#6389,#6390);
#6389 = CARTESIAN_POINT('',(0.8,-0.4,0.405));
#6390 = VECTOR('',#6391,1.);
#6391 = DIRECTION('',(0.,1.,0.));
#6392 = PLANE('',#6393);
#6393 = AXIS2_PLACEMENT_3D('',#6394,#6395,#6396);
#6394 = CARTESIAN_POINT('',(0.8,-0.4,0.));
#6395 = DIRECTION('',(1.,0.,0.));
#6396 = DIRECTION('',(0.,0.,1.));
#6397 = ADVANCED_FACE('',(#6398),#6409,.T.);
#6398 = FACE_BOUND('',#6399,.T.);
#6399 = EDGE_LOOP('',(#6400,#6401,#6402,#6408));
#6400 = ORIENTED_EDGE('',*,*,#6387,.T.);
#6401 = ORIENTED_EDGE('',*,*,#6277,.T.);
#6402 = ORIENTED_EDGE('',*,*,#6403,.F.);
#6403 = EDGE_CURVE('',#6146,#6270,#6404,.T.);
#6404 = LINE('',#6405,#6406);
#6405 = CARTESIAN_POINT('',(0.755,-0.4,0.45));
#6406 = VECTOR('',#6407,1.);
#6407 = DIRECTION('',(0.,1.,0.));
#6408 = ORIENTED_EDGE('',*,*,#6153,.F.);
#6409 = CYLINDRICAL_SURFACE('',#6410,4.5E-02);
#6410 = AXIS2_PLACEMENT_3D('',#6411,#6412,#6413);
#6411 = CARTESIAN_POINT('',(0.755,-0.4,0.405));
#6412 = DIRECTION('',(0.,1.,0.));
#6413 = DIRECTION('',(1.,0.,0.));
#6414 = ADVANCED_FACE('',(#6415),#6426,.T.);
#6415 = FACE_BOUND('',#6416,.T.);
#6416 = EDGE_LOOP('',(#6417,#6418,#6424,#6425));
#6417 = ORIENTED_EDGE('',*,*,#6269,.F.);
#6418 = ORIENTED_EDGE('',*,*,#6419,.F.);
#6419 = EDGE_CURVE('',#6137,#6261,#6420,.T.);
#6420 = LINE('',#6421,#6422);
#6421 = CARTESIAN_POINT('',(0.545,-0.4,0.45));
#6422 = VECTOR('',#6423,1.);
#6423 = DIRECTION('',(0.,1.,0.));
#6424 = ORIENTED_EDGE('',*,*,#6145,.T.);
#6425 = ORIENTED_EDGE('',*,*,#6403,.T.);
#6426 = PLANE('',#6427);
#6427 = AXIS2_PLACEMENT_3D('',#6428,#6429,#6430);
#6428 = CARTESIAN_POINT('',(0.5,-0.4,0.45));
#6429 = DIRECTION('',(0.,0.,1.));
#6430 = DIRECTION('',(1.,0.,-0.));
#6431 = ADVANCED_FACE('',(#6432),#6443,.T.);
#6432 = FACE_BOUND('',#6433,.T.);
#6433 = EDGE_LOOP('',(#6434,#6435,#6436,#6437));
#6434 = ORIENTED_EDGE('',*,*,#6136,.T.);
#6435 = ORIENTED_EDGE('',*,*,#6419,.T.);
#6436 = ORIENTED_EDGE('',*,*,#6260,.F.);
#6437 = ORIENTED_EDGE('',*,*,#6438,.F.);
#6438 = EDGE_CURVE('',#5971,#6054,#6439,.T.);
#6439 = LINE('',#6440,#6441);
#6440 = CARTESIAN_POINT('',(0.5,-0.4,0.405));
#6441 = VECTOR('',#6442,1.);
#6442 = DIRECTION('',(0.,1.,0.));
#6443 = CYLINDRICAL_SURFACE('',#6444,4.5E-02);
#6444 = AXIS2_PLACEMENT_3D('',#6445,#6446,#6447);
#6445 = CARTESIAN_POINT('',(0.545,-0.4,0.405));
#6446 = DIRECTION('',(0.,1.,0.));
#6447 = DIRECTION('',(-1.,0.,0.));
#6448 = ADVANCED_FACE('',(#6449),#6460,.T.);
#6449 = FACE_BOUND('',#6450,.T.);
#6450 = EDGE_LOOP('',(#6451,#6452,#6453,#6454));
#6451 = ORIENTED_EDGE('',*,*,#6202,.F.);
#6452 = ORIENTED_EDGE('',*,*,#6438,.T.);
#6453 = ORIENTED_EDGE('',*,*,#6319,.T.);
#6454 = ORIENTED_EDGE('',*,*,#6455,.F.);
#6455 = EDGE_CURVE('',#6195,#6312,#6456,.T.);
#6456 = LINE('',#6457,#6458);
#6457 = CARTESIAN_POINT('',(0.5,-0.4,0.45));
#6458 = VECTOR('',#6459,1.);
#6459 = DIRECTION('',(0.,1.,0.));
#6460 = PLANE('',#6461);
#6461 = AXIS2_PLACEMENT_3D('',#6462,#6463,#6464);
#6462 = CARTESIAN_POINT('',(0.5,-0.4,0.405));
#6463 = DIRECTION('',(1.,0.,0.));
#6464 = DIRECTION('',(0.,0.,1.));
#6465 = ADVANCED_FACE('',(#6466),#6472,.T.);
#6466 = FACE_BOUND('',#6467,.T.);
#6467 = EDGE_LOOP('',(#6468,#6469,#6470,#6471));
#6468 = ORIENTED_EDGE('',*,*,#6226,.F.);
#6469 = ORIENTED_EDGE('',*,*,#6194,.T.);
#6470 = ORIENTED_EDGE('',*,*,#6455,.T.);
#6471 = ORIENTED_EDGE('',*,*,#6311,.F.);
#6472 = PLANE('',#6473);
#6473 = AXIS2_PLACEMENT_3D('',#6474,#6475,#6476);
#6474 = CARTESIAN_POINT('',(-0.5,-0.4,0.45));
#6475 = DIRECTION('',(0.,0.,1.));
#6476 = DIRECTION('',(1.,0.,-0.));
#6477 = ( GEOMETRIC_REPRESENTATION_CONTEXT(3) 
GLOBAL_UNCERTAINTY_ASSIGNED_CONTEXT((#6481)) 
GLOBAL_UNIT_ASSIGNED_CONTEXT((#6478,#6479,#6480)) REPRESENTATION_CONTEXT
('Context #1','3D Context with UNIT and UNCERTAINTY') );
#6478 = ( LENGTH_UNIT() NAMED_UNIT(*) SI_UNIT(.MILLI.,.METRE.) );
#6479 = ( NAMED_UNIT(*) PLANE_ANGLE_UNIT() SI_UNIT($,.RADIAN.) );
#6480 = ( NAMED_UNIT(*) SI_UNIT($,.STERADIAN.) SOLID_ANGLE_UNIT() );
#6481 = UNCERTAINTY_MEASURE_WITH_UNIT(LENGTH_MEASURE(1.E-07),#6478,
  'distance_accuracy_value','confusion accuracy');
#6482 = CONTEXT_DEPENDENT_SHAPE_REPRESENTATION(#6483,#6485);
#6483 = ( REPRESENTATION_RELATIONSHIP('','',#5686,#5663) 
REPRESENTATION_RELATIONSHIP_WITH_TRANSFORMATION(#6484) 
SHAPE_REPRESENTATION_RELATIONSHIP() );
#6484 = ITEM_DEFINED_TRANSFORMATION('','',#11,#5664);
#6485 = PRODUCT_DEFINITION_SHAPE('Placement','Placement of an item',
  #6486);
#6486 = NEXT_ASSEMBLY_USAGE_OCCURRENCE('12','=>[0:1:1:14]','',#5658,
  #5681,$);
#6487 = PRODUCT_RELATED_PRODUCT_CATEGORY('part',$,(#5683));
#6488 = SHAPE_DEFINITION_REPRESENTATION(#6489,#6495);
#6489 = PRODUCT_DEFINITION_SHAPE('','',#6490);
#6490 = PRODUCT_DEFINITION('design','',#6491,#6494);
#6491 = PRODUCT_DEFINITION_FORMATION('','',#6492);
#6492 = PRODUCT('PinHeader_1x04_P2.54mm_Vertical',
  'PinHeader_1x04_P2.54mm_Vertical','',(#6493));
#6493 = PRODUCT_CONTEXT('',#2,'mechanical');
#6494 = PRODUCT_DEFINITION_CONTEXT('part definition',#2,'design');
#6495 = SHAPE_REPRESENTATION('',(#11,#6496),#6500);
#6496 = AXIS2_PLACEMENT_3D('',#6497,#6498,#6499);
#6497 = CARTESIAN_POINT('',(0.,0.,0.));
#6498 = DIRECTION('',(0.,0.,1.));
#6499 = DIRECTION('',(1.,0.,-0.));
#6500 = ( GEOMETRIC_REPRESENTATION_CONTEXT(3) 
GLOBAL_UNCERTAINTY_ASSIGNED_CONTEXT((#6504)) 
GLOBAL_UNIT_ASSIGNED_CONTEXT((#6501,#6502,#6503)) REPRESENTATION_CONTEXT
('Context #1','3D Context with UNIT and UNCERTAINTY') );
#6501 = ( LENGTH_UNIT() NAMED_UNIT(*) SI_UNIT(.MILLI.,.METRE.) );
#6502 = ( NAMED_UNIT(*) PLANE_ANGLE_UNIT() SI_UNIT($,.RADIAN.) );
#6503 = ( NAMED_UNIT(*) SI_UNIT($,.STERADIAN.) SOLID_ANGLE_UNIT() );
#6504 = UNCERTAINTY_MEASURE_WITH_UNIT(LENGTH_MEASURE(1.E-07),#6501,
  'distance_accuracy_value','confusion accuracy');
#6505 = CONTEXT_DEPENDENT_SHAPE_REPRESENTATION(#6506,#6508);
#6506 = ( REPRESENTATION_RELATIONSHIP('','',#6495,#10) 
REPRESENTATION_RELATIONSHIP_WITH_TRANSFORMATION(#6507) 
SHAPE_REPRESENTATION_RELATIONSHIP() );
#6507 = ITEM_DEFINED_TRANSFORMATION('','',#11,#35);
#6508 = PRODUCT_DEFINITION_SHAPE('Placement','Placement of an item',
  #6509);
#6509 = NEXT_ASSEMBLY_USAGE_OCCURRENCE('15','J1','',#5,#6490,$);
#6510 = PRODUCT_RELATED_PRODUCT_CATEGORY('part',$,(#6492));
#6511 = SHAPE_DEFINITION_REPRESENTATION(#6512,#6518);
#6512 = PRODUCT_DEFINITION_SHAPE('','',#6513);
#6513 = PRODUCT_DEFINITION('design','',#6514,#6517);
#6514 = PRODUCT_DEFINITION_FORMATION('','',#6515);
#6515 = PRODUCT('PinHeader_1x04_P254mm_Vertical',
  'PinHeader_1x04_P254mm_Vertical','',(#6516));
#6516 = PRODUCT_CONTEXT('',#2,'mechanical');
#6517 = PRODUCT_DEFINITION_CONTEXT('part definition',#2,'design');
#6518 = ADVANCED_BREP_SHAPE_REPRESENTATION('',(#11,#6519),#9299);
#6519 = MANIFOLD_SOLID_BREP('',#6520);
#6520 = CLOSED_SHELL('',(#6521,#6561,#6592,#6623,#6952,#7281,#7298,#7315
    ,#7332,#7349,#7366,#7383,#7400,#7417,#7434,#7451,#7468,#7485,#7502,
    #7519,#7536,#7553,#7570,#7587,#7604,#7621,#7638,#7655,#7667,#7698,
    #7722,#7746,#7763,#7794,#7818,#7842,#7859,#7890,#7914,#7938,#7955,
    #7986,#8010,#8034,#8051,#8082,#8106,#8130,#8147,#8178,#8202,#8226,
    #8243,#8274,#8298,#8322,#8339,#8370,#8394,#8418,#8435,#8466,#8490,
    #8514,#8531,#8562,#8586,#8610,#8627,#8658,#8682,#8706,#8723,#8754,
    #8778,#8802,#8819,#8850,#8874,#8898,#8915,#8946,#8970,#8994,#9011,
    #9042,#9066,#9090,#9107,#9138,#9162,#9186,#9203,#9215,#9227,#9239,
    #9251,#9263,#9275,#9287));
#6521 = ADVANCED_FACE('',(#6522),#6556,.F.);
#6522 = FACE_BOUND('',#6523,.F.);
#6523 = EDGE_LOOP('',(#6524,#6534,#6542,#6550));
#6524 = ORIENTED_EDGE('',*,*,#6525,.T.);
#6525 = EDGE_CURVE('',#6526,#6528,#6530,.T.);
#6526 = VERTEX_POINT('',#6527);
#6527 = CARTESIAN_POINT('',(-1.016,1.27,0.));
#6528 = VERTEX_POINT('',#6529);
#6529 = CARTESIAN_POINT('',(-1.016,1.27,2.54));
#6530 = LINE('',#6531,#6532);
#6531 = CARTESIAN_POINT('',(-1.016,1.27,0.));
#6532 = VECTOR('',#6533,1.);
#6533 = DIRECTION('',(0.,0.,1.));
#6534 = ORIENTED_EDGE('',*,*,#6535,.T.);
#6535 = EDGE_CURVE('',#6528,#6536,#6538,.T.);
#6536 = VERTEX_POINT('',#6537);
#6537 = CARTESIAN_POINT('',(-1.27,1.016,2.54));
#6538 = LINE('',#6539,#6540);
#6539 = CARTESIAN_POINT('',(-1.016,1.27,2.54));
#6540 = VECTOR('',#6541,1.);
#6541 = DIRECTION('',(-0.707106781187,-0.707106781187,0.));
#6542 = ORIENTED_EDGE('',*,*,#6543,.F.);
#6543 = EDGE_CURVE('',#6544,#6536,#6546,.T.);
#6544 = VERTEX_POINT('',#6545);
#6545 = CARTESIAN_POINT('',(-1.27,1.016,0.));
#6546 = LINE('',#6547,#6548);
#6547 = CARTESIAN_POINT('',(-1.27,1.016,0.));
#6548 = VECTOR('',#6549,1.);
#6549 = DIRECTION('',(0.,0.,1.));
#6550 = ORIENTED_EDGE('',*,*,#6551,.F.);
#6551 = EDGE_CURVE('',#6526,#6544,#6552,.T.);
#6552 = LINE('',#6553,#6554);
#6553 = CARTESIAN_POINT('',(-1.016,1.27,0.));
#6554 = VECTOR('',#6555,1.);
#6555 = DIRECTION('',(-0.707106781187,-0.707106781187,0.));
#6556 = PLANE('',#6557);
#6557 = AXIS2_PLACEMENT_3D('',#6558,#6559,#6560);
#6558 = CARTESIAN_POINT('',(-1.016,1.27,0.));
#6559 = DIRECTION('',(0.707106781187,-0.707106781187,0.));
#6560 = DIRECTION('',(-0.707106781187,-0.707106781187,0.));
#6561 = ADVANCED_FACE('',(#6562),#6587,.F.);
#6562 = FACE_BOUND('',#6563,.F.);
#6563 = EDGE_LOOP('',(#6564,#6574,#6580,#6581));
#6564 = ORIENTED_EDGE('',*,*,#6565,.T.);
#6565 = EDGE_CURVE('',#6566,#6568,#6570,.T.);
#6566 = VERTEX_POINT('',#6567);
#6567 = CARTESIAN_POINT('',(1.016,1.27,0.));
#6568 = VERTEX_POINT('',#6569);
#6569 = CARTESIAN_POINT('',(1.016,1.27,2.54));
#6570 = LINE('',#6571,#6572);
#6571 = CARTESIAN_POINT('',(1.016,1.27,0.));
#6572 = VECTOR('',#6573,1.);
#6573 = DIRECTION('',(0.,0.,1.));
#6574 = ORIENTED_EDGE('',*,*,#6575,.T.);
#6575 = EDGE_CURVE('',#6568,#6528,#6576,.T.);
#6576 = LINE('',#6577,#6578);
#6577 = CARTESIAN_POINT('',(1.016,1.27,2.54));
#6578 = VECTOR('',#6579,1.);
#6579 = DIRECTION('',(-1.,0.,0.));
#6580 = ORIENTED_EDGE('',*,*,#6525,.F.);
#6581 = ORIENTED_EDGE('',*,*,#6582,.F.);
#6582 = EDGE_CURVE('',#6566,#6526,#6583,.T.);
#6583 = LINE('',#6584,#6585);
#6584 = CARTESIAN_POINT('',(1.016,1.27,0.));
#6585 = VECTOR('',#6586,1.);
#6586 = DIRECTION('',(-1.,0.,0.));
#6587 = PLANE('',#6588);
#6588 = AXIS2_PLACEMENT_3D('',#6589,#6590,#6591);
#6589 = CARTESIAN_POINT('',(1.016,1.27,0.));
#6590 = DIRECTION('',(0.,-1.,0.));
#6591 = DIRECTION('',(-1.,0.,0.));
#6592 = ADVANCED_FACE('',(#6593),#6618,.F.);
#6593 = FACE_BOUND('',#6594,.F.);
#6594 = EDGE_LOOP('',(#6595,#6596,#6604,#6612));
#6595 = ORIENTED_EDGE('',*,*,#6543,.T.);
#6596 = ORIENTED_EDGE('',*,*,#6597,.T.);
#6597 = EDGE_CURVE('',#6536,#6598,#6600,.T.);
#6598 = VERTEX_POINT('',#6599);
#6599 = CARTESIAN_POINT('',(-1.27,-1.016,2.54));
#6600 = LINE('',#6601,#6602);
#6601 = CARTESIAN_POINT('',(-1.27,1.016,2.54));
#6602 = VECTOR('',#6603,1.);
#6603 = DIRECTION('',(0.,-1.,0.));
#6604 = ORIENTED_EDGE('',*,*,#6605,.F.);
#6605 = EDGE_CURVE('',#6606,#6598,#6608,.T.);
#6606 = VERTEX_POINT('',#6607);
#6607 = CARTESIAN_POINT('',(-1.27,-1.016,0.));
#6608 = LINE('',#6609,#6610);
#6609 = CARTESIAN_POINT('',(-1.27,-1.016,0.));
#6610 = VECTOR('',#6611,1.);
#6611 = DIRECTION('',(0.,0.,1.));
#6612 = ORIENTED_EDGE('',*,*,#6613,.F.);
#6613 = EDGE_CURVE('',#6544,#6606,#6614,.T.);
#6614 = LINE('',#6615,#6616);
#6615 = CARTESIAN_POINT('',(-1.27,1.016,0.));
#6616 = VECTOR('',#6617,1.);
#6617 = DIRECTION('',(0.,-1.,0.));
#6618 = PLANE('',#6619);
#6619 = AXIS2_PLACEMENT_3D('',#6620,#6621,#6622);
#6620 = CARTESIAN_POINT('',(-1.27,1.016,0.));
#6621 = DIRECTION('',(1.,0.,0.));
#6622 = DIRECTION('',(0.,-1.,0.));
#6623 = ADVANCED_FACE('',(#6624,#6811,#6845,#6879,#6913),#6947,.F.);
#6624 = FACE_BOUND('',#6625,.F.);
#6625 = EDGE_LOOP('',(#6626,#6627,#6628,#6636,#6644,#6652,#6660,#6668,
    #6676,#6684,#6692,#6700,#6708,#6716,#6724,#6732,#6740,#6748,#6756,
    #6764,#6772,#6780,#6788,#6796,#6804,#6810));
#6626 = ORIENTED_EDGE('',*,*,#6551,.T.);
#6627 = ORIENTED_EDGE('',*,*,#6613,.T.);
#6628 = ORIENTED_EDGE('',*,*,#6629,.T.);
#6629 = EDGE_CURVE('',#6606,#6630,#6632,.T.);
#6630 = VERTEX_POINT('',#6631);
#6631 = CARTESIAN_POINT('',(-1.016,-1.27,0.));
#6632 = LINE('',#6633,#6634);
#6633 = CARTESIAN_POINT('',(-1.27,-1.016,0.));
#6634 = VECTOR('',#6635,1.);
#6635 = DIRECTION('',(0.707106781187,-0.707106781187,0.));
#6636 = ORIENTED_EDGE('',*,*,#6637,.T.);
#6637 = EDGE_CURVE('',#6630,#6638,#6640,.T.);
#6638 = VERTEX_POINT('',#6639);
#6639 = CARTESIAN_POINT('',(-1.27,-1.524,0.));
#6640 = LINE('',#6641,#6642);
#6641 = CARTESIAN_POINT('',(-1.016,-1.27,0.));
#6642 = VECTOR('',#6643,1.);
#6643 = DIRECTION('',(-0.707106781187,-0.707106781187,0.));
#6644 = ORIENTED_EDGE('',*,*,#6645,.T.);
#6645 = EDGE_CURVE('',#6638,#6646,#6648,.T.);
#6646 = VERTEX_POINT('',#6647);
#6647 = CARTESIAN_POINT('',(-1.27,-3.556,0.));
#6648 = LINE('',#6649,#6650);
#6649 = CARTESIAN_POINT('',(-1.27,-1.524,0.));
#6650 = VECTOR('',#6651,1.);
#6651 = DIRECTION('',(0.,-1.,0.));
#6652 = ORIENTED_EDGE('',*,*,#6653,.T.);
#6653 = EDGE_CURVE('',#6646,#6654,#6656,.T.);
#6654 = VERTEX_POINT('',#6655);
#6655 = CARTESIAN_POINT('',(-1.016,-3.81,0.));
#6656 = LINE('',#6657,#6658);
#6657 = CARTESIAN_POINT('',(-1.27,-3.556,0.));
#6658 = VECTOR('',#6659,1.);
#6659 = DIRECTION('',(0.707106781187,-0.707106781187,0.));
#6660 = ORIENTED_EDGE('',*,*,#6661,.T.);
#6661 = EDGE_CURVE('',#6654,#6662,#6664,.T.);
#6662 = VERTEX_POINT('',#6663);
#6663 = CARTESIAN_POINT('',(-1.27,-4.064,0.));
#6664 = LINE('',#6665,#6666);
#6665 = CARTESIAN_POINT('',(-1.016,-3.81,0.));
#6666 = VECTOR('',#6667,1.);
#6667 = DIRECTION('',(-0.707106781187,-0.707106781187,0.));
#6668 = ORIENTED_EDGE('',*,*,#6669,.T.);
#6669 = EDGE_CURVE('',#6662,#6670,#6672,.T.);
#6670 = VERTEX_POINT('',#6671);
#6671 = CARTESIAN_POINT('',(-1.27,-6.096,0.));
#6672 = LINE('',#6673,#6674);
#6673 = CARTESIAN_POINT('',(-1.27,-4.064,0.));
#6674 = VECTOR('',#6675,1.);
#6675 = DIRECTION('',(0.,-1.,0.));
#6676 = ORIENTED_EDGE('',*,*,#6677,.T.);
#6677 = EDGE_CURVE('',#6670,#6678,#6680,.T.);
#6678 = VERTEX_POINT('',#6679);
#6679 = CARTESIAN_POINT('',(-1.016,-6.35,0.));
#6680 = LINE('',#6681,#6682);
#6681 = CARTESIAN_POINT('',(-1.27,-6.096,0.));
#6682 = VECTOR('',#6683,1.);
#6683 = DIRECTION('',(0.707106781187,-0.707106781187,0.));
#6684 = ORIENTED_EDGE('',*,*,#6685,.T.);
#6685 = EDGE_CURVE('',#6678,#6686,#6688,.T.);
#6686 = VERTEX_POINT('',#6687);
#6687 = CARTESIAN_POINT('',(-1.27,-6.604,0.));
#6688 = LINE('',#6689,#6690);
#6689 = CARTESIAN_POINT('',(-1.016,-6.35,0.));
#6690 = VECTOR('',#6691,1.);
#6691 = DIRECTION('',(-0.707106781187,-0.707106781187,0.));
#6692 = ORIENTED_EDGE('',*,*,#6693,.T.);
#6693 = EDGE_CURVE('',#6686,#6694,#6696,.T.);
#6694 = VERTEX_POINT('',#6695);
#6695 = CARTESIAN_POINT('',(-1.27,-8.636,0.));
#6696 = LINE('',#6697,#6698);
#6697 = CARTESIAN_POINT('',(-1.27,-6.604,0.));
#6698 = VECTOR('',#6699,1.);
#6699 = DIRECTION('',(0.,-1.,0.));
#6700 = ORIENTED_EDGE('',*,*,#6701,.T.);
#6701 = EDGE_CURVE('',#6694,#6702,#6704,.T.);
#6702 = VERTEX_POINT('',#6703);
#6703 = CARTESIAN_POINT('',(-1.016,-8.89,0.));
#6704 = LINE('',#6705,#6706);
#6705 = CARTESIAN_POINT('',(-1.27,-8.636,0.));
#6706 = VECTOR('',#6707,1.);
#6707 = DIRECTION('',(0.707106781187,-0.707106781187,0.));
#6708 = ORIENTED_EDGE('',*,*,#6709,.T.);
#6709 = EDGE_CURVE('',#6702,#6710,#6712,.T.);
#6710 = VERTEX_POINT('',#6711);
#6711 = CARTESIAN_POINT('',(1.016,-8.89,0.));
#6712 = LINE('',#6713,#6714);
#6713 = CARTESIAN_POINT('',(-1.016,-8.89,0.));
#6714 = VECTOR('',#6715,1.);
#6715 = DIRECTION('',(1.,0.,0.));
#6716 = ORIENTED_EDGE('',*,*,#6717,.T.);
#6717 = EDGE_CURVE('',#6710,#6718,#6720,.T.);
#6718 = VERTEX_POINT('',#6719);
#6719 = CARTESIAN_POINT('',(1.27,-8.636,0.));
#6720 = LINE('',#6721,#6722);
#6721 = CARTESIAN_POINT('',(1.016,-8.89,0.));
#6722 = VECTOR('',#6723,1.);
#6723 = DIRECTION('',(0.707106781187,0.707106781187,0.));
#6724 = ORIENTED_EDGE('',*,*,#6725,.T.);
#6725 = EDGE_CURVE('',#6718,#6726,#6728,.T.);
#6726 = VERTEX_POINT('',#6727);
#6727 = CARTESIAN_POINT('',(1.27,-6.604,0.));
#6728 = LINE('',#6729,#6730);
#6729 = CARTESIAN_POINT('',(1.27,-8.636,0.));
#6730 = VECTOR('',#6731,1.);
#6731 = DIRECTION('',(0.,1.,0.));
#6732 = ORIENTED_EDGE('',*,*,#6733,.T.);
#6733 = EDGE_CURVE('',#6726,#6734,#6736,.T.);
#6734 = VERTEX_POINT('',#6735);
#6735 = CARTESIAN_POINT('',(1.016,-6.35,0.));
#6736 = LINE('',#6737,#6738);
#6737 = CARTESIAN_POINT('',(1.27,-6.604,0.));
#6738 = VECTOR('',#6739,1.);
#6739 = DIRECTION('',(-0.707106781187,0.707106781187,0.));
#6740 = ORIENTED_EDGE('',*,*,#6741,.T.);
#6741 = EDGE_CURVE('',#6734,#6742,#6744,.T.);
#6742 = VERTEX_POINT('',#6743);
#6743 = CARTESIAN_POINT('',(1.27,-6.096,0.));
#6744 = LINE('',#6745,#6746);
#6745 = CARTESIAN_POINT('',(1.016,-6.35,0.));
#6746 = VECTOR('',#6747,1.);
#6747 = DIRECTION('',(0.707106781187,0.707106781187,0.));
#6748 = ORIENTED_EDGE('',*,*,#6749,.T.);
#6749 = EDGE_CURVE('',#6742,#6750,#6752,.T.);
#6750 = VERTEX_POINT('',#6751);
#6751 = CARTESIAN_POINT('',(1.27,-4.064,0.));
#6752 = LINE('',#6753,#6754);
#6753 = CARTESIAN_POINT('',(1.27,-6.096,0.));
#6754 = VECTOR('',#6755,1.);
#6755 = DIRECTION('',(0.,1.,0.));
#6756 = ORIENTED_EDGE('',*,*,#6757,.T.);
#6757 = EDGE_CURVE('',#6750,#6758,#6760,.T.);
#6758 = VERTEX_POINT('',#6759);
#6759 = CARTESIAN_POINT('',(1.016,-3.81,0.));
#6760 = LINE('',#6761,#6762);
#6761 = CARTESIAN_POINT('',(1.27,-4.064,0.));
#6762 = VECTOR('',#6763,1.);
#6763 = DIRECTION('',(-0.707106781187,0.707106781187,0.));
#6764 = ORIENTED_EDGE('',*,*,#6765,.T.);
#6765 = EDGE_CURVE('',#6758,#6766,#6768,.T.);
#6766 = VERTEX_POINT('',#6767);
#6767 = CARTESIAN_POINT('',(1.27,-3.556,0.));
#6768 = LINE('',#6769,#6770);
#6769 = CARTESIAN_POINT('',(1.016,-3.81,0.));
#6770 = VECTOR('',#6771,1.);
#6771 = DIRECTION('',(0.707106781187,0.707106781187,0.));
#6772 = ORIENTED_EDGE('',*,*,#6773,.T.);
#6773 = EDGE_CURVE('',#6766,#6774,#6776,.T.);
#6774 = VERTEX_POINT('',#6775);
#6775 = CARTESIAN_POINT('',(1.27,-1.524,0.));
#6776 = LINE('',#6777,#6778);
#6777 = CARTESIAN_POINT('',(1.27,-3.556,0.));
#6778 = VECTOR('',#6779,1.);
#6779 = DIRECTION('',(0.,1.,0.));
#6780 = ORIENTED_EDGE('',*,*,#6781,.T.);
#6781 = EDGE_CURVE('',#6774,#6782,#6784,.T.);
#6782 = VERTEX_POINT('',#6783);
#6783 = CARTESIAN_POINT('',(1.016,-1.27,0.));
#6784 = LINE('',#6785,#6786);
#6785 = CARTESIAN_POINT('',(1.27,-1.524,0.));
#6786 = VECTOR('',#6787,1.);
#6787 = DIRECTION('',(-0.707106781187,0.707106781187,0.));
#6788 = ORIENTED_EDGE('',*,*,#6789,.T.);
#6789 = EDGE_CURVE('',#6782,#6790,#6792,.T.);
#6790 = VERTEX_POINT('',#6791);
#6791 = CARTESIAN_POINT('',(1.27,-1.016,0.));
#6792 = LINE('',#6793,#6794);
#6793 = CARTESIAN_POINT('',(1.016,-1.27,0.));
#6794 = VECTOR('',#6795,1.);
#6795 = DIRECTION('',(0.707106781187,0.707106781187,0.));
#6796 = ORIENTED_EDGE('',*,*,#6797,.T.);
#6797 = EDGE_CURVE('',#6790,#6798,#6800,.T.);
#6798 = VERTEX_POINT('',#6799);
#6799 = CARTESIAN_POINT('',(1.27,1.016,0.));
#6800 = LINE('',#6801,#6802);
#6801 = CARTESIAN_POINT('',(1.27,-1.016,0.));
#6802 = VECTOR('',#6803,1.);
#6803 = DIRECTION('',(0.,1.,0.));
#6804 = ORIENTED_EDGE('',*,*,#6805,.T.);
#6805 = EDGE_CURVE('',#6798,#6566,#6806,.T.);
#6806 = LINE('',#6807,#6808);
#6807 = CARTESIAN_POINT('',(1.27,1.016,0.));
#6808 = VECTOR('',#6809,1.);
#6809 = DIRECTION('',(-0.707106781187,0.707106781187,0.));
#6810 = ORIENTED_EDGE('',*,*,#6582,.T.);
#6811 = FACE_BOUND('',#6812,.F.);
#6812 = EDGE_LOOP('',(#6813,#6823,#6831,#6839));
#6813 = ORIENTED_EDGE('',*,*,#6814,.F.);
#6814 = EDGE_CURVE('',#6815,#6817,#6819,.T.);
#6815 = VERTEX_POINT('',#6816);
#6816 = CARTESIAN_POINT('',(0.32,-4.76,0.));
#6817 = VERTEX_POINT('',#6818);
#6818 = CARTESIAN_POINT('',(-0.32,-4.76,0.));
#6819 = LINE('',#6820,#6821);
#6820 = CARTESIAN_POINT('',(-0.16,-4.76,0.));
#6821 = VECTOR('',#6822,1.);
#6822 = DIRECTION('',(-1.,0.,0.));
#6823 = ORIENTED_EDGE('',*,*,#6824,.F.);
#6824 = EDGE_CURVE('',#6825,#6815,#6827,.T.);
#6825 = VERTEX_POINT('',#6826);
#6826 = CARTESIAN_POINT('',(0.32,-5.4,0.));
#6827 = LINE('',#6828,#6829);
#6828 = CARTESIAN_POINT('',(0.32,-4.605,0.));
#6829 = VECTOR('',#6830,1.);
#6830 = DIRECTION('',(0.,1.,0.));
#6831 = ORIENTED_EDGE('',*,*,#6832,.T.);
#6832 = EDGE_CURVE('',#6825,#6833,#6835,.T.);
#6833 = VERTEX_POINT('',#6834);
#6834 = CARTESIAN_POINT('',(-0.32,-5.4,0.));
#6835 = LINE('',#6836,#6837);
#6836 = CARTESIAN_POINT('',(-0.16,-5.4,0.));
#6837 = VECTOR('',#6838,1.);
#6838 = DIRECTION('',(-1.,0.,0.));
#6839 = ORIENTED_EDGE('',*,*,#6840,.T.);
#6840 = EDGE_CURVE('',#6833,#6817,#6841,.T.);
#6841 = LINE('',#6842,#6843);
#6842 = CARTESIAN_POINT('',(-0.32,-4.605,0.));
#6843 = VECTOR('',#6844,1.);
#6844 = DIRECTION('',(0.,1.,0.));
#6845 = FACE_BOUND('',#6846,.F.);
#6846 = EDGE_LOOP('',(#6847,#6857,#6865,#6873));
#6847 = ORIENTED_EDGE('',*,*,#6848,.F.);
#6848 = EDGE_CURVE('',#6849,#6851,#6853,.T.);
#6849 = VERTEX_POINT('',#6850);
#6850 = CARTESIAN_POINT('',(0.32,-7.94,0.));
#6851 = VERTEX_POINT('',#6852);
#6852 = CARTESIAN_POINT('',(0.32,-7.3,0.));
#6853 = LINE('',#6854,#6855);
#6854 = CARTESIAN_POINT('',(0.32,-5.875,0.));
#6855 = VECTOR('',#6856,1.);
#6856 = DIRECTION('',(0.,1.,0.));
#6857 = ORIENTED_EDGE('',*,*,#6858,.T.);
#6858 = EDGE_CURVE('',#6849,#6859,#6861,.T.);
#6859 = VERTEX_POINT('',#6860);
#6860 = CARTESIAN_POINT('',(-0.32,-7.94,0.));
#6861 = LINE('',#6862,#6863);
#6862 = CARTESIAN_POINT('',(-0.16,-7.94,0.));
#6863 = VECTOR('',#6864,1.);
#6864 = DIRECTION('',(-1.,0.,0.));
#6865 = ORIENTED_EDGE('',*,*,#6866,.T.);
#6866 = EDGE_CURVE('',#6859,#6867,#6869,.T.);
#6867 = VERTEX_POINT('',#6868);
#6868 = CARTESIAN_POINT('',(-0.32,-7.3,0.));
#6869 = LINE('',#6870,#6871);
#6870 = CARTESIAN_POINT('',(-0.32,-5.875,0.));
#6871 = VECTOR('',#6872,1.);
#6872 = DIRECTION('',(0.,1.,0.));
#6873 = ORIENTED_EDGE('',*,*,#6874,.F.);
#6874 = EDGE_CURVE('',#6851,#6867,#6875,.T.);
#6875 = LINE('',#6876,#6877);
#6876 = CARTESIAN_POINT('',(-0.16,-7.3,0.));
#6877 = VECTOR('',#6878,1.);
#6878 = DIRECTION('',(-1.,0.,0.));
#6879 = FACE_BOUND('',#6880,.F.);
#6880 = EDGE_LOOP('',(#6881,#6891,#6899,#6907));
#6881 = ORIENTED_EDGE('',*,*,#6882,.F.);
#6882 = EDGE_CURVE('',#6883,#6885,#6887,.T.);
#6883 = VERTEX_POINT('',#6884);
#6884 = CARTESIAN_POINT('',(0.32,-0.32,0.));
#6885 = VERTEX_POINT('',#6886);
#6886 = CARTESIAN_POINT('',(0.32,0.32,0.));
#6887 = LINE('',#6888,#6889);
#6888 = CARTESIAN_POINT('',(0.32,-2.065,0.));
#6889 = VECTOR('',#6890,1.);
#6890 = DIRECTION('',(0.,1.,0.));
#6891 = ORIENTED_EDGE('',*,*,#6892,.T.);
#6892 = EDGE_CURVE('',#6883,#6893,#6895,.T.);
#6893 = VERTEX_POINT('',#6894);
#6894 = CARTESIAN_POINT('',(-0.32,-0.32,0.));
#6895 = LINE('',#6896,#6897);
#6896 = CARTESIAN_POINT('',(-0.16,-0.32,0.));
#6897 = VECTOR('',#6898,1.);
#6898 = DIRECTION('',(-1.,0.,0.));
#6899 = ORIENTED_EDGE('',*,*,#6900,.T.);
#6900 = EDGE_CURVE('',#6893,#6901,#6903,.T.);
#6901 = VERTEX_POINT('',#6902);
#6902 = CARTESIAN_POINT('',(-0.32,0.32,0.));
#6903 = LINE('',#6904,#6905);
#6904 = CARTESIAN_POINT('',(-0.32,-2.065,0.));
#6905 = VECTOR('',#6906,1.);
#6906 = DIRECTION('',(0.,1.,0.));
#6907 = ORIENTED_EDGE('',*,*,#6908,.F.);
#6908 = EDGE_CURVE('',#6885,#6901,#6909,.T.);
#6909 = LINE('',#6910,#6911);
#6910 = CARTESIAN_POINT('',(-0.16,0.32,0.));
#6911 = VECTOR('',#6912,1.);
#6912 = DIRECTION('',(-1.,0.,0.));
#6913 = FACE_BOUND('',#6914,.F.);
#6914 = EDGE_LOOP('',(#6915,#6925,#6933,#6941));
#6915 = ORIENTED_EDGE('',*,*,#6916,.F.);
#6916 = EDGE_CURVE('',#6917,#6919,#6921,.T.);
#6917 = VERTEX_POINT('',#6918);
#6918 = CARTESIAN_POINT('',(0.32,-2.22,0.));
#6919 = VERTEX_POINT('',#6920);
#6920 = CARTESIAN_POINT('',(-0.32,-2.22,0.));
#6921 = LINE('',#6922,#6923);
#6922 = CARTESIAN_POINT('',(-0.16,-2.22,0.));
#6923 = VECTOR('',#6924,1.);
#6924 = DIRECTION('',(-1.,0.,0.));
#6925 = ORIENTED_EDGE('',*,*,#6926,.F.);
#6926 = EDGE_CURVE('',#6927,#6917,#6929,.T.);
#6927 = VERTEX_POINT('',#6928);
#6928 = CARTESIAN_POINT('',(0.32,-2.86,0.));
#6929 = LINE('',#6930,#6931);
#6930 = CARTESIAN_POINT('',(0.32,-3.335,0.));
#6931 = VECTOR('',#6932,1.);
#6932 = DIRECTION('',(0.,1.,0.));
#6933 = ORIENTED_EDGE('',*,*,#6934,.T.);
#6934 = EDGE_CURVE('',#6927,#6935,#6937,.T.);
#6935 = VERTEX_POINT('',#6936);
#6936 = CARTESIAN_POINT('',(-0.32,-2.86,0.));
#6937 = LINE('',#6938,#6939);
#6938 = CARTESIAN_POINT('',(-0.16,-2.86,0.));
#6939 = VECTOR('',#6940,1.);
#6940 = DIRECTION('',(-1.,0.,0.));
#6941 = ORIENTED_EDGE('',*,*,#6942,.T.);
#6942 = EDGE_CURVE('',#6935,#6919,#6943,.T.);
#6943 = LINE('',#6944,#6945);
#6944 = CARTESIAN_POINT('',(-0.32,-3.335,0.));
#6945 = VECTOR('',#6946,1.);
#6946 = DIRECTION('',(0.,1.,0.));
#6947 = PLANE('',#6948);
#6948 = AXIS2_PLACEMENT_3D('',#6949,#6950,#6951);
#6949 = CARTESIAN_POINT('',(4.259053689278E-17,-3.81,0.));
#6950 = DIRECTION('',(0.,0.,1.));
#6951 = DIRECTION('',(1.,0.,-0.));
#6952 = ADVANCED_FACE('',(#6953,#7140,#7174,#7208,#7242),#7276,.T.);
#6953 = FACE_BOUND('',#6954,.T.);
#6954 = EDGE_LOOP('',(#6955,#6956,#6957,#6965,#6973,#6981,#6989,#6997,
    #7005,#7013,#7021,#7029,#7037,#7045,#7053,#7061,#7069,#7077,#7085,
    #7093,#7101,#7109,#7117,#7125,#7133,#7139));
#6955 = ORIENTED_EDGE('',*,*,#6535,.T.);
#6956 = ORIENTED_EDGE('',*,*,#6597,.T.);
#6957 = ORIENTED_EDGE('',*,*,#6958,.T.);
#6958 = EDGE_CURVE('',#6598,#6959,#6961,.T.);
#6959 = VERTEX_POINT('',#6960);
#6960 = CARTESIAN_POINT('',(-1.016,-1.27,2.54));
#6961 = LINE('',#6962,#6963);
#6962 = CARTESIAN_POINT('',(-1.27,-1.016,2.54));
#6963 = VECTOR('',#6964,1.);
#6964 = DIRECTION('',(0.707106781187,-0.707106781187,0.));
#6965 = ORIENTED_EDGE('',*,*,#6966,.T.);
#6966 = EDGE_CURVE('',#6959,#6967,#6969,.T.);
#6967 = VERTEX_POINT('',#6968);
#6968 = CARTESIAN_POINT('',(-1.27,-1.524,2.54));
#6969 = LINE('',#6970,#6971);
#6970 = CARTESIAN_POINT('',(-1.016,-1.27,2.54));
#6971 = VECTOR('',#6972,1.);
#6972 = DIRECTION('',(-0.707106781187,-0.707106781187,0.));
#6973 = ORIENTED_EDGE('',*,*,#6974,.T.);
#6974 = EDGE_CURVE('',#6967,#6975,#6977,.T.);
#6975 = VERTEX_POINT('',#6976);
#6976 = CARTESIAN_POINT('',(-1.27,-3.556,2.54));
#6977 = LINE('',#6978,#6979);
#6978 = CARTESIAN_POINT('',(-1.27,-1.524,2.54));
#6979 = VECTOR('',#6980,1.);
#6980 = DIRECTION('',(0.,-1.,0.));
#6981 = ORIENTED_EDGE('',*,*,#6982,.T.);
#6982 = EDGE_CURVE('',#6975,#6983,#6985,.T.);
#6983 = VERTEX_POINT('',#6984);
#6984 = CARTESIAN_POINT('',(-1.016,-3.81,2.54));
#6985 = LINE('',#6986,#6987);
#6986 = CARTESIAN_POINT('',(-1.27,-3.556,2.54));
#6987 = VECTOR('',#6988,1.);
#6988 = DIRECTION('',(0.707106781187,-0.707106781187,0.));
#6989 = ORIENTED_EDGE('',*,*,#6990,.T.);
#6990 = EDGE_CURVE('',#6983,#6991,#6993,.T.);
#6991 = VERTEX_POINT('',#6992);
#6992 = CARTESIAN_POINT('',(-1.27,-4.064,2.54));
#6993 = LINE('',#6994,#6995);
#6994 = CARTESIAN_POINT('',(-1.016,-3.81,2.54));
#6995 = VECTOR('',#6996,1.);
#6996 = DIRECTION('',(-0.707106781187,-0.707106781187,0.));
#6997 = ORIENTED_EDGE('',*,*,#6998,.T.);
#6998 = EDGE_CURVE('',#6991,#6999,#7001,.T.);
#6999 = VERTEX_POINT('',#7000);
#7000 = CARTESIAN_POINT('',(-1.27,-6.096,2.54));
#7001 = LINE('',#7002,#7003);
#7002 = CARTESIAN_POINT('',(-1.27,-4.064,2.54));
#7003 = VECTOR('',#7004,1.);
#7004 = DIRECTION('',(0.,-1.,0.));
#7005 = ORIENTED_EDGE('',*,*,#7006,.T.);
#7006 = EDGE_CURVE('',#6999,#7007,#7009,.T.);
#7007 = VERTEX_POINT('',#7008);
#7008 = CARTESIAN_POINT('',(-1.016,-6.35,2.54));
#7009 = LINE('',#7010,#7011);
#7010 = CARTESIAN_POINT('',(-1.27,-6.096,2.54));
#7011 = VECTOR('',#7012,1.);
#7012 = DIRECTION('',(0.707106781187,-0.707106781187,0.));
#7013 = ORIENTED_EDGE('',*,*,#7014,.T.);
#7014 = EDGE_CURVE('',#7007,#7015,#7017,.T.);
#7015 = VERTEX_POINT('',#7016);
#7016 = CARTESIAN_POINT('',(-1.27,-6.604,2.54));
#7017 = LINE('',#7018,#7019);
#7018 = CARTESIAN_POINT('',(-1.016,-6.35,2.54));
#7019 = VECTOR('',#7020,1.);
#7020 = DIRECTION('',(-0.707106781187,-0.707106781187,0.));
#7021 = ORIENTED_EDGE('',*,*,#7022,.T.);
#7022 = EDGE_CURVE('',#7015,#7023,#7025,.T.);
#7023 = VERTEX_POINT('',#7024);
#7024 = CARTESIAN_POINT('',(-1.27,-8.636,2.54));
#7025 = LINE('',#7026,#7027);
#7026 = CARTESIAN_POINT('',(-1.27,-6.604,2.54));
#7027 = VECTOR('',#7028,1.);
#7028 = DIRECTION('',(0.,-1.,0.));
#7029 = ORIENTED_EDGE('',*,*,#7030,.T.);
#7030 = EDGE_CURVE('',#7023,#7031,#7033,.T.);
#7031 = VERTEX_POINT('',#7032);
#7032 = CARTESIAN_POINT('',(-1.016,-8.89,2.54));
#7033 = LINE('',#7034,#7035);
#7034 = CARTESIAN_POINT('',(-1.27,-8.636,2.54));
#7035 = VECTOR('',#7036,1.);
#7036 = DIRECTION('',(0.707106781187,-0.707106781187,0.));
#7037 = ORIENTED_EDGE('',*,*,#7038,.T.);
#7038 = EDGE_CURVE('',#7031,#7039,#7041,.T.);
#7039 = VERTEX_POINT('',#7040);
#7040 = CARTESIAN_POINT('',(1.016,-8.89,2.54));
#7041 = LINE('',#7042,#7043);
#7042 = CARTESIAN_POINT('',(-1.016,-8.89,2.54));
#7043 = VECTOR('',#7044,1.);
#7044 = DIRECTION('',(1.,0.,0.));
#7045 = ORIENTED_EDGE('',*,*,#7046,.T.);
#7046 = EDGE_CURVE('',#7039,#7047,#7049,.T.);
#7047 = VERTEX_POINT('',#7048);
#7048 = CARTESIAN_POINT('',(1.27,-8.636,2.54));
#7049 = LINE('',#7050,#7051);
#7050 = CARTESIAN_POINT('',(1.016,-8.89,2.54));
#7051 = VECTOR('',#7052,1.);
#7052 = DIRECTION('',(0.707106781187,0.707106781187,0.));
#7053 = ORIENTED_EDGE('',*,*,#7054,.T.);
#7054 = EDGE_CURVE('',#7047,#7055,#7057,.T.);
#7055 = VERTEX_POINT('',#7056);
#7056 = CARTESIAN_POINT('',(1.27,-6.604,2.54));
#7057 = LINE('',#7058,#7059);
#7058 = CARTESIAN_POINT('',(1.27,-8.636,2.54));
#7059 = VECTOR('',#7060,1.);
#7060 = DIRECTION('',(0.,1.,0.));
#7061 = ORIENTED_EDGE('',*,*,#7062,.T.);
#7062 = EDGE_CURVE('',#7055,#7063,#7065,.T.);
#7063 = VERTEX_POINT('',#7064);
#7064 = CARTESIAN_POINT('',(1.016,-6.35,2.54));
#7065 = LINE('',#7066,#7067);
#7066 = CARTESIAN_POINT('',(1.27,-6.604,2.54));
#7067 = VECTOR('',#7068,1.);
#7068 = DIRECTION('',(-0.707106781187,0.707106781187,0.));
#7069 = ORIENTED_EDGE('',*,*,#7070,.T.);
#7070 = EDGE_CURVE('',#7063,#7071,#7073,.T.);
#7071 = VERTEX_POINT('',#7072);
#7072 = CARTESIAN_POINT('',(1.27,-6.096,2.54));
#7073 = LINE('',#7074,#7075);
#7074 = CARTESIAN_POINT('',(1.016,-6.35,2.54));
#7075 = VECTOR('',#7076,1.);
#7076 = DIRECTION('',(0.707106781187,0.707106781187,0.));
#7077 = ORIENTED_EDGE('',*,*,#7078,.T.);
#7078 = EDGE_CURVE('',#7071,#7079,#7081,.T.);
#7079 = VERTEX_POINT('',#7080);
#7080 = CARTESIAN_POINT('',(1.27,-4.064,2.54));
#7081 = LINE('',#7082,#7083);
#7082 = CARTESIAN_POINT('',(1.27,-6.096,2.54));
#7083 = VECTOR('',#7084,1.);
#7084 = DIRECTION('',(0.,1.,0.));
#7085 = ORIENTED_EDGE('',*,*,#7086,.T.);
#7086 = EDGE_CURVE('',#7079,#7087,#7089,.T.);
#7087 = VERTEX_POINT('',#7088);
#7088 = CARTESIAN_POINT('',(1.016,-3.81,2.54));
#7089 = LINE('',#7090,#7091);
#7090 = CARTESIAN_POINT('',(1.27,-4.064,2.54));
#7091 = VECTOR('',#7092,1.);
#7092 = DIRECTION('',(-0.707106781187,0.707106781187,0.));
#7093 = ORIENTED_EDGE('',*,*,#7094,.T.);
#7094 = EDGE_CURVE('',#7087,#7095,#7097,.T.);
#7095 = VERTEX_POINT('',#7096);
#7096 = CARTESIAN_POINT('',(1.27,-3.556,2.54));
#7097 = LINE('',#7098,#7099);
#7098 = CARTESIAN_POINT('',(1.016,-3.81,2.54));
#7099 = VECTOR('',#7100,1.);
#7100 = DIRECTION('',(0.707106781187,0.707106781187,0.));
#7101 = ORIENTED_EDGE('',*,*,#7102,.T.);
#7102 = EDGE_CURVE('',#7095,#7103,#7105,.T.);
#7103 = VERTEX_POINT('',#7104);
#7104 = CARTESIAN_POINT('',(1.27,-1.524,2.54));
#7105 = LINE('',#7106,#7107);
#7106 = CARTESIAN_POINT('',(1.27,-3.556,2.54));
#7107 = VECTOR('',#7108,1.);
#7108 = DIRECTION('',(0.,1.,0.));
#7109 = ORIENTED_EDGE('',*,*,#7110,.T.);
#7110 = EDGE_CURVE('',#7103,#7111,#7113,.T.);
#7111 = VERTEX_POINT('',#7112);
#7112 = CARTESIAN_POINT('',(1.016,-1.27,2.54));
#7113 = LINE('',#7114,#7115);
#7114 = CARTESIAN_POINT('',(1.27,-1.524,2.54));
#7115 = VECTOR('',#7116,1.);
#7116 = DIRECTION('',(-0.707106781187,0.707106781187,0.));
#7117 = ORIENTED_EDGE('',*,*,#7118,.T.);
#7118 = EDGE_CURVE('',#7111,#7119,#7121,.T.);
#7119 = VERTEX_POINT('',#7120);
#7120 = CARTESIAN_POINT('',(1.27,-1.016,2.54));
#7121 = LINE('',#7122,#7123);
#7122 = CARTESIAN_POINT('',(1.016,-1.27,2.54));
#7123 = VECTOR('',#7124,1.);
#7124 = DIRECTION('',(0.707106781187,0.707106781187,0.));
#7125 = ORIENTED_EDGE('',*,*,#7126,.T.);
#7126 = EDGE_CURVE('',#7119,#7127,#7129,.T.);
#7127 = VERTEX_POINT('',#7128);
#7128 = CARTESIAN_POINT('',(1.27,1.016,2.54));
#7129 = LINE('',#7130,#7131);
#7130 = CARTESIAN_POINT('',(1.27,-1.016,2.54));
#7131 = VECTOR('',#7132,1.);
#7132 = DIRECTION('',(0.,1.,0.));
#7133 = ORIENTED_EDGE('',*,*,#7134,.T.);
#7134 = EDGE_CURVE('',#7127,#6568,#7135,.T.);
#7135 = LINE('',#7136,#7137);
#7136 = CARTESIAN_POINT('',(1.27,1.016,2.54));
#7137 = VECTOR('',#7138,1.);
#7138 = DIRECTION('',(-0.707106781187,0.707106781187,0.));
#7139 = ORIENTED_EDGE('',*,*,#6575,.T.);
#7140 = FACE_BOUND('',#7141,.T.);
#7141 = EDGE_LOOP('',(#7142,#7152,#7160,#7168));
#7142 = ORIENTED_EDGE('',*,*,#7143,.F.);
#7143 = EDGE_CURVE('',#7144,#7146,#7148,.T.);
#7144 = VERTEX_POINT('',#7145);
#7145 = CARTESIAN_POINT('',(0.32,-4.76,2.54));
#7146 = VERTEX_POINT('',#7147);
#7147 = CARTESIAN_POINT('',(-0.32,-4.76,2.54));
#7148 = LINE('',#7149,#7150);
#7149 = CARTESIAN_POINT('',(-0.16,-4.76,2.54));
#7150 = VECTOR('',#7151,1.);
#7151 = DIRECTION('',(-1.,0.,0.));
#7152 = ORIENTED_EDGE('',*,*,#7153,.F.);
#7153 = EDGE_CURVE('',#7154,#7144,#7156,.T.);
#7154 = VERTEX_POINT('',#7155);
#7155 = CARTESIAN_POINT('',(0.32,-5.4,2.54));
#7156 = LINE('',#7157,#7158);
#7157 = CARTESIAN_POINT('',(0.32,-4.605,2.54));
#7158 = VECTOR('',#7159,1.);
#7159 = DIRECTION('',(0.,1.,0.));
#7160 = ORIENTED_EDGE('',*,*,#7161,.T.);
#7161 = EDGE_CURVE('',#7154,#7162,#7164,.T.);
#7162 = VERTEX_POINT('',#7163);
#7163 = CARTESIAN_POINT('',(-0.32,-5.4,2.54));
#7164 = LINE('',#7165,#7166);
#7165 = CARTESIAN_POINT('',(-0.16,-5.4,2.54));
#7166 = VECTOR('',#7167,1.);
#7167 = DIRECTION('',(-1.,0.,0.));
#7168 = ORIENTED_EDGE('',*,*,#7169,.T.);
#7169 = EDGE_CURVE('',#7162,#7146,#7170,.T.);
#7170 = LINE('',#7171,#7172);
#7171 = CARTESIAN_POINT('',(-0.32,-4.605,2.54));
#7172 = VECTOR('',#7173,1.);
#7173 = DIRECTION('',(0.,1.,0.));
#7174 = FACE_BOUND('',#7175,.T.);
#7175 = EDGE_LOOP('',(#7176,#7186,#7194,#7202));
#7176 = ORIENTED_EDGE('',*,*,#7177,.F.);
#7177 = EDGE_CURVE('',#7178,#7180,#7182,.T.);
#7178 = VERTEX_POINT('',#7179);
#7179 = CARTESIAN_POINT('',(0.32,-7.94,2.54));
#7180 = VERTEX_POINT('',#7181);
#7181 = CARTESIAN_POINT('',(0.32,-7.3,2.54));
#7182 = LINE('',#7183,#7184);
#7183 = CARTESIAN_POINT('',(0.32,-5.875,2.54));
#7184 = VECTOR('',#7185,1.);
#7185 = DIRECTION('',(0.,1.,0.));
#7186 = ORIENTED_EDGE('',*,*,#7187,.T.);
#7187 = EDGE_CURVE('',#7178,#7188,#7190,.T.);
#7188 = VERTEX_POINT('',#7189);
#7189 = CARTESIAN_POINT('',(-0.32,-7.94,2.54));
#7190 = LINE('',#7191,#7192);
#7191 = CARTESIAN_POINT('',(-0.16,-7.94,2.54));
#7192 = VECTOR('',#7193,1.);
#7193 = DIRECTION('',(-1.,0.,0.));
#7194 = ORIENTED_EDGE('',*,*,#7195,.T.);
#7195 = EDGE_CURVE('',#7188,#7196,#7198,.T.);
#7196 = VERTEX_POINT('',#7197);
#7197 = CARTESIAN_POINT('',(-0.32,-7.3,2.54));
#7198 = LINE('',#7199,#7200);
#7199 = CARTESIAN_POINT('',(-0.32,-5.875,2.54));
#7200 = VECTOR('',#7201,1.);
#7201 = DIRECTION('',(0.,1.,0.));
#7202 = ORIENTED_EDGE('',*,*,#7203,.F.);
#7203 = EDGE_CURVE('',#7180,#7196,#7204,.T.);
#7204 = LINE('',#7205,#7206);
#7205 = CARTESIAN_POINT('',(-0.16,-7.3,2.54));
#7206 = VECTOR('',#7207,1.);
#7207 = DIRECTION('',(-1.,0.,0.));
#7208 = FACE_BOUND('',#7209,.T.);
#7209 = EDGE_LOOP('',(#7210,#7220,#7228,#7236));
#7210 = ORIENTED_EDGE('',*,*,#7211,.F.);
#7211 = EDGE_CURVE('',#7212,#7214,#7216,.T.);
#7212 = VERTEX_POINT('',#7213);
#7213 = CARTESIAN_POINT('',(0.32,-0.32,2.54));
#7214 = VERTEX_POINT('',#7215);
#7215 = CARTESIAN_POINT('',(0.32,0.32,2.54));
#7216 = LINE('',#7217,#7218);
#7217 = CARTESIAN_POINT('',(0.32,-2.065,2.54));
#7218 = VECTOR('',#7219,1.);
#7219 = DIRECTION('',(0.,1.,0.));
#7220 = ORIENTED_EDGE('',*,*,#7221,.T.);
#7221 = EDGE_CURVE('',#7212,#7222,#7224,.T.);
#7222 = VERTEX_POINT('',#7223);
#7223 = CARTESIAN_POINT('',(-0.32,-0.32,2.54));
#7224 = LINE('',#7225,#7226);
#7225 = CARTESIAN_POINT('',(-0.16,-0.32,2.54));
#7226 = VECTOR('',#7227,1.);
#7227 = DIRECTION('',(-1.,0.,0.));
#7228 = ORIENTED_EDGE('',*,*,#7229,.T.);
#7229 = EDGE_CURVE('',#7222,#7230,#7232,.T.);
#7230 = VERTEX_POINT('',#7231);
#7231 = CARTESIAN_POINT('',(-0.32,0.32,2.54));
#7232 = LINE('',#7233,#7234);
#7233 = CARTESIAN_POINT('',(-0.32,-2.065,2.54));
#7234 = VECTOR('',#7235,1.);
#7235 = DIRECTION('',(0.,1.,0.));
#7236 = ORIENTED_EDGE('',*,*,#7237,.F.);
#7237 = EDGE_CURVE('',#7214,#7230,#7238,.T.);
#7238 = LINE('',#7239,#7240);
#7239 = CARTESIAN_POINT('',(-0.16,0.32,2.54));
#7240 = VECTOR('',#7241,1.);
#7241 = DIRECTION('',(-1.,0.,0.));
#7242 = FACE_BOUND('',#7243,.T.);
#7243 = EDGE_LOOP('',(#7244,#7254,#7262,#7270));
#7244 = ORIENTED_EDGE('',*,*,#7245,.F.);
#7245 = EDGE_CURVE('',#7246,#7248,#7250,.T.);
#7246 = VERTEX_POINT('',#7247);
#7247 = CARTESIAN_POINT('',(0.32,-2.22,2.54));
#7248 = VERTEX_POINT('',#7249);
#7249 = CARTESIAN_POINT('',(-0.32,-2.22,2.54));
#7250 = LINE('',#7251,#7252);
#7251 = CARTESIAN_POINT('',(-0.16,-2.22,2.54));
#7252 = VECTOR('',#7253,1.);
#7253 = DIRECTION('',(-1.,0.,0.));
#7254 = ORIENTED_EDGE('',*,*,#7255,.F.);
#7255 = EDGE_CURVE('',#7256,#7246,#7258,.T.);
#7256 = VERTEX_POINT('',#7257);
#7257 = CARTESIAN_POINT('',(0.32,-2.86,2.54));
#7258 = LINE('',#7259,#7260);
#7259 = CARTESIAN_POINT('',(0.32,-3.335,2.54));
#7260 = VECTOR('',#7261,1.);
#7261 = DIRECTION('',(0.,1.,0.));
#7262 = ORIENTED_EDGE('',*,*,#7263,.T.);
#7263 = EDGE_CURVE('',#7256,#7264,#7266,.T.);
#7264 = VERTEX_POINT('',#7265);
#7265 = CARTESIAN_POINT('',(-0.32,-2.86,2.54));
#7266 = LINE('',#7267,#7268);
#7267 = CARTESIAN_POINT('',(-0.16,-2.86,2.54));
#7268 = VECTOR('',#7269,1.);
#7269 = DIRECTION('',(-1.,0.,0.));
#7270 = ORIENTED_EDGE('',*,*,#7271,.T.);
#7271 = EDGE_CURVE('',#7264,#7248,#7272,.T.);
#7272 = LINE('',#7273,#7274);
#7273 = CARTESIAN_POINT('',(-0.32,-3.335,2.54));
#7274 = VECTOR('',#7275,1.);
#7275 = DIRECTION('',(0.,1.,0.));
#7276 = PLANE('',#7277);
#7277 = AXIS2_PLACEMENT_3D('',#7278,#7279,#7280);
#7278 = CARTESIAN_POINT('',(4.259053689278E-17,-3.81,2.54));
#7279 = DIRECTION('',(0.,0.,1.));
#7280 = DIRECTION('',(1.,0.,-0.));
#7281 = ADVANCED_FACE('',(#7282),#7293,.F.);
#7282 = FACE_BOUND('',#7283,.F.);
#7283 = EDGE_LOOP('',(#7284,#7290,#7291,#7292));
#7284 = ORIENTED_EDGE('',*,*,#7285,.T.);
#7285 = EDGE_CURVE('',#6798,#7127,#7286,.T.);
#7286 = LINE('',#7287,#7288);
#7287 = CARTESIAN_POINT('',(1.27,1.016,0.));
#7288 = VECTOR('',#7289,1.);
#7289 = DIRECTION('',(0.,0.,1.));
#7290 = ORIENTED_EDGE('',*,*,#7134,.T.);
#7291 = ORIENTED_EDGE('',*,*,#6565,.F.);
#7292 = ORIENTED_EDGE('',*,*,#6805,.F.);
#7293 = PLANE('',#7294);
#7294 = AXIS2_PLACEMENT_3D('',#7295,#7296,#7297);
#7295 = CARTESIAN_POINT('',(1.27,1.016,0.));
#7296 = DIRECTION('',(-0.707106781187,-0.707106781187,0.));
#7297 = DIRECTION('',(-0.707106781187,0.707106781187,0.));
#7298 = ADVANCED_FACE('',(#7299),#7310,.F.);
#7299 = FACE_BOUND('',#7300,.F.);
#7300 = EDGE_LOOP('',(#7301,#7302,#7303,#7309));
#7301 = ORIENTED_EDGE('',*,*,#6605,.T.);
#7302 = ORIENTED_EDGE('',*,*,#6958,.T.);
#7303 = ORIENTED_EDGE('',*,*,#7304,.F.);
#7304 = EDGE_CURVE('',#6630,#6959,#7305,.T.);
#7305 = LINE('',#7306,#7307);
#7306 = CARTESIAN_POINT('',(-1.016,-1.27,0.));
#7307 = VECTOR('',#7308,1.);
#7308 = DIRECTION('',(0.,0.,1.));
#7309 = ORIENTED_EDGE('',*,*,#6629,.F.);
#7310 = PLANE('',#7311);
#7311 = AXIS2_PLACEMENT_3D('',#7312,#7313,#7314);
#7312 = CARTESIAN_POINT('',(-1.27,-1.016,0.));
#7313 = DIRECTION('',(0.707106781187,0.707106781187,0.));
#7314 = DIRECTION('',(0.707106781187,-0.707106781187,0.));
#7315 = ADVANCED_FACE('',(#7316),#7327,.F.);
#7316 = FACE_BOUND('',#7317,.F.);
#7317 = EDGE_LOOP('',(#7318,#7324,#7325,#7326));
#7318 = ORIENTED_EDGE('',*,*,#7319,.T.);
#7319 = EDGE_CURVE('',#6790,#7119,#7320,.T.);
#7320 = LINE('',#7321,#7322);
#7321 = CARTESIAN_POINT('',(1.27,-1.016,0.));
#7322 = VECTOR('',#7323,1.);
#7323 = DIRECTION('',(0.,0.,1.));
#7324 = ORIENTED_EDGE('',*,*,#7126,.T.);
#7325 = ORIENTED_EDGE('',*,*,#7285,.F.);
#7326 = ORIENTED_EDGE('',*,*,#6797,.F.);
#7327 = PLANE('',#7328);
#7328 = AXIS2_PLACEMENT_3D('',#7329,#7330,#7331);
#7329 = CARTESIAN_POINT('',(1.27,-1.016,0.));
#7330 = DIRECTION('',(-1.,0.,0.));
#7331 = DIRECTION('',(0.,1.,0.));
#7332 = ADVANCED_FACE('',(#7333),#7344,.F.);
#7333 = FACE_BOUND('',#7334,.F.);
#7334 = EDGE_LOOP('',(#7335,#7336,#7337,#7343));
#7335 = ORIENTED_EDGE('',*,*,#7304,.T.);
#7336 = ORIENTED_EDGE('',*,*,#6966,.T.);
#7337 = ORIENTED_EDGE('',*,*,#7338,.F.);
#7338 = EDGE_CURVE('',#6638,#6967,#7339,.T.);
#7339 = LINE('',#7340,#7341);
#7340 = CARTESIAN_POINT('',(-1.27,-1.524,0.));
#7341 = VECTOR('',#7342,1.);
#7342 = DIRECTION('',(0.,0.,1.));
#7343 = ORIENTED_EDGE('',*,*,#6637,.F.);
#7344 = PLANE('',#7345);
#7345 = AXIS2_PLACEMENT_3D('',#7346,#7347,#7348);
#7346 = CARTESIAN_POINT('',(-1.016,-1.27,0.));
#7347 = DIRECTION('',(0.707106781187,-0.707106781187,0.));
#7348 = DIRECTION('',(-0.707106781187,-0.707106781187,0.));
#7349 = ADVANCED_FACE('',(#7350),#7361,.F.);
#7350 = FACE_BOUND('',#7351,.F.);
#7351 = EDGE_LOOP('',(#7352,#7358,#7359,#7360));
#7352 = ORIENTED_EDGE('',*,*,#7353,.T.);
#7353 = EDGE_CURVE('',#6782,#7111,#7354,.T.);
#7354 = LINE('',#7355,#7356);
#7355 = CARTESIAN_POINT('',(1.016,-1.27,0.));
#7356 = VECTOR('',#7357,1.);
#7357 = DIRECTION('',(0.,0.,1.));
#7358 = ORIENTED_EDGE('',*,*,#7118,.T.);
#7359 = ORIENTED_EDGE('',*,*,#7319,.F.);
#7360 = ORIENTED_EDGE('',*,*,#6789,.F.);
#7361 = PLANE('',#7362);
#7362 = AXIS2_PLACEMENT_3D('',#7363,#7364,#7365);
#7363 = CARTESIAN_POINT('',(1.016,-1.27,0.));
#7364 = DIRECTION('',(-0.707106781187,0.707106781187,0.));
#7365 = DIRECTION('',(0.707106781187,0.707106781187,0.));
#7366 = ADVANCED_FACE('',(#7367),#7378,.F.);
#7367 = FACE_BOUND('',#7368,.F.);
#7368 = EDGE_LOOP('',(#7369,#7370,#7371,#7377));
#7369 = ORIENTED_EDGE('',*,*,#7338,.T.);
#7370 = ORIENTED_EDGE('',*,*,#6974,.T.);
#7371 = ORIENTED_EDGE('',*,*,#7372,.F.);
#7372 = EDGE_CURVE('',#6646,#6975,#7373,.T.);
#7373 = LINE('',#7374,#7375);
#7374 = CARTESIAN_POINT('',(-1.27,-3.556,0.));
#7375 = VECTOR('',#7376,1.);
#7376 = DIRECTION('',(0.,0.,1.));
#7377 = ORIENTED_EDGE('',*,*,#6645,.F.);
#7378 = PLANE('',#7379);
#7379 = AXIS2_PLACEMENT_3D('',#7380,#7381,#7382);
#7380 = CARTESIAN_POINT('',(-1.27,-1.524,0.));
#7381 = DIRECTION('',(1.,0.,0.));
#7382 = DIRECTION('',(0.,-1.,0.));
#7383 = ADVANCED_FACE('',(#7384),#7395,.F.);
#7384 = FACE_BOUND('',#7385,.F.);
#7385 = EDGE_LOOP('',(#7386,#7392,#7393,#7394));
#7386 = ORIENTED_EDGE('',*,*,#7387,.T.);
#7387 = EDGE_CURVE('',#6774,#7103,#7388,.T.);
#7388 = LINE('',#7389,#7390);
#7389 = CARTESIAN_POINT('',(1.27,-1.524,0.));
#7390 = VECTOR('',#7391,1.);
#7391 = DIRECTION('',(0.,0.,1.));
#7392 = ORIENTED_EDGE('',*,*,#7110,.T.);
#7393 = ORIENTED_EDGE('',*,*,#7353,.F.);
#7394 = ORIENTED_EDGE('',*,*,#6781,.F.);
#7395 = PLANE('',#7396);
#7396 = AXIS2_PLACEMENT_3D('',#7397,#7398,#7399);
#7397 = CARTESIAN_POINT('',(1.27,-1.524,0.));
#7398 = DIRECTION('',(-0.707106781187,-0.707106781187,0.));
#7399 = DIRECTION('',(-0.707106781187,0.707106781187,0.));
#7400 = ADVANCED_FACE('',(#7401),#7412,.F.);
#7401 = FACE_BOUND('',#7402,.F.);
#7402 = EDGE_LOOP('',(#7403,#7404,#7405,#7411));
#7403 = ORIENTED_EDGE('',*,*,#7372,.T.);
#7404 = ORIENTED_EDGE('',*,*,#6982,.T.);
#7405 = ORIENTED_EDGE('',*,*,#7406,.F.);
#7406 = EDGE_CURVE('',#6654,#6983,#7407,.T.);
#7407 = LINE('',#7408,#7409);
#7408 = CARTESIAN_POINT('',(-1.016,-3.81,0.));
#7409 = VECTOR('',#7410,1.);
#7410 = DIRECTION('',(0.,0.,1.));
#7411 = ORIENTED_EDGE('',*,*,#6653,.F.);
#7412 = PLANE('',#7413);
#7413 = AXIS2_PLACEMENT_3D('',#7414,#7415,#7416);
#7414 = CARTESIAN_POINT('',(-1.27,-3.556,0.));
#7415 = DIRECTION('',(0.707106781187,0.707106781187,0.));
#7416 = DIRECTION('',(0.707106781187,-0.707106781187,0.));
#7417 = ADVANCED_FACE('',(#7418),#7429,.F.);
#7418 = FACE_BOUND('',#7419,.F.);
#7419 = EDGE_LOOP('',(#7420,#7426,#7427,#7428));
#7420 = ORIENTED_EDGE('',*,*,#7421,.T.);
#7421 = EDGE_CURVE('',#6766,#7095,#7422,.T.);
#7422 = LINE('',#7423,#7424);
#7423 = CARTESIAN_POINT('',(1.27,-3.556,0.));
#7424 = VECTOR('',#7425,1.);
#7425 = DIRECTION('',(0.,0.,1.));
#7426 = ORIENTED_EDGE('',*,*,#7102,.T.);
#7427 = ORIENTED_EDGE('',*,*,#7387,.F.);
#7428 = ORIENTED_EDGE('',*,*,#6773,.F.);
#7429 = PLANE('',#7430);
#7430 = AXIS2_PLACEMENT_3D('',#7431,#7432,#7433);
#7431 = CARTESIAN_POINT('',(1.27,-3.556,0.));
#7432 = DIRECTION('',(-1.,0.,0.));
#7433 = DIRECTION('',(0.,1.,0.));
#7434 = ADVANCED_FACE('',(#7435),#7446,.F.);
#7435 = FACE_BOUND('',#7436,.F.);
#7436 = EDGE_LOOP('',(#7437,#7438,#7439,#7445));
#7437 = ORIENTED_EDGE('',*,*,#7406,.T.);
#7438 = ORIENTED_EDGE('',*,*,#6990,.T.);
#7439 = ORIENTED_EDGE('',*,*,#7440,.F.);
#7440 = EDGE_CURVE('',#6662,#6991,#7441,.T.);
#7441 = LINE('',#7442,#7443);
#7442 = CARTESIAN_POINT('',(-1.27,-4.064,0.));
#7443 = VECTOR('',#7444,1.);
#7444 = DIRECTION('',(0.,0.,1.));
#7445 = ORIENTED_EDGE('',*,*,#6661,.F.);
#7446 = PLANE('',#7447);
#7447 = AXIS2_PLACEMENT_3D('',#7448,#7449,#7450);
#7448 = CARTESIAN_POINT('',(-1.016,-3.81,0.));
#7449 = DIRECTION('',(0.707106781187,-0.707106781187,0.));
#7450 = DIRECTION('',(-0.707106781187,-0.707106781187,0.));
#7451 = ADVANCED_FACE('',(#7452),#7463,.F.);
#7452 = FACE_BOUND('',#7453,.F.);
#7453 = EDGE_LOOP('',(#7454,#7460,#7461,#7462));
#7454 = ORIENTED_EDGE('',*,*,#7455,.T.);
#7455 = EDGE_CURVE('',#6758,#7087,#7456,.T.);
#7456 = LINE('',#7457,#7458);
#7457 = CARTESIAN_POINT('',(1.016,-3.81,0.));
#7458 = VECTOR('',#7459,1.);
#7459 = DIRECTION('',(0.,0.,1.));
#7460 = ORIENTED_EDGE('',*,*,#7094,.T.);
#7461 = ORIENTED_EDGE('',*,*,#7421,.F.);
#7462 = ORIENTED_EDGE('',*,*,#6765,.F.);
#7463 = PLANE('',#7464);
#7464 = AXIS2_PLACEMENT_3D('',#7465,#7466,#7467);
#7465 = CARTESIAN_POINT('',(1.016,-3.81,0.));
#7466 = DIRECTION('',(-0.707106781187,0.707106781187,0.));
#7467 = DIRECTION('',(0.707106781187,0.707106781187,0.));
#7468 = ADVANCED_FACE('',(#7469),#7480,.F.);
#7469 = FACE_BOUND('',#7470,.F.);
#7470 = EDGE_LOOP('',(#7471,#7472,#7473,#7479));
#7471 = ORIENTED_EDGE('',*,*,#7440,.T.);
#7472 = ORIENTED_EDGE('',*,*,#6998,.T.);
#7473 = ORIENTED_EDGE('',*,*,#7474,.F.);
#7474 = EDGE_CURVE('',#6670,#6999,#7475,.T.);
#7475 = LINE('',#7476,#7477);
#7476 = CARTESIAN_POINT('',(-1.27,-6.096,0.));
#7477 = VECTOR('',#7478,1.);
#7478 = DIRECTION('',(0.,0.,1.));
#7479 = ORIENTED_EDGE('',*,*,#6669,.F.);
#7480 = PLANE('',#7481);
#7481 = AXIS2_PLACEMENT_3D('',#7482,#7483,#7484);
#7482 = CARTESIAN_POINT('',(-1.27,-4.064,0.));
#7483 = DIRECTION('',(1.,0.,0.));
#7484 = DIRECTION('',(0.,-1.,0.));
#7485 = ADVANCED_FACE('',(#7486),#7497,.F.);
#7486 = FACE_BOUND('',#7487,.F.);
#7487 = EDGE_LOOP('',(#7488,#7494,#7495,#7496));
#7488 = ORIENTED_EDGE('',*,*,#7489,.T.);
#7489 = EDGE_CURVE('',#6750,#7079,#7490,.T.);
#7490 = LINE('',#7491,#7492);
#7491 = CARTESIAN_POINT('',(1.27,-4.064,0.));
#7492 = VECTOR('',#7493,1.);
#7493 = DIRECTION('',(0.,0.,1.));
#7494 = ORIENTED_EDGE('',*,*,#7086,.T.);
#7495 = ORIENTED_EDGE('',*,*,#7455,.F.);
#7496 = ORIENTED_EDGE('',*,*,#6757,.F.);
#7497 = PLANE('',#7498);
#7498 = AXIS2_PLACEMENT_3D('',#7499,#7500,#7501);
#7499 = CARTESIAN_POINT('',(1.27,-4.064,0.));
#7500 = DIRECTION('',(-0.707106781187,-0.707106781187,0.));
#7501 = DIRECTION('',(-0.707106781187,0.707106781187,0.));
#7502 = ADVANCED_FACE('',(#7503),#7514,.F.);
#7503 = FACE_BOUND('',#7504,.F.);
#7504 = EDGE_LOOP('',(#7505,#7506,#7507,#7513));
#7505 = ORIENTED_EDGE('',*,*,#7474,.T.);
#7506 = ORIENTED_EDGE('',*,*,#7006,.T.);
#7507 = ORIENTED_EDGE('',*,*,#7508,.F.);
#7508 = EDGE_CURVE('',#6678,#7007,#7509,.T.);
#7509 = LINE('',#7510,#7511);
#7510 = CARTESIAN_POINT('',(-1.016,-6.35,0.));
#7511 = VECTOR('',#7512,1.);
#7512 = DIRECTION('',(0.,0.,1.));
#7513 = ORIENTED_EDGE('',*,*,#6677,.F.);
#7514 = PLANE('',#7515);
#7515 = AXIS2_PLACEMENT_3D('',#7516,#7517,#7518);
#7516 = CARTESIAN_POINT('',(-1.27,-6.096,0.));
#7517 = DIRECTION('',(0.707106781187,0.707106781187,0.));
#7518 = DIRECTION('',(0.707106781187,-0.707106781187,0.));
#7519 = ADVANCED_FACE('',(#7520),#7531,.F.);
#7520 = FACE_BOUND('',#7521,.F.);
#7521 = EDGE_LOOP('',(#7522,#7528,#7529,#7530));
#7522 = ORIENTED_EDGE('',*,*,#7523,.T.);
#7523 = EDGE_CURVE('',#6742,#7071,#7524,.T.);
#7524 = LINE('',#7525,#7526);
#7525 = CARTESIAN_POINT('',(1.27,-6.096,0.));
#7526 = VECTOR('',#7527,1.);
#7527 = DIRECTION('',(0.,0.,1.));
#7528 = ORIENTED_EDGE('',*,*,#7078,.T.);
#7529 = ORIENTED_EDGE('',*,*,#7489,.F.);
#7530 = ORIENTED_EDGE('',*,*,#6749,.F.);
#7531 = PLANE('',#7532);
#7532 = AXIS2_PLACEMENT_3D('',#7533,#7534,#7535);
#7533 = CARTESIAN_POINT('',(1.27,-6.096,0.));
#7534 = DIRECTION('',(-1.,0.,0.));
#7535 = DIRECTION('',(0.,1.,0.));
#7536 = ADVANCED_FACE('',(#7537),#7548,.F.);
#7537 = FACE_BOUND('',#7538,.F.);
#7538 = EDGE_LOOP('',(#7539,#7540,#7541,#7547));
#7539 = ORIENTED_EDGE('',*,*,#7508,.T.);
#7540 = ORIENTED_EDGE('',*,*,#7014,.T.);
#7541 = ORIENTED_EDGE('',*,*,#7542,.F.);
#7542 = EDGE_CURVE('',#6686,#7015,#7543,.T.);
#7543 = LINE('',#7544,#7545);
#7544 = CARTESIAN_POINT('',(-1.27,-6.604,0.));
#7545 = VECTOR('',#7546,1.);
#7546 = DIRECTION('',(0.,0.,1.));
#7547 = ORIENTED_EDGE('',*,*,#6685,.F.);
#7548 = PLANE('',#7549);
#7549 = AXIS2_PLACEMENT_3D('',#7550,#7551,#7552);
#7550 = CARTESIAN_POINT('',(-1.016,-6.35,0.));
#7551 = DIRECTION('',(0.707106781187,-0.707106781187,0.));
#7552 = DIRECTION('',(-0.707106781187,-0.707106781187,0.));
#7553 = ADVANCED_FACE('',(#7554),#7565,.F.);
#7554 = FACE_BOUND('',#7555,.F.);
#7555 = EDGE_LOOP('',(#7556,#7562,#7563,#7564));
#7556 = ORIENTED_EDGE('',*,*,#7557,.T.);
#7557 = EDGE_CURVE('',#6734,#7063,#7558,.T.);
#7558 = LINE('',#7559,#7560);
#7559 = CARTESIAN_POINT('',(1.016,-6.35,0.));
#7560 = VECTOR('',#7561,1.);
#7561 = DIRECTION('',(0.,0.,1.));
#7562 = ORIENTED_EDGE('',*,*,#7070,.T.);
#7563 = ORIENTED_EDGE('',*,*,#7523,.F.);
#7564 = ORIENTED_EDGE('',*,*,#6741,.F.);
#7565 = PLANE('',#7566);
#7566 = AXIS2_PLACEMENT_3D('',#7567,#7568,#7569);
#7567 = CARTESIAN_POINT('',(1.016,-6.35,0.));
#7568 = DIRECTION('',(-0.707106781187,0.707106781187,0.));
#7569 = DIRECTION('',(0.707106781187,0.707106781187,0.));
#7570 = ADVANCED_FACE('',(#7571),#7582,.F.);
#7571 = FACE_BOUND('',#7572,.F.);
#7572 = EDGE_LOOP('',(#7573,#7574,#7575,#7581));
#7573 = ORIENTED_EDGE('',*,*,#7542,.T.);
#7574 = ORIENTED_EDGE('',*,*,#7022,.T.);
#7575 = ORIENTED_EDGE('',*,*,#7576,.F.);
#7576 = EDGE_CURVE('',#6694,#7023,#7577,.T.);
#7577 = LINE('',#7578,#7579);
#7578 = CARTESIAN_POINT('',(-1.27,-8.636,0.));
#7579 = VECTOR('',#7580,1.);
#7580 = DIRECTION('',(0.,0.,1.));
#7581 = ORIENTED_EDGE('',*,*,#6693,.F.);
#7582 = PLANE('',#7583);
#7583 = AXIS2_PLACEMENT_3D('',#7584,#7585,#7586);
#7584 = CARTESIAN_POINT('',(-1.27,-6.604,0.));
#7585 = DIRECTION('',(1.,0.,0.));
#7586 = DIRECTION('',(0.,-1.,0.));
#7587 = ADVANCED_FACE('',(#7588),#7599,.F.);
#7588 = FACE_BOUND('',#7589,.F.);
#7589 = EDGE_LOOP('',(#7590,#7596,#7597,#7598));
#7590 = ORIENTED_EDGE('',*,*,#7591,.T.);
#7591 = EDGE_CURVE('',#6726,#7055,#7592,.T.);
#7592 = LINE('',#7593,#7594);
#7593 = CARTESIAN_POINT('',(1.27,-6.604,0.));
#7594 = VECTOR('',#7595,1.);
#7595 = DIRECTION('',(0.,0.,1.));
#7596 = ORIENTED_EDGE('',*,*,#7062,.T.);
#7597 = ORIENTED_EDGE('',*,*,#7557,.F.);
#7598 = ORIENTED_EDGE('',*,*,#6733,.F.);
#7599 = PLANE('',#7600);
#7600 = AXIS2_PLACEMENT_3D('',#7601,#7602,#7603);
#7601 = CARTESIAN_POINT('',(1.27,-6.604,0.));
#7602 = DIRECTION('',(-0.707106781187,-0.707106781187,0.));
#7603 = DIRECTION('',(-0.707106781187,0.707106781187,0.));
#7604 = ADVANCED_FACE('',(#7605),#7616,.F.);
#7605 = FACE_BOUND('',#7606,.F.);
#7606 = EDGE_LOOP('',(#7607,#7608,#7609,#7615));
#7607 = ORIENTED_EDGE('',*,*,#7576,.T.);
#7608 = ORIENTED_EDGE('',*,*,#7030,.T.);
#7609 = ORIENTED_EDGE('',*,*,#7610,.F.);
#7610 = EDGE_CURVE('',#6702,#7031,#7611,.T.);
#7611 = LINE('',#7612,#7613);
#7612 = CARTESIAN_POINT('',(-1.016,-8.89,0.));
#7613 = VECTOR('',#7614,1.);
#7614 = DIRECTION('',(0.,0.,1.));
#7615 = ORIENTED_EDGE('',*,*,#6701,.F.);
#7616 = PLANE('',#7617);
#7617 = AXIS2_PLACEMENT_3D('',#7618,#7619,#7620);
#7618 = CARTESIAN_POINT('',(-1.27,-8.636,0.));
#7619 = DIRECTION('',(0.707106781187,0.707106781187,0.));
#7620 = DIRECTION('',(0.707106781187,-0.707106781187,0.));
#7621 = ADVANCED_FACE('',(#7622),#7633,.F.);
#7622 = FACE_BOUND('',#7623,.F.);
#7623 = EDGE_LOOP('',(#7624,#7630,#7631,#7632));
#7624 = ORIENTED_EDGE('',*,*,#7625,.T.);
#7625 = EDGE_CURVE('',#6718,#7047,#7626,.T.);
#7626 = LINE('',#7627,#7628);
#7627 = CARTESIAN_POINT('',(1.27,-8.636,0.));
#7628 = VECTOR('',#7629,1.);
#7629 = DIRECTION('',(0.,0.,1.));
#7630 = ORIENTED_EDGE('',*,*,#7054,.T.);
#7631 = ORIENTED_EDGE('',*,*,#7591,.F.);
#7632 = ORIENTED_EDGE('',*,*,#6725,.F.);
#7633 = PLANE('',#7634);
#7634 = AXIS2_PLACEMENT_3D('',#7635,#7636,#7637);
#7635 = CARTESIAN_POINT('',(1.27,-8.636,0.));
#7636 = DIRECTION('',(-1.,0.,0.));
#7637 = DIRECTION('',(0.,1.,0.));
#7638 = ADVANCED_FACE('',(#7639),#7650,.F.);
#7639 = FACE_BOUND('',#7640,.F.);
#7640 = EDGE_LOOP('',(#7641,#7642,#7643,#7649));
#7641 = ORIENTED_EDGE('',*,*,#7610,.T.);
#7642 = ORIENTED_EDGE('',*,*,#7038,.T.);
#7643 = ORIENTED_EDGE('',*,*,#7644,.F.);
#7644 = EDGE_CURVE('',#6710,#7039,#7645,.T.);
#7645 = LINE('',#7646,#7647);
#7646 = CARTESIAN_POINT('',(1.016,-8.89,0.));
#7647 = VECTOR('',#7648,1.);
#7648 = DIRECTION('',(0.,0.,1.));
#7649 = ORIENTED_EDGE('',*,*,#6709,.F.);
#7650 = PLANE('',#7651);
#7651 = AXIS2_PLACEMENT_3D('',#7652,#7653,#7654);
#7652 = CARTESIAN_POINT('',(-1.016,-8.89,0.));
#7653 = DIRECTION('',(0.,1.,0.));
#7654 = DIRECTION('',(1.,0.,0.));
#7655 = ADVANCED_FACE('',(#7656),#7662,.F.);
#7656 = FACE_BOUND('',#7657,.F.);
#7657 = EDGE_LOOP('',(#7658,#7659,#7660,#7661));
#7658 = ORIENTED_EDGE('',*,*,#7644,.T.);
#7659 = ORIENTED_EDGE('',*,*,#7046,.T.);
#7660 = ORIENTED_EDGE('',*,*,#7625,.F.);
#7661 = ORIENTED_EDGE('',*,*,#6717,.F.);
#7662 = PLANE('',#7663);
#7663 = AXIS2_PLACEMENT_3D('',#7664,#7665,#7666);
#7664 = CARTESIAN_POINT('',(1.016,-8.89,0.));
#7665 = DIRECTION('',(-0.707106781187,0.707106781187,0.));
#7666 = DIRECTION('',(0.707106781187,0.707106781187,0.));
#7667 = ADVANCED_FACE('',(#7668),#7693,.T.);
#7668 = FACE_BOUND('',#7669,.T.);
#7669 = EDGE_LOOP('',(#7670,#7678,#7686,#7692));
#7670 = ORIENTED_EDGE('',*,*,#7671,.F.);
#7671 = EDGE_CURVE('',#7672,#6815,#7674,.T.);
#7672 = VERTEX_POINT('',#7673);
#7673 = CARTESIAN_POINT('',(0.32,-4.76,-2.84));
#7674 = LINE('',#7675,#7676);
#7675 = CARTESIAN_POINT('',(0.32,-4.76,-3.));
#7676 = VECTOR('',#7677,1.);
#7677 = DIRECTION('',(0.,0.,1.));
#7678 = ORIENTED_EDGE('',*,*,#7679,.F.);
#7679 = EDGE_CURVE('',#7680,#7672,#7682,.T.);
#7680 = VERTEX_POINT('',#7681);
#7681 = CARTESIAN_POINT('',(-0.32,-4.76,-2.84));
#7682 = LINE('',#7683,#7684);
#7683 = CARTESIAN_POINT('',(-0.32,-4.76,-2.84));
#7684 = VECTOR('',#7685,1.);
#7685 = DIRECTION('',(1.,0.,0.));
#7686 = ORIENTED_EDGE('',*,*,#7687,.T.);
#7687 = EDGE_CURVE('',#7680,#6817,#7688,.T.);
#7688 = LINE('',#7689,#7690);
#7689 = CARTESIAN_POINT('',(-0.32,-4.76,-3.));
#7690 = VECTOR('',#7691,1.);
#7691 = DIRECTION('',(0.,0.,1.));
#7692 = ORIENTED_EDGE('',*,*,#6814,.F.);
#7693 = PLANE('',#7694);
#7694 = AXIS2_PLACEMENT_3D('',#7695,#7696,#7697);
#7695 = CARTESIAN_POINT('',(-0.32,-4.76,-3.));
#7696 = DIRECTION('',(0.,1.,0.));
#7697 = DIRECTION('',(0.,-0.,1.));
#7698 = ADVANCED_FACE('',(#7699),#7717,.F.);
#7699 = FACE_BOUND('',#7700,.F.);
#7700 = EDGE_LOOP('',(#7701,#7709,#7715,#7716));
#7701 = ORIENTED_EDGE('',*,*,#7702,.F.);
#7702 = EDGE_CURVE('',#7703,#6833,#7705,.T.);
#7703 = VERTEX_POINT('',#7704);
#7704 = CARTESIAN_POINT('',(-0.32,-5.4,-2.84));
#7705 = LINE('',#7706,#7707);
#7706 = CARTESIAN_POINT('',(-0.32,-5.4,-3.));
#7707 = VECTOR('',#7708,1.);
#7708 = DIRECTION('',(0.,0.,1.));
#7709 = ORIENTED_EDGE('',*,*,#7710,.T.);
#7710 = EDGE_CURVE('',#7703,#7680,#7711,.T.);
#7711 = LINE('',#7712,#7713);
#7712 = CARTESIAN_POINT('',(-0.32,-5.4,-2.84));
#7713 = VECTOR('',#7714,1.);
#7714 = DIRECTION('',(0.,1.,0.));
#7715 = ORIENTED_EDGE('',*,*,#7687,.T.);
#7716 = ORIENTED_EDGE('',*,*,#6840,.F.);
#7717 = PLANE('',#7718);
#7718 = AXIS2_PLACEMENT_3D('',#7719,#7720,#7721);
#7719 = CARTESIAN_POINT('',(-0.32,-5.4,-3.));
#7720 = DIRECTION('',(1.,0.,0.));
#7721 = DIRECTION('',(0.,0.,1.));
#7722 = ADVANCED_FACE('',(#7723),#7741,.F.);
#7723 = FACE_BOUND('',#7724,.F.);
#7724 = EDGE_LOOP('',(#7725,#7733,#7739,#7740));
#7725 = ORIENTED_EDGE('',*,*,#7726,.F.);
#7726 = EDGE_CURVE('',#7727,#6825,#7729,.T.);
#7727 = VERTEX_POINT('',#7728);
#7728 = CARTESIAN_POINT('',(0.32,-5.4,-2.84));
#7729 = LINE('',#7730,#7731);
#7730 = CARTESIAN_POINT('',(0.32,-5.4,-3.));
#7731 = VECTOR('',#7732,1.);
#7732 = DIRECTION('',(0.,0.,1.));
#7733 = ORIENTED_EDGE('',*,*,#7734,.F.);
#7734 = EDGE_CURVE('',#7703,#7727,#7735,.T.);
#7735 = LINE('',#7736,#7737);
#7736 = CARTESIAN_POINT('',(-0.32,-5.4,-2.84));
#7737 = VECTOR('',#7738,1.);
#7738 = DIRECTION('',(1.,0.,0.));
#7739 = ORIENTED_EDGE('',*,*,#7702,.T.);
#7740 = ORIENTED_EDGE('',*,*,#6832,.F.);
#7741 = PLANE('',#7742);
#7742 = AXIS2_PLACEMENT_3D('',#7743,#7744,#7745);
#7743 = CARTESIAN_POINT('',(-0.32,-5.4,-3.));
#7744 = DIRECTION('',(0.,1.,0.));
#7745 = DIRECTION('',(0.,-0.,1.));
#7746 = ADVANCED_FACE('',(#7747),#7758,.T.);
#7747 = FACE_BOUND('',#7748,.T.);
#7748 = EDGE_LOOP('',(#7749,#7750,#7756,#7757));
#7749 = ORIENTED_EDGE('',*,*,#7726,.F.);
#7750 = ORIENTED_EDGE('',*,*,#7751,.T.);
#7751 = EDGE_CURVE('',#7727,#7672,#7752,.T.);
#7752 = LINE('',#7753,#7754);
#7753 = CARTESIAN_POINT('',(0.32,-5.4,-2.84));
#7754 = VECTOR('',#7755,1.);
#7755 = DIRECTION('',(0.,1.,0.));
#7756 = ORIENTED_EDGE('',*,*,#7671,.T.);
#7757 = ORIENTED_EDGE('',*,*,#6824,.F.);
#7758 = PLANE('',#7759);
#7759 = AXIS2_PLACEMENT_3D('',#7760,#7761,#7762);
#7760 = CARTESIAN_POINT('',(0.32,-5.4,-3.));
#7761 = DIRECTION('',(1.,0.,0.));
#7762 = DIRECTION('',(0.,0.,1.));
#7763 = ADVANCED_FACE('',(#7764),#7789,.T.);
#7764 = FACE_BOUND('',#7765,.T.);
#7765 = EDGE_LOOP('',(#7766,#7774,#7782,#7788));
#7766 = ORIENTED_EDGE('',*,*,#7767,.F.);
#7767 = EDGE_CURVE('',#7768,#6849,#7770,.T.);
#7768 = VERTEX_POINT('',#7769);
#7769 = CARTESIAN_POINT('',(0.32,-7.94,-2.84));
#7770 = LINE('',#7771,#7772);
#7771 = CARTESIAN_POINT('',(0.32,-7.94,-3.));
#7772 = VECTOR('',#7773,1.);
#7773 = DIRECTION('',(0.,0.,1.));
#7774 = ORIENTED_EDGE('',*,*,#7775,.T.);
#7775 = EDGE_CURVE('',#7768,#7776,#7778,.T.);
#7776 = VERTEX_POINT('',#7777);
#7777 = CARTESIAN_POINT('',(0.32,-7.3,-2.84));
#7778 = LINE('',#7779,#7780);
#7779 = CARTESIAN_POINT('',(0.32,-7.94,-2.84));
#7780 = VECTOR('',#7781,1.);
#7781 = DIRECTION('',(0.,1.,0.));
#7782 = ORIENTED_EDGE('',*,*,#7783,.T.);
#7783 = EDGE_CURVE('',#7776,#6851,#7784,.T.);
#7784 = LINE('',#7785,#7786);
#7785 = CARTESIAN_POINT('',(0.32,-7.3,-3.));
#7786 = VECTOR('',#7787,1.);
#7787 = DIRECTION('',(0.,0.,1.));
#7788 = ORIENTED_EDGE('',*,*,#6848,.F.);
#7789 = PLANE('',#7790);
#7790 = AXIS2_PLACEMENT_3D('',#7791,#7792,#7793);
#7791 = CARTESIAN_POINT('',(0.32,-7.94,-3.));
#7792 = DIRECTION('',(1.,0.,0.));
#7793 = DIRECTION('',(0.,0.,1.));
#7794 = ADVANCED_FACE('',(#7795),#7813,.T.);
#7795 = FACE_BOUND('',#7796,.T.);
#7796 = EDGE_LOOP('',(#7797,#7798,#7806,#7812));
#7797 = ORIENTED_EDGE('',*,*,#7783,.F.);
#7798 = ORIENTED_EDGE('',*,*,#7799,.F.);
#7799 = EDGE_CURVE('',#7800,#7776,#7802,.T.);
#7800 = VERTEX_POINT('',#7801);
#7801 = CARTESIAN_POINT('',(-0.32,-7.3,-2.84));
#7802 = LINE('',#7803,#7804);
#7803 = CARTESIAN_POINT('',(-0.32,-7.3,-2.84));
#7804 = VECTOR('',#7805,1.);
#7805 = DIRECTION('',(1.,0.,0.));
#7806 = ORIENTED_EDGE('',*,*,#7807,.T.);
#7807 = EDGE_CURVE('',#7800,#6867,#7808,.T.);
#7808 = LINE('',#7809,#7810);
#7809 = CARTESIAN_POINT('',(-0.32,-7.3,-3.));
#7810 = VECTOR('',#7811,1.);
#7811 = DIRECTION('',(0.,0.,1.));
#7812 = ORIENTED_EDGE('',*,*,#6874,.F.);
#7813 = PLANE('',#7814);
#7814 = AXIS2_PLACEMENT_3D('',#7815,#7816,#7817);
#7815 = CARTESIAN_POINT('',(-0.32,-7.3,-3.));
#7816 = DIRECTION('',(0.,1.,0.));
#7817 = DIRECTION('',(0.,-0.,1.));
#7818 = ADVANCED_FACE('',(#7819),#7837,.F.);
#7819 = FACE_BOUND('',#7820,.F.);
#7820 = EDGE_LOOP('',(#7821,#7829,#7835,#7836));
#7821 = ORIENTED_EDGE('',*,*,#7822,.F.);
#7822 = EDGE_CURVE('',#7823,#6859,#7825,.T.);
#7823 = VERTEX_POINT('',#7824);
#7824 = CARTESIAN_POINT('',(-0.32,-7.94,-2.84));
#7825 = LINE('',#7826,#7827);
#7826 = CARTESIAN_POINT('',(-0.32,-7.94,-3.));
#7827 = VECTOR('',#7828,1.);
#7828 = DIRECTION('',(0.,0.,1.));
#7829 = ORIENTED_EDGE('',*,*,#7830,.T.);
#7830 = EDGE_CURVE('',#7823,#7800,#7831,.T.);
#7831 = LINE('',#7832,#7833);
#7832 = CARTESIAN_POINT('',(-0.32,-7.94,-2.84));
#7833 = VECTOR('',#7834,1.);
#7834 = DIRECTION('',(0.,1.,0.));
#7835 = ORIENTED_EDGE('',*,*,#7807,.T.);
#7836 = ORIENTED_EDGE('',*,*,#6866,.F.);
#7837 = PLANE('',#7838);
#7838 = AXIS2_PLACEMENT_3D('',#7839,#7840,#7841);
#7839 = CARTESIAN_POINT('',(-0.32,-7.94,-3.));
#7840 = DIRECTION('',(1.,0.,0.));
#7841 = DIRECTION('',(0.,0.,1.));
#7842 = ADVANCED_FACE('',(#7843),#7854,.F.);
#7843 = FACE_BOUND('',#7844,.F.);
#7844 = EDGE_LOOP('',(#7845,#7846,#7852,#7853));
#7845 = ORIENTED_EDGE('',*,*,#7767,.F.);
#7846 = ORIENTED_EDGE('',*,*,#7847,.F.);
#7847 = EDGE_CURVE('',#7823,#7768,#7848,.T.);
#7848 = LINE('',#7849,#7850);
#7849 = CARTESIAN_POINT('',(-0.32,-7.94,-2.84));
#7850 = VECTOR('',#7851,1.);
#7851 = DIRECTION('',(1.,0.,0.));
#7852 = ORIENTED_EDGE('',*,*,#7822,.T.);
#7853 = ORIENTED_EDGE('',*,*,#6858,.F.);
#7854 = PLANE('',#7855);
#7855 = AXIS2_PLACEMENT_3D('',#7856,#7857,#7858);
#7856 = CARTESIAN_POINT('',(-0.32,-7.94,-3.));
#7857 = DIRECTION('',(0.,1.,0.));
#7858 = DIRECTION('',(0.,-0.,1.));
#7859 = ADVANCED_FACE('',(#7860),#7885,.T.);
#7860 = FACE_BOUND('',#7861,.T.);
#7861 = EDGE_LOOP('',(#7862,#7870,#7878,#7884));
#7862 = ORIENTED_EDGE('',*,*,#7863,.F.);
#7863 = EDGE_CURVE('',#7864,#6883,#7866,.T.);
#7864 = VERTEX_POINT('',#7865);
#7865 = CARTESIAN_POINT('',(0.32,-0.32,-2.84));
#7866 = LINE('',#7867,#7868);
#7867 = CARTESIAN_POINT('',(0.32,-0.32,-3.));
#7868 = VECTOR('',#7869,1.);
#7869 = DIRECTION('',(0.,0.,1.));
#7870 = ORIENTED_EDGE('',*,*,#7871,.T.);
#7871 = EDGE_CURVE('',#7864,#7872,#7874,.T.);
#7872 = VERTEX_POINT('',#7873);
#7873 = CARTESIAN_POINT('',(0.32,0.32,-2.84));
#7874 = LINE('',#7875,#7876);
#7875 = CARTESIAN_POINT('',(0.32,-0.32,-2.84));
#7876 = VECTOR('',#7877,1.);
#7877 = DIRECTION('',(0.,1.,0.));
#7878 = ORIENTED_EDGE('',*,*,#7879,.T.);
#7879 = EDGE_CURVE('',#7872,#6885,#7880,.T.);
#7880 = LINE('',#7881,#7882);
#7881 = CARTESIAN_POINT('',(0.32,0.32,-3.));
#7882 = VECTOR('',#7883,1.);
#7883 = DIRECTION('',(0.,0.,1.));
#7884 = ORIENTED_EDGE('',*,*,#6882,.F.);
#7885 = PLANE('',#7886);
#7886 = AXIS2_PLACEMENT_3D('',#7887,#7888,#7889);
#7887 = CARTESIAN_POINT('',(0.32,-0.32,-3.));
#7888 = DIRECTION('',(1.,0.,0.));
#7889 = DIRECTION('',(0.,0.,1.));
#7890 = ADVANCED_FACE('',(#7891),#7909,.T.);
#7891 = FACE_BOUND('',#7892,.T.);
#7892 = EDGE_LOOP('',(#7893,#7894,#7902,#7908));
#7893 = ORIENTED_EDGE('',*,*,#7879,.F.);
#7894 = ORIENTED_EDGE('',*,*,#7895,.F.);
#7895 = EDGE_CURVE('',#7896,#7872,#7898,.T.);
#7896 = VERTEX_POINT('',#7897);
#7897 = CARTESIAN_POINT('',(-0.32,0.32,-2.84));
#7898 = LINE('',#7899,#7900);
#7899 = CARTESIAN_POINT('',(-0.32,0.32,-2.84));
#7900 = VECTOR('',#7901,1.);
#7901 = DIRECTION('',(1.,0.,0.));
#7902 = ORIENTED_EDGE('',*,*,#7903,.T.);
#7903 = EDGE_CURVE('',#7896,#6901,#7904,.T.);
#7904 = LINE('',#7905,#7906);
#7905 = CARTESIAN_POINT('',(-0.32,0.32,-3.));
#7906 = VECTOR('',#7907,1.);
#7907 = DIRECTION('',(0.,0.,1.));
#7908 = ORIENTED_EDGE('',*,*,#6908,.F.);
#7909 = PLANE('',#7910);
#7910 = AXIS2_PLACEMENT_3D('',#7911,#7912,#7913);
#7911 = CARTESIAN_POINT('',(-0.32,0.32,-3.));
#7912 = DIRECTION('',(0.,1.,0.));
#7913 = DIRECTION('',(0.,-0.,1.));
#7914 = ADVANCED_FACE('',(#7915),#7933,.F.);
#7915 = FACE_BOUND('',#7916,.F.);
#7916 = EDGE_LOOP('',(#7917,#7925,#7931,#7932));
#7917 = ORIENTED_EDGE('',*,*,#7918,.F.);
#7918 = EDGE_CURVE('',#7919,#6893,#7921,.T.);
#7919 = VERTEX_POINT('',#7920);
#7920 = CARTESIAN_POINT('',(-0.32,-0.32,-2.84));
#7921 = LINE('',#7922,#7923);
#7922 = CARTESIAN_POINT('',(-0.32,-0.32,-3.));
#7923 = VECTOR('',#7924,1.);
#7924 = DIRECTION('',(0.,0.,1.));
#7925 = ORIENTED_EDGE('',*,*,#7926,.T.);
#7926 = EDGE_CURVE('',#7919,#7896,#7927,.T.);
#7927 = LINE('',#7928,#7929);
#7928 = CARTESIAN_POINT('',(-0.32,-0.32,-2.84));
#7929 = VECTOR('',#7930,1.);
#7930 = DIRECTION('',(0.,1.,0.));
#7931 = ORIENTED_EDGE('',*,*,#7903,.T.);
#7932 = ORIENTED_EDGE('',*,*,#6900,.F.);
#7933 = PLANE('',#7934);
#7934 = AXIS2_PLACEMENT_3D('',#7935,#7936,#7937);
#7935 = CARTESIAN_POINT('',(-0.32,-0.32,-3.));
#7936 = DIRECTION('',(1.,0.,0.));
#7937 = DIRECTION('',(0.,0.,1.));
#7938 = ADVANCED_FACE('',(#7939),#7950,.F.);
#7939 = FACE_BOUND('',#7940,.F.);
#7940 = EDGE_LOOP('',(#7941,#7942,#7948,#7949));
#7941 = ORIENTED_EDGE('',*,*,#7863,.F.);
#7942 = ORIENTED_EDGE('',*,*,#7943,.F.);
#7943 = EDGE_CURVE('',#7919,#7864,#7944,.T.);
#7944 = LINE('',#7945,#7946);
#7945 = CARTESIAN_POINT('',(-0.32,-0.32,-2.84));
#7946 = VECTOR('',#7947,1.);
#7947 = DIRECTION('',(1.,0.,0.));
#7948 = ORIENTED_EDGE('',*,*,#7918,.T.);
#7949 = ORIENTED_EDGE('',*,*,#6892,.F.);
#7950 = PLANE('',#7951);
#7951 = AXIS2_PLACEMENT_3D('',#7952,#7953,#7954);
#7952 = CARTESIAN_POINT('',(-0.32,-0.32,-3.));
#7953 = DIRECTION('',(0.,1.,0.));
#7954 = DIRECTION('',(0.,-0.,1.));
#7955 = ADVANCED_FACE('',(#7956),#7981,.T.);
#7956 = FACE_BOUND('',#7957,.T.);
#7957 = EDGE_LOOP('',(#7958,#7966,#7974,#7980));
#7958 = ORIENTED_EDGE('',*,*,#7959,.F.);
#7959 = EDGE_CURVE('',#7960,#6917,#7962,.T.);
#7960 = VERTEX_POINT('',#7961);
#7961 = CARTESIAN_POINT('',(0.32,-2.22,-2.84));
#7962 = LINE('',#7963,#7964);
#7963 = CARTESIAN_POINT('',(0.32,-2.22,-3.));
#7964 = VECTOR('',#7965,1.);
#7965 = DIRECTION('',(0.,0.,1.));
#7966 = ORIENTED_EDGE('',*,*,#7967,.F.);
#7967 = EDGE_CURVE('',#7968,#7960,#7970,.T.);
#7968 = VERTEX_POINT('',#7969);
#7969 = CARTESIAN_POINT('',(-0.32,-2.22,-2.84));
#7970 = LINE('',#7971,#7972);
#7971 = CARTESIAN_POINT('',(-0.32,-2.22,-2.84));
#7972 = VECTOR('',#7973,1.);
#7973 = DIRECTION('',(1.,0.,0.));
#7974 = ORIENTED_EDGE('',*,*,#7975,.T.);
#7975 = EDGE_CURVE('',#7968,#6919,#7976,.T.);
#7976 = LINE('',#7977,#7978);
#7977 = CARTESIAN_POINT('',(-0.32,-2.22,-3.));
#7978 = VECTOR('',#7979,1.);
#7979 = DIRECTION('',(0.,0.,1.));
#7980 = ORIENTED_EDGE('',*,*,#6916,.F.);
#7981 = PLANE('',#7982);
#7982 = AXIS2_PLACEMENT_3D('',#7983,#7984,#7985);
#7983 = CARTESIAN_POINT('',(-0.32,-2.22,-3.));
#7984 = DIRECTION('',(0.,1.,0.));
#7985 = DIRECTION('',(0.,-0.,1.));
#7986 = ADVANCED_FACE('',(#7987),#8005,.F.);
#7987 = FACE_BOUND('',#7988,.F.);
#7988 = EDGE_LOOP('',(#7989,#7997,#8003,#8004));
#7989 = ORIENTED_EDGE('',*,*,#7990,.F.);
#7990 = EDGE_CURVE('',#7991,#6935,#7993,.T.);
#7991 = VERTEX_POINT('',#7992);
#7992 = CARTESIAN_POINT('',(-0.32,-2.86,-2.84));
#7993 = LINE('',#7994,#7995);
#7994 = CARTESIAN_POINT('',(-0.32,-2.86,-3.));
#7995 = VECTOR('',#7996,1.);
#7996 = DIRECTION('',(0.,0.,1.));
#7997 = ORIENTED_EDGE('',*,*,#7998,.T.);
#7998 = EDGE_CURVE('',#7991,#7968,#7999,.T.);
#7999 = LINE('',#8000,#8001);
#8000 = CARTESIAN_POINT('',(-0.32,-2.86,-2.84));
#8001 = VECTOR('',#8002,1.);
#8002 = DIRECTION('',(0.,1.,0.));
#8003 = ORIENTED_EDGE('',*,*,#7975,.T.);
#8004 = ORIENTED_EDGE('',*,*,#6942,.F.);
#8005 = PLANE('',#8006);
#8006 = AXIS2_PLACEMENT_3D('',#8007,#8008,#8009);
#8007 = CARTESIAN_POINT('',(-0.32,-2.86,-3.));
#8008 = DIRECTION('',(1.,0.,0.));
#8009 = DIRECTION('',(0.,0.,1.));
#8010 = ADVANCED_FACE('',(#8011),#8029,.F.);
#8011 = FACE_BOUND('',#8012,.F.);
#8012 = EDGE_LOOP('',(#8013,#8021,#8027,#8028));
#8013 = ORIENTED_EDGE('',*,*,#8014,.F.);
#8014 = EDGE_CURVE('',#8015,#6927,#8017,.T.);
#8015 = VERTEX_POINT('',#8016);
#8016 = CARTESIAN_POINT('',(0.32,-2.86,-2.84));
#8017 = LINE('',#8018,#8019);
#8018 = CARTESIAN_POINT('',(0.32,-2.86,-3.));
#8019 = VECTOR('',#8020,1.);
#8020 = DIRECTION('',(0.,0.,1.));
#8021 = ORIENTED_EDGE('',*,*,#8022,.F.);
#8022 = EDGE_CURVE('',#7991,#8015,#8023,.T.);
#8023 = LINE('',#8024,#8025);
#8024 = CARTESIAN_POINT('',(-0.32,-2.86,-2.84));
#8025 = VECTOR('',#8026,1.);
#8026 = DIRECTION('',(1.,0.,0.));
#8027 = ORIENTED_EDGE('',*,*,#7990,.T.);
#8028 = ORIENTED_EDGE('',*,*,#6934,.F.);
#8029 = PLANE('',#8030);
#8030 = AXIS2_PLACEMENT_3D('',#8031,#8032,#8033);
#8031 = CARTESIAN_POINT('',(-0.32,-2.86,-3.));
#8032 = DIRECTION('',(0.,1.,0.));
#8033 = DIRECTION('',(0.,-0.,1.));
#8034 = ADVANCED_FACE('',(#8035),#8046,.T.);
#8035 = FACE_BOUND('',#8036,.T.);
#8036 = EDGE_LOOP('',(#8037,#8038,#8044,#8045));
#8037 = ORIENTED_EDGE('',*,*,#8014,.F.);
#8038 = ORIENTED_EDGE('',*,*,#8039,.T.);
#8039 = EDGE_CURVE('',#8015,#7960,#8040,.T.);
#8040 = LINE('',#8041,#8042);
#8041 = CARTESIAN_POINT('',(0.32,-2.86,-2.84));
#8042 = VECTOR('',#8043,1.);
#8043 = DIRECTION('',(0.,1.,0.));
#8044 = ORIENTED_EDGE('',*,*,#7959,.T.);
#8045 = ORIENTED_EDGE('',*,*,#6926,.F.);
#8046 = PLANE('',#8047);
#8047 = AXIS2_PLACEMENT_3D('',#8048,#8049,#8050);
#8048 = CARTESIAN_POINT('',(0.32,-2.86,-3.));
#8049 = DIRECTION('',(1.,0.,0.));
#8050 = DIRECTION('',(0.,0.,1.));
#8051 = ADVANCED_FACE('',(#8052),#8077,.T.);
#8052 = FACE_BOUND('',#8053,.T.);
#8053 = EDGE_LOOP('',(#8054,#8062,#8063,#8071));
#8054 = ORIENTED_EDGE('',*,*,#8055,.F.);
#8055 = EDGE_CURVE('',#7144,#8056,#8058,.T.);
#8056 = VERTEX_POINT('',#8057);
#8057 = CARTESIAN_POINT('',(0.32,-4.76,8.38));
#8058 = LINE('',#8059,#8060);
#8059 = CARTESIAN_POINT('',(0.32,-4.76,-3.));
#8060 = VECTOR('',#8061,1.);
#8061 = DIRECTION('',(0.,0.,1.));
#8062 = ORIENTED_EDGE('',*,*,#7143,.T.);
#8063 = ORIENTED_EDGE('',*,*,#8064,.T.);
#8064 = EDGE_CURVE('',#7146,#8065,#8067,.T.);
#8065 = VERTEX_POINT('',#8066);
#8066 = CARTESIAN_POINT('',(-0.32,-4.76,8.38));
#8067 = LINE('',#8068,#8069);
#8068 = CARTESIAN_POINT('',(-0.32,-4.76,-3.));
#8069 = VECTOR('',#8070,1.);
#8070 = DIRECTION('',(0.,0.,1.));
#8071 = ORIENTED_EDGE('',*,*,#8072,.T.);
#8072 = EDGE_CURVE('',#8065,#8056,#8073,.T.);
#8073 = LINE('',#8074,#8075);
#8074 = CARTESIAN_POINT('',(-0.32,-4.76,8.38));
#8075 = VECTOR('',#8076,1.);
#8076 = DIRECTION('',(1.,0.,0.));
#8077 = PLANE('',#8078);
#8078 = AXIS2_PLACEMENT_3D('',#8079,#8080,#8081);
#8079 = CARTESIAN_POINT('',(-0.32,-4.76,-3.));
#8080 = DIRECTION('',(0.,1.,0.));
#8081 = DIRECTION('',(0.,-0.,1.));
#8082 = ADVANCED_FACE('',(#8083),#8101,.F.);
#8083 = FACE_BOUND('',#8084,.F.);
#8084 = EDGE_LOOP('',(#8085,#8093,#8094,#8095));
#8085 = ORIENTED_EDGE('',*,*,#8086,.F.);
#8086 = EDGE_CURVE('',#7162,#8087,#8089,.T.);
#8087 = VERTEX_POINT('',#8088);
#8088 = CARTESIAN_POINT('',(-0.32,-5.4,8.38));
#8089 = LINE('',#8090,#8091);
#8090 = CARTESIAN_POINT('',(-0.32,-5.4,-3.));
#8091 = VECTOR('',#8092,1.);
#8092 = DIRECTION('',(0.,0.,1.));
#8093 = ORIENTED_EDGE('',*,*,#7169,.T.);
#8094 = ORIENTED_EDGE('',*,*,#8064,.T.);
#8095 = ORIENTED_EDGE('',*,*,#8096,.F.);
#8096 = EDGE_CURVE('',#8087,#8065,#8097,.T.);
#8097 = LINE('',#8098,#8099);
#8098 = CARTESIAN_POINT('',(-0.32,-5.4,8.38));
#8099 = VECTOR('',#8100,1.);
#8100 = DIRECTION('',(0.,1.,0.));
#8101 = PLANE('',#8102);
#8102 = AXIS2_PLACEMENT_3D('',#8103,#8104,#8105);
#8103 = CARTESIAN_POINT('',(-0.32,-5.4,-3.));
#8104 = DIRECTION('',(1.,0.,0.));
#8105 = DIRECTION('',(0.,0.,1.));
#8106 = ADVANCED_FACE('',(#8107),#8125,.F.);
#8107 = FACE_BOUND('',#8108,.F.);
#8108 = EDGE_LOOP('',(#8109,#8117,#8118,#8119));
#8109 = ORIENTED_EDGE('',*,*,#8110,.F.);
#8110 = EDGE_CURVE('',#7154,#8111,#8113,.T.);
#8111 = VERTEX_POINT('',#8112);
#8112 = CARTESIAN_POINT('',(0.32,-5.4,8.38));
#8113 = LINE('',#8114,#8115);
#8114 = CARTESIAN_POINT('',(0.32,-5.4,-3.));
#8115 = VECTOR('',#8116,1.);
#8116 = DIRECTION('',(0.,0.,1.));
#8117 = ORIENTED_EDGE('',*,*,#7161,.T.);
#8118 = ORIENTED_EDGE('',*,*,#8086,.T.);
#8119 = ORIENTED_EDGE('',*,*,#8120,.T.);
#8120 = EDGE_CURVE('',#8087,#8111,#8121,.T.);
#8121 = LINE('',#8122,#8123);
#8122 = CARTESIAN_POINT('',(-0.32,-5.4,8.38));
#8123 = VECTOR('',#8124,1.);
#8124 = DIRECTION('',(1.,0.,0.));
#8125 = PLANE('',#8126);
#8126 = AXIS2_PLACEMENT_3D('',#8127,#8128,#8129);
#8127 = CARTESIAN_POINT('',(-0.32,-5.4,-3.));
#8128 = DIRECTION('',(0.,1.,0.));
#8129 = DIRECTION('',(0.,-0.,1.));
#8130 = ADVANCED_FACE('',(#8131),#8142,.T.);
#8131 = FACE_BOUND('',#8132,.T.);
#8132 = EDGE_LOOP('',(#8133,#8134,#8135,#8136));
#8133 = ORIENTED_EDGE('',*,*,#8110,.F.);
#8134 = ORIENTED_EDGE('',*,*,#7153,.T.);
#8135 = ORIENTED_EDGE('',*,*,#8055,.T.);
#8136 = ORIENTED_EDGE('',*,*,#8137,.F.);
#8137 = EDGE_CURVE('',#8111,#8056,#8138,.T.);
#8138 = LINE('',#8139,#8140);
#8139 = CARTESIAN_POINT('',(0.32,-5.4,8.38));
#8140 = VECTOR('',#8141,1.);
#8141 = DIRECTION('',(0.,1.,0.));
#8142 = PLANE('',#8143);
#8143 = AXIS2_PLACEMENT_3D('',#8144,#8145,#8146);
#8144 = CARTESIAN_POINT('',(0.32,-5.4,-3.));
#8145 = DIRECTION('',(1.,0.,0.));
#8146 = DIRECTION('',(0.,0.,1.));
#8147 = ADVANCED_FACE('',(#8148),#8173,.T.);
#8148 = FACE_BOUND('',#8149,.T.);
#8149 = EDGE_LOOP('',(#8150,#8158,#8159,#8167));
#8150 = ORIENTED_EDGE('',*,*,#8151,.F.);
#8151 = EDGE_CURVE('',#7178,#8152,#8154,.T.);
#8152 = VERTEX_POINT('',#8153);
#8153 = CARTESIAN_POINT('',(0.32,-7.94,8.38));
#8154 = LINE('',#8155,#8156);
#8155 = CARTESIAN_POINT('',(0.32,-7.94,-3.));
#8156 = VECTOR('',#8157,1.);
#8157 = DIRECTION('',(0.,0.,1.));
#8158 = ORIENTED_EDGE('',*,*,#7177,.T.);
#8159 = ORIENTED_EDGE('',*,*,#8160,.T.);
#8160 = EDGE_CURVE('',#7180,#8161,#8163,.T.);
#8161 = VERTEX_POINT('',#8162);
#8162 = CARTESIAN_POINT('',(0.32,-7.3,8.38));
#8163 = LINE('',#8164,#8165);
#8164 = CARTESIAN_POINT('',(0.32,-7.3,-3.));
#8165 = VECTOR('',#8166,1.);
#8166 = DIRECTION('',(0.,0.,1.));
#8167 = ORIENTED_EDGE('',*,*,#8168,.F.);
#8168 = EDGE_CURVE('',#8152,#8161,#8169,.T.);
#8169 = LINE('',#8170,#8171);
#8170 = CARTESIAN_POINT('',(0.32,-7.94,8.38));
#8171 = VECTOR('',#8172,1.);
#8172 = DIRECTION('',(0.,1.,0.));
#8173 = PLANE('',#8174);
#8174 = AXIS2_PLACEMENT_3D('',#8175,#8176,#8177);
#8175 = CARTESIAN_POINT('',(0.32,-7.94,-3.));
#8176 = DIRECTION('',(1.,0.,0.));
#8177 = DIRECTION('',(0.,0.,1.));
#8178 = ADVANCED_FACE('',(#8179),#8197,.T.);
#8179 = FACE_BOUND('',#8180,.T.);
#8180 = EDGE_LOOP('',(#8181,#8182,#8183,#8191));
#8181 = ORIENTED_EDGE('',*,*,#8160,.F.);
#8182 = ORIENTED_EDGE('',*,*,#7203,.T.);
#8183 = ORIENTED_EDGE('',*,*,#8184,.T.);
#8184 = EDGE_CURVE('',#7196,#8185,#8187,.T.);
#8185 = VERTEX_POINT('',#8186);
#8186 = CARTESIAN_POINT('',(-0.32,-7.3,8.38));
#8187 = LINE('',#8188,#8189);
#8188 = CARTESIAN_POINT('',(-0.32,-7.3,-3.));
#8189 = VECTOR('',#8190,1.);
#8190 = DIRECTION('',(0.,0.,1.));
#8191 = ORIENTED_EDGE('',*,*,#8192,.T.);
#8192 = EDGE_CURVE('',#8185,#8161,#8193,.T.);
#8193 = LINE('',#8194,#8195);
#8194 = CARTESIAN_POINT('',(-0.32,-7.3,8.38));
#8195 = VECTOR('',#8196,1.);
#8196 = DIRECTION('',(1.,0.,0.));
#8197 = PLANE('',#8198);
#8198 = AXIS2_PLACEMENT_3D('',#8199,#8200,#8201);
#8199 = CARTESIAN_POINT('',(-0.32,-7.3,-3.));
#8200 = DIRECTION('',(0.,1.,0.));
#8201 = DIRECTION('',(0.,-0.,1.));
#8202 = ADVANCED_FACE('',(#8203),#8221,.F.);
#8203 = FACE_BOUND('',#8204,.F.);
#8204 = EDGE_LOOP('',(#8205,#8213,#8214,#8215));
#8205 = ORIENTED_EDGE('',*,*,#8206,.F.);
#8206 = EDGE_CURVE('',#7188,#8207,#8209,.T.);
#8207 = VERTEX_POINT('',#8208);
#8208 = CARTESIAN_POINT('',(-0.32,-7.94,8.38));
#8209 = LINE('',#8210,#8211);
#8210 = CARTESIAN_POINT('',(-0.32,-7.94,-3.));
#8211 = VECTOR('',#8212,1.);
#8212 = DIRECTION('',(0.,0.,1.));
#8213 = ORIENTED_EDGE('',*,*,#7195,.T.);
#8214 = ORIENTED_EDGE('',*,*,#8184,.T.);
#8215 = ORIENTED_EDGE('',*,*,#8216,.F.);
#8216 = EDGE_CURVE('',#8207,#8185,#8217,.T.);
#8217 = LINE('',#8218,#8219);
#8218 = CARTESIAN_POINT('',(-0.32,-7.94,8.38));
#8219 = VECTOR('',#8220,1.);
#8220 = DIRECTION('',(0.,1.,0.));
#8221 = PLANE('',#8222);
#8222 = AXIS2_PLACEMENT_3D('',#8223,#8224,#8225);
#8223 = CARTESIAN_POINT('',(-0.32,-7.94,-3.));
#8224 = DIRECTION('',(1.,0.,0.));
#8225 = DIRECTION('',(0.,0.,1.));
#8226 = ADVANCED_FACE('',(#8227),#8238,.F.);
#8227 = FACE_BOUND('',#8228,.F.);
#8228 = EDGE_LOOP('',(#8229,#8230,#8231,#8232));
#8229 = ORIENTED_EDGE('',*,*,#8151,.F.);
#8230 = ORIENTED_EDGE('',*,*,#7187,.T.);
#8231 = ORIENTED_EDGE('',*,*,#8206,.T.);
#8232 = ORIENTED_EDGE('',*,*,#8233,.T.);
#8233 = EDGE_CURVE('',#8207,#8152,#8234,.T.);
#8234 = LINE('',#8235,#8236);
#8235 = CARTESIAN_POINT('',(-0.32,-7.94,8.38));
#8236 = VECTOR('',#8237,1.);
#8237 = DIRECTION('',(1.,0.,0.));
#8238 = PLANE('',#8239);
#8239 = AXIS2_PLACEMENT_3D('',#8240,#8241,#8242);
#8240 = CARTESIAN_POINT('',(-0.32,-7.94,-3.));
#8241 = DIRECTION('',(0.,1.,0.));
#8242 = DIRECTION('',(0.,-0.,1.));
#8243 = ADVANCED_FACE('',(#8244),#8269,.T.);
#8244 = FACE_BOUND('',#8245,.T.);
#8245 = EDGE_LOOP('',(#8246,#8254,#8255,#8263));
#8246 = ORIENTED_EDGE('',*,*,#8247,.F.);
#8247 = EDGE_CURVE('',#7212,#8248,#8250,.T.);
#8248 = VERTEX_POINT('',#8249);
#8249 = CARTESIAN_POINT('',(0.32,-0.32,8.38));
#8250 = LINE('',#8251,#8252);
#8251 = CARTESIAN_POINT('',(0.32,-0.32,-3.));
#8252 = VECTOR('',#8253,1.);
#8253 = DIRECTION('',(0.,0.,1.));
#8254 = ORIENTED_EDGE('',*,*,#7211,.T.);
#8255 = ORIENTED_EDGE('',*,*,#8256,.T.);
#8256 = EDGE_CURVE('',#7214,#8257,#8259,.T.);
#8257 = VERTEX_POINT('',#8258);
#8258 = CARTESIAN_POINT('',(0.32,0.32,8.38));
#8259 = LINE('',#8260,#8261);
#8260 = CARTESIAN_POINT('',(0.32,0.32,-3.));
#8261 = VECTOR('',#8262,1.);
#8262 = DIRECTION('',(0.,0.,1.));
#8263 = ORIENTED_EDGE('',*,*,#8264,.F.);
#8264 = EDGE_CURVE('',#8248,#8257,#8265,.T.);
#8265 = LINE('',#8266,#8267);
#8266 = CARTESIAN_POINT('',(0.32,-0.32,8.38));
#8267 = VECTOR('',#8268,1.);
#8268 = DIRECTION('',(0.,1.,0.));
#8269 = PLANE('',#8270);
#8270 = AXIS2_PLACEMENT_3D('',#8271,#8272,#8273);
#8271 = CARTESIAN_POINT('',(0.32,-0.32,-3.));
#8272 = DIRECTION('',(1.,0.,0.));
#8273 = DIRECTION('',(0.,0.,1.));
#8274 = ADVANCED_FACE('',(#8275),#8293,.T.);
#8275 = FACE_BOUND('',#8276,.T.);
#8276 = EDGE_LOOP('',(#8277,#8278,#8279,#8287));
#8277 = ORIENTED_EDGE('',*,*,#8256,.F.);
#8278 = ORIENTED_EDGE('',*,*,#7237,.T.);
#8279 = ORIENTED_EDGE('',*,*,#8280,.T.);
#8280 = EDGE_CURVE('',#7230,#8281,#8283,.T.);
#8281 = VERTEX_POINT('',#8282);
#8282 = CARTESIAN_POINT('',(-0.32,0.32,8.38));
#8283 = LINE('',#8284,#8285);
#8284 = CARTESIAN_POINT('',(-0.32,0.32,-3.));
#8285 = VECTOR('',#8286,1.);
#8286 = DIRECTION('',(0.,0.,1.));
#8287 = ORIENTED_EDGE('',*,*,#8288,.T.);
#8288 = EDGE_CURVE('',#8281,#8257,#8289,.T.);
#8289 = LINE('',#8290,#8291);
#8290 = CARTESIAN_POINT('',(-0.32,0.32,8.38));
#8291 = VECTOR('',#8292,1.);
#8292 = DIRECTION('',(1.,0.,0.));
#8293 = PLANE('',#8294);
#8294 = AXIS2_PLACEMENT_3D('',#8295,#8296,#8297);
#8295 = CARTESIAN_POINT('',(-0.32,0.32,-3.));
#8296 = DIRECTION('',(0.,1.,0.));
#8297 = DIRECTION('',(0.,-0.,1.));
#8298 = ADVANCED_FACE('',(#8299),#8317,.F.);
#8299 = FACE_BOUND('',#8300,.F.);
#8300 = EDGE_LOOP('',(#8301,#8309,#8310,#8311));
#8301 = ORIENTED_EDGE('',*,*,#8302,.F.);
#8302 = EDGE_CURVE('',#7222,#8303,#8305,.T.);
#8303 = VERTEX_POINT('',#8304);
#8304 = CARTESIAN_POINT('',(-0.32,-0.32,8.38));
#8305 = LINE('',#8306,#8307);
#8306 = CARTESIAN_POINT('',(-0.32,-0.32,-3.));
#8307 = VECTOR('',#8308,1.);
#8308 = DIRECTION('',(0.,0.,1.));
#8309 = ORIENTED_EDGE('',*,*,#7229,.T.);
#8310 = ORIENTED_EDGE('',*,*,#8280,.T.);
#8311 = ORIENTED_EDGE('',*,*,#8312,.F.);
#8312 = EDGE_CURVE('',#8303,#8281,#8313,.T.);
#8313 = LINE('',#8314,#8315);
#8314 = CARTESIAN_POINT('',(-0.32,-0.32,8.38));
#8315 = VECTOR('',#8316,1.);
#8316 = DIRECTION('',(0.,1.,0.));
#8317 = PLANE('',#8318);
#8318 = AXIS2_PLACEMENT_3D('',#8319,#8320,#8321);
#8319 = CARTESIAN_POINT('',(-0.32,-0.32,-3.));
#8320 = DIRECTION('',(1.,0.,0.));
#8321 = DIRECTION('',(0.,0.,1.));
#8322 = ADVANCED_FACE('',(#8323),#8334,.F.);
#8323 = FACE_BOUND('',#8324,.F.);
#8324 = EDGE_LOOP('',(#8325,#8326,#8327,#8328));
#8325 = ORIENTED_EDGE('',*,*,#8247,.F.);
#8326 = ORIENTED_EDGE('',*,*,#7221,.T.);
#8327 = ORIENTED_EDGE('',*,*,#8302,.T.);
#8328 = ORIENTED_EDGE('',*,*,#8329,.T.);
#8329 = EDGE_CURVE('',#8303,#8248,#8330,.T.);
#8330 = LINE('',#8331,#8332);
#8331 = CARTESIAN_POINT('',(-0.32,-0.32,8.38));
#8332 = VECTOR('',#8333,1.);
#8333 = DIRECTION('',(1.,0.,0.));
#8334 = PLANE('',#8335);
#8335 = AXIS2_PLACEMENT_3D('',#8336,#8337,#8338);
#8336 = CARTESIAN_POINT('',(-0.32,-0.32,-3.));
#8337 = DIRECTION('',(0.,1.,0.));
#8338 = DIRECTION('',(0.,-0.,1.));
#8339 = ADVANCED_FACE('',(#8340),#8365,.T.);
#8340 = FACE_BOUND('',#8341,.T.);
#8341 = EDGE_LOOP('',(#8342,#8350,#8351,#8359));
#8342 = ORIENTED_EDGE('',*,*,#8343,.F.);
#8343 = EDGE_CURVE('',#7246,#8344,#8346,.T.);
#8344 = VERTEX_POINT('',#8345);
#8345 = CARTESIAN_POINT('',(0.32,-2.22,8.38));
#8346 = LINE('',#8347,#8348);
#8347 = CARTESIAN_POINT('',(0.32,-2.22,-3.));
#8348 = VECTOR('',#8349,1.);
#8349 = DIRECTION('',(0.,0.,1.));
#8350 = ORIENTED_EDGE('',*,*,#7245,.T.);
#8351 = ORIENTED_EDGE('',*,*,#8352,.T.);
#8352 = EDGE_CURVE('',#7248,#8353,#8355,.T.);
#8353 = VERTEX_POINT('',#8354);
#8354 = CARTESIAN_POINT('',(-0.32,-2.22,8.38));
#8355 = LINE('',#8356,#8357);
#8356 = CARTESIAN_POINT('',(-0.32,-2.22,-3.));
#8357 = VECTOR('',#8358,1.);
#8358 = DIRECTION('',(0.,0.,1.));
#8359 = ORIENTED_EDGE('',*,*,#8360,.T.);
#8360 = EDGE_CURVE('',#8353,#8344,#8361,.T.);
#8361 = LINE('',#8362,#8363);
#8362 = CARTESIAN_POINT('',(-0.32,-2.22,8.38));
#8363 = VECTOR('',#8364,1.);
#8364 = DIRECTION('',(1.,0.,0.));
#8365 = PLANE('',#8366);
#8366 = AXIS2_PLACEMENT_3D('',#8367,#8368,#8369);
#8367 = CARTESIAN_POINT('',(-0.32,-2.22,-3.));
#8368 = DIRECTION('',(0.,1.,0.));
#8369 = DIRECTION('',(0.,-0.,1.));
#8370 = ADVANCED_FACE('',(#8371),#8389,.F.);
#8371 = FACE_BOUND('',#8372,.F.);
#8372 = EDGE_LOOP('',(#8373,#8381,#8382,#8383));
#8373 = ORIENTED_EDGE('',*,*,#8374,.F.);
#8374 = EDGE_CURVE('',#7264,#8375,#8377,.T.);
#8375 = VERTEX_POINT('',#8376);
#8376 = CARTESIAN_POINT('',(-0.32,-2.86,8.38));
#8377 = LINE('',#8378,#8379);
#8378 = CARTESIAN_POINT('',(-0.32,-2.86,-3.));
#8379 = VECTOR('',#8380,1.);
#8380 = DIRECTION('',(0.,0.,1.));
#8381 = ORIENTED_EDGE('',*,*,#7271,.T.);
#8382 = ORIENTED_EDGE('',*,*,#8352,.T.);
#8383 = ORIENTED_EDGE('',*,*,#8384,.F.);
#8384 = EDGE_CURVE('',#8375,#8353,#8385,.T.);
#8385 = LINE('',#8386,#8387);
#8386 = CARTESIAN_POINT('',(-0.32,-2.86,8.38));
#8387 = VECTOR('',#8388,1.);
#8388 = DIRECTION('',(0.,1.,0.));
#8389 = PLANE('',#8390);
#8390 = AXIS2_PLACEMENT_3D('',#8391,#8392,#8393);
#8391 = CARTESIAN_POINT('',(-0.32,-2.86,-3.));
#8392 = DIRECTION('',(1.,0.,0.));
#8393 = DIRECTION('',(0.,0.,1.));
#8394 = ADVANCED_FACE('',(#8395),#8413,.F.);
#8395 = FACE_BOUND('',#8396,.F.);
#8396 = EDGE_LOOP('',(#8397,#8405,#8406,#8407));
#8397 = ORIENTED_EDGE('',*,*,#8398,.F.);
#8398 = EDGE_CURVE('',#7256,#8399,#8401,.T.);
#8399 = VERTEX_POINT('',#8400);
#8400 = CARTESIAN_POINT('',(0.32,-2.86,8.38));
#8401 = LINE('',#8402,#8403);
#8402 = CARTESIAN_POINT('',(0.32,-2.86,-3.));
#8403 = VECTOR('',#8404,1.);
#8404 = DIRECTION('',(0.,0.,1.));
#8405 = ORIENTED_EDGE('',*,*,#7263,.T.);
#8406 = ORIENTED_EDGE('',*,*,#8374,.T.);
#8407 = ORIENTED_EDGE('',*,*,#8408,.T.);
#8408 = EDGE_CURVE('',#8375,#8399,#8409,.T.);
#8409 = LINE('',#8410,#8411);
#8410 = CARTESIAN_POINT('',(-0.32,-2.86,8.38));
#8411 = VECTOR('',#8412,1.);
#8412 = DIRECTION('',(1.,0.,0.));
#8413 = PLANE('',#8414);
#8414 = AXIS2_PLACEMENT_3D('',#8415,#8416,#8417);
#8415 = CARTESIAN_POINT('',(-0.32,-2.86,-3.));
#8416 = DIRECTION('',(0.,1.,0.));
#8417 = DIRECTION('',(0.,-0.,1.));
#8418 = ADVANCED_FACE('',(#8419),#8430,.T.);
#8419 = FACE_BOUND('',#8420,.T.);
#8420 = EDGE_LOOP('',(#8421,#8422,#8423,#8424));
#8421 = ORIENTED_EDGE('',*,*,#8398,.F.);
#8422 = ORIENTED_EDGE('',*,*,#7255,.T.);
#8423 = ORIENTED_EDGE('',*,*,#8343,.T.);
#8424 = ORIENTED_EDGE('',*,*,#8425,.F.);
#8425 = EDGE_CURVE('',#8399,#8344,#8426,.T.);
#8426 = LINE('',#8427,#8428);
#8427 = CARTESIAN_POINT('',(0.32,-2.86,8.38));
#8428 = VECTOR('',#8429,1.);
#8429 = DIRECTION('',(0.,1.,0.));
#8430 = PLANE('',#8431);
#8431 = AXIS2_PLACEMENT_3D('',#8432,#8433,#8434);
#8432 = CARTESIAN_POINT('',(0.32,-2.86,-3.));
#8433 = DIRECTION('',(1.,0.,0.));
#8434 = DIRECTION('',(0.,0.,1.));
#8435 = ADVANCED_FACE('',(#8436),#8461,.F.);
#8436 = FACE_BOUND('',#8437,.T.);
#8437 = EDGE_LOOP('',(#8438,#8446,#8447,#8455));
#8438 = ORIENTED_EDGE('',*,*,#8439,.F.);
#8439 = EDGE_CURVE('',#7680,#8440,#8442,.T.);
#8440 = VERTEX_POINT('',#8441);
#8441 = CARTESIAN_POINT('',(-0.16,-4.92,-3.));
#8442 = LINE('',#8443,#8444);
#8443 = CARTESIAN_POINT('',(-0.16,-4.92,-3.));
#8444 = VECTOR('',#8445,1.);
#8445 = DIRECTION('',(0.57735026919,-0.57735026919,-0.57735026919));
#8446 = ORIENTED_EDGE('',*,*,#7679,.T.);
#8447 = ORIENTED_EDGE('',*,*,#8448,.T.);
#8448 = EDGE_CURVE('',#7672,#8449,#8451,.T.);
#8449 = VERTEX_POINT('',#8450);
#8450 = CARTESIAN_POINT('',(0.16,-4.92,-3.));
#8451 = LINE('',#8452,#8453);
#8452 = CARTESIAN_POINT('',(5.333333333333E-02,-5.026666666667,
    -3.106666666667));
#8453 = VECTOR('',#8454,1.);
#8454 = DIRECTION('',(-0.57735026919,-0.57735026919,-0.57735026919));
#8455 = ORIENTED_EDGE('',*,*,#8456,.F.);
#8456 = EDGE_CURVE('',#8440,#8449,#8457,.T.);
#8457 = LINE('',#8458,#8459);
#8458 = CARTESIAN_POINT('',(-0.32,-4.92,-3.));
#8459 = VECTOR('',#8460,1.);
#8460 = DIRECTION('',(1.,0.,0.));
#8461 = PLANE('',#8462);
#8462 = AXIS2_PLACEMENT_3D('',#8463,#8464,#8465);
#8463 = CARTESIAN_POINT('',(-0.32,-4.84,-2.92));
#8464 = DIRECTION('',(-1.735167508357E-18,-0.707106781187,0.707106781187
    ));
#8465 = DIRECTION('',(-1.,1.226948711654E-18,-1.226948711654E-18));
#8466 = ADVANCED_FACE('',(#8467),#8485,.T.);
#8467 = FACE_BOUND('',#8468,.T.);
#8468 = EDGE_LOOP('',(#8469,#8477,#8478,#8479));
#8469 = ORIENTED_EDGE('',*,*,#8470,.F.);
#8470 = EDGE_CURVE('',#7703,#8471,#8473,.T.);
#8471 = VERTEX_POINT('',#8472);
#8472 = CARTESIAN_POINT('',(-0.16,-5.24,-3.));
#8473 = LINE('',#8474,#8475);
#8474 = CARTESIAN_POINT('',(-0.266666666667,-5.346666666667,
    -2.893333333333));
#8475 = VECTOR('',#8476,1.);
#8476 = DIRECTION('',(0.57735026919,0.57735026919,-0.57735026919));
#8477 = ORIENTED_EDGE('',*,*,#7710,.T.);
#8478 = ORIENTED_EDGE('',*,*,#8439,.T.);
#8479 = ORIENTED_EDGE('',*,*,#8480,.F.);
#8480 = EDGE_CURVE('',#8471,#8440,#8481,.T.);
#8481 = LINE('',#8482,#8483);
#8482 = CARTESIAN_POINT('',(-0.16,-5.4,-3.));
#8483 = VECTOR('',#8484,1.);
#8484 = DIRECTION('',(0.,1.,0.));
#8485 = PLANE('',#8486);
#8486 = AXIS2_PLACEMENT_3D('',#8487,#8488,#8489);
#8487 = CARTESIAN_POINT('',(-0.24,-5.4,-2.92));
#8488 = DIRECTION('',(-0.707106781187,-1.735167508357E-18,
    -0.707106781187));
#8489 = DIRECTION('',(-1.226948711654E-18,1.,-1.226948711654E-18));
#8490 = ADVANCED_FACE('',(#8491),#8509,.T.);
#8491 = FACE_BOUND('',#8492,.F.);
#8492 = EDGE_LOOP('',(#8493,#8494,#8495,#8503));
#8493 = ORIENTED_EDGE('',*,*,#8470,.F.);
#8494 = ORIENTED_EDGE('',*,*,#7734,.T.);
#8495 = ORIENTED_EDGE('',*,*,#8496,.T.);
#8496 = EDGE_CURVE('',#7727,#8497,#8499,.T.);
#8497 = VERTEX_POINT('',#8498);
#8498 = CARTESIAN_POINT('',(0.16,-5.24,-3.));
#8499 = LINE('',#8500,#8501);
#8500 = CARTESIAN_POINT('',(0.16,-5.24,-3.));
#8501 = VECTOR('',#8502,1.);
#8502 = DIRECTION('',(-0.57735026919,0.57735026919,-0.57735026919));
#8503 = ORIENTED_EDGE('',*,*,#8504,.F.);
#8504 = EDGE_CURVE('',#8471,#8497,#8505,.T.);
#8505 = LINE('',#8506,#8507);
#8506 = CARTESIAN_POINT('',(-0.32,-5.24,-3.));
#8507 = VECTOR('',#8508,1.);
#8508 = DIRECTION('',(1.,0.,0.));
#8509 = PLANE('',#8510);
#8510 = AXIS2_PLACEMENT_3D('',#8511,#8512,#8513);
#8511 = CARTESIAN_POINT('',(-0.32,-5.32,-2.92));
#8512 = DIRECTION('',(1.735167508357E-18,-0.707106781187,-0.707106781187
    ));
#8513 = DIRECTION('',(-1.,-1.226948711654E-18,-1.226948711654E-18));
#8514 = ADVANCED_FACE('',(#8515),#8526,.F.);
#8515 = FACE_BOUND('',#8516,.F.);
#8516 = EDGE_LOOP('',(#8517,#8518,#8519,#8520));
#8517 = ORIENTED_EDGE('',*,*,#8496,.F.);
#8518 = ORIENTED_EDGE('',*,*,#7751,.T.);
#8519 = ORIENTED_EDGE('',*,*,#8448,.T.);
#8520 = ORIENTED_EDGE('',*,*,#8521,.F.);
#8521 = EDGE_CURVE('',#8497,#8449,#8522,.T.);
#8522 = LINE('',#8523,#8524);
#8523 = CARTESIAN_POINT('',(0.16,-5.4,-3.));
#8524 = VECTOR('',#8525,1.);
#8525 = DIRECTION('',(0.,1.,0.));
#8526 = PLANE('',#8527);
#8527 = AXIS2_PLACEMENT_3D('',#8528,#8529,#8530);
#8528 = CARTESIAN_POINT('',(0.24,-5.4,-2.92));
#8529 = DIRECTION('',(-0.707106781187,1.735167508357E-18,0.707106781187)
  );
#8530 = DIRECTION('',(1.226948711654E-18,1.,-1.226948711654E-18));
#8531 = ADVANCED_FACE('',(#8532),#8557,.F.);
#8532 = FACE_BOUND('',#8533,.F.);
#8533 = EDGE_LOOP('',(#8534,#8542,#8543,#8551));
#8534 = ORIENTED_EDGE('',*,*,#8535,.F.);
#8535 = EDGE_CURVE('',#7768,#8536,#8538,.T.);
#8536 = VERTEX_POINT('',#8537);
#8537 = CARTESIAN_POINT('',(0.16,-7.78,-3.));
#8538 = LINE('',#8539,#8540);
#8539 = CARTESIAN_POINT('',(0.16,-7.78,-3.));
#8540 = VECTOR('',#8541,1.);
#8541 = DIRECTION('',(-0.57735026919,0.57735026919,-0.57735026919));
#8542 = ORIENTED_EDGE('',*,*,#7775,.T.);
#8543 = ORIENTED_EDGE('',*,*,#8544,.T.);
#8544 = EDGE_CURVE('',#7776,#8545,#8547,.T.);
#8545 = VERTEX_POINT('',#8546);
#8546 = CARTESIAN_POINT('',(0.16,-7.46,-3.));
#8547 = LINE('',#8548,#8549);
#8548 = CARTESIAN_POINT('',(5.333333333333E-02,-7.566666666667,
    -3.106666666667));
#8549 = VECTOR('',#8550,1.);
#8550 = DIRECTION('',(-0.57735026919,-0.57735026919,-0.57735026919));
#8551 = ORIENTED_EDGE('',*,*,#8552,.F.);
#8552 = EDGE_CURVE('',#8536,#8545,#8553,.T.);
#8553 = LINE('',#8554,#8555);
#8554 = CARTESIAN_POINT('',(0.16,-7.94,-3.));
#8555 = VECTOR('',#8556,1.);
#8556 = DIRECTION('',(0.,1.,0.));
#8557 = PLANE('',#8558);
#8558 = AXIS2_PLACEMENT_3D('',#8559,#8560,#8561);
#8559 = CARTESIAN_POINT('',(0.24,-7.94,-2.92));
#8560 = DIRECTION('',(-0.707106781187,1.735167508357E-18,0.707106781187)
  );
#8561 = DIRECTION('',(1.226948711654E-18,1.,-1.226948711654E-18));
#8562 = ADVANCED_FACE('',(#8563),#8581,.F.);
#8563 = FACE_BOUND('',#8564,.T.);
#8564 = EDGE_LOOP('',(#8565,#8573,#8574,#8575));
#8565 = ORIENTED_EDGE('',*,*,#8566,.F.);
#8566 = EDGE_CURVE('',#7800,#8567,#8569,.T.);
#8567 = VERTEX_POINT('',#8568);
#8568 = CARTESIAN_POINT('',(-0.16,-7.46,-3.));
#8569 = LINE('',#8570,#8571);
#8570 = CARTESIAN_POINT('',(-0.16,-7.46,-3.));
#8571 = VECTOR('',#8572,1.);
#8572 = DIRECTION('',(0.57735026919,-0.57735026919,-0.57735026919));
#8573 = ORIENTED_EDGE('',*,*,#7799,.T.);
#8574 = ORIENTED_EDGE('',*,*,#8544,.T.);
#8575 = ORIENTED_EDGE('',*,*,#8576,.F.);
#8576 = EDGE_CURVE('',#8567,#8545,#8577,.T.);
#8577 = LINE('',#8578,#8579);
#8578 = CARTESIAN_POINT('',(-0.32,-7.46,-3.));
#8579 = VECTOR('',#8580,1.);
#8580 = DIRECTION('',(1.,0.,0.));
#8581 = PLANE('',#8582);
#8582 = AXIS2_PLACEMENT_3D('',#8583,#8584,#8585);
#8583 = CARTESIAN_POINT('',(-0.32,-7.38,-2.92));
#8584 = DIRECTION('',(-1.735167508357E-18,-0.707106781187,0.707106781187
    ));
#8585 = DIRECTION('',(-1.,1.226948711654E-18,-1.226948711654E-18));
#8586 = ADVANCED_FACE('',(#8587),#8605,.T.);
#8587 = FACE_BOUND('',#8588,.T.);
#8588 = EDGE_LOOP('',(#8589,#8597,#8598,#8599));
#8589 = ORIENTED_EDGE('',*,*,#8590,.F.);
#8590 = EDGE_CURVE('',#7823,#8591,#8593,.T.);
#8591 = VERTEX_POINT('',#8592);
#8592 = CARTESIAN_POINT('',(-0.16,-7.78,-3.));
#8593 = LINE('',#8594,#8595);
#8594 = CARTESIAN_POINT('',(-0.266666666667,-7.886666666667,
    -2.893333333333));
#8595 = VECTOR('',#8596,1.);
#8596 = DIRECTION('',(0.57735026919,0.57735026919,-0.57735026919));
#8597 = ORIENTED_EDGE('',*,*,#7830,.T.);
#8598 = ORIENTED_EDGE('',*,*,#8566,.T.);
#8599 = ORIENTED_EDGE('',*,*,#8600,.F.);
#8600 = EDGE_CURVE('',#8591,#8567,#8601,.T.);
#8601 = LINE('',#8602,#8603);
#8602 = CARTESIAN_POINT('',(-0.16,-7.94,-3.));
#8603 = VECTOR('',#8604,1.);
#8604 = DIRECTION('',(0.,1.,0.));
#8605 = PLANE('',#8606);
#8606 = AXIS2_PLACEMENT_3D('',#8607,#8608,#8609);
#8607 = CARTESIAN_POINT('',(-0.24,-7.94,-2.92));
#8608 = DIRECTION('',(-0.707106781187,-1.735167508357E-18,
    -0.707106781187));
#8609 = DIRECTION('',(-1.226948711654E-18,1.,-1.226948711654E-18));
#8610 = ADVANCED_FACE('',(#8611),#8622,.T.);
#8611 = FACE_BOUND('',#8612,.F.);
#8612 = EDGE_LOOP('',(#8613,#8614,#8615,#8616));
#8613 = ORIENTED_EDGE('',*,*,#8590,.F.);
#8614 = ORIENTED_EDGE('',*,*,#7847,.T.);
#8615 = ORIENTED_EDGE('',*,*,#8535,.T.);
#8616 = ORIENTED_EDGE('',*,*,#8617,.F.);
#8617 = EDGE_CURVE('',#8591,#8536,#8618,.T.);
#8618 = LINE('',#8619,#8620);
#8619 = CARTESIAN_POINT('',(-0.32,-7.78,-3.));
#8620 = VECTOR('',#8621,1.);
#8621 = DIRECTION('',(1.,0.,0.));
#8622 = PLANE('',#8623);
#8623 = AXIS2_PLACEMENT_3D('',#8624,#8625,#8626);
#8624 = CARTESIAN_POINT('',(-0.32,-7.86,-2.92));
#8625 = DIRECTION('',(1.735167508357E-18,-0.707106781187,-0.707106781187
    ));
#8626 = DIRECTION('',(-1.,-1.226948711654E-18,-1.226948711654E-18));
#8627 = ADVANCED_FACE('',(#8628),#8653,.F.);
#8628 = FACE_BOUND('',#8629,.F.);
#8629 = EDGE_LOOP('',(#8630,#8638,#8639,#8647));
#8630 = ORIENTED_EDGE('',*,*,#8631,.F.);
#8631 = EDGE_CURVE('',#7864,#8632,#8634,.T.);
#8632 = VERTEX_POINT('',#8633);
#8633 = CARTESIAN_POINT('',(0.16,-0.16,-3.));
#8634 = LINE('',#8635,#8636);
#8635 = CARTESIAN_POINT('',(0.16,-0.16,-3.));
#8636 = VECTOR('',#8637,1.);
#8637 = DIRECTION('',(-0.57735026919,0.57735026919,-0.57735026919));
#8638 = ORIENTED_EDGE('',*,*,#7871,.T.);
#8639 = ORIENTED_EDGE('',*,*,#8640,.T.);
#8640 = EDGE_CURVE('',#7872,#8641,#8643,.T.);
#8641 = VERTEX_POINT('',#8642);
#8642 = CARTESIAN_POINT('',(0.16,0.16,-3.));
#8643 = LINE('',#8644,#8645);
#8644 = CARTESIAN_POINT('',(5.333333333333E-02,5.333333333333E-02,
    -3.106666666667));
#8645 = VECTOR('',#8646,1.);
#8646 = DIRECTION('',(-0.57735026919,-0.57735026919,-0.57735026919));
#8647 = ORIENTED_EDGE('',*,*,#8648,.F.);
#8648 = EDGE_CURVE('',#8632,#8641,#8649,.T.);
#8649 = LINE('',#8650,#8651);
#8650 = CARTESIAN_POINT('',(0.16,-0.32,-3.));
#8651 = VECTOR('',#8652,1.);
#8652 = DIRECTION('',(0.,1.,0.));
#8653 = PLANE('',#8654);
#8654 = AXIS2_PLACEMENT_3D('',#8655,#8656,#8657);
#8655 = CARTESIAN_POINT('',(0.24,-0.32,-2.92));
#8656 = DIRECTION('',(-0.707106781187,1.735167508357E-18,0.707106781187)
  );
#8657 = DIRECTION('',(1.226948711654E-18,1.,-1.226948711654E-18));
#8658 = ADVANCED_FACE('',(#8659),#8677,.F.);
#8659 = FACE_BOUND('',#8660,.T.);
#8660 = EDGE_LOOP('',(#8661,#8669,#8670,#8671));
#8661 = ORIENTED_EDGE('',*,*,#8662,.F.);
#8662 = EDGE_CURVE('',#7896,#8663,#8665,.T.);
#8663 = VERTEX_POINT('',#8664);
#8664 = CARTESIAN_POINT('',(-0.16,0.16,-3.));
#8665 = LINE('',#8666,#8667);
#8666 = CARTESIAN_POINT('',(-0.16,0.16,-3.));
#8667 = VECTOR('',#8668,1.);
#8668 = DIRECTION('',(0.57735026919,-0.57735026919,-0.57735026919));
#8669 = ORIENTED_EDGE('',*,*,#7895,.T.);
#8670 = ORIENTED_EDGE('',*,*,#8640,.T.);
#8671 = ORIENTED_EDGE('',*,*,#8672,.F.);
#8672 = EDGE_CURVE('',#8663,#8641,#8673,.T.);
#8673 = LINE('',#8674,#8675);
#8674 = CARTESIAN_POINT('',(-0.32,0.16,-3.));
#8675 = VECTOR('',#8676,1.);
#8676 = DIRECTION('',(1.,0.,0.));
#8677 = PLANE('',#8678);
#8678 = AXIS2_PLACEMENT_3D('',#8679,#8680,#8681);
#8679 = CARTESIAN_POINT('',(-0.32,0.24,-2.92));
#8680 = DIRECTION('',(-1.735167508357E-18,-0.707106781187,0.707106781187
    ));
#8681 = DIRECTION('',(-1.,1.226948711654E-18,-1.226948711654E-18));
#8682 = ADVANCED_FACE('',(#8683),#8701,.T.);
#8683 = FACE_BOUND('',#8684,.T.);
#8684 = EDGE_LOOP('',(#8685,#8693,#8694,#8695));
#8685 = ORIENTED_EDGE('',*,*,#8686,.F.);
#8686 = EDGE_CURVE('',#7919,#8687,#8689,.T.);
#8687 = VERTEX_POINT('',#8688);
#8688 = CARTESIAN_POINT('',(-0.16,-0.16,-3.));
#8689 = LINE('',#8690,#8691);
#8690 = CARTESIAN_POINT('',(-0.266666666667,-0.266666666667,
    -2.893333333333));
#8691 = VECTOR('',#8692,1.);
#8692 = DIRECTION('',(0.57735026919,0.57735026919,-0.57735026919));
#8693 = ORIENTED_EDGE('',*,*,#7926,.T.);
#8694 = ORIENTED_EDGE('',*,*,#8662,.T.);
#8695 = ORIENTED_EDGE('',*,*,#8696,.F.);
#8696 = EDGE_CURVE('',#8687,#8663,#8697,.T.);
#8697 = LINE('',#8698,#8699);
#8698 = CARTESIAN_POINT('',(-0.16,-0.32,-3.));
#8699 = VECTOR('',#8700,1.);
#8700 = DIRECTION('',(0.,1.,0.));
#8701 = PLANE('',#8702);
#8702 = AXIS2_PLACEMENT_3D('',#8703,#8704,#8705);
#8703 = CARTESIAN_POINT('',(-0.24,-0.32,-2.92));
#8704 = DIRECTION('',(-0.707106781187,-1.735167508357E-18,
    -0.707106781187));
#8705 = DIRECTION('',(-1.226948711654E-18,1.,-1.226948711654E-18));
#8706 = ADVANCED_FACE('',(#8707),#8718,.T.);
#8707 = FACE_BOUND('',#8708,.F.);
#8708 = EDGE_LOOP('',(#8709,#8710,#8711,#8712));
#8709 = ORIENTED_EDGE('',*,*,#8686,.F.);
#8710 = ORIENTED_EDGE('',*,*,#7943,.T.);
#8711 = ORIENTED_EDGE('',*,*,#8631,.T.);
#8712 = ORIENTED_EDGE('',*,*,#8713,.F.);
#8713 = EDGE_CURVE('',#8687,#8632,#8714,.T.);
#8714 = LINE('',#8715,#8716);
#8715 = CARTESIAN_POINT('',(-0.32,-0.16,-3.));
#8716 = VECTOR('',#8717,1.);
#8717 = DIRECTION('',(1.,0.,0.));
#8718 = PLANE('',#8719);
#8719 = AXIS2_PLACEMENT_3D('',#8720,#8721,#8722);
#8720 = CARTESIAN_POINT('',(-0.32,-0.24,-2.92));
#8721 = DIRECTION('',(1.735167508357E-18,-0.707106781187,-0.707106781187
    ));
#8722 = DIRECTION('',(-1.,-1.226948711654E-18,-1.226948711654E-18));
#8723 = ADVANCED_FACE('',(#8724),#8749,.F.);
#8724 = FACE_BOUND('',#8725,.T.);
#8725 = EDGE_LOOP('',(#8726,#8734,#8735,#8743));
#8726 = ORIENTED_EDGE('',*,*,#8727,.F.);
#8727 = EDGE_CURVE('',#7968,#8728,#8730,.T.);
#8728 = VERTEX_POINT('',#8729);
#8729 = CARTESIAN_POINT('',(-0.16,-2.38,-3.));
#8730 = LINE('',#8731,#8732);
#8731 = CARTESIAN_POINT('',(-0.16,-2.38,-3.));
#8732 = VECTOR('',#8733,1.);
#8733 = DIRECTION('',(0.57735026919,-0.57735026919,-0.57735026919));
#8734 = ORIENTED_EDGE('',*,*,#7967,.T.);
#8735 = ORIENTED_EDGE('',*,*,#8736,.T.);
#8736 = EDGE_CURVE('',#7960,#8737,#8739,.T.);
#8737 = VERTEX_POINT('',#8738);
#8738 = CARTESIAN_POINT('',(0.16,-2.38,-3.));
#8739 = LINE('',#8740,#8741);
#8740 = CARTESIAN_POINT('',(5.333333333333E-02,-2.486666666667,
    -3.106666666667));
#8741 = VECTOR('',#8742,1.);
#8742 = DIRECTION('',(-0.57735026919,-0.57735026919,-0.57735026919));
#8743 = ORIENTED_EDGE('',*,*,#8744,.F.);
#8744 = EDGE_CURVE('',#8728,#8737,#8745,.T.);
#8745 = LINE('',#8746,#8747);
#8746 = CARTESIAN_POINT('',(-0.32,-2.38,-3.));
#8747 = VECTOR('',#8748,1.);
#8748 = DIRECTION('',(1.,0.,0.));
#8749 = PLANE('',#8750);
#8750 = AXIS2_PLACEMENT_3D('',#8751,#8752,#8753);
#8751 = CARTESIAN_POINT('',(-0.32,-2.3,-2.92));
#8752 = DIRECTION('',(-1.735167508357E-18,-0.707106781187,0.707106781187
    ));
#8753 = DIRECTION('',(-1.,1.226948711654E-18,-1.226948711654E-18));
#8754 = ADVANCED_FACE('',(#8755),#8773,.T.);
#8755 = FACE_BOUND('',#8756,.T.);
#8756 = EDGE_LOOP('',(#8757,#8765,#8766,#8767));
#8757 = ORIENTED_EDGE('',*,*,#8758,.F.);
#8758 = EDGE_CURVE('',#7991,#8759,#8761,.T.);
#8759 = VERTEX_POINT('',#8760);
#8760 = CARTESIAN_POINT('',(-0.16,-2.7,-3.));
#8761 = LINE('',#8762,#8763);
#8762 = CARTESIAN_POINT('',(-0.266666666667,-2.806666666667,
    -2.893333333333));
#8763 = VECTOR('',#8764,1.);
#8764 = DIRECTION('',(0.57735026919,0.57735026919,-0.57735026919));
#8765 = ORIENTED_EDGE('',*,*,#7998,.T.);
#8766 = ORIENTED_EDGE('',*,*,#8727,.T.);
#8767 = ORIENTED_EDGE('',*,*,#8768,.F.);
#8768 = EDGE_CURVE('',#8759,#8728,#8769,.T.);
#8769 = LINE('',#8770,#8771);
#8770 = CARTESIAN_POINT('',(-0.16,-2.86,-3.));
#8771 = VECTOR('',#8772,1.);
#8772 = DIRECTION('',(0.,1.,0.));
#8773 = PLANE('',#8774);
#8774 = AXIS2_PLACEMENT_3D('',#8775,#8776,#8777);
#8775 = CARTESIAN_POINT('',(-0.24,-2.86,-2.92));
#8776 = DIRECTION('',(-0.707106781187,-1.735167508357E-18,
    -0.707106781187));
#8777 = DIRECTION('',(-1.226948711654E-18,1.,-1.226948711654E-18));
#8778 = ADVANCED_FACE('',(#8779),#8797,.T.);
#8779 = FACE_BOUND('',#8780,.F.);
#8780 = EDGE_LOOP('',(#8781,#8782,#8783,#8791));
#8781 = ORIENTED_EDGE('',*,*,#8758,.F.);
#8782 = ORIENTED_EDGE('',*,*,#8022,.T.);
#8783 = ORIENTED_EDGE('',*,*,#8784,.T.);
#8784 = EDGE_CURVE('',#8015,#8785,#8787,.T.);
#8785 = VERTEX_POINT('',#8786);
#8786 = CARTESIAN_POINT('',(0.16,-2.7,-3.));
#8787 = LINE('',#8788,#8789);
#8788 = CARTESIAN_POINT('',(0.16,-2.7,-3.));
#8789 = VECTOR('',#8790,1.);
#8790 = DIRECTION('',(-0.57735026919,0.57735026919,-0.57735026919));
#8791 = ORIENTED_EDGE('',*,*,#8792,.F.);
#8792 = EDGE_CURVE('',#8759,#8785,#8793,.T.);
#8793 = LINE('',#8794,#8795);
#8794 = CARTESIAN_POINT('',(-0.32,-2.7,-3.));
#8795 = VECTOR('',#8796,1.);
#8796 = DIRECTION('',(1.,0.,0.));
#8797 = PLANE('',#8798);
#8798 = AXIS2_PLACEMENT_3D('',#8799,#8800,#8801);
#8799 = CARTESIAN_POINT('',(-0.32,-2.78,-2.92));
#8800 = DIRECTION('',(1.735167508357E-18,-0.707106781187,-0.707106781187
    ));
#8801 = DIRECTION('',(-1.,-1.226948711654E-18,-1.226948711654E-18));
#8802 = ADVANCED_FACE('',(#8803),#8814,.F.);
#8803 = FACE_BOUND('',#8804,.F.);
#8804 = EDGE_LOOP('',(#8805,#8806,#8807,#8808));
#8805 = ORIENTED_EDGE('',*,*,#8784,.F.);
#8806 = ORIENTED_EDGE('',*,*,#8039,.T.);
#8807 = ORIENTED_EDGE('',*,*,#8736,.T.);
#8808 = ORIENTED_EDGE('',*,*,#8809,.F.);
#8809 = EDGE_CURVE('',#8785,#8737,#8810,.T.);
#8810 = LINE('',#8811,#8812);
#8811 = CARTESIAN_POINT('',(0.16,-2.86,-3.));
#8812 = VECTOR('',#8813,1.);
#8813 = DIRECTION('',(0.,1.,0.));
#8814 = PLANE('',#8815);
#8815 = AXIS2_PLACEMENT_3D('',#8816,#8817,#8818);
#8816 = CARTESIAN_POINT('',(0.24,-2.86,-2.92));
#8817 = DIRECTION('',(-0.707106781187,1.735167508357E-18,0.707106781187)
  );
#8818 = DIRECTION('',(1.226948711654E-18,1.,-1.226948711654E-18));
#8819 = ADVANCED_FACE('',(#8820),#8845,.T.);
#8820 = FACE_BOUND('',#8821,.F.);
#8821 = EDGE_LOOP('',(#8822,#8830,#8831,#8839));
#8822 = ORIENTED_EDGE('',*,*,#8823,.F.);
#8823 = EDGE_CURVE('',#8065,#8824,#8826,.T.);
#8824 = VERTEX_POINT('',#8825);
#8825 = CARTESIAN_POINT('',(-0.16,-4.92,8.54));
#8826 = LINE('',#8827,#8828);
#8827 = CARTESIAN_POINT('',(-0.16,-4.92,8.54));
#8828 = VECTOR('',#8829,1.);
#8829 = DIRECTION('',(0.57735026919,-0.57735026919,0.57735026919));
#8830 = ORIENTED_EDGE('',*,*,#8072,.T.);
#8831 = ORIENTED_EDGE('',*,*,#8832,.T.);
#8832 = EDGE_CURVE('',#8056,#8833,#8835,.T.);
#8833 = VERTEX_POINT('',#8834);
#8834 = CARTESIAN_POINT('',(0.16,-4.92,8.54));
#8835 = LINE('',#8836,#8837);
#8836 = CARTESIAN_POINT('',(5.333333333333E-02,-5.026666666667,
    8.646666666667));
#8837 = VECTOR('',#8838,1.);
#8838 = DIRECTION('',(-0.57735026919,-0.57735026919,0.57735026919));
#8839 = ORIENTED_EDGE('',*,*,#8840,.F.);
#8840 = EDGE_CURVE('',#8824,#8833,#8841,.T.);
#8841 = LINE('',#8842,#8843);
#8842 = CARTESIAN_POINT('',(-0.32,-4.92,8.54));
#8843 = VECTOR('',#8844,1.);
#8844 = DIRECTION('',(1.,0.,0.));
#8845 = PLANE('',#8846);
#8846 = AXIS2_PLACEMENT_3D('',#8847,#8848,#8849);
#8847 = CARTESIAN_POINT('',(-0.32,-4.84,8.46));
#8848 = DIRECTION('',(1.735167508357E-18,0.707106781187,0.707106781187)
  );
#8849 = DIRECTION('',(-1.,1.226948711654E-18,1.226948711654E-18));
#8850 = ADVANCED_FACE('',(#8851),#8869,.F.);
#8851 = FACE_BOUND('',#8852,.F.);
#8852 = EDGE_LOOP('',(#8853,#8861,#8862,#8863));
#8853 = ORIENTED_EDGE('',*,*,#8854,.F.);
#8854 = EDGE_CURVE('',#8087,#8855,#8857,.T.);
#8855 = VERTEX_POINT('',#8856);
#8856 = CARTESIAN_POINT('',(-0.16,-5.24,8.54));
#8857 = LINE('',#8858,#8859);
#8858 = CARTESIAN_POINT('',(-0.266666666667,-5.346666666667,
    8.433333333333));
#8859 = VECTOR('',#8860,1.);
#8860 = DIRECTION('',(0.57735026919,0.57735026919,0.57735026919));
#8861 = ORIENTED_EDGE('',*,*,#8096,.T.);
#8862 = ORIENTED_EDGE('',*,*,#8823,.T.);
#8863 = ORIENTED_EDGE('',*,*,#8864,.F.);
#8864 = EDGE_CURVE('',#8855,#8824,#8865,.T.);
#8865 = LINE('',#8866,#8867);
#8866 = CARTESIAN_POINT('',(-0.16,-5.4,8.54));
#8867 = VECTOR('',#8868,1.);
#8868 = DIRECTION('',(0.,1.,0.));
#8869 = PLANE('',#8870);
#8870 = AXIS2_PLACEMENT_3D('',#8871,#8872,#8873);
#8871 = CARTESIAN_POINT('',(-0.24,-5.4,8.46));
#8872 = DIRECTION('',(0.707106781187,1.735167508357E-18,-0.707106781187)
  );
#8873 = DIRECTION('',(-1.226948711654E-18,1.,1.226948711654E-18));
#8874 = ADVANCED_FACE('',(#8875),#8893,.F.);
#8875 = FACE_BOUND('',#8876,.T.);
#8876 = EDGE_LOOP('',(#8877,#8878,#8879,#8887));
#8877 = ORIENTED_EDGE('',*,*,#8854,.F.);
#8878 = ORIENTED_EDGE('',*,*,#8120,.T.);
#8879 = ORIENTED_EDGE('',*,*,#8880,.T.);
#8880 = EDGE_CURVE('',#8111,#8881,#8883,.T.);
#8881 = VERTEX_POINT('',#8882);
#8882 = CARTESIAN_POINT('',(0.16,-5.24,8.54));
#8883 = LINE('',#8884,#8885);
#8884 = CARTESIAN_POINT('',(0.16,-5.24,8.54));
#8885 = VECTOR('',#8886,1.);
#8886 = DIRECTION('',(-0.57735026919,0.57735026919,0.57735026919));
#8887 = ORIENTED_EDGE('',*,*,#8888,.F.);
#8888 = EDGE_CURVE('',#8855,#8881,#8889,.T.);
#8889 = LINE('',#8890,#8891);
#8890 = CARTESIAN_POINT('',(-0.32,-5.24,8.54));
#8891 = VECTOR('',#8892,1.);
#8892 = DIRECTION('',(1.,0.,0.));
#8893 = PLANE('',#8894);
#8894 = AXIS2_PLACEMENT_3D('',#8895,#8896,#8897);
#8895 = CARTESIAN_POINT('',(-0.32,-5.32,8.46));
#8896 = DIRECTION('',(-1.735167508357E-18,0.707106781187,-0.707106781187
    ));
#8897 = DIRECTION('',(-1.,-1.226948711654E-18,1.226948711654E-18));
#8898 = ADVANCED_FACE('',(#8899),#8910,.T.);
#8899 = FACE_BOUND('',#8900,.T.);
#8900 = EDGE_LOOP('',(#8901,#8902,#8903,#8904));
#8901 = ORIENTED_EDGE('',*,*,#8880,.F.);
#8902 = ORIENTED_EDGE('',*,*,#8137,.T.);
#8903 = ORIENTED_EDGE('',*,*,#8832,.T.);
#8904 = ORIENTED_EDGE('',*,*,#8905,.F.);
#8905 = EDGE_CURVE('',#8881,#8833,#8906,.T.);
#8906 = LINE('',#8907,#8908);
#8907 = CARTESIAN_POINT('',(0.16,-5.4,8.54));
#8908 = VECTOR('',#8909,1.);
#8909 = DIRECTION('',(0.,1.,0.));
#8910 = PLANE('',#8911);
#8911 = AXIS2_PLACEMENT_3D('',#8912,#8913,#8914);
#8912 = CARTESIAN_POINT('',(0.24,-5.4,8.46));
#8913 = DIRECTION('',(0.707106781187,-1.735167508357E-18,0.707106781187)
  );
#8914 = DIRECTION('',(1.226948711654E-18,1.,1.226948711654E-18));
#8915 = ADVANCED_FACE('',(#8916),#8941,.T.);
#8916 = FACE_BOUND('',#8917,.T.);
#8917 = EDGE_LOOP('',(#8918,#8926,#8927,#8935));
#8918 = ORIENTED_EDGE('',*,*,#8919,.F.);
#8919 = EDGE_CURVE('',#8152,#8920,#8922,.T.);
#8920 = VERTEX_POINT('',#8921);
#8921 = CARTESIAN_POINT('',(0.16,-7.78,8.54));
#8922 = LINE('',#8923,#8924);
#8923 = CARTESIAN_POINT('',(0.16,-7.78,8.54));
#8924 = VECTOR('',#8925,1.);
#8925 = DIRECTION('',(-0.57735026919,0.57735026919,0.57735026919));
#8926 = ORIENTED_EDGE('',*,*,#8168,.T.);
#8927 = ORIENTED_EDGE('',*,*,#8928,.T.);
#8928 = EDGE_CURVE('',#8161,#8929,#8931,.T.);
#8929 = VERTEX_POINT('',#8930);
#8930 = CARTESIAN_POINT('',(0.16,-7.46,8.54));
#8931 = LINE('',#8932,#8933);
#8932 = CARTESIAN_POINT('',(5.333333333333E-02,-7.566666666667,
    8.646666666667));
#8933 = VECTOR('',#8934,1.);
#8934 = DIRECTION('',(-0.57735026919,-0.57735026919,0.57735026919));
#8935 = ORIENTED_EDGE('',*,*,#8936,.F.);
#8936 = EDGE_CURVE('',#8920,#8929,#8937,.T.);
#8937 = LINE('',#8938,#8939);
#8938 = CARTESIAN_POINT('',(0.16,-7.94,8.54));
#8939 = VECTOR('',#8940,1.);
#8940 = DIRECTION('',(0.,1.,0.));
#8941 = PLANE('',#8942);
#8942 = AXIS2_PLACEMENT_3D('',#8943,#8944,#8945);
#8943 = CARTESIAN_POINT('',(0.24,-7.94,8.46));
#8944 = DIRECTION('',(0.707106781187,-1.735167508357E-18,0.707106781187)
  );
#8945 = DIRECTION('',(1.226948711654E-18,1.,1.226948711654E-18));
#8946 = ADVANCED_FACE('',(#8947),#8965,.T.);
#8947 = FACE_BOUND('',#8948,.F.);
#8948 = EDGE_LOOP('',(#8949,#8957,#8958,#8959));
#8949 = ORIENTED_EDGE('',*,*,#8950,.F.);
#8950 = EDGE_CURVE('',#8185,#8951,#8953,.T.);
#8951 = VERTEX_POINT('',#8952);
#8952 = CARTESIAN_POINT('',(-0.16,-7.46,8.54));
#8953 = LINE('',#8954,#8955);
#8954 = CARTESIAN_POINT('',(-0.16,-7.46,8.54));
#8955 = VECTOR('',#8956,1.);
#8956 = DIRECTION('',(0.57735026919,-0.57735026919,0.57735026919));
#8957 = ORIENTED_EDGE('',*,*,#8192,.T.);
#8958 = ORIENTED_EDGE('',*,*,#8928,.T.);
#8959 = ORIENTED_EDGE('',*,*,#8960,.F.);
#8960 = EDGE_CURVE('',#8951,#8929,#8961,.T.);
#8961 = LINE('',#8962,#8963);
#8962 = CARTESIAN_POINT('',(-0.32,-7.46,8.54));
#8963 = VECTOR('',#8964,1.);
#8964 = DIRECTION('',(1.,0.,0.));
#8965 = PLANE('',#8966);
#8966 = AXIS2_PLACEMENT_3D('',#8967,#8968,#8969);
#8967 = CARTESIAN_POINT('',(-0.32,-7.38,8.46));
#8968 = DIRECTION('',(1.735167508357E-18,0.707106781187,0.707106781187)
  );
#8969 = DIRECTION('',(-1.,1.226948711654E-18,1.226948711654E-18));
#8970 = ADVANCED_FACE('',(#8971),#8989,.F.);
#8971 = FACE_BOUND('',#8972,.F.);
#8972 = EDGE_LOOP('',(#8973,#8981,#8982,#8983));
#8973 = ORIENTED_EDGE('',*,*,#8974,.F.);
#8974 = EDGE_CURVE('',#8207,#8975,#8977,.T.);
#8975 = VERTEX_POINT('',#8976);
#8976 = CARTESIAN_POINT('',(-0.16,-7.78,8.54));
#8977 = LINE('',#8978,#8979);
#8978 = CARTESIAN_POINT('',(-0.266666666667,-7.886666666667,
    8.433333333333));
#8979 = VECTOR('',#8980,1.);
#8980 = DIRECTION('',(0.57735026919,0.57735026919,0.57735026919));
#8981 = ORIENTED_EDGE('',*,*,#8216,.T.);
#8982 = ORIENTED_EDGE('',*,*,#8950,.T.);
#8983 = ORIENTED_EDGE('',*,*,#8984,.F.);
#8984 = EDGE_CURVE('',#8975,#8951,#8985,.T.);
#8985 = LINE('',#8986,#8987);
#8986 = CARTESIAN_POINT('',(-0.16,-7.94,8.54));
#8987 = VECTOR('',#8988,1.);
#8988 = DIRECTION('',(0.,1.,0.));
#8989 = PLANE('',#8990);
#8990 = AXIS2_PLACEMENT_3D('',#8991,#8992,#8993);
#8991 = CARTESIAN_POINT('',(-0.24,-7.94,8.46));
#8992 = DIRECTION('',(0.707106781187,1.735167508357E-18,-0.707106781187)
  );
#8993 = DIRECTION('',(-1.226948711654E-18,1.,1.226948711654E-18));
#8994 = ADVANCED_FACE('',(#8995),#9006,.F.);
#8995 = FACE_BOUND('',#8996,.T.);
#8996 = EDGE_LOOP('',(#8997,#8998,#8999,#9000));
#8997 = ORIENTED_EDGE('',*,*,#8974,.F.);
#8998 = ORIENTED_EDGE('',*,*,#8233,.T.);
#8999 = ORIENTED_EDGE('',*,*,#8919,.T.);
#9000 = ORIENTED_EDGE('',*,*,#9001,.F.);
#9001 = EDGE_CURVE('',#8975,#8920,#9002,.T.);
#9002 = LINE('',#9003,#9004);
#9003 = CARTESIAN_POINT('',(-0.32,-7.78,8.54));
#9004 = VECTOR('',#9005,1.);
#9005 = DIRECTION('',(1.,0.,0.));
#9006 = PLANE('',#9007);
#9007 = AXIS2_PLACEMENT_3D('',#9008,#9009,#9010);
#9008 = CARTESIAN_POINT('',(-0.32,-7.86,8.46));
#9009 = DIRECTION('',(-1.735167508357E-18,0.707106781187,-0.707106781187
    ));
#9010 = DIRECTION('',(-1.,-1.226948711654E-18,1.226948711654E-18));
#9011 = ADVANCED_FACE('',(#9012),#9037,.T.);
#9012 = FACE_BOUND('',#9013,.T.);
#9013 = EDGE_LOOP('',(#9014,#9022,#9023,#9031));
#9014 = ORIENTED_EDGE('',*,*,#9015,.F.);
#9015 = EDGE_CURVE('',#8248,#9016,#9018,.T.);
#9016 = VERTEX_POINT('',#9017);
#9017 = CARTESIAN_POINT('',(0.16,-0.16,8.54));
#9018 = LINE('',#9019,#9020);
#9019 = CARTESIAN_POINT('',(0.16,-0.16,8.54));
#9020 = VECTOR('',#9021,1.);
#9021 = DIRECTION('',(-0.57735026919,0.57735026919,0.57735026919));
#9022 = ORIENTED_EDGE('',*,*,#8264,.T.);
#9023 = ORIENTED_EDGE('',*,*,#9024,.T.);
#9024 = EDGE_CURVE('',#8257,#9025,#9027,.T.);
#9025 = VERTEX_POINT('',#9026);
#9026 = CARTESIAN_POINT('',(0.16,0.16,8.54));
#9027 = LINE('',#9028,#9029);
#9028 = CARTESIAN_POINT('',(5.333333333333E-02,5.333333333333E-02,
    8.646666666667));
#9029 = VECTOR('',#9030,1.);
#9030 = DIRECTION('',(-0.57735026919,-0.57735026919,0.57735026919));
#9031 = ORIENTED_EDGE('',*,*,#9032,.F.);
#9032 = EDGE_CURVE('',#9016,#9025,#9033,.T.);
#9033 = LINE('',#9034,#9035);
#9034 = CARTESIAN_POINT('',(0.16,-0.32,8.54));
#9035 = VECTOR('',#9036,1.);
#9036 = DIRECTION('',(0.,1.,0.));
#9037 = PLANE('',#9038);
#9038 = AXIS2_PLACEMENT_3D('',#9039,#9040,#9041);
#9039 = CARTESIAN_POINT('',(0.24,-0.32,8.46));
#9040 = DIRECTION('',(0.707106781187,-1.735167508357E-18,0.707106781187)
  );
#9041 = DIRECTION('',(1.226948711654E-18,1.,1.226948711654E-18));
#9042 = ADVANCED_FACE('',(#9043),#9061,.T.);
#9043 = FACE_BOUND('',#9044,.F.);
#9044 = EDGE_LOOP('',(#9045,#9053,#9054,#9055));
#9045 = ORIENTED_EDGE('',*,*,#9046,.F.);
#9046 = EDGE_CURVE('',#8281,#9047,#9049,.T.);
#9047 = VERTEX_POINT('',#9048);
#9048 = CARTESIAN_POINT('',(-0.16,0.16,8.54));
#9049 = LINE('',#9050,#9051);
#9050 = CARTESIAN_POINT('',(-0.16,0.16,8.54));
#9051 = VECTOR('',#9052,1.);
#9052 = DIRECTION('',(0.57735026919,-0.57735026919,0.57735026919));
#9053 = ORIENTED_EDGE('',*,*,#8288,.T.);
#9054 = ORIENTED_EDGE('',*,*,#9024,.T.);
#9055 = ORIENTED_EDGE('',*,*,#9056,.F.);
#9056 = EDGE_CURVE('',#9047,#9025,#9057,.T.);
#9057 = LINE('',#9058,#9059);
#9058 = CARTESIAN_POINT('',(-0.32,0.16,8.54));
#9059 = VECTOR('',#9060,1.);
#9060 = DIRECTION('',(1.,0.,0.));
#9061 = PLANE('',#9062);
#9062 = AXIS2_PLACEMENT_3D('',#9063,#9064,#9065);
#9063 = CARTESIAN_POINT('',(-0.32,0.24,8.46));
#9064 = DIRECTION('',(1.735167508357E-18,0.707106781187,0.707106781187)
  );
#9065 = DIRECTION('',(-1.,1.226948711654E-18,1.226948711654E-18));
#9066 = ADVANCED_FACE('',(#9067),#9085,.F.);
#9067 = FACE_BOUND('',#9068,.F.);
#9068 = EDGE_LOOP('',(#9069,#9077,#9078,#9079));
#9069 = ORIENTED_EDGE('',*,*,#9070,.F.);
#9070 = EDGE_CURVE('',#8303,#9071,#9073,.T.);
#9071 = VERTEX_POINT('',#9072);
#9072 = CARTESIAN_POINT('',(-0.16,-0.16,8.54));
#9073 = LINE('',#9074,#9075);
#9074 = CARTESIAN_POINT('',(-0.266666666667,-0.266666666667,
    8.433333333333));
#9075 = VECTOR('',#9076,1.);
#9076 = DIRECTION('',(0.57735026919,0.57735026919,0.57735026919));
#9077 = ORIENTED_EDGE('',*,*,#8312,.T.);
#9078 = ORIENTED_EDGE('',*,*,#9046,.T.);
#9079 = ORIENTED_EDGE('',*,*,#9080,.F.);
#9080 = EDGE_CURVE('',#9071,#9047,#9081,.T.);
#9081 = LINE('',#9082,#9083);
#9082 = CARTESIAN_POINT('',(-0.16,-0.32,8.54));
#9083 = VECTOR('',#9084,1.);
#9084 = DIRECTION('',(0.,1.,0.));
#9085 = PLANE('',#9086);
#9086 = AXIS2_PLACEMENT_3D('',#9087,#9088,#9089);
#9087 = CARTESIAN_POINT('',(-0.24,-0.32,8.46));
#9088 = DIRECTION('',(0.707106781187,1.735167508357E-18,-0.707106781187)
  );
#9089 = DIRECTION('',(-1.226948711654E-18,1.,1.226948711654E-18));
#9090 = ADVANCED_FACE('',(#9091),#9102,.F.);
#9091 = FACE_BOUND('',#9092,.T.);
#9092 = EDGE_LOOP('',(#9093,#9094,#9095,#9096));
#9093 = ORIENTED_EDGE('',*,*,#9070,.F.);
#9094 = ORIENTED_EDGE('',*,*,#8329,.T.);
#9095 = ORIENTED_EDGE('',*,*,#9015,.T.);
#9096 = ORIENTED_EDGE('',*,*,#9097,.F.);
#9097 = EDGE_CURVE('',#9071,#9016,#9098,.T.);
#9098 = LINE('',#9099,#9100);
#9099 = CARTESIAN_POINT('',(-0.32,-0.16,8.54));
#9100 = VECTOR('',#9101,1.);
#9101 = DIRECTION('',(1.,0.,0.));
#9102 = PLANE('',#9103);
#9103 = AXIS2_PLACEMENT_3D('',#9104,#9105,#9106);
#9104 = CARTESIAN_POINT('',(-0.32,-0.24,8.46));
#9105 = DIRECTION('',(-1.735167508357E-18,0.707106781187,-0.707106781187
    ));
#9106 = DIRECTION('',(-1.,-1.226948711654E-18,1.226948711654E-18));
#9107 = ADVANCED_FACE('',(#9108),#9133,.T.);
#9108 = FACE_BOUND('',#9109,.F.);
#9109 = EDGE_LOOP('',(#9110,#9118,#9119,#9127));
#9110 = ORIENTED_EDGE('',*,*,#9111,.F.);
#9111 = EDGE_CURVE('',#8353,#9112,#9114,.T.);
#9112 = VERTEX_POINT('',#9113);
#9113 = CARTESIAN_POINT('',(-0.16,-2.38,8.54));
#9114 = LINE('',#9115,#9116);
#9115 = CARTESIAN_POINT('',(-0.16,-2.38,8.54));
#9116 = VECTOR('',#9117,1.);
#9117 = DIRECTION('',(0.57735026919,-0.57735026919,0.57735026919));
#9118 = ORIENTED_EDGE('',*,*,#8360,.T.);
#9119 = ORIENTED_EDGE('',*,*,#9120,.T.);
#9120 = EDGE_CURVE('',#8344,#9121,#9123,.T.);
#9121 = VERTEX_POINT('',#9122);
#9122 = CARTESIAN_POINT('',(0.16,-2.38,8.54));
#9123 = LINE('',#9124,#9125);
#9124 = CARTESIAN_POINT('',(5.333333333333E-02,-2.486666666667,
    8.646666666667));
#9125 = VECTOR('',#9126,1.);
#9126 = DIRECTION('',(-0.57735026919,-0.57735026919,0.57735026919));
#9127 = ORIENTED_EDGE('',*,*,#9128,.F.);
#9128 = EDGE_CURVE('',#9112,#9121,#9129,.T.);
#9129 = LINE('',#9130,#9131);
#9130 = CARTESIAN_POINT('',(-0.32,-2.38,8.54));
#9131 = VECTOR('',#9132,1.);
#9132 = DIRECTION('',(1.,0.,0.));
#9133 = PLANE('',#9134);
#9134 = AXIS2_PLACEMENT_3D('',#9135,#9136,#9137);
#9135 = CARTESIAN_POINT('',(-0.32,-2.3,8.46));
#9136 = DIRECTION('',(1.735167508357E-18,0.707106781187,0.707106781187)
  );
#9137 = DIRECTION('',(-1.,1.226948711654E-18,1.226948711654E-18));
#9138 = ADVANCED_FACE('',(#9139),#9157,.F.);
#9139 = FACE_BOUND('',#9140,.F.);
#9140 = EDGE_LOOP('',(#9141,#9149,#9150,#9151));
#9141 = ORIENTED_EDGE('',*,*,#9142,.F.);
#9142 = EDGE_CURVE('',#8375,#9143,#9145,.T.);
#9143 = VERTEX_POINT('',#9144);
#9144 = CARTESIAN_POINT('',(-0.16,-2.7,8.54));
#9145 = LINE('',#9146,#9147);
#9146 = CARTESIAN_POINT('',(-0.266666666667,-2.806666666667,
    8.433333333333));
#9147 = VECTOR('',#9148,1.);
#9148 = DIRECTION('',(0.57735026919,0.57735026919,0.57735026919));
#9149 = ORIENTED_EDGE('',*,*,#8384,.T.);
#9150 = ORIENTED_EDGE('',*,*,#9111,.T.);
#9151 = ORIENTED_EDGE('',*,*,#9152,.F.);
#9152 = EDGE_CURVE('',#9143,#9112,#9153,.T.);
#9153 = LINE('',#9154,#9155);
#9154 = CARTESIAN_POINT('',(-0.16,-2.86,8.54));
#9155 = VECTOR('',#9156,1.);
#9156 = DIRECTION('',(0.,1.,0.));
#9157 = PLANE('',#9158);
#9158 = AXIS2_PLACEMENT_3D('',#9159,#9160,#9161);
#9159 = CARTESIAN_POINT('',(-0.24,-2.86,8.46));
#9160 = DIRECTION('',(0.707106781187,1.735167508357E-18,-0.707106781187)
  );
#9161 = DIRECTION('',(-1.226948711654E-18,1.,1.226948711654E-18));
#9162 = ADVANCED_FACE('',(#9163),#9181,.F.);
#9163 = FACE_BOUND('',#9164,.T.);
#9164 = EDGE_LOOP('',(#9165,#9166,#9167,#9175));
#9165 = ORIENTED_EDGE('',*,*,#9142,.F.);
#9166 = ORIENTED_EDGE('',*,*,#8408,.T.);
#9167 = ORIENTED_EDGE('',*,*,#9168,.T.);
#9168 = EDGE_CURVE('',#8399,#9169,#9171,.T.);
#9169 = VERTEX_POINT('',#9170);
#9170 = CARTESIAN_POINT('',(0.16,-2.7,8.54));
#9171 = LINE('',#9172,#9173);
#9172 = CARTESIAN_POINT('',(0.16,-2.7,8.54));
#9173 = VECTOR('',#9174,1.);
#9174 = DIRECTION('',(-0.57735026919,0.57735026919,0.57735026919));
#9175 = ORIENTED_EDGE('',*,*,#9176,.F.);
#9176 = EDGE_CURVE('',#9143,#9169,#9177,.T.);
#9177 = LINE('',#9178,#9179);
#9178 = CARTESIAN_POINT('',(-0.32,-2.7,8.54));
#9179 = VECTOR('',#9180,1.);
#9180 = DIRECTION('',(1.,0.,0.));
#9181 = PLANE('',#9182);
#9182 = AXIS2_PLACEMENT_3D('',#9183,#9184,#9185);
#9183 = CARTESIAN_POINT('',(-0.32,-2.78,8.46));
#9184 = DIRECTION('',(-1.735167508357E-18,0.707106781187,-0.707106781187
    ));
#9185 = DIRECTION('',(-1.,-1.226948711654E-18,1.226948711654E-18));
#9186 = ADVANCED_FACE('',(#9187),#9198,.T.);
#9187 = FACE_BOUND('',#9188,.T.);
#9188 = EDGE_LOOP('',(#9189,#9190,#9191,#9192));
#9189 = ORIENTED_EDGE('',*,*,#9168,.F.);
#9190 = ORIENTED_EDGE('',*,*,#8425,.T.);
#9191 = ORIENTED_EDGE('',*,*,#9120,.T.);
#9192 = ORIENTED_EDGE('',*,*,#9193,.F.);
#9193 = EDGE_CURVE('',#9169,#9121,#9194,.T.);
#9194 = LINE('',#9195,#9196);
#9195 = CARTESIAN_POINT('',(0.16,-2.86,8.54));
#9196 = VECTOR('',#9197,1.);
#9197 = DIRECTION('',(0.,1.,0.));
#9198 = PLANE('',#9199);
#9199 = AXIS2_PLACEMENT_3D('',#9200,#9201,#9202);
#9200 = CARTESIAN_POINT('',(0.24,-2.86,8.46));
#9201 = DIRECTION('',(0.707106781187,-1.735167508357E-18,0.707106781187)
  );
#9202 = DIRECTION('',(1.226948711654E-18,1.,1.226948711654E-18));
#9203 = ADVANCED_FACE('',(#9204),#9210,.F.);
#9204 = FACE_BOUND('',#9205,.F.);
#9205 = EDGE_LOOP('',(#9206,#9207,#9208,#9209));
#9206 = ORIENTED_EDGE('',*,*,#8521,.T.);
#9207 = ORIENTED_EDGE('',*,*,#8456,.F.);
#9208 = ORIENTED_EDGE('',*,*,#8480,.F.);
#9209 = ORIENTED_EDGE('',*,*,#8504,.T.);
#9210 = PLANE('',#9211);
#9211 = AXIS2_PLACEMENT_3D('',#9212,#9213,#9214);
#9212 = CARTESIAN_POINT('',(-0.32,-5.4,-3.));
#9213 = DIRECTION('',(0.,0.,1.));
#9214 = DIRECTION('',(1.,0.,-0.));
#9215 = ADVANCED_FACE('',(#9216),#9222,.F.);
#9216 = FACE_BOUND('',#9217,.F.);
#9217 = EDGE_LOOP('',(#9218,#9219,#9220,#9221));
#9218 = ORIENTED_EDGE('',*,*,#8552,.T.);
#9219 = ORIENTED_EDGE('',*,*,#8576,.F.);
#9220 = ORIENTED_EDGE('',*,*,#8600,.F.);
#9221 = ORIENTED_EDGE('',*,*,#8617,.T.);
#9222 = PLANE('',#9223);
#9223 = AXIS2_PLACEMENT_3D('',#9224,#9225,#9226);
#9224 = CARTESIAN_POINT('',(-0.32,-7.94,-3.));
#9225 = DIRECTION('',(0.,0.,1.));
#9226 = DIRECTION('',(1.,0.,-0.));
#9227 = ADVANCED_FACE('',(#9228),#9234,.F.);
#9228 = FACE_BOUND('',#9229,.F.);
#9229 = EDGE_LOOP('',(#9230,#9231,#9232,#9233));
#9230 = ORIENTED_EDGE('',*,*,#8648,.T.);
#9231 = ORIENTED_EDGE('',*,*,#8672,.F.);
#9232 = ORIENTED_EDGE('',*,*,#8696,.F.);
#9233 = ORIENTED_EDGE('',*,*,#8713,.T.);
#9234 = PLANE('',#9235);
#9235 = AXIS2_PLACEMENT_3D('',#9236,#9237,#9238);
#9236 = CARTESIAN_POINT('',(-0.32,-0.32,-3.));
#9237 = DIRECTION('',(0.,0.,1.));
#9238 = DIRECTION('',(1.,0.,-0.));
#9239 = ADVANCED_FACE('',(#9240),#9246,.F.);
#9240 = FACE_BOUND('',#9241,.F.);
#9241 = EDGE_LOOP('',(#9242,#9243,#9244,#9245));
#9242 = ORIENTED_EDGE('',*,*,#8809,.T.);
#9243 = ORIENTED_EDGE('',*,*,#8744,.F.);
#9244 = ORIENTED_EDGE('',*,*,#8768,.F.);
#9245 = ORIENTED_EDGE('',*,*,#8792,.T.);
#9246 = PLANE('',#9247);
#9247 = AXIS2_PLACEMENT_3D('',#9248,#9249,#9250);
#9248 = CARTESIAN_POINT('',(-0.32,-2.86,-3.));
#9249 = DIRECTION('',(0.,0.,1.));
#9250 = DIRECTION('',(1.,0.,-0.));
#9251 = ADVANCED_FACE('',(#9252),#9258,.T.);
#9252 = FACE_BOUND('',#9253,.T.);
#9253 = EDGE_LOOP('',(#9254,#9255,#9256,#9257));
#9254 = ORIENTED_EDGE('',*,*,#8905,.T.);
#9255 = ORIENTED_EDGE('',*,*,#8840,.F.);
#9256 = ORIENTED_EDGE('',*,*,#8864,.F.);
#9257 = ORIENTED_EDGE('',*,*,#8888,.T.);
#9258 = PLANE('',#9259);
#9259 = AXIS2_PLACEMENT_3D('',#9260,#9261,#9262);
#9260 = CARTESIAN_POINT('',(-0.32,-5.4,8.54));
#9261 = DIRECTION('',(0.,0.,1.));
#9262 = DIRECTION('',(1.,0.,-0.));
#9263 = ADVANCED_FACE('',(#9264),#9270,.T.);
#9264 = FACE_BOUND('',#9265,.T.);
#9265 = EDGE_LOOP('',(#9266,#9267,#9268,#9269));
#9266 = ORIENTED_EDGE('',*,*,#8936,.T.);
#9267 = ORIENTED_EDGE('',*,*,#8960,.F.);
#9268 = ORIENTED_EDGE('',*,*,#8984,.F.);
#9269 = ORIENTED_EDGE('',*,*,#9001,.T.);
#9270 = PLANE('',#9271);
#9271 = AXIS2_PLACEMENT_3D('',#9272,#9273,#9274);
#9272 = CARTESIAN_POINT('',(-0.32,-7.94,8.54));
#9273 = DIRECTION('',(0.,0.,1.));
#9274 = DIRECTION('',(1.,0.,-0.));
#9275 = ADVANCED_FACE('',(#9276),#9282,.T.);
#9276 = FACE_BOUND('',#9277,.T.);
#9277 = EDGE_LOOP('',(#9278,#9279,#9280,#9281));
#9278 = ORIENTED_EDGE('',*,*,#9032,.T.);
#9279 = ORIENTED_EDGE('',*,*,#9056,.F.);
#9280 = ORIENTED_EDGE('',*,*,#9080,.F.);
#9281 = ORIENTED_EDGE('',*,*,#9097,.T.);
#9282 = PLANE('',#9283);
#9283 = AXIS2_PLACEMENT_3D('',#9284,#9285,#9286);
#9284 = CARTESIAN_POINT('',(-0.32,-0.32,8.54));
#9285 = DIRECTION('',(0.,0.,1.));
#9286 = DIRECTION('',(1.,0.,-0.));
#9287 = ADVANCED_FACE('',(#9288),#9294,.T.);
#9288 = FACE_BOUND('',#9289,.T.);
#9289 = EDGE_LOOP('',(#9290,#9291,#9292,#9293));
#9290 = ORIENTED_EDGE('',*,*,#9193,.T.);
#9291 = ORIENTED_EDGE('',*,*,#9128,.F.);
#9292 = ORIENTED_EDGE('',*,*,#9152,.F.);
#9293 = ORIENTED_EDGE('',*,*,#9176,.T.);
#9294 = PLANE('',#9295);
#9295 = AXIS2_PLACEMENT_3D('',#9296,#9297,#9298);
#9296 = CARTESIAN_POINT('',(-0.32,-2.86,8.54));
#9297 = DIRECTION('',(0.,0.,1.));
#9298 = DIRECTION('',(1.,0.,-0.));
#9299 = ( GEOMETRIC_REPRESENTATION_CONTEXT(3) 
GLOBAL_UNCERTAINTY_ASSIGNED_CONTEXT((#9303)) 
GLOBAL_UNIT_ASSIGNED_CONTEXT((#9300,#9301,#9302)) REPRESENTATION_CONTEXT
('Context #1','3D Context with UNIT and UNCERTAINTY') );
#9300 = ( LENGTH_UNIT() NAMED_UNIT(*) SI_UNIT(.MILLI.,.METRE.) );
#9301 = ( NAMED_UNIT(*) PLANE_ANGLE_UNIT() SI_UNIT($,.RADIAN.) );
#9302 = ( NAMED_UNIT(*) SI_UNIT($,.STERADIAN.) SOLID_ANGLE_UNIT() );
#9303 = UNCERTAINTY_MEASURE_WITH_UNIT(LENGTH_MEASURE(1.E-07),#9300,
  'distance_accuracy_value','confusion accuracy');
#9304 = CONTEXT_DEPENDENT_SHAPE_REPRESENTATION(#9305,#9307);
#9305 = ( REPRESENTATION_RELATIONSHIP('','',#6518,#6495) 
REPRESENTATION_RELATIONSHIP_WITH_TRANSFORMATION(#9306) 
SHAPE_REPRESENTATION_RELATIONSHIP() );
#9306 = ITEM_DEFINED_TRANSFORMATION('','',#11,#6496);
#9307 = PRODUCT_DEFINITION_SHAPE('Placement','Placement of an item',
  #9308);
#9308 = NEXT_ASSEMBLY_USAGE_OCCURRENCE('14','=>[0:1:1:16]','',#6490,
  #6513,$);
#9309 = PRODUCT_RELATED_PRODUCT_CATEGORY('part',$,(#6515));
#9310 = SHAPE_DEFINITION_REPRESENTATION(#9311,#9317);
#9311 = PRODUCT_DEFINITION_SHAPE('','',#9312);
#9312 = PRODUCT_DEFINITION('design','',#9313,#9316);
#9313 = PRODUCT_DEFINITION_FORMATION('','',#9314);
#9314 = PRODUCT('VCNT2030','VCNT2030','',(#9315));
#9315 = PRODUCT_CONTEXT('',#2,'mechanical');
#9316 = PRODUCT_DEFINITION_CONTEXT('part definition',#2,'design');
#9317 = SHAPE_REPRESENTATION('',(#11,#9318),#9322);
#9318 = AXIS2_PLACEMENT_3D('',#9319,#9320,#9321);
#9319 = CARTESIAN_POINT('',(0.,0.,0.));
#9320 = DIRECTION('',(0.,0.,1.));
#9321 = DIRECTION('',(1.,0.,-0.));
#9322 = ( GEOMETRIC_REPRESENTATION_CONTEXT(3) 
GLOBAL_UNCERTAINTY_ASSIGNED_CONTEXT((#9326)) 
GLOBAL_UNIT_ASSIGNED_CONTEXT((#9323,#9324,#9325)) REPRESENTATION_CONTEXT
('Context #1','3D Context with UNIT and UNCERTAINTY') );
#9323 = ( LENGTH_UNIT() NAMED_UNIT(*) SI_UNIT(.MILLI.,.METRE.) );
#9324 = ( NAMED_UNIT(*) PLANE_ANGLE_UNIT() SI_UNIT($,.RADIAN.) );
#9325 = ( NAMED_UNIT(*) SI_UNIT($,.STERADIAN.) SOLID_ANGLE_UNIT() );
#9326 = UNCERTAINTY_MEASURE_WITH_UNIT(LENGTH_MEASURE(1.E-07),#9323,
  'distance_accuracy_value','confusion accuracy');
#9327 = CONTEXT_DEPENDENT_SHAPE_REPRESENTATION(#9328,#9330);
#9328 = ( REPRESENTATION_RELATIONSHIP('','',#9317,#10) 
REPRESENTATION_RELATIONSHIP_WITH_TRANSFORMATION(#9329) 
SHAPE_REPRESENTATION_RELATIONSHIP() );
#9329 = ITEM_DEFINED_TRANSFORMATION('','',#11,#39);
#9330 = PRODUCT_DEFINITION_SHAPE('Placement','Placement of an item',
  #9331);
#9331 = NEXT_ASSEMBLY_USAGE_OCCURRENCE('17','IC1','',#5,#9312,$);
#9332 = PRODUCT_RELATED_PRODUCT_CATEGORY('part',$,(#9314));
#9333 = SHAPE_DEFINITION_REPRESENTATION(#9334,#9340);
#9334 = PRODUCT_DEFINITION_SHAPE('','',#9335);
#9335 = PRODUCT_DEFINITION('design','',#9336,#9339);
#9336 = PRODUCT_DEFINITION_FORMATION('','',#9337);
#9337 = PRODUCT('6.550-5386_3D','6.550-5386_3D','',(#9338));
#9338 = PRODUCT_CONTEXT('',#2,'mechanical');
#9339 = PRODUCT_DEFINITION_CONTEXT('part definition',#2,'design');
#9340 = SHAPE_REPRESENTATION('',(#11,#9341,#10316,#10540,#10690,#10840,
    #10990,#11272,#11422,#11572,#11722,#11872,#12022),#12172);
#9341 = MANIFOLD_SOLID_BREP('',#9342);
#9342 = CLOSED_SHELL('',(#9343,#9383,#9423,#9462,#9502,#9542,#9573,#9597
    ,#9637,#9670,#9696,#9727,#9767,#9807,#9824,#9850,#9890,#9930,#9954,
    #9971,#9997,#10044,#10084,#10108,#10125,#10151,#10191,#10224,#10257,
    #10283,#10295));
#9343 = ADVANCED_FACE('',(#9344),#9378,.F.);
#9344 = FACE_BOUND('',#9345,.T.);
#9345 = EDGE_LOOP('',(#9346,#9356,#9364,#9372));
#9346 = ORIENTED_EDGE('',*,*,#9347,.F.);
#9347 = EDGE_CURVE('',#9348,#9350,#9352,.T.);
#9348 = VERTEX_POINT('',#9349);
#9349 = CARTESIAN_POINT('',(0.5,-0.825,3.E-02));
#9350 = VERTEX_POINT('',#9351);
#9351 = CARTESIAN_POINT('',(0.5,-0.225,3.E-02));
#9352 = LINE('',#9353,#9354);
#9353 = CARTESIAN_POINT('',(0.5,-0.375,3.E-02));
#9354 = VECTOR('',#9355,1.);
#9355 = DIRECTION('',(2.312964634636E-16,1.,0.));
#9356 = ORIENTED_EDGE('',*,*,#9357,.F.);
#9357 = EDGE_CURVE('',#9358,#9348,#9360,.T.);
#9358 = VERTEX_POINT('',#9359);
#9359 = CARTESIAN_POINT('',(0.15,-0.825,3.E-02));
#9360 = LINE('',#9361,#9362);
#9361 = CARTESIAN_POINT('',(0.4125,-0.825,3.E-02));
#9362 = VECTOR('',#9363,1.);
#9363 = DIRECTION('',(1.,-7.930164461608E-16,0.));
#9364 = ORIENTED_EDGE('',*,*,#9365,.F.);
#9365 = EDGE_CURVE('',#9366,#9358,#9368,.T.);
#9366 = VERTEX_POINT('',#9367);
#9367 = CARTESIAN_POINT('',(0.15,-0.225,3.E-02));
#9368 = LINE('',#9369,#9370);
#9369 = CARTESIAN_POINT('',(0.15,-0.825,3.E-02));
#9370 = VECTOR('',#9371,1.);
#9371 = DIRECTION('',(-5.782411586589E-17,-1.,0.));
#9372 = ORIENTED_EDGE('',*,*,#9373,.F.);
#9373 = EDGE_CURVE('',#9350,#9366,#9374,.T.);
#9374 = LINE('',#9375,#9376);
#9375 = CARTESIAN_POINT('',(0.15,-0.225,3.E-02));
#9376 = VECTOR('',#9377,1.);
#9377 = DIRECTION('',(-1.,8.921435019309E-16,0.));
#9378 = PLANE('',#9379);
#9379 = AXIS2_PLACEMENT_3D('',#9380,#9381,#9382);
#9380 = CARTESIAN_POINT('',(0.325,-0.525,3.E-02));
#9381 = DIRECTION('',(0.,0.,1.));
#9382 = DIRECTION('',(1.,0.,-0.));
#9383 = ADVANCED_FACE('',(#9384),#9418,.F.);
#9384 = FACE_BOUND('',#9385,.T.);
#9385 = EDGE_LOOP('',(#9386,#9396,#9404,#9412));
#9386 = ORIENTED_EDGE('',*,*,#9387,.F.);
#9387 = EDGE_CURVE('',#9388,#9390,#9392,.T.);
#9388 = VERTEX_POINT('',#9389);
#9389 = CARTESIAN_POINT('',(-0.35,0.225,0.));
#9390 = VERTEX_POINT('',#9391);
#9391 = CARTESIAN_POINT('',(-0.15,0.425,0.));
#9392 = LINE('',#9393,#9394);
#9393 = CARTESIAN_POINT('',(-0.31875,0.25625,0.));
#9394 = VECTOR('',#9395,1.);
#9395 = DIRECTION('',(0.707106781187,0.707106781187,0.));
#9396 = ORIENTED_EDGE('',*,*,#9397,.T.);
#9397 = EDGE_CURVE('',#9388,#9398,#9400,.T.);
#9398 = VERTEX_POINT('',#9399);
#9399 = CARTESIAN_POINT('',(-0.35,0.225,3.E-02));
#9400 = LINE('',#9401,#9402);
#9401 = CARTESIAN_POINT('',(-0.35,0.225,0.));
#9402 = VECTOR('',#9403,1.);
#9403 = DIRECTION('',(0.,0.,1.));
#9404 = ORIENTED_EDGE('',*,*,#9405,.T.);
#9405 = EDGE_CURVE('',#9398,#9406,#9408,.T.);
#9406 = VERTEX_POINT('',#9407);
#9407 = CARTESIAN_POINT('',(-0.15,0.425,3.E-02));
#9408 = LINE('',#9409,#9410);
#9409 = CARTESIAN_POINT('',(-0.15,0.425,3.E-02));
#9410 = VECTOR('',#9411,1.);
#9411 = DIRECTION('',(0.707106781187,0.707106781187,0.));
#9412 = ORIENTED_EDGE('',*,*,#9413,.F.);
#9413 = EDGE_CURVE('',#9390,#9406,#9414,.T.);
#9414 = LINE('',#9415,#9416);
#9415 = CARTESIAN_POINT('',(-0.15,0.425,0.));
#9416 = VECTOR('',#9417,1.);
#9417 = DIRECTION('',(0.,0.,1.));
#9418 = PLANE('',#9419);
#9419 = AXIS2_PLACEMENT_3D('',#9420,#9421,#9422);
#9420 = CARTESIAN_POINT('',(-0.35,0.225,0.));
#9421 = DIRECTION('',(0.707106781187,-0.707106781187,0.));
#9422 = DIRECTION('',(0.707106781187,0.707106781187,0.));
#9423 = ADVANCED_FACE('',(#9424),#9457,.F.);
#9424 = FACE_BOUND('',#9425,.T.);
#9425 = EDGE_LOOP('',(#9426,#9434,#9442,#9450,#9456));
#9426 = ORIENTED_EDGE('',*,*,#9427,.F.);
#9427 = EDGE_CURVE('',#9428,#9398,#9430,.T.);
#9428 = VERTEX_POINT('',#9429);
#9429 = CARTESIAN_POINT('',(-0.5,0.225,3.E-02));
#9430 = LINE('',#9431,#9432);
#9431 = CARTESIAN_POINT('',(-0.35,0.225,3.E-02));
#9432 = VECTOR('',#9433,1.);
#9433 = DIRECTION('',(1.,0.,0.));
#9434 = ORIENTED_EDGE('',*,*,#9435,.F.);
#9435 = EDGE_CURVE('',#9436,#9428,#9438,.T.);
#9436 = VERTEX_POINT('',#9437);
#9437 = CARTESIAN_POINT('',(-0.5,0.825,3.E-02));
#9438 = LINE('',#9439,#9440);
#9439 = CARTESIAN_POINT('',(-0.5,0.387180395164,3.E-02));
#9440 = VECTOR('',#9441,1.);
#9441 = DIRECTION('',(-1.156482317318E-16,-1.,0.));
#9442 = ORIENTED_EDGE('',*,*,#9443,.F.);
#9443 = EDGE_CURVE('',#9444,#9436,#9446,.T.);
#9444 = VERTEX_POINT('',#9445);
#9445 = CARTESIAN_POINT('',(-0.15,0.825,3.E-02));
#9446 = LINE('',#9447,#9448);
#9447 = CARTESIAN_POINT('',(-0.420573285535,0.825,3.E-02));
#9448 = VECTOR('',#9449,1.);
#9449 = DIRECTION('',(-1.,3.965082230804E-16,0.));
#9450 = ORIENTED_EDGE('',*,*,#9451,.F.);
#9451 = EDGE_CURVE('',#9406,#9444,#9452,.T.);
#9452 = LINE('',#9453,#9454);
#9453 = CARTESIAN_POINT('',(-0.15,0.825,3.E-02));
#9454 = VECTOR('',#9455,1.);
#9455 = DIRECTION('',(3.035766082959E-16,1.,0.));
#9456 = ORIENTED_EDGE('',*,*,#9405,.F.);
#9457 = PLANE('',#9458);
#9458 = AXIS2_PLACEMENT_3D('',#9459,#9460,#9461);
#9459 = CARTESIAN_POINT('',(-0.34114657107,0.549360790327,3.E-02));
#9460 = DIRECTION('',(0.,0.,1.));
#9461 = DIRECTION('',(1.,0.,-0.));
#9462 = ADVANCED_FACE('',(#9463),#9497,.F.);
#9463 = FACE_BOUND('',#9464,.T.);
#9464 = EDGE_LOOP('',(#9465,#9475,#9483,#9491));
#9465 = ORIENTED_EDGE('',*,*,#9466,.F.);
#9466 = EDGE_CURVE('',#9467,#9469,#9471,.T.);
#9467 = VERTEX_POINT('',#9468);
#9468 = CARTESIAN_POINT('',(0.15,0.225,3.E-02));
#9469 = VERTEX_POINT('',#9470);
#9470 = CARTESIAN_POINT('',(0.5,0.225,3.E-02));
#9471 = LINE('',#9472,#9473);
#9472 = CARTESIAN_POINT('',(0.5,0.225,3.E-02));
#9473 = VECTOR('',#9474,1.);
#9474 = DIRECTION('',(1.,0.,0.));
#9475 = ORIENTED_EDGE('',*,*,#9476,.F.);
#9476 = EDGE_CURVE('',#9477,#9467,#9479,.T.);
#9477 = VERTEX_POINT('',#9478);
#9478 = CARTESIAN_POINT('',(0.15,0.825,3.E-02));
#9479 = LINE('',#9480,#9481);
#9480 = CARTESIAN_POINT('',(0.15,0.225,3.E-02));
#9481 = VECTOR('',#9482,1.);
#9482 = DIRECTION('',(-2.023844055306E-16,-1.,0.));
#9483 = ORIENTED_EDGE('',*,*,#9484,.F.);
#9484 = EDGE_CURVE('',#9485,#9477,#9487,.T.);
#9485 = VERTEX_POINT('',#9486);
#9486 = CARTESIAN_POINT('',(0.5,0.825,3.E-02));
#9487 = LINE('',#9488,#9489);
#9488 = CARTESIAN_POINT('',(0.2375,0.825,3.E-02));
#9489 = VECTOR('',#9490,1.);
#9490 = DIRECTION('',(-1.,0.,0.));
#9491 = ORIENTED_EDGE('',*,*,#9492,.F.);
#9492 = EDGE_CURVE('',#9469,#9485,#9493,.T.);
#9493 = LINE('',#9494,#9495);
#9494 = CARTESIAN_POINT('',(0.5,0.675,3.E-02));
#9495 = VECTOR('',#9496,1.);
#9496 = DIRECTION('',(3.469446951954E-16,1.,0.));
#9497 = PLANE('',#9498);
#9498 = AXIS2_PLACEMENT_3D('',#9499,#9500,#9501);
#9499 = CARTESIAN_POINT('',(0.325,0.525,3.E-02));
#9500 = DIRECTION('',(0.,0.,1.));
#9501 = DIRECTION('',(1.,0.,-0.));
#9502 = ADVANCED_FACE('',(#9503),#9537,.F.);
#9503 = FACE_BOUND('',#9504,.T.);
#9504 = EDGE_LOOP('',(#9505,#9515,#9523,#9531));
#9505 = ORIENTED_EDGE('',*,*,#9506,.F.);
#9506 = EDGE_CURVE('',#9507,#9509,#9511,.T.);
#9507 = VERTEX_POINT('',#9508);
#9508 = CARTESIAN_POINT('',(-0.15,-0.825,3.E-02));
#9509 = VERTEX_POINT('',#9510);
#9510 = CARTESIAN_POINT('',(-0.15,-0.225,3.E-02));
#9511 = LINE('',#9512,#9513);
#9512 = CARTESIAN_POINT('',(-0.15,-0.225,3.E-02));
#9513 = VECTOR('',#9514,1.);
#9514 = DIRECTION('',(2.023844055306E-16,1.,0.));
#9515 = ORIENTED_EDGE('',*,*,#9516,.F.);
#9516 = EDGE_CURVE('',#9517,#9507,#9519,.T.);
#9517 = VERTEX_POINT('',#9518);
#9518 = CARTESIAN_POINT('',(-0.5,-0.825,3.E-02));
#9519 = LINE('',#9520,#9521);
#9520 = CARTESIAN_POINT('',(-0.2375,-0.825,3.E-02));
#9521 = VECTOR('',#9522,1.);
#9522 = DIRECTION('',(1.,-3.965082230804E-16,0.));
#9523 = ORIENTED_EDGE('',*,*,#9524,.F.);
#9524 = EDGE_CURVE('',#9525,#9517,#9527,.T.);
#9525 = VERTEX_POINT('',#9526);
#9526 = CARTESIAN_POINT('',(-0.5,-0.225,3.E-02));
#9527 = LINE('',#9528,#9529);
#9528 = CARTESIAN_POINT('',(-0.5,-0.675,3.E-02));
#9529 = VECTOR('',#9530,1.);
#9530 = DIRECTION('',(0.,-1.,0.));
#9531 = ORIENTED_EDGE('',*,*,#9532,.F.);
#9532 = EDGE_CURVE('',#9509,#9525,#9533,.T.);
#9533 = LINE('',#9534,#9535);
#9534 = CARTESIAN_POINT('',(-0.5,-0.225,3.E-02));
#9535 = VECTOR('',#9536,1.);
#9536 = DIRECTION('',(-1.,-9.91270557701E-17,0.));
#9537 = PLANE('',#9538);
#9538 = AXIS2_PLACEMENT_3D('',#9539,#9540,#9541);
#9539 = CARTESIAN_POINT('',(-0.325,-0.525,3.E-02));
#9540 = DIRECTION('',(0.,0.,1.));
#9541 = DIRECTION('',(1.,0.,-0.));
#9542 = ADVANCED_FACE('',(#9543),#9568,.F.);
#9543 = FACE_BOUND('',#9544,.T.);
#9544 = EDGE_LOOP('',(#9545,#9546,#9554,#9562));
#9545 = ORIENTED_EDGE('',*,*,#9357,.T.);
#9546 = ORIENTED_EDGE('',*,*,#9547,.T.);
#9547 = EDGE_CURVE('',#9348,#9548,#9550,.T.);
#9548 = VERTEX_POINT('',#9549);
#9549 = CARTESIAN_POINT('',(0.5,-0.825,4.8E-02));
#9550 = LINE('',#9551,#9552);
#9551 = CARTESIAN_POINT('',(0.5,-0.825,0.));
#9552 = VECTOR('',#9553,1.);
#9553 = DIRECTION('',(0.,0.,1.));
#9554 = ORIENTED_EDGE('',*,*,#9555,.T.);
#9555 = EDGE_CURVE('',#9548,#9556,#9558,.T.);
#9556 = VERTEX_POINT('',#9557);
#9557 = CARTESIAN_POINT('',(0.15,-0.825,4.8E-02));
#9558 = LINE('',#9559,#9560);
#9559 = CARTESIAN_POINT('',(0.15,-0.825,4.8E-02));
#9560 = VECTOR('',#9561,1.);
#9561 = DIRECTION('',(-1.,7.930164461608E-16,0.));
#9562 = ORIENTED_EDGE('',*,*,#9563,.F.);
#9563 = EDGE_CURVE('',#9358,#9556,#9564,.T.);
#9564 = LINE('',#9565,#9566);
#9565 = CARTESIAN_POINT('',(0.15,-0.825,0.));
#9566 = VECTOR('',#9567,1.);
#9567 = DIRECTION('',(0.,0.,1.));
#9568 = PLANE('',#9569);
#9569 = AXIS2_PLACEMENT_3D('',#9570,#9571,#9572);
#9570 = CARTESIAN_POINT('',(0.5,-0.825,0.));
#9571 = DIRECTION('',(7.930164461608E-16,1.,0.));
#9572 = DIRECTION('',(-1.,7.930164461608E-16,0.));
#9573 = ADVANCED_FACE('',(#9574),#9592,.F.);
#9574 = FACE_BOUND('',#9575,.T.);
#9575 = EDGE_LOOP('',(#9576,#9577,#9585,#9591));
#9576 = ORIENTED_EDGE('',*,*,#9347,.T.);
#9577 = ORIENTED_EDGE('',*,*,#9578,.T.);
#9578 = EDGE_CURVE('',#9350,#9579,#9581,.T.);
#9579 = VERTEX_POINT('',#9580);
#9580 = CARTESIAN_POINT('',(0.5,-0.225,4.8E-02));
#9581 = LINE('',#9582,#9583);
#9582 = CARTESIAN_POINT('',(0.5,-0.225,0.));
#9583 = VECTOR('',#9584,1.);
#9584 = DIRECTION('',(0.,0.,1.));
#9585 = ORIENTED_EDGE('',*,*,#9586,.T.);
#9586 = EDGE_CURVE('',#9579,#9548,#9587,.T.);
#9587 = LINE('',#9588,#9589);
#9588 = CARTESIAN_POINT('',(0.5,-0.825,4.8E-02));
#9589 = VECTOR('',#9590,1.);
#9590 = DIRECTION('',(-2.312964634636E-16,-1.,0.));
#9591 = ORIENTED_EDGE('',*,*,#9547,.F.);
#9592 = PLANE('',#9593);
#9593 = AXIS2_PLACEMENT_3D('',#9594,#9595,#9596);
#9594 = CARTESIAN_POINT('',(0.5,-0.225,0.));
#9595 = DIRECTION('',(-1.,2.312964634636E-16,0.));
#9596 = DIRECTION('',(-2.312964634636E-16,-1.,0.));
#9597 = ADVANCED_FACE('',(#9598),#9632,.F.);
#9598 = FACE_BOUND('',#9599,.T.);
#9599 = EDGE_LOOP('',(#9600,#9610,#9616,#9617,#9618,#9626));
#9600 = ORIENTED_EDGE('',*,*,#9601,.F.);
#9601 = EDGE_CURVE('',#9602,#9604,#9606,.T.);
#9602 = VERTEX_POINT('',#9603);
#9603 = CARTESIAN_POINT('',(0.15,-0.225,0.));
#9604 = VERTEX_POINT('',#9605);
#9605 = CARTESIAN_POINT('',(0.15,-0.925,0.));
#9606 = LINE('',#9607,#9608);
#9607 = CARTESIAN_POINT('',(0.15,-0.4125,0.));
#9608 = VECTOR('',#9609,1.);
#9609 = DIRECTION('',(5.20417042793E-16,-1.,0.));
#9610 = ORIENTED_EDGE('',*,*,#9611,.T.);
#9611 = EDGE_CURVE('',#9602,#9366,#9612,.T.);
#9612 = LINE('',#9613,#9614);
#9613 = CARTESIAN_POINT('',(0.15,-0.225,0.));
#9614 = VECTOR('',#9615,1.);
#9615 = DIRECTION('',(0.,0.,1.));
#9616 = ORIENTED_EDGE('',*,*,#9365,.T.);
#9617 = ORIENTED_EDGE('',*,*,#9563,.T.);
#9618 = ORIENTED_EDGE('',*,*,#9619,.T.);
#9619 = EDGE_CURVE('',#9556,#9620,#9622,.T.);
#9620 = VERTEX_POINT('',#9621);
#9621 = CARTESIAN_POINT('',(0.15,-0.925,4.8E-02));
#9622 = LINE('',#9623,#9624);
#9623 = CARTESIAN_POINT('',(0.15,-0.925,4.8E-02));
#9624 = VECTOR('',#9625,1.);
#9625 = DIRECTION('',(5.20417042793E-16,-1.,0.));
#9626 = ORIENTED_EDGE('',*,*,#9627,.F.);
#9627 = EDGE_CURVE('',#9604,#9620,#9628,.T.);
#9628 = LINE('',#9629,#9630);
#9629 = CARTESIAN_POINT('',(0.15,-0.925,0.));
#9630 = VECTOR('',#9631,1.);
#9631 = DIRECTION('',(0.,0.,1.));
#9632 = PLANE('',#9633);
#9633 = AXIS2_PLACEMENT_3D('',#9634,#9635,#9636);
#9634 = CARTESIAN_POINT('',(0.15,-0.825,0.));
#9635 = DIRECTION('',(-1.,-5.20417042793E-16,0.));
#9636 = DIRECTION('',(5.20417042793E-16,-1.,0.));
#9637 = ADVANCED_FACE('',(#9638),#9665,.F.);
#9638 = FACE_BOUND('',#9639,.T.);
#9639 = EDGE_LOOP('',(#9640,#9648,#9656,#9662,#9663,#9664));
#9640 = ORIENTED_EDGE('',*,*,#9641,.F.);
#9641 = EDGE_CURVE('',#9642,#9602,#9644,.T.);
#9642 = VERTEX_POINT('',#9643);
#9643 = CARTESIAN_POINT('',(0.6,-0.225,0.));
#9644 = LINE('',#9645,#9646);
#9645 = CARTESIAN_POINT('',(0.25,-0.225,0.));
#9646 = VECTOR('',#9647,1.);
#9647 = DIRECTION('',(-1.,8.921435019309E-16,0.));
#9648 = ORIENTED_EDGE('',*,*,#9649,.F.);
#9649 = EDGE_CURVE('',#9650,#9642,#9652,.T.);
#9650 = VERTEX_POINT('',#9651);
#9651 = CARTESIAN_POINT('',(0.6,-0.225,4.8E-02));
#9652 = LINE('',#9653,#9654);
#9653 = CARTESIAN_POINT('',(0.6,-0.225,0.));
#9654 = VECTOR('',#9655,1.);
#9655 = DIRECTION('',(0.,0.,-1.));
#9656 = ORIENTED_EDGE('',*,*,#9657,.T.);
#9657 = EDGE_CURVE('',#9650,#9579,#9658,.T.);
#9658 = LINE('',#9659,#9660);
#9659 = CARTESIAN_POINT('',(0.5,-0.225,4.8E-02));
#9660 = VECTOR('',#9661,1.);
#9661 = DIRECTION('',(-1.,-1.387778780781E-15,0.));
#9662 = ORIENTED_EDGE('',*,*,#9578,.F.);
#9663 = ORIENTED_EDGE('',*,*,#9373,.T.);
#9664 = ORIENTED_EDGE('',*,*,#9611,.F.);
#9665 = PLANE('',#9666);
#9666 = AXIS2_PLACEMENT_3D('',#9667,#9668,#9669);
#9667 = CARTESIAN_POINT('',(0.6,-0.225,0.));
#9668 = DIRECTION('',(-1.387778780781E-15,1.,0.));
#9669 = DIRECTION('',(-1.,-1.387778780781E-15,0.));
#9670 = ADVANCED_FACE('',(#9671),#9691,.F.);
#9671 = FACE_BOUND('',#9672,.T.);
#9672 = EDGE_LOOP('',(#9673,#9674,#9682,#9688,#9689,#9690));
#9673 = ORIENTED_EDGE('',*,*,#9657,.F.);
#9674 = ORIENTED_EDGE('',*,*,#9675,.F.);
#9675 = EDGE_CURVE('',#9676,#9650,#9678,.T.);
#9676 = VERTEX_POINT('',#9677);
#9677 = CARTESIAN_POINT('',(0.6,-0.925,4.8E-02));
#9678 = LINE('',#9679,#9680);
#9679 = CARTESIAN_POINT('',(0.6,-0.795652173913,4.8E-02));
#9680 = VECTOR('',#9681,1.);
#9681 = DIRECTION('',(-1.05021096924E-15,1.,0.));
#9682 = ORIENTED_EDGE('',*,*,#9683,.F.);
#9683 = EDGE_CURVE('',#9620,#9676,#9684,.T.);
#9684 = LINE('',#9685,#9686);
#9685 = CARTESIAN_POINT('',(-6.684782608696E-02,-0.925,4.8E-02));
#9686 = VECTOR('',#9687,1.);
#9687 = DIRECTION('',(1.,2.312964634636E-16,0.));
#9688 = ORIENTED_EDGE('',*,*,#9619,.F.);
#9689 = ORIENTED_EDGE('',*,*,#9555,.F.);
#9690 = ORIENTED_EDGE('',*,*,#9586,.F.);
#9691 = PLANE('',#9692);
#9692 = AXIS2_PLACEMENT_3D('',#9693,#9694,#9695);
#9693 = CARTESIAN_POINT('',(0.466304347826,-0.666304347826,4.8E-02));
#9694 = DIRECTION('',(0.,0.,1.));
#9695 = DIRECTION('',(1.,0.,-0.));
#9696 = ADVANCED_FACE('',(#9697),#9722,.F.);
#9697 = FACE_BOUND('',#9698,.T.);
#9698 = EDGE_LOOP('',(#9699,#9700,#9708,#9716));
#9699 = ORIENTED_EDGE('',*,*,#9484,.T.);
#9700 = ORIENTED_EDGE('',*,*,#9701,.T.);
#9701 = EDGE_CURVE('',#9477,#9702,#9704,.T.);
#9702 = VERTEX_POINT('',#9703);
#9703 = CARTESIAN_POINT('',(0.15,0.825,4.8E-02));
#9704 = LINE('',#9705,#9706);
#9705 = CARTESIAN_POINT('',(0.15,0.825,0.));
#9706 = VECTOR('',#9707,1.);
#9707 = DIRECTION('',(0.,0.,1.));
#9708 = ORIENTED_EDGE('',*,*,#9709,.T.);
#9709 = EDGE_CURVE('',#9702,#9710,#9712,.T.);
#9710 = VERTEX_POINT('',#9711);
#9711 = CARTESIAN_POINT('',(0.5,0.825,4.8E-02));
#9712 = LINE('',#9713,#9714);
#9713 = CARTESIAN_POINT('',(0.5,0.825,4.8E-02));
#9714 = VECTOR('',#9715,1.);
#9715 = DIRECTION('',(1.,0.,0.));
#9716 = ORIENTED_EDGE('',*,*,#9717,.F.);
#9717 = EDGE_CURVE('',#9485,#9710,#9718,.T.);
#9718 = LINE('',#9719,#9720);
#9719 = CARTESIAN_POINT('',(0.5,0.825,0.));
#9720 = VECTOR('',#9721,1.);
#9721 = DIRECTION('',(0.,0.,1.));
#9722 = PLANE('',#9723);
#9723 = AXIS2_PLACEMENT_3D('',#9724,#9725,#9726);
#9724 = CARTESIAN_POINT('',(0.15,0.825,0.));
#9725 = DIRECTION('',(0.,-1.,0.));
#9726 = DIRECTION('',(1.,0.,0.));
#9727 = ADVANCED_FACE('',(#9728),#9762,.F.);
#9728 = FACE_BOUND('',#9729,.T.);
#9729 = EDGE_LOOP('',(#9730,#9740,#9748,#9754,#9755,#9756));
#9730 = ORIENTED_EDGE('',*,*,#9731,.F.);
#9731 = EDGE_CURVE('',#9732,#9734,#9736,.T.);
#9732 = VERTEX_POINT('',#9733);
#9733 = CARTESIAN_POINT('',(0.15,0.925,0.));
#9734 = VERTEX_POINT('',#9735);
#9735 = CARTESIAN_POINT('',(0.15,0.225,0.));
#9736 = LINE('',#9737,#9738);
#9737 = CARTESIAN_POINT('',(0.15,0.4125,0.));
#9738 = VECTOR('',#9739,1.);
#9739 = DIRECTION('',(-2.023844055306E-16,-1.,0.));
#9740 = ORIENTED_EDGE('',*,*,#9741,.F.);
#9741 = EDGE_CURVE('',#9742,#9732,#9744,.T.);
#9742 = VERTEX_POINT('',#9743);
#9743 = CARTESIAN_POINT('',(0.15,0.925,4.8E-02));
#9744 = LINE('',#9745,#9746);
#9745 = CARTESIAN_POINT('',(0.15,0.925,0.));
#9746 = VECTOR('',#9747,1.);
#9747 = DIRECTION('',(0.,0.,-1.));
#9748 = ORIENTED_EDGE('',*,*,#9749,.T.);
#9749 = EDGE_CURVE('',#9742,#9702,#9750,.T.);
#9750 = LINE('',#9751,#9752);
#9751 = CARTESIAN_POINT('',(0.15,0.825,4.8E-02));
#9752 = VECTOR('',#9753,1.);
#9753 = DIRECTION('',(0.,-1.,0.));
#9754 = ORIENTED_EDGE('',*,*,#9701,.F.);
#9755 = ORIENTED_EDGE('',*,*,#9476,.T.);
#9756 = ORIENTED_EDGE('',*,*,#9757,.F.);
#9757 = EDGE_CURVE('',#9734,#9467,#9758,.T.);
#9758 = LINE('',#9759,#9760);
#9759 = CARTESIAN_POINT('',(0.15,0.225,0.));
#9760 = VECTOR('',#9761,1.);
#9761 = DIRECTION('',(0.,0.,1.));
#9762 = PLANE('',#9763);
#9763 = AXIS2_PLACEMENT_3D('',#9764,#9765,#9766);
#9764 = CARTESIAN_POINT('',(0.15,0.925,0.));
#9765 = DIRECTION('',(-1.,0.,0.));
#9766 = DIRECTION('',(0.,-1.,0.));
#9767 = ADVANCED_FACE('',(#9768),#9802,.F.);
#9768 = FACE_BOUND('',#9769,.T.);
#9769 = EDGE_LOOP('',(#9770,#9778,#9779,#9780,#9788,#9796));
#9770 = ORIENTED_EDGE('',*,*,#9771,.F.);
#9771 = EDGE_CURVE('',#9734,#9772,#9774,.T.);
#9772 = VERTEX_POINT('',#9773);
#9773 = CARTESIAN_POINT('',(0.6,0.225,0.));
#9774 = LINE('',#9775,#9776);
#9775 = CARTESIAN_POINT('',(0.25,0.225,0.));
#9776 = VECTOR('',#9777,1.);
#9777 = DIRECTION('',(1.,3.469446951954E-16,0.));
#9778 = ORIENTED_EDGE('',*,*,#9757,.T.);
#9779 = ORIENTED_EDGE('',*,*,#9466,.T.);
#9780 = ORIENTED_EDGE('',*,*,#9781,.T.);
#9781 = EDGE_CURVE('',#9469,#9782,#9784,.T.);
#9782 = VERTEX_POINT('',#9783);
#9783 = CARTESIAN_POINT('',(0.5,0.225,4.8E-02));
#9784 = LINE('',#9785,#9786);
#9785 = CARTESIAN_POINT('',(0.5,0.225,0.));
#9786 = VECTOR('',#9787,1.);
#9787 = DIRECTION('',(0.,0.,1.));
#9788 = ORIENTED_EDGE('',*,*,#9789,.T.);
#9789 = EDGE_CURVE('',#9782,#9790,#9792,.T.);
#9790 = VERTEX_POINT('',#9791);
#9791 = CARTESIAN_POINT('',(0.6,0.225,4.8E-02));
#9792 = LINE('',#9793,#9794);
#9793 = CARTESIAN_POINT('',(0.6,0.225,4.8E-02));
#9794 = VECTOR('',#9795,1.);
#9795 = DIRECTION('',(1.,3.469446951954E-16,0.));
#9796 = ORIENTED_EDGE('',*,*,#9797,.F.);
#9797 = EDGE_CURVE('',#9772,#9790,#9798,.T.);
#9798 = LINE('',#9799,#9800);
#9799 = CARTESIAN_POINT('',(0.6,0.225,0.));
#9800 = VECTOR('',#9801,1.);
#9801 = DIRECTION('',(0.,0.,1.));
#9802 = PLANE('',#9803);
#9803 = AXIS2_PLACEMENT_3D('',#9804,#9805,#9806);
#9804 = CARTESIAN_POINT('',(0.5,0.225,0.));
#9805 = DIRECTION('',(3.469446951954E-16,-1.,0.));
#9806 = DIRECTION('',(1.,3.469446951954E-16,0.));
#9807 = ADVANCED_FACE('',(#9808),#9819,.F.);
#9808 = FACE_BOUND('',#9809,.T.);
#9809 = EDGE_LOOP('',(#9810,#9811,#9812,#9818));
#9810 = ORIENTED_EDGE('',*,*,#9492,.T.);
#9811 = ORIENTED_EDGE('',*,*,#9717,.T.);
#9812 = ORIENTED_EDGE('',*,*,#9813,.T.);
#9813 = EDGE_CURVE('',#9710,#9782,#9814,.T.);
#9814 = LINE('',#9815,#9816);
#9815 = CARTESIAN_POINT('',(0.5,0.225,4.8E-02));
#9816 = VECTOR('',#9817,1.);
#9817 = DIRECTION('',(-3.469446951954E-16,-1.,0.));
#9818 = ORIENTED_EDGE('',*,*,#9781,.F.);
#9819 = PLANE('',#9820);
#9820 = AXIS2_PLACEMENT_3D('',#9821,#9822,#9823);
#9821 = CARTESIAN_POINT('',(0.5,0.825,0.));
#9822 = DIRECTION('',(-1.,3.469446951954E-16,0.));
#9823 = DIRECTION('',(-3.469446951954E-16,-1.,0.));
#9824 = ADVANCED_FACE('',(#9825),#9845,.F.);
#9825 = FACE_BOUND('',#9826,.T.);
#9826 = EDGE_LOOP('',(#9827,#9828,#9829,#9830,#9838,#9844));
#9827 = ORIENTED_EDGE('',*,*,#9813,.F.);
#9828 = ORIENTED_EDGE('',*,*,#9709,.F.);
#9829 = ORIENTED_EDGE('',*,*,#9749,.F.);
#9830 = ORIENTED_EDGE('',*,*,#9831,.F.);
#9831 = EDGE_CURVE('',#9832,#9742,#9834,.T.);
#9832 = VERTEX_POINT('',#9833);
#9833 = CARTESIAN_POINT('',(0.6,0.925,4.8E-02));
#9834 = LINE('',#9835,#9836);
#9835 = CARTESIAN_POINT('',(0.533152173913,0.925,4.8E-02));
#9836 = VECTOR('',#9837,1.);
#9837 = DIRECTION('',(-1.,0.,0.));
#9838 = ORIENTED_EDGE('',*,*,#9839,.F.);
#9839 = EDGE_CURVE('',#9790,#9832,#9840,.T.);
#9840 = LINE('',#9841,#9842);
#9841 = CARTESIAN_POINT('',(0.6,-0.129347826087,4.8E-02));
#9842 = VECTOR('',#9843,1.);
#9843 = DIRECTION('',(-1.05021096924E-15,1.,0.));
#9844 = ORIENTED_EDGE('',*,*,#9789,.F.);
#9845 = PLANE('',#9846);
#9846 = AXIS2_PLACEMENT_3D('',#9847,#9848,#9849);
#9847 = CARTESIAN_POINT('',(0.466304347826,0.666304347826,4.8E-02));
#9848 = DIRECTION('',(0.,0.,1.));
#9849 = DIRECTION('',(1.,0.,-0.));
#9850 = ADVANCED_FACE('',(#9851),#9885,.F.);
#9851 = FACE_BOUND('',#9852,.T.);
#9852 = EDGE_LOOP('',(#9853,#9861,#9869,#9877,#9883,#9884));
#9853 = ORIENTED_EDGE('',*,*,#9854,.F.);
#9854 = EDGE_CURVE('',#9855,#9388,#9857,.T.);
#9855 = VERTEX_POINT('',#9856);
#9856 = CARTESIAN_POINT('',(-0.6,0.225,0.));
#9857 = LINE('',#9858,#9859);
#9858 = CARTESIAN_POINT('',(-0.3,0.225,0.));
#9859 = VECTOR('',#9860,1.);
#9860 = DIRECTION('',(1.,-3.469446951954E-16,0.));
#9861 = ORIENTED_EDGE('',*,*,#9862,.F.);
#9862 = EDGE_CURVE('',#9863,#9855,#9865,.T.);
#9863 = VERTEX_POINT('',#9864);
#9864 = CARTESIAN_POINT('',(-0.6,0.225,4.8E-02));
#9865 = LINE('',#9866,#9867);
#9866 = CARTESIAN_POINT('',(-0.6,0.225,0.));
#9867 = VECTOR('',#9868,1.);
#9868 = DIRECTION('',(0.,0.,-1.));
#9869 = ORIENTED_EDGE('',*,*,#9870,.T.);
#9870 = EDGE_CURVE('',#9863,#9871,#9873,.T.);
#9871 = VERTEX_POINT('',#9872);
#9872 = CARTESIAN_POINT('',(-0.5,0.225,4.8E-02));
#9873 = LINE('',#9874,#9875);
#9874 = CARTESIAN_POINT('',(-0.5,0.225,4.8E-02));
#9875 = VECTOR('',#9876,1.);
#9876 = DIRECTION('',(1.,-3.469446951954E-16,0.));
#9877 = ORIENTED_EDGE('',*,*,#9878,.F.);
#9878 = EDGE_CURVE('',#9428,#9871,#9879,.T.);
#9879 = LINE('',#9880,#9881);
#9880 = CARTESIAN_POINT('',(-0.5,0.225,0.));
#9881 = VECTOR('',#9882,1.);
#9882 = DIRECTION('',(0.,0.,1.));
#9883 = ORIENTED_EDGE('',*,*,#9427,.T.);
#9884 = ORIENTED_EDGE('',*,*,#9397,.F.);
#9885 = PLANE('',#9886);
#9886 = AXIS2_PLACEMENT_3D('',#9887,#9888,#9889);
#9887 = CARTESIAN_POINT('',(-0.6,0.225,0.));
#9888 = DIRECTION('',(-3.469446951954E-16,-1.,0.));
#9889 = DIRECTION('',(1.,-3.469446951954E-16,0.));
#9890 = ADVANCED_FACE('',(#9891),#9925,.F.);
#9891 = FACE_BOUND('',#9892,.T.);
#9892 = EDGE_LOOP('',(#9893,#9901,#9902,#9903,#9911,#9919));
#9893 = ORIENTED_EDGE('',*,*,#9894,.F.);
#9894 = EDGE_CURVE('',#9390,#9895,#9897,.T.);
#9895 = VERTEX_POINT('',#9896);
#9896 = CARTESIAN_POINT('',(-0.15,0.925,0.));
#9897 = LINE('',#9898,#9899);
#9898 = CARTESIAN_POINT('',(-0.15,0.4125,0.));
#9899 = VECTOR('',#9900,1.);
#9900 = DIRECTION('',(3.469446951954E-16,1.,0.));
#9901 = ORIENTED_EDGE('',*,*,#9413,.T.);
#9902 = ORIENTED_EDGE('',*,*,#9451,.T.);
#9903 = ORIENTED_EDGE('',*,*,#9904,.T.);
#9904 = EDGE_CURVE('',#9444,#9905,#9907,.T.);
#9905 = VERTEX_POINT('',#9906);
#9906 = CARTESIAN_POINT('',(-0.15,0.825,4.8E-02));
#9907 = LINE('',#9908,#9909);
#9908 = CARTESIAN_POINT('',(-0.15,0.825,0.));
#9909 = VECTOR('',#9910,1.);
#9910 = DIRECTION('',(0.,0.,1.));
#9911 = ORIENTED_EDGE('',*,*,#9912,.T.);
#9912 = EDGE_CURVE('',#9905,#9913,#9915,.T.);
#9913 = VERTEX_POINT('',#9914);
#9914 = CARTESIAN_POINT('',(-0.15,0.925,4.8E-02));
#9915 = LINE('',#9916,#9917);
#9916 = CARTESIAN_POINT('',(-0.15,0.925,4.8E-02));
#9917 = VECTOR('',#9918,1.);
#9918 = DIRECTION('',(3.469446951954E-16,1.,0.));
#9919 = ORIENTED_EDGE('',*,*,#9920,.F.);
#9920 = EDGE_CURVE('',#9895,#9913,#9921,.T.);
#9921 = LINE('',#9922,#9923);
#9922 = CARTESIAN_POINT('',(-0.15,0.925,0.));
#9923 = VECTOR('',#9924,1.);
#9924 = DIRECTION('',(0.,0.,1.));
#9925 = PLANE('',#9926);
#9926 = AXIS2_PLACEMENT_3D('',#9927,#9928,#9929);
#9927 = CARTESIAN_POINT('',(-0.15,0.825,0.));
#9928 = DIRECTION('',(1.,-3.469446951954E-16,0.));
#9929 = DIRECTION('',(3.469446951954E-16,1.,0.));
#9930 = ADVANCED_FACE('',(#9931),#9949,.F.);
#9931 = FACE_BOUND('',#9932,.T.);
#9932 = EDGE_LOOP('',(#9933,#9934,#9942,#9948));
#9933 = ORIENTED_EDGE('',*,*,#9443,.T.);
#9934 = ORIENTED_EDGE('',*,*,#9935,.T.);
#9935 = EDGE_CURVE('',#9436,#9936,#9938,.T.);
#9936 = VERTEX_POINT('',#9937);
#9937 = CARTESIAN_POINT('',(-0.5,0.825,4.8E-02));
#9938 = LINE('',#9939,#9940);
#9939 = CARTESIAN_POINT('',(-0.5,0.825,0.));
#9940 = VECTOR('',#9941,1.);
#9941 = DIRECTION('',(0.,0.,1.));
#9942 = ORIENTED_EDGE('',*,*,#9943,.T.);
#9943 = EDGE_CURVE('',#9936,#9905,#9944,.T.);
#9944 = LINE('',#9945,#9946);
#9945 = CARTESIAN_POINT('',(-0.15,0.825,4.8E-02));
#9946 = VECTOR('',#9947,1.);
#9947 = DIRECTION('',(1.,-3.965082230804E-16,0.));
#9948 = ORIENTED_EDGE('',*,*,#9904,.F.);
#9949 = PLANE('',#9950);
#9950 = AXIS2_PLACEMENT_3D('',#9951,#9952,#9953);
#9951 = CARTESIAN_POINT('',(-0.5,0.825,0.));
#9952 = DIRECTION('',(-3.965082230804E-16,-1.,0.));
#9953 = DIRECTION('',(1.,-3.965082230804E-16,0.));
#9954 = ADVANCED_FACE('',(#9955),#9966,.F.);
#9955 = FACE_BOUND('',#9956,.T.);
#9956 = EDGE_LOOP('',(#9957,#9958,#9959,#9965));
#9957 = ORIENTED_EDGE('',*,*,#9435,.T.);
#9958 = ORIENTED_EDGE('',*,*,#9878,.T.);
#9959 = ORIENTED_EDGE('',*,*,#9960,.T.);
#9960 = EDGE_CURVE('',#9871,#9936,#9961,.T.);
#9961 = LINE('',#9962,#9963);
#9962 = CARTESIAN_POINT('',(-0.5,0.825,4.8E-02));
#9963 = VECTOR('',#9964,1.);
#9964 = DIRECTION('',(1.156482317318E-16,1.,0.));
#9965 = ORIENTED_EDGE('',*,*,#9935,.F.);
#9966 = PLANE('',#9967);
#9967 = AXIS2_PLACEMENT_3D('',#9968,#9969,#9970);
#9968 = CARTESIAN_POINT('',(-0.5,0.225,0.));
#9969 = DIRECTION('',(1.,-1.156482317318E-16,0.));
#9970 = DIRECTION('',(1.156482317318E-16,1.,0.));
#9971 = ADVANCED_FACE('',(#9972),#9992,.F.);
#9972 = FACE_BOUND('',#9973,.T.);
#9973 = EDGE_LOOP('',(#9974,#9975,#9976,#9984,#9990,#9991));
#9974 = ORIENTED_EDGE('',*,*,#9960,.F.);
#9975 = ORIENTED_EDGE('',*,*,#9870,.F.);
#9976 = ORIENTED_EDGE('',*,*,#9977,.F.);
#9977 = EDGE_CURVE('',#9978,#9863,#9980,.T.);
#9978 = VERTEX_POINT('',#9979);
#9979 = CARTESIAN_POINT('',(-0.6,0.925,4.8E-02));
#9980 = LINE('',#9981,#9982);
#9981 = CARTESIAN_POINT('',(-0.6,0.795652173913,4.8E-02));
#9982 = VECTOR('',#9983,1.);
#9983 = DIRECTION('',(0.,-1.,0.));
#9984 = ORIENTED_EDGE('',*,*,#9985,.F.);
#9985 = EDGE_CURVE('',#9913,#9978,#9986,.T.);
#9986 = LINE('',#9987,#9988);
#9987 = CARTESIAN_POINT('',(6.684782608696E-02,0.925,4.8E-02));
#9988 = VECTOR('',#9989,1.);
#9989 = DIRECTION('',(-1.,0.,0.));
#9990 = ORIENTED_EDGE('',*,*,#9912,.F.);
#9991 = ORIENTED_EDGE('',*,*,#9943,.F.);
#9992 = PLANE('',#9993);
#9993 = AXIS2_PLACEMENT_3D('',#9994,#9995,#9996);
#9994 = CARTESIAN_POINT('',(-0.466304347826,0.666304347826,4.8E-02));
#9995 = DIRECTION('',(0.,0.,1.));
#9996 = DIRECTION('',(1.,0.,-0.));
#9997 = ADVANCED_FACE('',(#9998),#10039,.F.);
#9998 = FACE_BOUND('',#9999,.T.);
#9999 = EDGE_LOOP('',(#10000,#10010,#10018,#10026,#10032,#10033));
#10000 = ORIENTED_EDGE('',*,*,#10001,.F.);
#10001 = EDGE_CURVE('',#10002,#10004,#10006,.T.);
#10002 = VERTEX_POINT('',#10003);
#10003 = CARTESIAN_POINT('',(-0.15,-0.925,0.));
#10004 = VERTEX_POINT('',#10005);
#10005 = CARTESIAN_POINT('',(-0.15,-0.225,0.));
#10006 = LINE('',#10007,#10008);
#10007 = CARTESIAN_POINT('',(-0.15,-0.4625,0.));
#10008 = VECTOR('',#10009,1.);
#10009 = DIRECTION('',(0.,1.,0.));
#10010 = ORIENTED_EDGE('',*,*,#10011,.F.);
#10011 = EDGE_CURVE('',#10012,#10002,#10014,.T.);
#10012 = VERTEX_POINT('',#10013);
#10013 = CARTESIAN_POINT('',(-0.15,-0.925,4.8E-02));
#10014 = LINE('',#10015,#10016);
#10015 = CARTESIAN_POINT('',(-0.15,-0.925,0.));
#10016 = VECTOR('',#10017,1.);
#10017 = DIRECTION('',(0.,0.,-1.));
#10018 = ORIENTED_EDGE('',*,*,#10019,.T.);
#10019 = EDGE_CURVE('',#10012,#10020,#10022,.T.);
#10020 = VERTEX_POINT('',#10021);
#10021 = CARTESIAN_POINT('',(-0.15,-0.825,4.8E-02));
#10022 = LINE('',#10023,#10024);
#10023 = CARTESIAN_POINT('',(-0.15,-0.825,4.8E-02));
#10024 = VECTOR('',#10025,1.);
#10025 = DIRECTION('',(0.,1.,0.));
#10026 = ORIENTED_EDGE('',*,*,#10027,.F.);
#10027 = EDGE_CURVE('',#9507,#10020,#10028,.T.);
#10028 = LINE('',#10029,#10030);
#10029 = CARTESIAN_POINT('',(-0.15,-0.825,0.));
#10030 = VECTOR('',#10031,1.);
#10031 = DIRECTION('',(0.,0.,1.));
#10032 = ORIENTED_EDGE('',*,*,#9506,.T.);
#10033 = ORIENTED_EDGE('',*,*,#10034,.F.);
#10034 = EDGE_CURVE('',#10004,#9509,#10035,.T.);
#10035 = LINE('',#10036,#10037);
#10036 = CARTESIAN_POINT('',(-0.15,-0.225,0.));
#10037 = VECTOR('',#10038,1.);
#10038 = DIRECTION('',(0.,0.,1.));
#10039 = PLANE('',#10040);
#10040 = AXIS2_PLACEMENT_3D('',#10041,#10042,#10043);
#10041 = CARTESIAN_POINT('',(-0.15,-0.925,0.));
#10042 = DIRECTION('',(1.,0.,0.));
#10043 = DIRECTION('',(-0.,1.,0.));
#10044 = ADVANCED_FACE('',(#10045),#10079,.F.);
#10045 = FACE_BOUND('',#10046,.T.);
#10046 = EDGE_LOOP('',(#10047,#10055,#10056,#10057,#10065,#10073));
#10047 = ORIENTED_EDGE('',*,*,#10048,.F.);
#10048 = EDGE_CURVE('',#10004,#10049,#10051,.T.);
#10049 = VERTEX_POINT('',#10050);
#10050 = CARTESIAN_POINT('',(-0.6,-0.225,0.));
#10051 = LINE('',#10052,#10053);
#10052 = CARTESIAN_POINT('',(-0.25,-0.225,0.));
#10053 = VECTOR('',#10054,1.);
#10054 = DIRECTION('',(-1.,0.,0.));
#10055 = ORIENTED_EDGE('',*,*,#10034,.T.);
#10056 = ORIENTED_EDGE('',*,*,#9532,.T.);
#10057 = ORIENTED_EDGE('',*,*,#10058,.T.);
#10058 = EDGE_CURVE('',#9525,#10059,#10061,.T.);
#10059 = VERTEX_POINT('',#10060);
#10060 = CARTESIAN_POINT('',(-0.5,-0.225,4.8E-02));
#10061 = LINE('',#10062,#10063);
#10062 = CARTESIAN_POINT('',(-0.5,-0.225,0.));
#10063 = VECTOR('',#10064,1.);
#10064 = DIRECTION('',(0.,0.,1.));
#10065 = ORIENTED_EDGE('',*,*,#10066,.T.);
#10066 = EDGE_CURVE('',#10059,#10067,#10069,.T.);
#10067 = VERTEX_POINT('',#10068);
#10068 = CARTESIAN_POINT('',(-0.6,-0.225,4.8E-02));
#10069 = LINE('',#10070,#10071);
#10070 = CARTESIAN_POINT('',(-0.6,-0.225,4.8E-02));
#10071 = VECTOR('',#10072,1.);
#10072 = DIRECTION('',(-1.,0.,0.));
#10073 = ORIENTED_EDGE('',*,*,#10074,.F.);
#10074 = EDGE_CURVE('',#10049,#10067,#10075,.T.);
#10075 = LINE('',#10076,#10077);
#10076 = CARTESIAN_POINT('',(-0.6,-0.225,0.));
#10077 = VECTOR('',#10078,1.);
#10078 = DIRECTION('',(0.,0.,1.));
#10079 = PLANE('',#10080);
#10080 = AXIS2_PLACEMENT_3D('',#10081,#10082,#10083);
#10081 = CARTESIAN_POINT('',(-0.5,-0.225,0.));
#10082 = DIRECTION('',(0.,1.,0.));
#10083 = DIRECTION('',(-1.,0.,0.));
#10084 = ADVANCED_FACE('',(#10085),#10103,.F.);
#10085 = FACE_BOUND('',#10086,.T.);
#10086 = EDGE_LOOP('',(#10087,#10088,#10096,#10102));
#10087 = ORIENTED_EDGE('',*,*,#9524,.T.);
#10088 = ORIENTED_EDGE('',*,*,#10089,.T.);
#10089 = EDGE_CURVE('',#9517,#10090,#10092,.T.);
#10090 = VERTEX_POINT('',#10091);
#10091 = CARTESIAN_POINT('',(-0.5,-0.825,4.8E-02));
#10092 = LINE('',#10093,#10094);
#10093 = CARTESIAN_POINT('',(-0.5,-0.825,0.));
#10094 = VECTOR('',#10095,1.);
#10095 = DIRECTION('',(0.,0.,1.));
#10096 = ORIENTED_EDGE('',*,*,#10097,.T.);
#10097 = EDGE_CURVE('',#10090,#10059,#10098,.T.);
#10098 = LINE('',#10099,#10100);
#10099 = CARTESIAN_POINT('',(-0.5,-0.225,4.8E-02));
#10100 = VECTOR('',#10101,1.);
#10101 = DIRECTION('',(0.,1.,0.));
#10102 = ORIENTED_EDGE('',*,*,#10058,.F.);
#10103 = PLANE('',#10104);
#10104 = AXIS2_PLACEMENT_3D('',#10105,#10106,#10107);
#10105 = CARTESIAN_POINT('',(-0.5,-0.825,0.));
#10106 = DIRECTION('',(1.,0.,0.));
#10107 = DIRECTION('',(-0.,1.,0.));
#10108 = ADVANCED_FACE('',(#10109),#10120,.F.);
#10109 = FACE_BOUND('',#10110,.T.);
#10110 = EDGE_LOOP('',(#10111,#10112,#10113,#10119));
#10111 = ORIENTED_EDGE('',*,*,#9516,.T.);
#10112 = ORIENTED_EDGE('',*,*,#10027,.T.);
#10113 = ORIENTED_EDGE('',*,*,#10114,.T.);
#10114 = EDGE_CURVE('',#10020,#10090,#10115,.T.);
#10115 = LINE('',#10116,#10117);
#10116 = CARTESIAN_POINT('',(-0.5,-0.825,4.8E-02));
#10117 = VECTOR('',#10118,1.);
#10118 = DIRECTION('',(-1.,3.965082230804E-16,0.));
#10119 = ORIENTED_EDGE('',*,*,#10089,.F.);
#10120 = PLANE('',#10121);
#10121 = AXIS2_PLACEMENT_3D('',#10122,#10123,#10124);
#10122 = CARTESIAN_POINT('',(-0.15,-0.825,0.));
#10123 = DIRECTION('',(3.965082230804E-16,1.,0.));
#10124 = DIRECTION('',(-1.,3.965082230804E-16,0.));
#10125 = ADVANCED_FACE('',(#10126),#10146,.F.);
#10126 = FACE_BOUND('',#10127,.T.);
#10127 = EDGE_LOOP('',(#10128,#10129,#10130,#10138,#10144,#10145));
#10128 = ORIENTED_EDGE('',*,*,#10114,.F.);
#10129 = ORIENTED_EDGE('',*,*,#10019,.F.);
#10130 = ORIENTED_EDGE('',*,*,#10131,.F.);
#10131 = EDGE_CURVE('',#10132,#10012,#10134,.T.);
#10132 = VERTEX_POINT('',#10133);
#10133 = CARTESIAN_POINT('',(-0.6,-0.925,4.8E-02));
#10134 = LINE('',#10135,#10136);
#10135 = CARTESIAN_POINT('',(-0.533152173913,-0.925,4.8E-02));
#10136 = VECTOR('',#10137,1.);
#10137 = DIRECTION('',(1.,2.312964634636E-16,0.));
#10138 = ORIENTED_EDGE('',*,*,#10139,.F.);
#10139 = EDGE_CURVE('',#10067,#10132,#10140,.T.);
#10140 = LINE('',#10141,#10142);
#10141 = CARTESIAN_POINT('',(-0.6,0.129347826087,4.8E-02));
#10142 = VECTOR('',#10143,1.);
#10143 = DIRECTION('',(0.,-1.,0.));
#10144 = ORIENTED_EDGE('',*,*,#10066,.F.);
#10145 = ORIENTED_EDGE('',*,*,#10097,.F.);
#10146 = PLANE('',#10147);
#10147 = AXIS2_PLACEMENT_3D('',#10148,#10149,#10150);
#10148 = CARTESIAN_POINT('',(-0.466304347826,-0.666304347826,4.8E-02));
#10149 = DIRECTION('',(0.,0.,1.));
#10150 = DIRECTION('',(1.,0.,-0.));
#10151 = ADVANCED_FACE('',(#10152),#10186,.T.);
#10152 = FACE_BOUND('',#10153,.T.);
#10153 = EDGE_LOOP('',(#10154,#10155,#10156,#10164,#10172,#10178,#10179,
    #10180));
#10154 = ORIENTED_EDGE('',*,*,#9627,.T.);
#10155 = ORIENTED_EDGE('',*,*,#9683,.T.);
#10156 = ORIENTED_EDGE('',*,*,#10157,.T.);
#10157 = EDGE_CURVE('',#9676,#10158,#10160,.T.);
#10158 = VERTEX_POINT('',#10159);
#10159 = CARTESIAN_POINT('',(0.6,-0.925,0.24));
#10160 = LINE('',#10161,#10162);
#10161 = CARTESIAN_POINT('',(0.6,-0.925,0.));
#10162 = VECTOR('',#10163,1.);
#10163 = DIRECTION('',(0.,0.,1.));
#10164 = ORIENTED_EDGE('',*,*,#10165,.F.);
#10165 = EDGE_CURVE('',#10166,#10158,#10168,.T.);
#10166 = VERTEX_POINT('',#10167);
#10167 = CARTESIAN_POINT('',(-0.6,-0.925,0.24));
#10168 = LINE('',#10169,#10170);
#10169 = CARTESIAN_POINT('',(-0.6,-0.925,0.24));
#10170 = VECTOR('',#10171,1.);
#10171 = DIRECTION('',(1.,2.312964634636E-16,0.));
#10172 = ORIENTED_EDGE('',*,*,#10173,.F.);
#10173 = EDGE_CURVE('',#10132,#10166,#10174,.T.);
#10174 = LINE('',#10175,#10176);
#10175 = CARTESIAN_POINT('',(-0.6,-0.925,0.));
#10176 = VECTOR('',#10177,1.);
#10177 = DIRECTION('',(0.,0.,1.));
#10178 = ORIENTED_EDGE('',*,*,#10131,.T.);
#10179 = ORIENTED_EDGE('',*,*,#10011,.T.);
#10180 = ORIENTED_EDGE('',*,*,#10181,.T.);
#10181 = EDGE_CURVE('',#10002,#9604,#10182,.T.);
#10182 = LINE('',#10183,#10184);
#10183 = CARTESIAN_POINT('',(-0.6,-0.925,0.));
#10184 = VECTOR('',#10185,1.);
#10185 = DIRECTION('',(1.,2.312964634636E-16,0.));
#10186 = PLANE('',#10187);
#10187 = AXIS2_PLACEMENT_3D('',#10188,#10189,#10190);
#10188 = CARTESIAN_POINT('',(-0.6,-0.925,0.));
#10189 = DIRECTION('',(2.312964634636E-16,-1.,0.));
#10190 = DIRECTION('',(1.,2.312964634636E-16,0.));
#10191 = ADVANCED_FACE('',(#10192),#10219,.T.);
#10192 = FACE_BOUND('',#10193,.T.);
#10193 = EDGE_LOOP('',(#10194,#10195,#10201,#10202,#10203,#10204,#10212,
    #10218));
#10194 = ORIENTED_EDGE('',*,*,#9862,.T.);
#10195 = ORIENTED_EDGE('',*,*,#10196,.T.);
#10196 = EDGE_CURVE('',#9855,#10049,#10197,.T.);
#10197 = LINE('',#10198,#10199);
#10198 = CARTESIAN_POINT('',(-0.6,0.925,0.));
#10199 = VECTOR('',#10200,1.);
#10200 = DIRECTION('',(0.,-1.,0.));
#10201 = ORIENTED_EDGE('',*,*,#10074,.T.);
#10202 = ORIENTED_EDGE('',*,*,#10139,.T.);
#10203 = ORIENTED_EDGE('',*,*,#10173,.T.);
#10204 = ORIENTED_EDGE('',*,*,#10205,.F.);
#10205 = EDGE_CURVE('',#10206,#10166,#10208,.T.);
#10206 = VERTEX_POINT('',#10207);
#10207 = CARTESIAN_POINT('',(-0.6,0.925,0.24));
#10208 = LINE('',#10209,#10210);
#10209 = CARTESIAN_POINT('',(-0.6,0.925,0.24));
#10210 = VECTOR('',#10211,1.);
#10211 = DIRECTION('',(0.,-1.,0.));
#10212 = ORIENTED_EDGE('',*,*,#10213,.F.);
#10213 = EDGE_CURVE('',#9978,#10206,#10214,.T.);
#10214 = LINE('',#10215,#10216);
#10215 = CARTESIAN_POINT('',(-0.6,0.925,0.));
#10216 = VECTOR('',#10217,1.);
#10217 = DIRECTION('',(0.,0.,1.));
#10218 = ORIENTED_EDGE('',*,*,#9977,.T.);
#10219 = PLANE('',#10220);
#10220 = AXIS2_PLACEMENT_3D('',#10221,#10222,#10223);
#10221 = CARTESIAN_POINT('',(-0.6,0.925,0.));
#10222 = DIRECTION('',(-1.,0.,0.));
#10223 = DIRECTION('',(0.,-1.,0.));
#10224 = ADVANCED_FACE('',(#10225),#10252,.T.);
#10225 = FACE_BOUND('',#10226,.T.);
#10226 = EDGE_LOOP('',(#10227,#10228,#10234,#10235,#10236,#10237,#10245,
    #10251));
#10227 = ORIENTED_EDGE('',*,*,#9741,.T.);
#10228 = ORIENTED_EDGE('',*,*,#10229,.T.);
#10229 = EDGE_CURVE('',#9732,#9895,#10230,.T.);
#10230 = LINE('',#10231,#10232);
#10231 = CARTESIAN_POINT('',(0.6,0.925,0.));
#10232 = VECTOR('',#10233,1.);
#10233 = DIRECTION('',(-1.,0.,0.));
#10234 = ORIENTED_EDGE('',*,*,#9920,.T.);
#10235 = ORIENTED_EDGE('',*,*,#9985,.T.);
#10236 = ORIENTED_EDGE('',*,*,#10213,.T.);
#10237 = ORIENTED_EDGE('',*,*,#10238,.F.);
#10238 = EDGE_CURVE('',#10239,#10206,#10241,.T.);
#10239 = VERTEX_POINT('',#10240);
#10240 = CARTESIAN_POINT('',(0.6,0.925,0.24));
#10241 = LINE('',#10242,#10243);
#10242 = CARTESIAN_POINT('',(0.6,0.925,0.24));
#10243 = VECTOR('',#10244,1.);
#10244 = DIRECTION('',(-1.,0.,0.));
#10245 = ORIENTED_EDGE('',*,*,#10246,.F.);
#10246 = EDGE_CURVE('',#9832,#10239,#10247,.T.);
#10247 = LINE('',#10248,#10249);
#10248 = CARTESIAN_POINT('',(0.6,0.925,0.));
#10249 = VECTOR('',#10250,1.);
#10250 = DIRECTION('',(0.,0.,1.));
#10251 = ORIENTED_EDGE('',*,*,#9831,.T.);
#10252 = PLANE('',#10253);
#10253 = AXIS2_PLACEMENT_3D('',#10254,#10255,#10256);
#10254 = CARTESIAN_POINT('',(0.6,0.925,0.));
#10255 = DIRECTION('',(0.,1.,0.));
#10256 = DIRECTION('',(-1.,0.,0.));
#10257 = ADVANCED_FACE('',(#10258),#10278,.T.);
#10258 = FACE_BOUND('',#10259,.T.);
#10259 = EDGE_LOOP('',(#10260,#10261,#10267,#10268,#10269,#10270,#10276,
    #10277));
#10260 = ORIENTED_EDGE('',*,*,#9649,.T.);
#10261 = ORIENTED_EDGE('',*,*,#10262,.T.);
#10262 = EDGE_CURVE('',#9642,#9772,#10263,.T.);
#10263 = LINE('',#10264,#10265);
#10264 = CARTESIAN_POINT('',(0.6,-0.925,0.));
#10265 = VECTOR('',#10266,1.);
#10266 = DIRECTION('',(-1.05021096924E-15,1.,0.));
#10267 = ORIENTED_EDGE('',*,*,#9797,.T.);
#10268 = ORIENTED_EDGE('',*,*,#9839,.T.);
#10269 = ORIENTED_EDGE('',*,*,#10246,.T.);
#10270 = ORIENTED_EDGE('',*,*,#10271,.F.);
#10271 = EDGE_CURVE('',#10158,#10239,#10272,.T.);
#10272 = LINE('',#10273,#10274);
#10273 = CARTESIAN_POINT('',(0.6,-0.925,0.24));
#10274 = VECTOR('',#10275,1.);
#10275 = DIRECTION('',(-1.05021096924E-15,1.,0.));
#10276 = ORIENTED_EDGE('',*,*,#10157,.F.);
#10277 = ORIENTED_EDGE('',*,*,#9675,.T.);
#10278 = PLANE('',#10279);
#10279 = AXIS2_PLACEMENT_3D('',#10280,#10281,#10282);
#10280 = CARTESIAN_POINT('',(0.6,-0.925,0.));
#10281 = DIRECTION('',(1.,1.05021096924E-15,0.));
#10282 = DIRECTION('',(-1.05021096924E-15,1.,0.));
#10283 = ADVANCED_FACE('',(#10284),#10290,.T.);
#10284 = FACE_BOUND('',#10285,.T.);
#10285 = EDGE_LOOP('',(#10286,#10287,#10288,#10289));
#10286 = ORIENTED_EDGE('',*,*,#10165,.T.);
#10287 = ORIENTED_EDGE('',*,*,#10271,.T.);
#10288 = ORIENTED_EDGE('',*,*,#10238,.T.);
#10289 = ORIENTED_EDGE('',*,*,#10205,.T.);
#10290 = PLANE('',#10291);
#10291 = AXIS2_PLACEMENT_3D('',#10292,#10293,#10294);
#10292 = CARTESIAN_POINT('',(4.857225732735E-16,-2.775557561563E-16,0.24
    ));
#10293 = DIRECTION('',(0.,0.,1.));
#10294 = DIRECTION('',(1.,0.,-0.));
#10295 = ADVANCED_FACE('',(#10296),#10311,.F.);
#10296 = FACE_BOUND('',#10297,.T.);
#10297 = EDGE_LOOP('',(#10298,#10299,#10300,#10301,#10302,#10303,#10304,
    #10305,#10306,#10307,#10308,#10309,#10310));
#10298 = ORIENTED_EDGE('',*,*,#9601,.T.);
#10299 = ORIENTED_EDGE('',*,*,#10181,.F.);
#10300 = ORIENTED_EDGE('',*,*,#10001,.T.);
#10301 = ORIENTED_EDGE('',*,*,#10048,.T.);
#10302 = ORIENTED_EDGE('',*,*,#10196,.F.);
#10303 = ORIENTED_EDGE('',*,*,#9854,.T.);
#10304 = ORIENTED_EDGE('',*,*,#9387,.T.);
#10305 = ORIENTED_EDGE('',*,*,#9894,.T.);
#10306 = ORIENTED_EDGE('',*,*,#10229,.F.);
#10307 = ORIENTED_EDGE('',*,*,#9731,.T.);
#10308 = ORIENTED_EDGE('',*,*,#9771,.T.);
#10309 = ORIENTED_EDGE('',*,*,#10262,.F.);
#10310 = ORIENTED_EDGE('',*,*,#9641,.T.);
#10311 = PLANE('',#10312);
#10312 = AXIS2_PLACEMENT_3D('',#10313,#10314,#10315);
#10313 = CARTESIAN_POINT('',(4.692284812068E-16,-2.346142406034E-16,0.)
  );
#10314 = DIRECTION('',(0.,0.,1.));
#10315 = DIRECTION('',(1.,0.,-0.));
#10316 = MANIFOLD_SOLID_BREP('',#10317);
#10317 = CLOSED_SHELL('',(#10318,#10362,#10393,#10428,#10459,#10490,
    #10512,#10526));
#10318 = ADVANCED_FACE('',(#10319),#10355,.F.);
#10319 = FACE_BOUND('',#10320,.F.);
#10320 = EDGE_LOOP('',(#10321,#10331,#10340,#10348));
#10321 = ORIENTED_EDGE('',*,*,#10322,.T.);
#10322 = EDGE_CURVE('',#10323,#10325,#10327,.T.);
#10323 = VERTEX_POINT('',#10324);
#10324 = CARTESIAN_POINT('',(0.6,-0.215,0.24));
#10325 = VERTEX_POINT('',#10326);
#10326 = CARTESIAN_POINT('',(-0.6,-0.215,0.24));
#10327 = LINE('',#10328,#10329);
#10328 = CARTESIAN_POINT('',(0.6,-0.215,0.24));
#10329 = VECTOR('',#10330,1.);
#10330 = DIRECTION('',(-1.,-1.055290114553E-15,0.));
#10331 = ORIENTED_EDGE('',*,*,#10332,.T.);
#10332 = EDGE_CURVE('',#10325,#10333,#10335,.T.);
#10333 = VERTEX_POINT('',#10334);
#10334 = CARTESIAN_POINT('',(-0.6,-0.14,0.47418742494));
#10335 = ELLIPSE('',#10336,0.3,0.2);
#10336 = AXIS2_PLACEMENT_3D('',#10337,#10338,#10339);
#10337 = CARTESIAN_POINT('',(-0.6,-1.5E-02,0.24));
#10338 = DIRECTION('',(-1.,-1.05021096924E-15,0.));
#10339 = DIRECTION('',(-0.,0.,-1.));
#10340 = ORIENTED_EDGE('',*,*,#10341,.F.);
#10341 = EDGE_CURVE('',#10342,#10333,#10344,.T.);
#10342 = VERTEX_POINT('',#10343);
#10343 = CARTESIAN_POINT('',(0.6,-0.14,0.47418742494));
#10344 = LINE('',#10345,#10346);
#10345 = CARTESIAN_POINT('',(0.6,-0.14,0.47418742494));
#10346 = VECTOR('',#10347,1.);
#10347 = DIRECTION('',(-1.,-1.055290114553E-15,0.));
#10348 = ORIENTED_EDGE('',*,*,#10349,.F.);
#10349 = EDGE_CURVE('',#10323,#10342,#10350,.T.);
#10350 = ELLIPSE('',#10351,0.3,0.2);
#10351 = AXIS2_PLACEMENT_3D('',#10352,#10353,#10354);
#10352 = CARTESIAN_POINT('',(0.6,-1.5E-02,0.24));
#10353 = DIRECTION('',(-1.,-1.05021096924E-15,0.));
#10354 = DIRECTION('',(-0.,0.,-1.));
#10355 = ( BOUNDED_SURFACE() B_SPLINE_SURFACE(1,2,(
    (#10356,#10357,#10358)
    ,(#10359,#10360,#10361
)),.UNSPECIFIED.,.F.,.F.,.F.) B_SPLINE_SURFACE_WITH_KNOTS((2,2),(3,3),(
    -2.288871253025E-17,4.),(1.570796326795,2.466461120653),
.PIECEWISE_BEZIER_KNOTS.) GEOMETRIC_REPRESENTATION_ITEM() 
RATIONAL_B_SPLINE_SURFACE((
    (1.,0.901387818866,1.)
,(1.,0.901387818866,1.))) REPRESENTATION_ITEM('') SURFACE() );
#10356 = CARTESIAN_POINT('',(0.6,-0.215,0.24));
#10357 = CARTESIAN_POINT('',(0.6,-0.215,0.384115338425));
#10358 = CARTESIAN_POINT('',(0.6,-0.14,0.47418742494));
#10359 = CARTESIAN_POINT('',(-0.6,-0.215,0.24));
#10360 = CARTESIAN_POINT('',(-0.6,-0.215,0.384115338425));
#10361 = CARTESIAN_POINT('',(-0.6,-0.14,0.47418742494));
#10362 = ADVANCED_FACE('',(#10363),#10388,.T.);
#10363 = FACE_BOUND('',#10364,.T.);
#10364 = EDGE_LOOP('',(#10365,#10373,#10374,#10382));
#10365 = ORIENTED_EDGE('',*,*,#10366,.T.);
#10366 = EDGE_CURVE('',#10367,#10323,#10369,.T.);
#10367 = VERTEX_POINT('',#10368);
#10368 = CARTESIAN_POINT('',(0.6,0.185,0.24));
#10369 = LINE('',#10370,#10371);
#10370 = CARTESIAN_POINT('',(0.6,0.91,0.24));
#10371 = VECTOR('',#10372,1.);
#10372 = DIRECTION('',(1.05021096924E-15,-1.,-1.31276371155E-16));
#10373 = ORIENTED_EDGE('',*,*,#10322,.T.);
#10374 = ORIENTED_EDGE('',*,*,#10375,.F.);
#10375 = EDGE_CURVE('',#10376,#10325,#10378,.T.);
#10376 = VERTEX_POINT('',#10377);
#10377 = CARTESIAN_POINT('',(-0.6,0.185,0.24));
#10378 = LINE('',#10379,#10380);
#10379 = CARTESIAN_POINT('',(-0.6,0.91,0.24));
#10380 = VECTOR('',#10381,1.);
#10381 = DIRECTION('',(1.05021096924E-15,-1.,-1.31276371155E-16));
#10382 = ORIENTED_EDGE('',*,*,#10383,.F.);
#10383 = EDGE_CURVE('',#10367,#10376,#10384,.T.);
#10384 = LINE('',#10385,#10386);
#10385 = CARTESIAN_POINT('',(0.6,0.185,0.24));
#10386 = VECTOR('',#10387,1.);
#10387 = DIRECTION('',(-1.,-1.055290114553E-15,0.));
#10388 = PLANE('',#10389);
#10389 = AXIS2_PLACEMENT_3D('',#10390,#10391,#10392);
#10390 = CARTESIAN_POINT('',(0.6,0.185,0.24));
#10391 = DIRECTION('',(-1.385346567542E-31,1.31276371155E-16,-1.));
#10392 = DIRECTION('',(1.05021096924E-15,-1.,-1.31276371155E-16));
#10393 = ADVANCED_FACE('',(#10394),#10421,.F.);
#10394 = FACE_BOUND('',#10395,.F.);
#10395 = EDGE_LOOP('',(#10396,#10406,#10413,#10414));
#10396 = ORIENTED_EDGE('',*,*,#10397,.T.);
#10397 = EDGE_CURVE('',#10398,#10400,#10402,.T.);
#10398 = VERTEX_POINT('',#10399);
#10399 = CARTESIAN_POINT('',(0.6,0.11,0.47418742494));
#10400 = VERTEX_POINT('',#10401);
#10401 = CARTESIAN_POINT('',(-0.6,0.11,0.47418742494));
#10402 = LINE('',#10403,#10404);
#10403 = CARTESIAN_POINT('',(0.6,0.11,0.47418742494));
#10404 = VECTOR('',#10405,1.);
#10405 = DIRECTION('',(-1.,-1.055290114553E-15,0.));
#10406 = ORIENTED_EDGE('',*,*,#10407,.T.);
#10407 = EDGE_CURVE('',#10400,#10376,#10408,.T.);
#10408 = ELLIPSE('',#10409,0.3,0.2);
#10409 = AXIS2_PLACEMENT_3D('',#10410,#10411,#10412);
#10410 = CARTESIAN_POINT('',(-0.6,-1.5E-02,0.24));
#10411 = DIRECTION('',(-1.,-1.05021096924E-15,0.));
#10412 = DIRECTION('',(-0.,0.,-1.));
#10413 = ORIENTED_EDGE('',*,*,#10383,.F.);
#10414 = ORIENTED_EDGE('',*,*,#10415,.F.);
#10415 = EDGE_CURVE('',#10398,#10367,#10416,.T.);
#10416 = ELLIPSE('',#10417,0.3,0.2);
#10417 = AXIS2_PLACEMENT_3D('',#10418,#10419,#10420);
#10418 = CARTESIAN_POINT('',(0.6,-1.5E-02,0.24));
#10419 = DIRECTION('',(-1.,-1.05021096924E-15,0.));
#10420 = DIRECTION('',(-0.,0.,-1.));
#10421 = ( BOUNDED_SURFACE() B_SPLINE_SURFACE(1,2,(
    (#10422,#10423,#10424)
    ,(#10425,#10426,#10427
)),.UNSPECIFIED.,.F.,.F.,.F.) B_SPLINE_SURFACE_WITH_KNOTS((2,2),(3,3),(
    -9.637352644318E-18,4.),(-2.466461120653,-1.570796326795),
.PIECEWISE_BEZIER_KNOTS.) GEOMETRIC_REPRESENTATION_ITEM() 
RATIONAL_B_SPLINE_SURFACE((
    (1.,0.901387818866,1.)
,(1.,0.901387818866,1.))) REPRESENTATION_ITEM('') SURFACE() );
#10422 = CARTESIAN_POINT('',(0.6,0.11,0.47418742494));
#10423 = CARTESIAN_POINT('',(0.6,0.185,0.384115338425));
#10424 = CARTESIAN_POINT('',(0.6,0.185,0.24));
#10425 = CARTESIAN_POINT('',(-0.6,0.11,0.47418742494));
#10426 = CARTESIAN_POINT('',(-0.6,0.185,0.384115338425));
#10427 = CARTESIAN_POINT('',(-0.6,0.185,0.24));
#10428 = ADVANCED_FACE('',(#10429),#10454,.T.);
#10429 = FACE_BOUND('',#10430,.T.);
#10430 = EDGE_LOOP('',(#10431,#10439,#10440,#10448));
#10431 = ORIENTED_EDGE('',*,*,#10432,.T.);
#10432 = EDGE_CURVE('',#10433,#10398,#10435,.T.);
#10433 = VERTEX_POINT('',#10434);
#10434 = CARTESIAN_POINT('',(0.6,0.11,0.45));
#10435 = LINE('',#10436,#10437);
#10436 = CARTESIAN_POINT('',(0.6,0.11,0.45));
#10437 = VECTOR('',#10438,1.);
#10438 = DIRECTION('',(0.,0.,1.));
#10439 = ORIENTED_EDGE('',*,*,#10397,.T.);
#10440 = ORIENTED_EDGE('',*,*,#10441,.F.);
#10441 = EDGE_CURVE('',#10442,#10400,#10444,.T.);
#10442 = VERTEX_POINT('',#10443);
#10443 = CARTESIAN_POINT('',(-0.6,0.11,0.45));
#10444 = LINE('',#10445,#10446);
#10445 = CARTESIAN_POINT('',(-0.6,0.11,0.45));
#10446 = VECTOR('',#10447,1.);
#10447 = DIRECTION('',(0.,0.,1.));
#10448 = ORIENTED_EDGE('',*,*,#10449,.F.);
#10449 = EDGE_CURVE('',#10433,#10442,#10450,.T.);
#10450 = LINE('',#10451,#10452);
#10451 = CARTESIAN_POINT('',(0.6,0.11,0.45));
#10452 = VECTOR('',#10453,1.);
#10453 = DIRECTION('',(-1.,-1.055290114553E-15,0.));
#10454 = PLANE('',#10455);
#10455 = AXIS2_PLACEMENT_3D('',#10456,#10457,#10458);
#10456 = CARTESIAN_POINT('',(0.6,0.11,0.45));
#10457 = DIRECTION('',(1.055290114553E-15,-1.,0.));
#10458 = DIRECTION('',(0.,0.,1.));
#10459 = ADVANCED_FACE('',(#10460),#10485,.T.);
#10460 = FACE_BOUND('',#10461,.T.);
#10461 = EDGE_LOOP('',(#10462,#10470,#10471,#10479));
#10462 = ORIENTED_EDGE('',*,*,#10463,.T.);
#10463 = EDGE_CURVE('',#10464,#10433,#10466,.T.);
#10464 = VERTEX_POINT('',#10465);
#10465 = CARTESIAN_POINT('',(0.6,-0.14,0.45));
#10466 = LINE('',#10467,#10468);
#10467 = CARTESIAN_POINT('',(0.6,-0.14,0.45));
#10468 = VECTOR('',#10469,1.);
#10469 = DIRECTION('',(-1.05021096924E-15,1.,0.));
#10470 = ORIENTED_EDGE('',*,*,#10449,.T.);
#10471 = ORIENTED_EDGE('',*,*,#10472,.F.);
#10472 = EDGE_CURVE('',#10473,#10442,#10475,.T.);
#10473 = VERTEX_POINT('',#10474);
#10474 = CARTESIAN_POINT('',(-0.6,-0.14,0.45));
#10475 = LINE('',#10476,#10477);
#10476 = CARTESIAN_POINT('',(-0.6,-0.14,0.45));
#10477 = VECTOR('',#10478,1.);
#10478 = DIRECTION('',(-1.05021096924E-15,1.,0.));
#10479 = ORIENTED_EDGE('',*,*,#10480,.F.);
#10480 = EDGE_CURVE('',#10464,#10473,#10481,.T.);
#10481 = LINE('',#10482,#10483);
#10482 = CARTESIAN_POINT('',(0.6,-0.14,0.45));
#10483 = VECTOR('',#10484,1.);
#10484 = DIRECTION('',(-1.,-1.055290114553E-15,0.));
#10485 = PLANE('',#10486);
#10486 = AXIS2_PLACEMENT_3D('',#10487,#10488,#10489);
#10487 = CARTESIAN_POINT('',(0.6,-0.14,0.45));
#10488 = DIRECTION('',(0.,0.,1.));
#10489 = DIRECTION('',(-1.05021096924E-15,1.,0.));
#10490 = ADVANCED_FACE('',(#10491),#10507,.T.);
#10491 = FACE_BOUND('',#10492,.T.);
#10492 = EDGE_LOOP('',(#10493,#10499,#10500,#10506));
#10493 = ORIENTED_EDGE('',*,*,#10494,.T.);
#10494 = EDGE_CURVE('',#10342,#10464,#10495,.T.);
#10495 = LINE('',#10496,#10497);
#10496 = CARTESIAN_POINT('',(0.6,-0.14,0.47418742494));
#10497 = VECTOR('',#10498,1.);
#10498 = DIRECTION('',(0.,0.,-1.));
#10499 = ORIENTED_EDGE('',*,*,#10480,.T.);
#10500 = ORIENTED_EDGE('',*,*,#10501,.F.);
#10501 = EDGE_CURVE('',#10333,#10473,#10502,.T.);
#10502 = LINE('',#10503,#10504);
#10503 = CARTESIAN_POINT('',(-0.6,-0.14,0.47418742494));
#10504 = VECTOR('',#10505,1.);
#10505 = DIRECTION('',(0.,0.,-1.));
#10506 = ORIENTED_EDGE('',*,*,#10341,.F.);
#10507 = PLANE('',#10508);
#10508 = AXIS2_PLACEMENT_3D('',#10509,#10510,#10511);
#10509 = CARTESIAN_POINT('',(0.6,-0.14,0.47418742494));
#10510 = DIRECTION('',(-1.055290114553E-15,1.,0.));
#10511 = DIRECTION('',(0.,0.,-1.));
#10512 = ADVANCED_FACE('',(#10513),#10521,.F.);
#10513 = FACE_BOUND('',#10514,.T.);
#10514 = EDGE_LOOP('',(#10515,#10516,#10517,#10518,#10519,#10520));
#10515 = ORIENTED_EDGE('',*,*,#10501,.T.);
#10516 = ORIENTED_EDGE('',*,*,#10472,.T.);
#10517 = ORIENTED_EDGE('',*,*,#10441,.T.);
#10518 = ORIENTED_EDGE('',*,*,#10407,.T.);
#10519 = ORIENTED_EDGE('',*,*,#10375,.T.);
#10520 = ORIENTED_EDGE('',*,*,#10332,.T.);
#10521 = PLANE('',#10522);
#10522 = AXIS2_PLACEMENT_3D('',#10523,#10524,#10525);
#10523 = CARTESIAN_POINT('',(-0.6,-1.5E-02,0.341399787983));
#10524 = DIRECTION('',(1.,1.05021096924E-15,2.014300330964E-32));
#10525 = DIRECTION('',(2.014300330964E-32,0.,-1.));
#10526 = ADVANCED_FACE('',(#10527),#10535,.T.);
#10527 = FACE_BOUND('',#10528,.T.);
#10528 = EDGE_LOOP('',(#10529,#10530,#10531,#10532,#10533,#10534));
#10529 = ORIENTED_EDGE('',*,*,#10494,.F.);
#10530 = ORIENTED_EDGE('',*,*,#10349,.F.);
#10531 = ORIENTED_EDGE('',*,*,#10366,.F.);
#10532 = ORIENTED_EDGE('',*,*,#10415,.F.);
#10533 = ORIENTED_EDGE('',*,*,#10432,.F.);
#10534 = ORIENTED_EDGE('',*,*,#10463,.F.);
#10535 = PLANE('',#10536);
#10536 = AXIS2_PLACEMENT_3D('',#10537,#10538,#10539);
#10537 = CARTESIAN_POINT('',(0.6,-1.5E-02,0.341399787983));
#10538 = DIRECTION('',(1.,1.05021096924E-15,2.014300330964E-32));
#10539 = DIRECTION('',(2.014300330964E-32,0.,-1.));
#10540 = MANIFOLD_SOLID_BREP('',#10541);
#10541 = CLOSED_SHELL('',(#10542,#10582,#10613,#10644,#10666,#10678));
#10542 = ADVANCED_FACE('',(#10543),#10577,.T.);
#10543 = FACE_BOUND('',#10544,.T.);
#10544 = EDGE_LOOP('',(#10545,#10555,#10563,#10571));
#10545 = ORIENTED_EDGE('',*,*,#10546,.T.);
#10546 = EDGE_CURVE('',#10547,#10549,#10551,.T.);
#10547 = VERTEX_POINT('',#10548);
#10548 = CARTESIAN_POINT('',(9.15E-02,-0.558,0.265));
#10549 = VERTEX_POINT('',#10550);
#10550 = CARTESIAN_POINT('',(9.15E-02,-0.733,0.265));
#10551 = LINE('',#10552,#10553);
#10552 = CARTESIAN_POINT('',(9.15E-02,-0.558,0.265));
#10553 = VECTOR('',#10554,1.);
#10554 = DIRECTION('',(0.,-1.,0.));
#10555 = ORIENTED_EDGE('',*,*,#10556,.T.);
#10556 = EDGE_CURVE('',#10549,#10557,#10559,.T.);
#10557 = VERTEX_POINT('',#10558);
#10558 = CARTESIAN_POINT('',(9.15E-02,-0.733,0.365));
#10559 = LINE('',#10560,#10561);
#10560 = CARTESIAN_POINT('',(9.15E-02,-0.733,0.265));
#10561 = VECTOR('',#10562,1.);
#10562 = DIRECTION('',(0.,0.,1.));
#10563 = ORIENTED_EDGE('',*,*,#10564,.F.);
#10564 = EDGE_CURVE('',#10565,#10557,#10567,.T.);
#10565 = VERTEX_POINT('',#10566);
#10566 = CARTESIAN_POINT('',(9.15E-02,-0.558,0.365));
#10567 = LINE('',#10568,#10569);
#10568 = CARTESIAN_POINT('',(9.15E-02,-0.558,0.365));
#10569 = VECTOR('',#10570,1.);
#10570 = DIRECTION('',(0.,-1.,0.));
#10571 = ORIENTED_EDGE('',*,*,#10572,.F.);
#10572 = EDGE_CURVE('',#10547,#10565,#10573,.T.);
#10573 = LINE('',#10574,#10575);
#10574 = CARTESIAN_POINT('',(9.15E-02,-0.558,0.265));
#10575 = VECTOR('',#10576,1.);
#10576 = DIRECTION('',(0.,0.,1.));
#10577 = PLANE('',#10578);
#10578 = AXIS2_PLACEMENT_3D('',#10579,#10580,#10581);
#10579 = CARTESIAN_POINT('',(9.15E-02,-0.558,0.265));
#10580 = DIRECTION('',(-1.,0.,0.));
#10581 = DIRECTION('',(0.,-1.,0.));
#10582 = ADVANCED_FACE('',(#10583),#10608,.T.);
#10583 = FACE_BOUND('',#10584,.T.);
#10584 = EDGE_LOOP('',(#10585,#10593,#10594,#10602));
#10585 = ORIENTED_EDGE('',*,*,#10586,.T.);
#10586 = EDGE_CURVE('',#10587,#10547,#10589,.T.);
#10587 = VERTEX_POINT('',#10588);
#10588 = CARTESIAN_POINT('',(0.2665,-0.558,0.265));
#10589 = LINE('',#10590,#10591);
#10590 = CARTESIAN_POINT('',(0.2665,-0.558,0.265));
#10591 = VECTOR('',#10592,1.);
#10592 = DIRECTION('',(-1.,0.,0.));
#10593 = ORIENTED_EDGE('',*,*,#10572,.T.);
#10594 = ORIENTED_EDGE('',*,*,#10595,.F.);
#10595 = EDGE_CURVE('',#10596,#10565,#10598,.T.);
#10596 = VERTEX_POINT('',#10597);
#10597 = CARTESIAN_POINT('',(0.2665,-0.558,0.365));
#10598 = LINE('',#10599,#10600);
#10599 = CARTESIAN_POINT('',(0.2665,-0.558,0.365));
#10600 = VECTOR('',#10601,1.);
#10601 = DIRECTION('',(-1.,0.,0.));
#10602 = ORIENTED_EDGE('',*,*,#10603,.F.);
#10603 = EDGE_CURVE('',#10587,#10596,#10604,.T.);
#10604 = LINE('',#10605,#10606);
#10605 = CARTESIAN_POINT('',(0.2665,-0.558,0.265));
#10606 = VECTOR('',#10607,1.);
#10607 = DIRECTION('',(0.,0.,1.));
#10608 = PLANE('',#10609);
#10609 = AXIS2_PLACEMENT_3D('',#10610,#10611,#10612);
#10610 = CARTESIAN_POINT('',(0.2665,-0.558,0.265));
#10611 = DIRECTION('',(0.,1.,0.));
#10612 = DIRECTION('',(-1.,0.,0.));
#10613 = ADVANCED_FACE('',(#10614),#10639,.T.);
#10614 = FACE_BOUND('',#10615,.T.);
#10615 = EDGE_LOOP('',(#10616,#10624,#10625,#10633));
#10616 = ORIENTED_EDGE('',*,*,#10617,.T.);
#10617 = EDGE_CURVE('',#10618,#10587,#10620,.T.);
#10618 = VERTEX_POINT('',#10619);
#10619 = CARTESIAN_POINT('',(0.2665,-0.733,0.265));
#10620 = LINE('',#10621,#10622);
#10621 = CARTESIAN_POINT('',(0.2665,-0.733,0.265));
#10622 = VECTOR('',#10623,1.);
#10623 = DIRECTION('',(-7.930164461608E-16,1.,0.));
#10624 = ORIENTED_EDGE('',*,*,#10603,.T.);
#10625 = ORIENTED_EDGE('',*,*,#10626,.F.);
#10626 = EDGE_CURVE('',#10627,#10596,#10629,.T.);
#10627 = VERTEX_POINT('',#10628);
#10628 = CARTESIAN_POINT('',(0.2665,-0.733,0.365));
#10629 = LINE('',#10630,#10631);
#10630 = CARTESIAN_POINT('',(0.2665,-0.733,0.365));
#10631 = VECTOR('',#10632,1.);
#10632 = DIRECTION('',(-7.930164461608E-16,1.,0.));
#10633 = ORIENTED_EDGE('',*,*,#10634,.F.);
#10634 = EDGE_CURVE('',#10618,#10627,#10635,.T.);
#10635 = LINE('',#10636,#10637);
#10636 = CARTESIAN_POINT('',(0.2665,-0.733,0.265));
#10637 = VECTOR('',#10638,1.);
#10638 = DIRECTION('',(0.,0.,1.));
#10639 = PLANE('',#10640);
#10640 = AXIS2_PLACEMENT_3D('',#10641,#10642,#10643);
#10641 = CARTESIAN_POINT('',(0.2665,-0.733,0.265));
#10642 = DIRECTION('',(1.,7.930164461608E-16,0.));
#10643 = DIRECTION('',(-7.930164461608E-16,1.,0.));
#10644 = ADVANCED_FACE('',(#10645),#10661,.T.);
#10645 = FACE_BOUND('',#10646,.T.);
#10646 = EDGE_LOOP('',(#10647,#10653,#10654,#10660));
#10647 = ORIENTED_EDGE('',*,*,#10648,.T.);
#10648 = EDGE_CURVE('',#10549,#10618,#10649,.T.);
#10649 = LINE('',#10650,#10651);
#10650 = CARTESIAN_POINT('',(9.15E-02,-0.733,0.265));
#10651 = VECTOR('',#10652,1.);
#10652 = DIRECTION('',(1.,0.,0.));
#10653 = ORIENTED_EDGE('',*,*,#10634,.T.);
#10654 = ORIENTED_EDGE('',*,*,#10655,.F.);
#10655 = EDGE_CURVE('',#10557,#10627,#10656,.T.);
#10656 = LINE('',#10657,#10658);
#10657 = CARTESIAN_POINT('',(9.15E-02,-0.733,0.365));
#10658 = VECTOR('',#10659,1.);
#10659 = DIRECTION('',(1.,0.,0.));
#10660 = ORIENTED_EDGE('',*,*,#10556,.F.);
#10661 = PLANE('',#10662);
#10662 = AXIS2_PLACEMENT_3D('',#10663,#10664,#10665);
#10663 = CARTESIAN_POINT('',(9.15E-02,-0.733,0.265));
#10664 = DIRECTION('',(0.,-1.,0.));
#10665 = DIRECTION('',(1.,0.,0.));
#10666 = ADVANCED_FACE('',(#10667),#10673,.T.);
#10667 = FACE_BOUND('',#10668,.T.);
#10668 = EDGE_LOOP('',(#10669,#10670,#10671,#10672));
#10669 = ORIENTED_EDGE('',*,*,#10655,.T.);
#10670 = ORIENTED_EDGE('',*,*,#10626,.T.);
#10671 = ORIENTED_EDGE('',*,*,#10595,.T.);
#10672 = ORIENTED_EDGE('',*,*,#10564,.T.);
#10673 = PLANE('',#10674);
#10674 = AXIS2_PLACEMENT_3D('',#10675,#10676,#10677);
#10675 = CARTESIAN_POINT('',(0.179,-0.6455,0.365));
#10676 = DIRECTION('',(0.,0.,1.));
#10677 = DIRECTION('',(1.,0.,-0.));
#10678 = ADVANCED_FACE('',(#10679),#10685,.F.);
#10679 = FACE_BOUND('',#10680,.T.);
#10680 = EDGE_LOOP('',(#10681,#10682,#10683,#10684));
#10681 = ORIENTED_EDGE('',*,*,#10648,.F.);
#10682 = ORIENTED_EDGE('',*,*,#10546,.F.);
#10683 = ORIENTED_EDGE('',*,*,#10586,.F.);
#10684 = ORIENTED_EDGE('',*,*,#10617,.F.);
#10685 = PLANE('',#10686);
#10686 = AXIS2_PLACEMENT_3D('',#10687,#10688,#10689);
#10687 = CARTESIAN_POINT('',(0.179,-0.6455,0.265));
#10688 = DIRECTION('',(0.,0.,1.));
#10689 = DIRECTION('',(1.,0.,-0.));
#10690 = MANIFOLD_SOLID_BREP('',#10691);
#10691 = CLOSED_SHELL('',(#10692,#10732,#10763,#10794,#10816,#10828));
#10692 = ADVANCED_FACE('',(#10693),#10727,.T.);
#10693 = FACE_BOUND('',#10694,.T.);
#10694 = EDGE_LOOP('',(#10695,#10705,#10713,#10721));
#10695 = ORIENTED_EDGE('',*,*,#10696,.T.);
#10696 = EDGE_CURVE('',#10697,#10699,#10701,.T.);
#10697 = VERTEX_POINT('',#10698);
#10698 = CARTESIAN_POINT('',(-0.3825,-0.29,0.265));
#10699 = VERTEX_POINT('',#10700);
#10700 = CARTESIAN_POINT('',(-0.3825,-0.455,0.265));
#10701 = LINE('',#10702,#10703);
#10702 = CARTESIAN_POINT('',(-0.3825,-0.29,0.265));
#10703 = VECTOR('',#10704,1.);
#10704 = DIRECTION('',(0.,-1.,0.));
#10705 = ORIENTED_EDGE('',*,*,#10706,.T.);
#10706 = EDGE_CURVE('',#10699,#10707,#10709,.T.);
#10707 = VERTEX_POINT('',#10708);
#10708 = CARTESIAN_POINT('',(-0.3825,-0.455,0.375));
#10709 = LINE('',#10710,#10711);
#10710 = CARTESIAN_POINT('',(-0.3825,-0.455,0.265));
#10711 = VECTOR('',#10712,1.);
#10712 = DIRECTION('',(0.,0.,1.));
#10713 = ORIENTED_EDGE('',*,*,#10714,.F.);
#10714 = EDGE_CURVE('',#10715,#10707,#10717,.T.);
#10715 = VERTEX_POINT('',#10716);
#10716 = CARTESIAN_POINT('',(-0.3825,-0.29,0.375));
#10717 = LINE('',#10718,#10719);
#10718 = CARTESIAN_POINT('',(-0.3825,-0.29,0.375));
#10719 = VECTOR('',#10720,1.);
#10720 = DIRECTION('',(0.,-1.,0.));
#10721 = ORIENTED_EDGE('',*,*,#10722,.F.);
#10722 = EDGE_CURVE('',#10697,#10715,#10723,.T.);
#10723 = LINE('',#10724,#10725);
#10724 = CARTESIAN_POINT('',(-0.3825,-0.29,0.265));
#10725 = VECTOR('',#10726,1.);
#10726 = DIRECTION('',(0.,0.,1.));
#10727 = PLANE('',#10728);
#10728 = AXIS2_PLACEMENT_3D('',#10729,#10730,#10731);
#10729 = CARTESIAN_POINT('',(-0.3825,-0.29,0.265));
#10730 = DIRECTION('',(-1.,0.,0.));
#10731 = DIRECTION('',(0.,-1.,0.));
#10732 = ADVANCED_FACE('',(#10733),#10758,.T.);
#10733 = FACE_BOUND('',#10734,.T.);
#10734 = EDGE_LOOP('',(#10735,#10743,#10744,#10752));
#10735 = ORIENTED_EDGE('',*,*,#10736,.T.);
#10736 = EDGE_CURVE('',#10737,#10697,#10739,.T.);
#10737 = VERTEX_POINT('',#10738);
#10738 = CARTESIAN_POINT('',(-0.2175,-0.29,0.265));
#10739 = LINE('',#10740,#10741);
#10740 = CARTESIAN_POINT('',(-0.2175,-0.29,0.265));
#10741 = VECTOR('',#10742,1.);
#10742 = DIRECTION('',(-1.,0.,0.));
#10743 = ORIENTED_EDGE('',*,*,#10722,.T.);
#10744 = ORIENTED_EDGE('',*,*,#10745,.F.);
#10745 = EDGE_CURVE('',#10746,#10715,#10748,.T.);
#10746 = VERTEX_POINT('',#10747);
#10747 = CARTESIAN_POINT('',(-0.2175,-0.29,0.375));
#10748 = LINE('',#10749,#10750);
#10749 = CARTESIAN_POINT('',(-0.2175,-0.29,0.375));
#10750 = VECTOR('',#10751,1.);
#10751 = DIRECTION('',(-1.,0.,0.));
#10752 = ORIENTED_EDGE('',*,*,#10753,.F.);
#10753 = EDGE_CURVE('',#10737,#10746,#10754,.T.);
#10754 = LINE('',#10755,#10756);
#10755 = CARTESIAN_POINT('',(-0.2175,-0.29,0.265));
#10756 = VECTOR('',#10757,1.);
#10757 = DIRECTION('',(0.,0.,1.));
#10758 = PLANE('',#10759);
#10759 = AXIS2_PLACEMENT_3D('',#10760,#10761,#10762);
#10760 = CARTESIAN_POINT('',(-0.2175,-0.29,0.265));
#10761 = DIRECTION('',(0.,1.,0.));
#10762 = DIRECTION('',(-1.,0.,0.));
#10763 = ADVANCED_FACE('',(#10764),#10789,.T.);
#10764 = FACE_BOUND('',#10765,.T.);
#10765 = EDGE_LOOP('',(#10766,#10774,#10775,#10783));
#10766 = ORIENTED_EDGE('',*,*,#10767,.T.);
#10767 = EDGE_CURVE('',#10768,#10737,#10770,.T.);
#10768 = VERTEX_POINT('',#10769);
#10769 = CARTESIAN_POINT('',(-0.2175,-0.455,0.265));
#10770 = LINE('',#10771,#10772);
#10771 = CARTESIAN_POINT('',(-0.2175,-0.455,0.265));
#10772 = VECTOR('',#10773,1.);
#10773 = DIRECTION('',(4.205390244792E-16,1.,0.));
#10774 = ORIENTED_EDGE('',*,*,#10753,.T.);
#10775 = ORIENTED_EDGE('',*,*,#10776,.F.);
#10776 = EDGE_CURVE('',#10777,#10746,#10779,.T.);
#10777 = VERTEX_POINT('',#10778);
#10778 = CARTESIAN_POINT('',(-0.2175,-0.455,0.375));
#10779 = LINE('',#10780,#10781);
#10780 = CARTESIAN_POINT('',(-0.2175,-0.455,0.375));
#10781 = VECTOR('',#10782,1.);
#10782 = DIRECTION('',(4.205390244792E-16,1.,0.));
#10783 = ORIENTED_EDGE('',*,*,#10784,.F.);
#10784 = EDGE_CURVE('',#10768,#10777,#10785,.T.);
#10785 = LINE('',#10786,#10787);
#10786 = CARTESIAN_POINT('',(-0.2175,-0.455,0.265));
#10787 = VECTOR('',#10788,1.);
#10788 = DIRECTION('',(0.,0.,1.));
#10789 = PLANE('',#10790);
#10790 = AXIS2_PLACEMENT_3D('',#10791,#10792,#10793);
#10791 = CARTESIAN_POINT('',(-0.2175,-0.455,0.265));
#10792 = DIRECTION('',(1.,-4.205390244792E-16,0.));
#10793 = DIRECTION('',(4.205390244792E-16,1.,0.));
#10794 = ADVANCED_FACE('',(#10795),#10811,.T.);
#10795 = FACE_BOUND('',#10796,.T.);
#10796 = EDGE_LOOP('',(#10797,#10803,#10804,#10810));
#10797 = ORIENTED_EDGE('',*,*,#10798,.T.);
#10798 = EDGE_CURVE('',#10699,#10768,#10799,.T.);
#10799 = LINE('',#10800,#10801);
#10800 = CARTESIAN_POINT('',(-0.3825,-0.455,0.265));
#10801 = VECTOR('',#10802,1.);
#10802 = DIRECTION('',(1.,0.,0.));
#10803 = ORIENTED_EDGE('',*,*,#10784,.T.);
#10804 = ORIENTED_EDGE('',*,*,#10805,.F.);
#10805 = EDGE_CURVE('',#10707,#10777,#10806,.T.);
#10806 = LINE('',#10807,#10808);
#10807 = CARTESIAN_POINT('',(-0.3825,-0.455,0.375));
#10808 = VECTOR('',#10809,1.);
#10809 = DIRECTION('',(1.,0.,0.));
#10810 = ORIENTED_EDGE('',*,*,#10706,.F.);
#10811 = PLANE('',#10812);
#10812 = AXIS2_PLACEMENT_3D('',#10813,#10814,#10815);
#10813 = CARTESIAN_POINT('',(-0.3825,-0.455,0.265));
#10814 = DIRECTION('',(0.,-1.,0.));
#10815 = DIRECTION('',(1.,0.,0.));
#10816 = ADVANCED_FACE('',(#10817),#10823,.T.);
#10817 = FACE_BOUND('',#10818,.T.);
#10818 = EDGE_LOOP('',(#10819,#10820,#10821,#10822));
#10819 = ORIENTED_EDGE('',*,*,#10805,.T.);
#10820 = ORIENTED_EDGE('',*,*,#10776,.T.);
#10821 = ORIENTED_EDGE('',*,*,#10745,.T.);
#10822 = ORIENTED_EDGE('',*,*,#10714,.T.);
#10823 = PLANE('',#10824);
#10824 = AXIS2_PLACEMENT_3D('',#10825,#10826,#10827);
#10825 = CARTESIAN_POINT('',(-0.3,-0.3725,0.375));
#10826 = DIRECTION('',(0.,0.,1.));
#10827 = DIRECTION('',(1.,0.,-0.));
#10828 = ADVANCED_FACE('',(#10829),#10835,.F.);
#10829 = FACE_BOUND('',#10830,.T.);
#10830 = EDGE_LOOP('',(#10831,#10832,#10833,#10834));
#10831 = ORIENTED_EDGE('',*,*,#10798,.F.);
#10832 = ORIENTED_EDGE('',*,*,#10696,.F.);
#10833 = ORIENTED_EDGE('',*,*,#10736,.F.);
#10834 = ORIENTED_EDGE('',*,*,#10767,.F.);
#10835 = PLANE('',#10836);
#10836 = AXIS2_PLACEMENT_3D('',#10837,#10838,#10839);
#10837 = CARTESIAN_POINT('',(-0.3,-0.3725,0.265));
#10838 = DIRECTION('',(0.,0.,1.));
#10839 = DIRECTION('',(1.,0.,-0.));
#10840 = MANIFOLD_SOLID_BREP('',#10841);
#10841 = CLOSED_SHELL('',(#10842,#10882,#10913,#10944,#10966,#10978));
#10842 = ADVANCED_FACE('',(#10843),#10877,.T.);
#10843 = FACE_BOUND('',#10844,.T.);
#10844 = EDGE_LOOP('',(#10845,#10855,#10863,#10871));
#10845 = ORIENTED_EDGE('',*,*,#10846,.T.);
#10846 = EDGE_CURVE('',#10847,#10849,#10851,.T.);
#10847 = VERTEX_POINT('',#10848);
#10848 = CARTESIAN_POINT('',(1.E-02,0.725,0.265));
#10849 = VERTEX_POINT('',#10850);
#10850 = CARTESIAN_POINT('',(1.E-02,0.335,0.265));
#10851 = LINE('',#10852,#10853);
#10852 = CARTESIAN_POINT('',(1.E-02,0.725,0.265));
#10853 = VECTOR('',#10854,1.);
#10854 = DIRECTION('',(-1.779203565104E-16,-1.,0.));
#10855 = ORIENTED_EDGE('',*,*,#10856,.T.);
#10856 = EDGE_CURVE('',#10849,#10857,#10859,.T.);
#10857 = VERTEX_POINT('',#10858);
#10858 = CARTESIAN_POINT('',(1.E-02,0.335,0.45));
#10859 = LINE('',#10860,#10861);
#10860 = CARTESIAN_POINT('',(1.E-02,0.335,0.265));
#10861 = VECTOR('',#10862,1.);
#10862 = DIRECTION('',(0.,0.,1.));
#10863 = ORIENTED_EDGE('',*,*,#10864,.F.);
#10864 = EDGE_CURVE('',#10865,#10857,#10867,.T.);
#10865 = VERTEX_POINT('',#10866);
#10866 = CARTESIAN_POINT('',(1.E-02,0.725,0.45));
#10867 = LINE('',#10868,#10869);
#10868 = CARTESIAN_POINT('',(1.E-02,0.725,0.45));
#10869 = VECTOR('',#10870,1.);
#10870 = DIRECTION('',(-1.779203565104E-16,-1.,0.));
#10871 = ORIENTED_EDGE('',*,*,#10872,.F.);
#10872 = EDGE_CURVE('',#10847,#10865,#10873,.T.);
#10873 = LINE('',#10874,#10875);
#10874 = CARTESIAN_POINT('',(1.E-02,0.725,0.265));
#10875 = VECTOR('',#10876,1.);
#10876 = DIRECTION('',(0.,0.,1.));
#10877 = PLANE('',#10878);
#10878 = AXIS2_PLACEMENT_3D('',#10879,#10880,#10881);
#10879 = CARTESIAN_POINT('',(1.E-02,0.725,0.265));
#10880 = DIRECTION('',(-1.,1.779203565104E-16,0.));
#10881 = DIRECTION('',(-1.779203565104E-16,-1.,0.));
#10882 = ADVANCED_FACE('',(#10883),#10908,.T.);
#10883 = FACE_BOUND('',#10884,.T.);
#10884 = EDGE_LOOP('',(#10885,#10893,#10894,#10902));
#10885 = ORIENTED_EDGE('',*,*,#10886,.T.);
#10886 = EDGE_CURVE('',#10887,#10847,#10889,.T.);
#10887 = VERTEX_POINT('',#10888);
#10888 = CARTESIAN_POINT('',(0.4,0.725,0.265));
#10889 = LINE('',#10890,#10891);
#10890 = CARTESIAN_POINT('',(0.4,0.725,0.265));
#10891 = VECTOR('',#10892,1.);
#10892 = DIRECTION('',(-1.,3.558407130209E-16,0.));
#10893 = ORIENTED_EDGE('',*,*,#10872,.T.);
#10894 = ORIENTED_EDGE('',*,*,#10895,.F.);
#10895 = EDGE_CURVE('',#10896,#10865,#10898,.T.);
#10896 = VERTEX_POINT('',#10897);
#10897 = CARTESIAN_POINT('',(0.4,0.725,0.45));
#10898 = LINE('',#10899,#10900);
#10899 = CARTESIAN_POINT('',(0.4,0.725,0.45));
#10900 = VECTOR('',#10901,1.);
#10901 = DIRECTION('',(-1.,3.558407130209E-16,0.));
#10902 = ORIENTED_EDGE('',*,*,#10903,.F.);
#10903 = EDGE_CURVE('',#10887,#10896,#10904,.T.);
#10904 = LINE('',#10905,#10906);
#10905 = CARTESIAN_POINT('',(0.4,0.725,0.265));
#10906 = VECTOR('',#10907,1.);
#10907 = DIRECTION('',(0.,0.,1.));
#10908 = PLANE('',#10909);
#10909 = AXIS2_PLACEMENT_3D('',#10910,#10911,#10912);
#10910 = CARTESIAN_POINT('',(0.4,0.725,0.265));
#10911 = DIRECTION('',(3.558407130209E-16,1.,0.));
#10912 = DIRECTION('',(-1.,3.558407130209E-16,0.));
#10913 = ADVANCED_FACE('',(#10914),#10939,.T.);
#10914 = FACE_BOUND('',#10915,.T.);
#10915 = EDGE_LOOP('',(#10916,#10924,#10925,#10933));
#10916 = ORIENTED_EDGE('',*,*,#10917,.T.);
#10917 = EDGE_CURVE('',#10918,#10887,#10920,.T.);
#10918 = VERTEX_POINT('',#10919);
#10919 = CARTESIAN_POINT('',(0.4,0.335,0.265));
#10920 = LINE('',#10921,#10922);
#10921 = CARTESIAN_POINT('',(0.4,0.335,0.265));
#10922 = VECTOR('',#10923,1.);
#10923 = DIRECTION('',(5.337610695313E-16,1.,0.));
#10924 = ORIENTED_EDGE('',*,*,#10903,.T.);
#10925 = ORIENTED_EDGE('',*,*,#10926,.F.);
#10926 = EDGE_CURVE('',#10927,#10896,#10929,.T.);
#10927 = VERTEX_POINT('',#10928);
#10928 = CARTESIAN_POINT('',(0.4,0.335,0.45));
#10929 = LINE('',#10930,#10931);
#10930 = CARTESIAN_POINT('',(0.4,0.335,0.45));
#10931 = VECTOR('',#10932,1.);
#10932 = DIRECTION('',(5.337610695313E-16,1.,0.));
#10933 = ORIENTED_EDGE('',*,*,#10934,.F.);
#10934 = EDGE_CURVE('',#10918,#10927,#10935,.T.);
#10935 = LINE('',#10936,#10937);
#10936 = CARTESIAN_POINT('',(0.4,0.335,0.265));
#10937 = VECTOR('',#10938,1.);
#10938 = DIRECTION('',(0.,0.,1.));
#10939 = PLANE('',#10940);
#10940 = AXIS2_PLACEMENT_3D('',#10941,#10942,#10943);
#10941 = CARTESIAN_POINT('',(0.4,0.335,0.265));
#10942 = DIRECTION('',(1.,-5.337610695313E-16,0.));
#10943 = DIRECTION('',(5.337610695313E-16,1.,0.));
#10944 = ADVANCED_FACE('',(#10945),#10961,.T.);
#10945 = FACE_BOUND('',#10946,.T.);
#10946 = EDGE_LOOP('',(#10947,#10953,#10954,#10960));
#10947 = ORIENTED_EDGE('',*,*,#10948,.T.);
#10948 = EDGE_CURVE('',#10849,#10918,#10949,.T.);
#10949 = LINE('',#10950,#10951);
#10950 = CARTESIAN_POINT('',(1.E-02,0.335,0.265));
#10951 = VECTOR('',#10952,1.);
#10952 = DIRECTION('',(1.,-1.779203565104E-16,0.));
#10953 = ORIENTED_EDGE('',*,*,#10934,.T.);
#10954 = ORIENTED_EDGE('',*,*,#10955,.F.);
#10955 = EDGE_CURVE('',#10857,#10927,#10956,.T.);
#10956 = LINE('',#10957,#10958);
#10957 = CARTESIAN_POINT('',(1.E-02,0.335,0.45));
#10958 = VECTOR('',#10959,1.);
#10959 = DIRECTION('',(1.,-1.779203565104E-16,0.));
#10960 = ORIENTED_EDGE('',*,*,#10856,.F.);
#10961 = PLANE('',#10962);
#10962 = AXIS2_PLACEMENT_3D('',#10963,#10964,#10965);
#10963 = CARTESIAN_POINT('',(1.E-02,0.335,0.265));
#10964 = DIRECTION('',(-1.779203565104E-16,-1.,0.));
#10965 = DIRECTION('',(1.,-1.779203565104E-16,0.));
#10966 = ADVANCED_FACE('',(#10967),#10973,.T.);
#10967 = FACE_BOUND('',#10968,.T.);
#10968 = EDGE_LOOP('',(#10969,#10970,#10971,#10972));
#10969 = ORIENTED_EDGE('',*,*,#10955,.T.);
#10970 = ORIENTED_EDGE('',*,*,#10926,.T.);
#10971 = ORIENTED_EDGE('',*,*,#10895,.T.);
#10972 = ORIENTED_EDGE('',*,*,#10864,.T.);
#10973 = PLANE('',#10974);
#10974 = AXIS2_PLACEMENT_3D('',#10975,#10976,#10977);
#10975 = CARTESIAN_POINT('',(0.205,0.53,0.45));
#10976 = DIRECTION('',(0.,0.,1.));
#10977 = DIRECTION('',(1.,0.,-0.));
#10978 = ADVANCED_FACE('',(#10979),#10985,.F.);
#10979 = FACE_BOUND('',#10980,.T.);
#10980 = EDGE_LOOP('',(#10981,#10982,#10983,#10984));
#10981 = ORIENTED_EDGE('',*,*,#10948,.F.);
#10982 = ORIENTED_EDGE('',*,*,#10846,.F.);
#10983 = ORIENTED_EDGE('',*,*,#10886,.F.);
#10984 = ORIENTED_EDGE('',*,*,#10917,.F.);
#10985 = PLANE('',#10986);
#10986 = AXIS2_PLACEMENT_3D('',#10987,#10988,#10989);
#10987 = CARTESIAN_POINT('',(0.205,0.53,0.265));
#10988 = DIRECTION('',(0.,0.,1.));
#10989 = DIRECTION('',(1.,0.,-0.));
#10990 = MANIFOLD_SOLID_BREP('',#10991);
#10991 = CLOSED_SHELL('',(#10992,#11032,#11063,#11094,#11143,#11167,
    #11191,#11226,#11248,#11260));
#10992 = ADVANCED_FACE('',(#10993),#11027,.F.);
#10993 = FACE_BOUND('',#10994,.T.);
#10994 = EDGE_LOOP('',(#10995,#11005,#11013,#11021));
#10995 = ORIENTED_EDGE('',*,*,#10996,.F.);
#10996 = EDGE_CURVE('',#10997,#10999,#11001,.T.);
#10997 = VERTEX_POINT('',#10998);
#10998 = CARTESIAN_POINT('',(-0.6,-0.14,0.45));
#10999 = VERTEX_POINT('',#11000);
#11000 = CARTESIAN_POINT('',(-0.6,0.11,0.45));
#11001 = LINE('',#11002,#11003);
#11002 = CARTESIAN_POINT('',(-0.6,0.5175,0.45));
#11003 = VECTOR('',#11004,1.);
#11004 = DIRECTION('',(0.,1.,2.775557561563E-16));
#11005 = ORIENTED_EDGE('',*,*,#11006,.F.);
#11006 = EDGE_CURVE('',#11007,#10997,#11009,.T.);
#11007 = VERTEX_POINT('',#11008);
#11008 = CARTESIAN_POINT('',(0.6,-0.14,0.45));
#11009 = LINE('',#11010,#11011);
#11010 = CARTESIAN_POINT('',(0.6,-0.14,0.45));
#11011 = VECTOR('',#11012,1.);
#11012 = DIRECTION('',(-1.,0.,0.));
#11013 = ORIENTED_EDGE('',*,*,#11014,.F.);
#11014 = EDGE_CURVE('',#11015,#11007,#11017,.T.);
#11015 = VERTEX_POINT('',#11016);
#11016 = CARTESIAN_POINT('',(0.6,0.11,0.45));
#11017 = LINE('',#11018,#11019);
#11018 = CARTESIAN_POINT('',(0.6,-0.4075,0.45));
#11019 = VECTOR('',#11020,1.);
#11020 = DIRECTION('',(0.,-1.,-2.775557561563E-16));
#11021 = ORIENTED_EDGE('',*,*,#11022,.T.);
#11022 = EDGE_CURVE('',#11015,#10999,#11023,.T.);
#11023 = LINE('',#11024,#11025);
#11024 = CARTESIAN_POINT('',(0.6,0.11,0.45));
#11025 = VECTOR('',#11026,1.);
#11026 = DIRECTION('',(-1.,0.,0.));
#11027 = PLANE('',#11028);
#11028 = AXIS2_PLACEMENT_3D('',#11029,#11030,#11031);
#11029 = CARTESIAN_POINT('',(0.6,0.11,0.45));
#11030 = DIRECTION('',(0.,2.775557561563E-16,-1.));
#11031 = DIRECTION('',(0.,-1.,-2.775557561563E-16));
#11032 = ADVANCED_FACE('',(#11033),#11058,.F.);
#11033 = FACE_BOUND('',#11034,.T.);
#11034 = EDGE_LOOP('',(#11035,#11043,#11044,#11052));
#11035 = ORIENTED_EDGE('',*,*,#11036,.F.);
#11036 = EDGE_CURVE('',#10999,#11037,#11039,.T.);
#11037 = VERTEX_POINT('',#11038);
#11038 = CARTESIAN_POINT('',(-0.6,0.11,0.6));
#11039 = LINE('',#11040,#11041);
#11040 = CARTESIAN_POINT('',(-0.6,0.11,0.42));
#11041 = VECTOR('',#11042,1.);
#11042 = DIRECTION('',(0.,0.,1.));
#11043 = ORIENTED_EDGE('',*,*,#11022,.F.);
#11044 = ORIENTED_EDGE('',*,*,#11045,.F.);
#11045 = EDGE_CURVE('',#11046,#11015,#11048,.T.);
#11046 = VERTEX_POINT('',#11047);
#11047 = CARTESIAN_POINT('',(0.6,0.11,0.6));
#11048 = LINE('',#11049,#11050);
#11049 = CARTESIAN_POINT('',(0.6,0.11,0.42));
#11050 = VECTOR('',#11051,1.);
#11051 = DIRECTION('',(0.,0.,-1.));
#11052 = ORIENTED_EDGE('',*,*,#11053,.F.);
#11053 = EDGE_CURVE('',#11037,#11046,#11054,.T.);
#11054 = LINE('',#11055,#11056);
#11055 = CARTESIAN_POINT('',(0.3,0.11,0.6));
#11056 = VECTOR('',#11057,1.);
#11057 = DIRECTION('',(1.,0.,0.));
#11058 = PLANE('',#11059);
#11059 = AXIS2_PLACEMENT_3D('',#11060,#11061,#11062);
#11060 = CARTESIAN_POINT('',(0.6,0.11,0.6));
#11061 = DIRECTION('',(0.,1.,0.));
#11062 = DIRECTION('',(0.,0.,-1.));
#11063 = ADVANCED_FACE('',(#11064),#11089,.F.);
#11064 = FACE_BOUND('',#11065,.T.);
#11065 = EDGE_LOOP('',(#11066,#11074,#11082,#11088));
#11066 = ORIENTED_EDGE('',*,*,#11067,.F.);
#11067 = EDGE_CURVE('',#11068,#10997,#11070,.T.);
#11068 = VERTEX_POINT('',#11069);
#11069 = CARTESIAN_POINT('',(-0.6,-0.14,0.6));
#11070 = LINE('',#11071,#11072);
#11071 = CARTESIAN_POINT('',(-0.6,-0.14,0.345));
#11072 = VECTOR('',#11073,1.);
#11073 = DIRECTION('',(0.,0.,-1.));
#11074 = ORIENTED_EDGE('',*,*,#11075,.F.);
#11075 = EDGE_CURVE('',#11076,#11068,#11078,.T.);
#11076 = VERTEX_POINT('',#11077);
#11077 = CARTESIAN_POINT('',(0.6,-0.14,0.6));
#11078 = LINE('',#11079,#11080);
#11079 = CARTESIAN_POINT('',(0.3,-0.14,0.6));
#11080 = VECTOR('',#11081,1.);
#11081 = DIRECTION('',(-1.,0.,0.));
#11082 = ORIENTED_EDGE('',*,*,#11083,.F.);
#11083 = EDGE_CURVE('',#11007,#11076,#11084,.T.);
#11084 = LINE('',#11085,#11086);
#11085 = CARTESIAN_POINT('',(0.6,-0.14,0.345));
#11086 = VECTOR('',#11087,1.);
#11087 = DIRECTION('',(0.,0.,1.));
#11088 = ORIENTED_EDGE('',*,*,#11006,.T.);
#11089 = PLANE('',#11090);
#11090 = AXIS2_PLACEMENT_3D('',#11091,#11092,#11093);
#11091 = CARTESIAN_POINT('',(0.6,-0.14,0.45));
#11092 = DIRECTION('',(0.,-1.,0.));
#11093 = DIRECTION('',(0.,0.,1.));
#11094 = ADVANCED_FACE('',(#11095),#11138,.T.);
#11095 = FACE_BOUND('',#11096,.T.);
#11096 = EDGE_LOOP('',(#11097,#11098,#11099,#11100,#11108,#11116,#11124,
    #11132));
#11097 = ORIENTED_EDGE('',*,*,#11067,.T.);
#11098 = ORIENTED_EDGE('',*,*,#10996,.T.);
#11099 = ORIENTED_EDGE('',*,*,#11036,.T.);
#11100 = ORIENTED_EDGE('',*,*,#11101,.F.);
#11101 = EDGE_CURVE('',#11102,#11037,#11104,.T.);
#11102 = VERTEX_POINT('',#11103);
#11103 = CARTESIAN_POINT('',(-0.6,0.925,0.6));
#11104 = LINE('',#11105,#11106);
#11105 = CARTESIAN_POINT('',(-0.6,0.925,0.6));
#11106 = VECTOR('',#11107,1.);
#11107 = DIRECTION('',(0.,-1.,0.));
#11108 = ORIENTED_EDGE('',*,*,#11109,.F.);
#11109 = EDGE_CURVE('',#11110,#11102,#11112,.T.);
#11110 = VERTEX_POINT('',#11111);
#11111 = CARTESIAN_POINT('',(-0.6,0.925,0.24));
#11112 = LINE('',#11113,#11114);
#11113 = CARTESIAN_POINT('',(-0.6,0.925,0.24));
#11114 = VECTOR('',#11115,1.);
#11115 = DIRECTION('',(0.,0.,1.));
#11116 = ORIENTED_EDGE('',*,*,#11117,.T.);
#11117 = EDGE_CURVE('',#11110,#11118,#11120,.T.);
#11118 = VERTEX_POINT('',#11119);
#11119 = CARTESIAN_POINT('',(-0.6,-0.925,0.24));
#11120 = LINE('',#11121,#11122);
#11121 = CARTESIAN_POINT('',(-0.6,0.925,0.24));
#11122 = VECTOR('',#11123,1.);
#11123 = DIRECTION('',(0.,-1.,0.));
#11124 = ORIENTED_EDGE('',*,*,#11125,.T.);
#11125 = EDGE_CURVE('',#11118,#11126,#11128,.T.);
#11126 = VERTEX_POINT('',#11127);
#11127 = CARTESIAN_POINT('',(-0.6,-0.925,0.6));
#11128 = LINE('',#11129,#11130);
#11129 = CARTESIAN_POINT('',(-0.6,-0.925,0.24));
#11130 = VECTOR('',#11131,1.);
#11131 = DIRECTION('',(0.,0.,1.));
#11132 = ORIENTED_EDGE('',*,*,#11133,.F.);
#11133 = EDGE_CURVE('',#11068,#11126,#11134,.T.);
#11134 = LINE('',#11135,#11136);
#11135 = CARTESIAN_POINT('',(-0.6,0.925,0.6));
#11136 = VECTOR('',#11137,1.);
#11137 = DIRECTION('',(0.,-1.,0.));
#11138 = PLANE('',#11139);
#11139 = AXIS2_PLACEMENT_3D('',#11140,#11141,#11142);
#11140 = CARTESIAN_POINT('',(-0.6,0.925,0.24));
#11141 = DIRECTION('',(-1.,0.,0.));
#11142 = DIRECTION('',(0.,-1.,0.));
#11143 = ADVANCED_FACE('',(#11144),#11162,.T.);
#11144 = FACE_BOUND('',#11145,.T.);
#11145 = EDGE_LOOP('',(#11146,#11147,#11155,#11161));
#11146 = ORIENTED_EDGE('',*,*,#11053,.T.);
#11147 = ORIENTED_EDGE('',*,*,#11148,.T.);
#11148 = EDGE_CURVE('',#11046,#11149,#11151,.T.);
#11149 = VERTEX_POINT('',#11150);
#11150 = CARTESIAN_POINT('',(0.6,0.925,0.6));
#11151 = LINE('',#11152,#11153);
#11152 = CARTESIAN_POINT('',(0.6,-0.925,0.6));
#11153 = VECTOR('',#11154,1.);
#11154 = DIRECTION('',(0.,1.,0.));
#11155 = ORIENTED_EDGE('',*,*,#11156,.T.);
#11156 = EDGE_CURVE('',#11149,#11102,#11157,.T.);
#11157 = LINE('',#11158,#11159);
#11158 = CARTESIAN_POINT('',(0.6,0.925,0.6));
#11159 = VECTOR('',#11160,1.);
#11160 = DIRECTION('',(-1.,0.,0.));
#11161 = ORIENTED_EDGE('',*,*,#11101,.T.);
#11162 = PLANE('',#11163);
#11163 = AXIS2_PLACEMENT_3D('',#11164,#11165,#11166);
#11164 = CARTESIAN_POINT('',(0.,0.,0.6));
#11165 = DIRECTION('',(0.,0.,1.));
#11166 = DIRECTION('',(1.,0.,-0.));
#11167 = ADVANCED_FACE('',(#11168),#11186,.T.);
#11168 = FACE_BOUND('',#11169,.T.);
#11169 = EDGE_LOOP('',(#11170,#11178,#11179,#11180));
#11170 = ORIENTED_EDGE('',*,*,#11171,.T.);
#11171 = EDGE_CURVE('',#11172,#11110,#11174,.T.);
#11172 = VERTEX_POINT('',#11173);
#11173 = CARTESIAN_POINT('',(0.6,0.925,0.24));
#11174 = LINE('',#11175,#11176);
#11175 = CARTESIAN_POINT('',(0.6,0.925,0.24));
#11176 = VECTOR('',#11177,1.);
#11177 = DIRECTION('',(-1.,0.,0.));
#11178 = ORIENTED_EDGE('',*,*,#11109,.T.);
#11179 = ORIENTED_EDGE('',*,*,#11156,.F.);
#11180 = ORIENTED_EDGE('',*,*,#11181,.F.);
#11181 = EDGE_CURVE('',#11172,#11149,#11182,.T.);
#11182 = LINE('',#11183,#11184);
#11183 = CARTESIAN_POINT('',(0.6,0.925,0.24));
#11184 = VECTOR('',#11185,1.);
#11185 = DIRECTION('',(0.,0.,1.));
#11186 = PLANE('',#11187);
#11187 = AXIS2_PLACEMENT_3D('',#11188,#11189,#11190);
#11188 = CARTESIAN_POINT('',(0.6,0.925,0.24));
#11189 = DIRECTION('',(0.,1.,0.));
#11190 = DIRECTION('',(-1.,0.,0.));
#11191 = ADVANCED_FACE('',(#11192),#11221,.T.);
#11192 = FACE_BOUND('',#11193,.T.);
#11193 = EDGE_LOOP('',(#11194,#11195,#11203,#11211,#11217,#11218,#11219,
    #11220));
#11194 = ORIENTED_EDGE('',*,*,#11083,.T.);
#11195 = ORIENTED_EDGE('',*,*,#11196,.F.);
#11196 = EDGE_CURVE('',#11197,#11076,#11199,.T.);
#11197 = VERTEX_POINT('',#11198);
#11198 = CARTESIAN_POINT('',(0.6,-0.925,0.6));
#11199 = LINE('',#11200,#11201);
#11200 = CARTESIAN_POINT('',(0.6,-0.925,0.6));
#11201 = VECTOR('',#11202,1.);
#11202 = DIRECTION('',(0.,1.,0.));
#11203 = ORIENTED_EDGE('',*,*,#11204,.F.);
#11204 = EDGE_CURVE('',#11205,#11197,#11207,.T.);
#11205 = VERTEX_POINT('',#11206);
#11206 = CARTESIAN_POINT('',(0.6,-0.925,0.24));
#11207 = LINE('',#11208,#11209);
#11208 = CARTESIAN_POINT('',(0.6,-0.925,0.24));
#11209 = VECTOR('',#11210,1.);
#11210 = DIRECTION('',(0.,0.,1.));
#11211 = ORIENTED_EDGE('',*,*,#11212,.T.);
#11212 = EDGE_CURVE('',#11205,#11172,#11213,.T.);
#11213 = LINE('',#11214,#11215);
#11214 = CARTESIAN_POINT('',(0.6,-0.925,0.24));
#11215 = VECTOR('',#11216,1.);
#11216 = DIRECTION('',(0.,1.,0.));
#11217 = ORIENTED_EDGE('',*,*,#11181,.T.);
#11218 = ORIENTED_EDGE('',*,*,#11148,.F.);
#11219 = ORIENTED_EDGE('',*,*,#11045,.T.);
#11220 = ORIENTED_EDGE('',*,*,#11014,.T.);
#11221 = PLANE('',#11222);
#11222 = AXIS2_PLACEMENT_3D('',#11223,#11224,#11225);
#11223 = CARTESIAN_POINT('',(0.6,-0.925,0.24));
#11224 = DIRECTION('',(1.,0.,0.));
#11225 = DIRECTION('',(-0.,1.,0.));
#11226 = ADVANCED_FACE('',(#11227),#11243,.T.);
#11227 = FACE_BOUND('',#11228,.T.);
#11228 = EDGE_LOOP('',(#11229,#11235,#11236,#11242));
#11229 = ORIENTED_EDGE('',*,*,#11230,.T.);
#11230 = EDGE_CURVE('',#11118,#11205,#11231,.T.);
#11231 = LINE('',#11232,#11233);
#11232 = CARTESIAN_POINT('',(-0.6,-0.925,0.24));
#11233 = VECTOR('',#11234,1.);
#11234 = DIRECTION('',(1.,0.,0.));
#11235 = ORIENTED_EDGE('',*,*,#11204,.T.);
#11236 = ORIENTED_EDGE('',*,*,#11237,.F.);
#11237 = EDGE_CURVE('',#11126,#11197,#11238,.T.);
#11238 = LINE('',#11239,#11240);
#11239 = CARTESIAN_POINT('',(-0.6,-0.925,0.6));
#11240 = VECTOR('',#11241,1.);
#11241 = DIRECTION('',(1.,0.,0.));
#11242 = ORIENTED_EDGE('',*,*,#11125,.F.);
#11243 = PLANE('',#11244);
#11244 = AXIS2_PLACEMENT_3D('',#11245,#11246,#11247);
#11245 = CARTESIAN_POINT('',(-0.6,-0.925,0.24));
#11246 = DIRECTION('',(0.,-1.,0.));
#11247 = DIRECTION('',(1.,0.,0.));
#11248 = ADVANCED_FACE('',(#11249),#11255,.T.);
#11249 = FACE_BOUND('',#11250,.T.);
#11250 = EDGE_LOOP('',(#11251,#11252,#11253,#11254));
#11251 = ORIENTED_EDGE('',*,*,#11075,.T.);
#11252 = ORIENTED_EDGE('',*,*,#11133,.T.);
#11253 = ORIENTED_EDGE('',*,*,#11237,.T.);
#11254 = ORIENTED_EDGE('',*,*,#11196,.T.);
#11255 = PLANE('',#11256);
#11256 = AXIS2_PLACEMENT_3D('',#11257,#11258,#11259);
#11257 = CARTESIAN_POINT('',(0.,0.,0.6));
#11258 = DIRECTION('',(0.,0.,1.));
#11259 = DIRECTION('',(1.,0.,-0.));
#11260 = ADVANCED_FACE('',(#11261),#11267,.F.);
#11261 = FACE_BOUND('',#11262,.T.);
#11262 = EDGE_LOOP('',(#11263,#11264,#11265,#11266));
#11263 = ORIENTED_EDGE('',*,*,#11230,.F.);
#11264 = ORIENTED_EDGE('',*,*,#11117,.F.);
#11265 = ORIENTED_EDGE('',*,*,#11171,.F.);
#11266 = ORIENTED_EDGE('',*,*,#11212,.F.);
#11267 = PLANE('',#11268);
#11268 = AXIS2_PLACEMENT_3D('',#11269,#11270,#11271);
#11269 = CARTESIAN_POINT('',(0.,0.,0.24));
#11270 = DIRECTION('',(0.,0.,1.));
#11271 = DIRECTION('',(1.,0.,-0.));
#11272 = MANIFOLD_SOLID_BREP('',#11273);
#11273 = CLOSED_SHELL('',(#11274,#11314,#11345,#11376,#11398,#11410));
#11274 = ADVANCED_FACE('',(#11275),#11309,.T.);
#11275 = FACE_BOUND('',#11276,.T.);
#11276 = EDGE_LOOP('',(#11277,#11287,#11295,#11303));
#11277 = ORIENTED_EDGE('',*,*,#11278,.T.);
#11278 = EDGE_CURVE('',#11279,#11281,#11283,.T.);
#11279 = VERTEX_POINT('',#11280);
#11280 = CARTESIAN_POINT('',(0.4,0.725,0.265));
#11281 = VERTEX_POINT('',#11282);
#11282 = CARTESIAN_POINT('',(0.4,0.335,0.265));
#11283 = LINE('',#11284,#11285);
#11284 = CARTESIAN_POINT('',(0.4,0.725,0.265));
#11285 = VECTOR('',#11286,1.);
#11286 = DIRECTION('',(-5.337610695313E-16,-1.,0.));
#11287 = ORIENTED_EDGE('',*,*,#11288,.T.);
#11288 = EDGE_CURVE('',#11281,#11289,#11291,.T.);
#11289 = VERTEX_POINT('',#11290);
#11290 = CARTESIAN_POINT('',(0.4,0.335,0.258));
#11291 = LINE('',#11292,#11293);
#11292 = CARTESIAN_POINT('',(0.4,0.335,0.265));
#11293 = VECTOR('',#11294,1.);
#11294 = DIRECTION('',(0.,0.,-1.));
#11295 = ORIENTED_EDGE('',*,*,#11296,.F.);
#11296 = EDGE_CURVE('',#11297,#11289,#11299,.T.);
#11297 = VERTEX_POINT('',#11298);
#11298 = CARTESIAN_POINT('',(0.4,0.725,0.258));
#11299 = LINE('',#11300,#11301);
#11300 = CARTESIAN_POINT('',(0.4,0.725,0.258));
#11301 = VECTOR('',#11302,1.);
#11302 = DIRECTION('',(-5.337610695313E-16,-1.,0.));
#11303 = ORIENTED_EDGE('',*,*,#11304,.F.);
#11304 = EDGE_CURVE('',#11279,#11297,#11305,.T.);
#11305 = LINE('',#11306,#11307);
#11306 = CARTESIAN_POINT('',(0.4,0.725,0.265));
#11307 = VECTOR('',#11308,1.);
#11308 = DIRECTION('',(0.,0.,-1.));
#11309 = PLANE('',#11310);
#11310 = AXIS2_PLACEMENT_3D('',#11311,#11312,#11313);
#11311 = CARTESIAN_POINT('',(0.4,0.725,0.265));
#11312 = DIRECTION('',(1.,-5.337610695313E-16,0.));
#11313 = DIRECTION('',(-5.337610695313E-16,-1.,0.));
#11314 = ADVANCED_FACE('',(#11315),#11340,.T.);
#11315 = FACE_BOUND('',#11316,.T.);
#11316 = EDGE_LOOP('',(#11317,#11325,#11326,#11334));
#11317 = ORIENTED_EDGE('',*,*,#11318,.T.);
#11318 = EDGE_CURVE('',#11319,#11279,#11321,.T.);
#11319 = VERTEX_POINT('',#11320);
#11320 = CARTESIAN_POINT('',(1.E-02,0.725,0.265));
#11321 = LINE('',#11322,#11323);
#11322 = CARTESIAN_POINT('',(1.E-02,0.725,0.265));
#11323 = VECTOR('',#11324,1.);
#11324 = DIRECTION('',(1.,-3.558407130209E-16,0.));
#11325 = ORIENTED_EDGE('',*,*,#11304,.T.);
#11326 = ORIENTED_EDGE('',*,*,#11327,.F.);
#11327 = EDGE_CURVE('',#11328,#11297,#11330,.T.);
#11328 = VERTEX_POINT('',#11329);
#11329 = CARTESIAN_POINT('',(1.E-02,0.725,0.258));
#11330 = LINE('',#11331,#11332);
#11331 = CARTESIAN_POINT('',(1.E-02,0.725,0.258));
#11332 = VECTOR('',#11333,1.);
#11333 = DIRECTION('',(1.,-3.558407130209E-16,0.));
#11334 = ORIENTED_EDGE('',*,*,#11335,.F.);
#11335 = EDGE_CURVE('',#11319,#11328,#11336,.T.);
#11336 = LINE('',#11337,#11338);
#11337 = CARTESIAN_POINT('',(1.E-02,0.725,0.265));
#11338 = VECTOR('',#11339,1.);
#11339 = DIRECTION('',(0.,0.,-1.));
#11340 = PLANE('',#11341);
#11341 = AXIS2_PLACEMENT_3D('',#11342,#11343,#11344);
#11342 = CARTESIAN_POINT('',(1.E-02,0.725,0.265));
#11343 = DIRECTION('',(3.558407130209E-16,1.,0.));
#11344 = DIRECTION('',(1.,-3.558407130209E-16,0.));
#11345 = ADVANCED_FACE('',(#11346),#11371,.T.);
#11346 = FACE_BOUND('',#11347,.T.);
#11347 = EDGE_LOOP('',(#11348,#11356,#11357,#11365));
#11348 = ORIENTED_EDGE('',*,*,#11349,.T.);
#11349 = EDGE_CURVE('',#11350,#11319,#11352,.T.);
#11350 = VERTEX_POINT('',#11351);
#11351 = CARTESIAN_POINT('',(1.E-02,0.335,0.265));
#11352 = LINE('',#11353,#11354);
#11353 = CARTESIAN_POINT('',(1.E-02,0.335,0.265));
#11354 = VECTOR('',#11355,1.);
#11355 = DIRECTION('',(1.779203565104E-16,1.,0.));
#11356 = ORIENTED_EDGE('',*,*,#11335,.T.);
#11357 = ORIENTED_EDGE('',*,*,#11358,.F.);
#11358 = EDGE_CURVE('',#11359,#11328,#11361,.T.);
#11359 = VERTEX_POINT('',#11360);
#11360 = CARTESIAN_POINT('',(1.E-02,0.335,0.258));
#11361 = LINE('',#11362,#11363);
#11362 = CARTESIAN_POINT('',(1.E-02,0.335,0.258));
#11363 = VECTOR('',#11364,1.);
#11364 = DIRECTION('',(1.779203565104E-16,1.,0.));
#11365 = ORIENTED_EDGE('',*,*,#11366,.F.);
#11366 = EDGE_CURVE('',#11350,#11359,#11367,.T.);
#11367 = LINE('',#11368,#11369);
#11368 = CARTESIAN_POINT('',(1.E-02,0.335,0.265));
#11369 = VECTOR('',#11370,1.);
#11370 = DIRECTION('',(0.,0.,-1.));
#11371 = PLANE('',#11372);
#11372 = AXIS2_PLACEMENT_3D('',#11373,#11374,#11375);
#11373 = CARTESIAN_POINT('',(1.E-02,0.335,0.265));
#11374 = DIRECTION('',(-1.,1.779203565104E-16,0.));
#11375 = DIRECTION('',(1.779203565104E-16,1.,0.));
#11376 = ADVANCED_FACE('',(#11377),#11393,.T.);
#11377 = FACE_BOUND('',#11378,.T.);
#11378 = EDGE_LOOP('',(#11379,#11385,#11386,#11392));
#11379 = ORIENTED_EDGE('',*,*,#11380,.T.);
#11380 = EDGE_CURVE('',#11281,#11350,#11381,.T.);
#11381 = LINE('',#11382,#11383);
#11382 = CARTESIAN_POINT('',(0.4,0.335,0.265));
#11383 = VECTOR('',#11384,1.);
#11384 = DIRECTION('',(-1.,1.779203565104E-16,0.));
#11385 = ORIENTED_EDGE('',*,*,#11366,.T.);
#11386 = ORIENTED_EDGE('',*,*,#11387,.F.);
#11387 = EDGE_CURVE('',#11289,#11359,#11388,.T.);
#11388 = LINE('',#11389,#11390);
#11389 = CARTESIAN_POINT('',(0.4,0.335,0.258));
#11390 = VECTOR('',#11391,1.);
#11391 = DIRECTION('',(-1.,1.779203565104E-16,0.));
#11392 = ORIENTED_EDGE('',*,*,#11288,.F.);
#11393 = PLANE('',#11394);
#11394 = AXIS2_PLACEMENT_3D('',#11395,#11396,#11397);
#11395 = CARTESIAN_POINT('',(0.4,0.335,0.265));
#11396 = DIRECTION('',(-1.779203565104E-16,-1.,0.));
#11397 = DIRECTION('',(-1.,1.779203565104E-16,0.));
#11398 = ADVANCED_FACE('',(#11399),#11405,.T.);
#11399 = FACE_BOUND('',#11400,.T.);
#11400 = EDGE_LOOP('',(#11401,#11402,#11403,#11404));
#11401 = ORIENTED_EDGE('',*,*,#11387,.T.);
#11402 = ORIENTED_EDGE('',*,*,#11358,.T.);
#11403 = ORIENTED_EDGE('',*,*,#11327,.T.);
#11404 = ORIENTED_EDGE('',*,*,#11296,.T.);
#11405 = PLANE('',#11406);
#11406 = AXIS2_PLACEMENT_3D('',#11407,#11408,#11409);
#11407 = CARTESIAN_POINT('',(0.205,0.53,0.258));
#11408 = DIRECTION('',(0.,0.,-1.));
#11409 = DIRECTION('',(-1.,0.,0.));
#11410 = ADVANCED_FACE('',(#11411),#11417,.T.);
#11411 = FACE_BOUND('',#11412,.T.);
#11412 = EDGE_LOOP('',(#11413,#11414,#11415,#11416));
#11413 = ORIENTED_EDGE('',*,*,#11380,.F.);
#11414 = ORIENTED_EDGE('',*,*,#11278,.F.);
#11415 = ORIENTED_EDGE('',*,*,#11318,.F.);
#11416 = ORIENTED_EDGE('',*,*,#11349,.F.);
#11417 = PLANE('',#11418);
#11418 = AXIS2_PLACEMENT_3D('',#11419,#11420,#11421);
#11419 = CARTESIAN_POINT('',(0.205,0.53,0.265));
#11420 = DIRECTION('',(0.,0.,1.));
#11421 = DIRECTION('',(1.,0.,-0.));
#11422 = MANIFOLD_SOLID_BREP('',#11423);
#11423 = CLOSED_SHELL('',(#11424,#11464,#11495,#11526,#11548,#11560));
#11424 = ADVANCED_FACE('',(#11425),#11459,.T.);
#11425 = FACE_BOUND('',#11426,.T.);
#11426 = EDGE_LOOP('',(#11427,#11437,#11445,#11453));
#11427 = ORIENTED_EDGE('',*,*,#11428,.T.);
#11428 = EDGE_CURVE('',#11429,#11431,#11433,.T.);
#11429 = VERTEX_POINT('',#11430);
#11430 = CARTESIAN_POINT('',(0.2665,-0.558,0.265));
#11431 = VERTEX_POINT('',#11432);
#11432 = CARTESIAN_POINT('',(0.2665,-0.733,0.265));
#11433 = LINE('',#11434,#11435);
#11434 = CARTESIAN_POINT('',(0.2665,-0.558,0.265));
#11435 = VECTOR('',#11436,1.);
#11436 = DIRECTION('',(7.930164461608E-16,-1.,0.));
#11437 = ORIENTED_EDGE('',*,*,#11438,.T.);
#11438 = EDGE_CURVE('',#11431,#11439,#11441,.T.);
#11439 = VERTEX_POINT('',#11440);
#11440 = CARTESIAN_POINT('',(0.2665,-0.733,0.258));
#11441 = LINE('',#11442,#11443);
#11442 = CARTESIAN_POINT('',(0.2665,-0.733,0.265));
#11443 = VECTOR('',#11444,1.);
#11444 = DIRECTION('',(0.,0.,-1.));
#11445 = ORIENTED_EDGE('',*,*,#11446,.F.);
#11446 = EDGE_CURVE('',#11447,#11439,#11449,.T.);
#11447 = VERTEX_POINT('',#11448);
#11448 = CARTESIAN_POINT('',(0.2665,-0.558,0.258));
#11449 = LINE('',#11450,#11451);
#11450 = CARTESIAN_POINT('',(0.2665,-0.558,0.258));
#11451 = VECTOR('',#11452,1.);
#11452 = DIRECTION('',(7.930164461608E-16,-1.,0.));
#11453 = ORIENTED_EDGE('',*,*,#11454,.F.);
#11454 = EDGE_CURVE('',#11429,#11447,#11455,.T.);
#11455 = LINE('',#11456,#11457);
#11456 = CARTESIAN_POINT('',(0.2665,-0.558,0.265));
#11457 = VECTOR('',#11458,1.);
#11458 = DIRECTION('',(0.,0.,-1.));
#11459 = PLANE('',#11460);
#11460 = AXIS2_PLACEMENT_3D('',#11461,#11462,#11463);
#11461 = CARTESIAN_POINT('',(0.2665,-0.558,0.265));
#11462 = DIRECTION('',(1.,7.930164461608E-16,0.));
#11463 = DIRECTION('',(7.930164461608E-16,-1.,0.));
#11464 = ADVANCED_FACE('',(#11465),#11490,.T.);
#11465 = FACE_BOUND('',#11466,.T.);
#11466 = EDGE_LOOP('',(#11467,#11475,#11476,#11484));
#11467 = ORIENTED_EDGE('',*,*,#11468,.T.);
#11468 = EDGE_CURVE('',#11469,#11429,#11471,.T.);
#11469 = VERTEX_POINT('',#11470);
#11470 = CARTESIAN_POINT('',(9.15E-02,-0.558,0.265));
#11471 = LINE('',#11472,#11473);
#11472 = CARTESIAN_POINT('',(9.15E-02,-0.558,0.265));
#11473 = VECTOR('',#11474,1.);
#11474 = DIRECTION('',(1.,0.,0.));
#11475 = ORIENTED_EDGE('',*,*,#11454,.T.);
#11476 = ORIENTED_EDGE('',*,*,#11477,.F.);
#11477 = EDGE_CURVE('',#11478,#11447,#11480,.T.);
#11478 = VERTEX_POINT('',#11479);
#11479 = CARTESIAN_POINT('',(9.15E-02,-0.558,0.258));
#11480 = LINE('',#11481,#11482);
#11481 = CARTESIAN_POINT('',(9.15E-02,-0.558,0.258));
#11482 = VECTOR('',#11483,1.);
#11483 = DIRECTION('',(1.,0.,0.));
#11484 = ORIENTED_EDGE('',*,*,#11485,.F.);
#11485 = EDGE_CURVE('',#11469,#11478,#11486,.T.);
#11486 = LINE('',#11487,#11488);
#11487 = CARTESIAN_POINT('',(9.15E-02,-0.558,0.265));
#11488 = VECTOR('',#11489,1.);
#11489 = DIRECTION('',(0.,0.,-1.));
#11490 = PLANE('',#11491);
#11491 = AXIS2_PLACEMENT_3D('',#11492,#11493,#11494);
#11492 = CARTESIAN_POINT('',(9.15E-02,-0.558,0.265));
#11493 = DIRECTION('',(0.,1.,0.));
#11494 = DIRECTION('',(1.,0.,0.));
#11495 = ADVANCED_FACE('',(#11496),#11521,.T.);
#11496 = FACE_BOUND('',#11497,.T.);
#11497 = EDGE_LOOP('',(#11498,#11506,#11507,#11515));
#11498 = ORIENTED_EDGE('',*,*,#11499,.T.);
#11499 = EDGE_CURVE('',#11500,#11469,#11502,.T.);
#11500 = VERTEX_POINT('',#11501);
#11501 = CARTESIAN_POINT('',(9.15E-02,-0.733,0.265));
#11502 = LINE('',#11503,#11504);
#11503 = CARTESIAN_POINT('',(9.15E-02,-0.733,0.265));
#11504 = VECTOR('',#11505,1.);
#11505 = DIRECTION('',(0.,1.,0.));
#11506 = ORIENTED_EDGE('',*,*,#11485,.T.);
#11507 = ORIENTED_EDGE('',*,*,#11508,.F.);
#11508 = EDGE_CURVE('',#11509,#11478,#11511,.T.);
#11509 = VERTEX_POINT('',#11510);
#11510 = CARTESIAN_POINT('',(9.15E-02,-0.733,0.258));
#11511 = LINE('',#11512,#11513);
#11512 = CARTESIAN_POINT('',(9.15E-02,-0.733,0.258));
#11513 = VECTOR('',#11514,1.);
#11514 = DIRECTION('',(0.,1.,0.));
#11515 = ORIENTED_EDGE('',*,*,#11516,.F.);
#11516 = EDGE_CURVE('',#11500,#11509,#11517,.T.);
#11517 = LINE('',#11518,#11519);
#11518 = CARTESIAN_POINT('',(9.15E-02,-0.733,0.265));
#11519 = VECTOR('',#11520,1.);
#11520 = DIRECTION('',(0.,0.,-1.));
#11521 = PLANE('',#11522);
#11522 = AXIS2_PLACEMENT_3D('',#11523,#11524,#11525);
#11523 = CARTESIAN_POINT('',(9.15E-02,-0.733,0.265));
#11524 = DIRECTION('',(-1.,0.,0.));
#11525 = DIRECTION('',(0.,1.,0.));
#11526 = ADVANCED_FACE('',(#11527),#11543,.T.);
#11527 = FACE_BOUND('',#11528,.T.);
#11528 = EDGE_LOOP('',(#11529,#11535,#11536,#11542));
#11529 = ORIENTED_EDGE('',*,*,#11530,.T.);
#11530 = EDGE_CURVE('',#11431,#11500,#11531,.T.);
#11531 = LINE('',#11532,#11533);
#11532 = CARTESIAN_POINT('',(0.2665,-0.733,0.265));
#11533 = VECTOR('',#11534,1.);
#11534 = DIRECTION('',(-1.,0.,0.));
#11535 = ORIENTED_EDGE('',*,*,#11516,.T.);
#11536 = ORIENTED_EDGE('',*,*,#11537,.F.);
#11537 = EDGE_CURVE('',#11439,#11509,#11538,.T.);
#11538 = LINE('',#11539,#11540);
#11539 = CARTESIAN_POINT('',(0.2665,-0.733,0.258));
#11540 = VECTOR('',#11541,1.);
#11541 = DIRECTION('',(-1.,0.,0.));
#11542 = ORIENTED_EDGE('',*,*,#11438,.F.);
#11543 = PLANE('',#11544);
#11544 = AXIS2_PLACEMENT_3D('',#11545,#11546,#11547);
#11545 = CARTESIAN_POINT('',(0.2665,-0.733,0.265));
#11546 = DIRECTION('',(0.,-1.,0.));
#11547 = DIRECTION('',(-1.,0.,0.));
#11548 = ADVANCED_FACE('',(#11549),#11555,.T.);
#11549 = FACE_BOUND('',#11550,.T.);
#11550 = EDGE_LOOP('',(#11551,#11552,#11553,#11554));
#11551 = ORIENTED_EDGE('',*,*,#11537,.T.);
#11552 = ORIENTED_EDGE('',*,*,#11508,.T.);
#11553 = ORIENTED_EDGE('',*,*,#11477,.T.);
#11554 = ORIENTED_EDGE('',*,*,#11446,.T.);
#11555 = PLANE('',#11556);
#11556 = AXIS2_PLACEMENT_3D('',#11557,#11558,#11559);
#11557 = CARTESIAN_POINT('',(0.179,-0.6455,0.258));
#11558 = DIRECTION('',(0.,0.,-1.));
#11559 = DIRECTION('',(-1.,0.,0.));
#11560 = ADVANCED_FACE('',(#11561),#11567,.T.);
#11561 = FACE_BOUND('',#11562,.T.);
#11562 = EDGE_LOOP('',(#11563,#11564,#11565,#11566));
#11563 = ORIENTED_EDGE('',*,*,#11530,.F.);
#11564 = ORIENTED_EDGE('',*,*,#11428,.F.);
#11565 = ORIENTED_EDGE('',*,*,#11468,.F.);
#11566 = ORIENTED_EDGE('',*,*,#11499,.F.);
#11567 = PLANE('',#11568);
#11568 = AXIS2_PLACEMENT_3D('',#11569,#11570,#11571);
#11569 = CARTESIAN_POINT('',(0.179,-0.6455,0.265));
#11570 = DIRECTION('',(0.,0.,1.));
#11571 = DIRECTION('',(1.,0.,-0.));
#11572 = MANIFOLD_SOLID_BREP('',#11573);
#11573 = CLOSED_SHELL('',(#11574,#11614,#11645,#11676,#11698,#11710));
#11574 = ADVANCED_FACE('',(#11575),#11609,.T.);
#11575 = FACE_BOUND('',#11576,.T.);
#11576 = EDGE_LOOP('',(#11577,#11587,#11595,#11603));
#11577 = ORIENTED_EDGE('',*,*,#11578,.T.);
#11578 = EDGE_CURVE('',#11579,#11581,#11583,.T.);
#11579 = VERTEX_POINT('',#11580);
#11580 = CARTESIAN_POINT('',(-0.2175,-0.29,0.265));
#11581 = VERTEX_POINT('',#11582);
#11582 = CARTESIAN_POINT('',(-0.2175,-0.455,0.265));
#11583 = LINE('',#11584,#11585);
#11584 = CARTESIAN_POINT('',(-0.2175,-0.29,0.265));
#11585 = VECTOR('',#11586,1.);
#11586 = DIRECTION('',(-4.205390244792E-16,-1.,0.));
#11587 = ORIENTED_EDGE('',*,*,#11588,.T.);
#11588 = EDGE_CURVE('',#11581,#11589,#11591,.T.);
#11589 = VERTEX_POINT('',#11590);
#11590 = CARTESIAN_POINT('',(-0.2175,-0.455,0.258));
#11591 = LINE('',#11592,#11593);
#11592 = CARTESIAN_POINT('',(-0.2175,-0.455,0.265));
#11593 = VECTOR('',#11594,1.);
#11594 = DIRECTION('',(0.,0.,-1.));
#11595 = ORIENTED_EDGE('',*,*,#11596,.F.);
#11596 = EDGE_CURVE('',#11597,#11589,#11599,.T.);
#11597 = VERTEX_POINT('',#11598);
#11598 = CARTESIAN_POINT('',(-0.2175,-0.29,0.258));
#11599 = LINE('',#11600,#11601);
#11600 = CARTESIAN_POINT('',(-0.2175,-0.29,0.258));
#11601 = VECTOR('',#11602,1.);
#11602 = DIRECTION('',(-4.205390244792E-16,-1.,0.));
#11603 = ORIENTED_EDGE('',*,*,#11604,.F.);
#11604 = EDGE_CURVE('',#11579,#11597,#11605,.T.);
#11605 = LINE('',#11606,#11607);
#11606 = CARTESIAN_POINT('',(-0.2175,-0.29,0.265));
#11607 = VECTOR('',#11608,1.);
#11608 = DIRECTION('',(0.,0.,-1.));
#11609 = PLANE('',#11610);
#11610 = AXIS2_PLACEMENT_3D('',#11611,#11612,#11613);
#11611 = CARTESIAN_POINT('',(-0.2175,-0.29,0.265));
#11612 = DIRECTION('',(1.,-4.205390244792E-16,0.));
#11613 = DIRECTION('',(-4.205390244792E-16,-1.,0.));
#11614 = ADVANCED_FACE('',(#11615),#11640,.T.);
#11615 = FACE_BOUND('',#11616,.T.);
#11616 = EDGE_LOOP('',(#11617,#11625,#11626,#11634));
#11617 = ORIENTED_EDGE('',*,*,#11618,.T.);
#11618 = EDGE_CURVE('',#11619,#11579,#11621,.T.);
#11619 = VERTEX_POINT('',#11620);
#11620 = CARTESIAN_POINT('',(-0.3825,-0.29,0.265));
#11621 = LINE('',#11622,#11623);
#11622 = CARTESIAN_POINT('',(-0.3825,-0.29,0.265));
#11623 = VECTOR('',#11624,1.);
#11624 = DIRECTION('',(1.,0.,0.));
#11625 = ORIENTED_EDGE('',*,*,#11604,.T.);
#11626 = ORIENTED_EDGE('',*,*,#11627,.F.);
#11627 = EDGE_CURVE('',#11628,#11597,#11630,.T.);
#11628 = VERTEX_POINT('',#11629);
#11629 = CARTESIAN_POINT('',(-0.3825,-0.29,0.258));
#11630 = LINE('',#11631,#11632);
#11631 = CARTESIAN_POINT('',(-0.3825,-0.29,0.258));
#11632 = VECTOR('',#11633,1.);
#11633 = DIRECTION('',(1.,0.,0.));
#11634 = ORIENTED_EDGE('',*,*,#11635,.F.);
#11635 = EDGE_CURVE('',#11619,#11628,#11636,.T.);
#11636 = LINE('',#11637,#11638);
#11637 = CARTESIAN_POINT('',(-0.3825,-0.29,0.265));
#11638 = VECTOR('',#11639,1.);
#11639 = DIRECTION('',(0.,0.,-1.));
#11640 = PLANE('',#11641);
#11641 = AXIS2_PLACEMENT_3D('',#11642,#11643,#11644);
#11642 = CARTESIAN_POINT('',(-0.3825,-0.29,0.265));
#11643 = DIRECTION('',(0.,1.,0.));
#11644 = DIRECTION('',(1.,0.,0.));
#11645 = ADVANCED_FACE('',(#11646),#11671,.T.);
#11646 = FACE_BOUND('',#11647,.T.);
#11647 = EDGE_LOOP('',(#11648,#11656,#11657,#11665));
#11648 = ORIENTED_EDGE('',*,*,#11649,.T.);
#11649 = EDGE_CURVE('',#11650,#11619,#11652,.T.);
#11650 = VERTEX_POINT('',#11651);
#11651 = CARTESIAN_POINT('',(-0.3825,-0.455,0.265));
#11652 = LINE('',#11653,#11654);
#11653 = CARTESIAN_POINT('',(-0.3825,-0.455,0.265));
#11654 = VECTOR('',#11655,1.);
#11655 = DIRECTION('',(0.,1.,0.));
#11656 = ORIENTED_EDGE('',*,*,#11635,.T.);
#11657 = ORIENTED_EDGE('',*,*,#11658,.F.);
#11658 = EDGE_CURVE('',#11659,#11628,#11661,.T.);
#11659 = VERTEX_POINT('',#11660);
#11660 = CARTESIAN_POINT('',(-0.3825,-0.455,0.258));
#11661 = LINE('',#11662,#11663);
#11662 = CARTESIAN_POINT('',(-0.3825,-0.455,0.258));
#11663 = VECTOR('',#11664,1.);
#11664 = DIRECTION('',(0.,1.,0.));
#11665 = ORIENTED_EDGE('',*,*,#11666,.F.);
#11666 = EDGE_CURVE('',#11650,#11659,#11667,.T.);
#11667 = LINE('',#11668,#11669);
#11668 = CARTESIAN_POINT('',(-0.3825,-0.455,0.265));
#11669 = VECTOR('',#11670,1.);
#11670 = DIRECTION('',(0.,0.,-1.));
#11671 = PLANE('',#11672);
#11672 = AXIS2_PLACEMENT_3D('',#11673,#11674,#11675);
#11673 = CARTESIAN_POINT('',(-0.3825,-0.455,0.265));
#11674 = DIRECTION('',(-1.,0.,0.));
#11675 = DIRECTION('',(0.,1.,0.));
#11676 = ADVANCED_FACE('',(#11677),#11693,.T.);
#11677 = FACE_BOUND('',#11678,.T.);
#11678 = EDGE_LOOP('',(#11679,#11685,#11686,#11692));
#11679 = ORIENTED_EDGE('',*,*,#11680,.T.);
#11680 = EDGE_CURVE('',#11581,#11650,#11681,.T.);
#11681 = LINE('',#11682,#11683);
#11682 = CARTESIAN_POINT('',(-0.2175,-0.455,0.265));
#11683 = VECTOR('',#11684,1.);
#11684 = DIRECTION('',(-1.,0.,0.));
#11685 = ORIENTED_EDGE('',*,*,#11666,.T.);
#11686 = ORIENTED_EDGE('',*,*,#11687,.F.);
#11687 = EDGE_CURVE('',#11589,#11659,#11688,.T.);
#11688 = LINE('',#11689,#11690);
#11689 = CARTESIAN_POINT('',(-0.2175,-0.455,0.258));
#11690 = VECTOR('',#11691,1.);
#11691 = DIRECTION('',(-1.,0.,0.));
#11692 = ORIENTED_EDGE('',*,*,#11588,.F.);
#11693 = PLANE('',#11694);
#11694 = AXIS2_PLACEMENT_3D('',#11695,#11696,#11697);
#11695 = CARTESIAN_POINT('',(-0.2175,-0.455,0.265));
#11696 = DIRECTION('',(0.,-1.,0.));
#11697 = DIRECTION('',(-1.,0.,0.));
#11698 = ADVANCED_FACE('',(#11699),#11705,.T.);
#11699 = FACE_BOUND('',#11700,.T.);
#11700 = EDGE_LOOP('',(#11701,#11702,#11703,#11704));
#11701 = ORIENTED_EDGE('',*,*,#11687,.T.);
#11702 = ORIENTED_EDGE('',*,*,#11658,.T.);
#11703 = ORIENTED_EDGE('',*,*,#11627,.T.);
#11704 = ORIENTED_EDGE('',*,*,#11596,.T.);
#11705 = PLANE('',#11706);
#11706 = AXIS2_PLACEMENT_3D('',#11707,#11708,#11709);
#11707 = CARTESIAN_POINT('',(-0.3,-0.3725,0.258));
#11708 = DIRECTION('',(0.,0.,-1.));
#11709 = DIRECTION('',(-1.,0.,0.));
#11710 = ADVANCED_FACE('',(#11711),#11717,.T.);
#11711 = FACE_BOUND('',#11712,.T.);
#11712 = EDGE_LOOP('',(#11713,#11714,#11715,#11716));
#11713 = ORIENTED_EDGE('',*,*,#11680,.F.);
#11714 = ORIENTED_EDGE('',*,*,#11578,.F.);
#11715 = ORIENTED_EDGE('',*,*,#11618,.F.);
#11716 = ORIENTED_EDGE('',*,*,#11649,.F.);
#11717 = PLANE('',#11718);
#11718 = AXIS2_PLACEMENT_3D('',#11719,#11720,#11721);
#11719 = CARTESIAN_POINT('',(-0.3,-0.3725,0.265));
#11720 = DIRECTION('',(0.,0.,1.));
#11721 = DIRECTION('',(1.,0.,-0.));
#11722 = MANIFOLD_SOLID_BREP('',#11723);
#11723 = CLOSED_SHELL('',(#11724,#11764,#11795,#11826,#11848,#11860));
#11724 = ADVANCED_FACE('',(#11725),#11759,.T.);
#11725 = FACE_BOUND('',#11726,.T.);
#11726 = EDGE_LOOP('',(#11727,#11737,#11745,#11753));
#11727 = ORIENTED_EDGE('',*,*,#11728,.T.);
#11728 = EDGE_CURVE('',#11729,#11731,#11733,.T.);
#11729 = VERTEX_POINT('',#11730);
#11730 = CARTESIAN_POINT('',(0.2665,-0.558,0.258));
#11731 = VERTEX_POINT('',#11732);
#11732 = CARTESIAN_POINT('',(0.2665,-0.733,0.258));
#11733 = LINE('',#11734,#11735);
#11734 = CARTESIAN_POINT('',(0.2665,-0.558,0.258));
#11735 = VECTOR('',#11736,1.);
#11736 = DIRECTION('',(7.930164461608E-16,-1.,0.));
#11737 = ORIENTED_EDGE('',*,*,#11738,.T.);
#11738 = EDGE_CURVE('',#11731,#11739,#11741,.T.);
#11739 = VERTEX_POINT('',#11740);
#11740 = CARTESIAN_POINT('',(0.2665,-0.733,0.24));
#11741 = LINE('',#11742,#11743);
#11742 = CARTESIAN_POINT('',(0.2665,-0.733,0.258));
#11743 = VECTOR('',#11744,1.);
#11744 = DIRECTION('',(0.,0.,-1.));
#11745 = ORIENTED_EDGE('',*,*,#11746,.F.);
#11746 = EDGE_CURVE('',#11747,#11739,#11749,.T.);
#11747 = VERTEX_POINT('',#11748);
#11748 = CARTESIAN_POINT('',(0.2665,-0.558,0.24));
#11749 = LINE('',#11750,#11751);
#11750 = CARTESIAN_POINT('',(0.2665,-0.558,0.24));
#11751 = VECTOR('',#11752,1.);
#11752 = DIRECTION('',(7.930164461608E-16,-1.,0.));
#11753 = ORIENTED_EDGE('',*,*,#11754,.F.);
#11754 = EDGE_CURVE('',#11729,#11747,#11755,.T.);
#11755 = LINE('',#11756,#11757);
#11756 = CARTESIAN_POINT('',(0.2665,-0.558,0.258));
#11757 = VECTOR('',#11758,1.);
#11758 = DIRECTION('',(0.,0.,-1.));
#11759 = PLANE('',#11760);
#11760 = AXIS2_PLACEMENT_3D('',#11761,#11762,#11763);
#11761 = CARTESIAN_POINT('',(0.2665,-0.558,0.258));
#11762 = DIRECTION('',(1.,7.930164461608E-16,0.));
#11763 = DIRECTION('',(7.930164461608E-16,-1.,0.));
#11764 = ADVANCED_FACE('',(#11765),#11790,.T.);
#11765 = FACE_BOUND('',#11766,.T.);
#11766 = EDGE_LOOP('',(#11767,#11775,#11776,#11784));
#11767 = ORIENTED_EDGE('',*,*,#11768,.T.);
#11768 = EDGE_CURVE('',#11769,#11729,#11771,.T.);
#11769 = VERTEX_POINT('',#11770);
#11770 = CARTESIAN_POINT('',(9.15E-02,-0.558,0.258));
#11771 = LINE('',#11772,#11773);
#11772 = CARTESIAN_POINT('',(9.15E-02,-0.558,0.258));
#11773 = VECTOR('',#11774,1.);
#11774 = DIRECTION('',(1.,0.,0.));
#11775 = ORIENTED_EDGE('',*,*,#11754,.T.);
#11776 = ORIENTED_EDGE('',*,*,#11777,.F.);
#11777 = EDGE_CURVE('',#11778,#11747,#11780,.T.);
#11778 = VERTEX_POINT('',#11779);
#11779 = CARTESIAN_POINT('',(9.15E-02,-0.558,0.24));
#11780 = LINE('',#11781,#11782);
#11781 = CARTESIAN_POINT('',(9.15E-02,-0.558,0.24));
#11782 = VECTOR('',#11783,1.);
#11783 = DIRECTION('',(1.,0.,0.));
#11784 = ORIENTED_EDGE('',*,*,#11785,.F.);
#11785 = EDGE_CURVE('',#11769,#11778,#11786,.T.);
#11786 = LINE('',#11787,#11788);
#11787 = CARTESIAN_POINT('',(9.15E-02,-0.558,0.258));
#11788 = VECTOR('',#11789,1.);
#11789 = DIRECTION('',(0.,0.,-1.));
#11790 = PLANE('',#11791);
#11791 = AXIS2_PLACEMENT_3D('',#11792,#11793,#11794);
#11792 = CARTESIAN_POINT('',(9.15E-02,-0.558,0.258));
#11793 = DIRECTION('',(0.,1.,0.));
#11794 = DIRECTION('',(1.,0.,0.));
#11795 = ADVANCED_FACE('',(#11796),#11821,.T.);
#11796 = FACE_BOUND('',#11797,.T.);
#11797 = EDGE_LOOP('',(#11798,#11806,#11807,#11815));
#11798 = ORIENTED_EDGE('',*,*,#11799,.T.);
#11799 = EDGE_CURVE('',#11800,#11769,#11802,.T.);
#11800 = VERTEX_POINT('',#11801);
#11801 = CARTESIAN_POINT('',(9.15E-02,-0.733,0.258));
#11802 = LINE('',#11803,#11804);
#11803 = CARTESIAN_POINT('',(9.15E-02,-0.733,0.258));
#11804 = VECTOR('',#11805,1.);
#11805 = DIRECTION('',(0.,1.,0.));
#11806 = ORIENTED_EDGE('',*,*,#11785,.T.);
#11807 = ORIENTED_EDGE('',*,*,#11808,.F.);
#11808 = EDGE_CURVE('',#11809,#11778,#11811,.T.);
#11809 = VERTEX_POINT('',#11810);
#11810 = CARTESIAN_POINT('',(9.15E-02,-0.733,0.24));
#11811 = LINE('',#11812,#11813);
#11812 = CARTESIAN_POINT('',(9.15E-02,-0.733,0.24));
#11813 = VECTOR('',#11814,1.);
#11814 = DIRECTION('',(0.,1.,0.));
#11815 = ORIENTED_EDGE('',*,*,#11816,.F.);
#11816 = EDGE_CURVE('',#11800,#11809,#11817,.T.);
#11817 = LINE('',#11818,#11819);
#11818 = CARTESIAN_POINT('',(9.15E-02,-0.733,0.258));
#11819 = VECTOR('',#11820,1.);
#11820 = DIRECTION('',(0.,0.,-1.));
#11821 = PLANE('',#11822);
#11822 = AXIS2_PLACEMENT_3D('',#11823,#11824,#11825);
#11823 = CARTESIAN_POINT('',(9.15E-02,-0.733,0.258));
#11824 = DIRECTION('',(-1.,0.,0.));
#11825 = DIRECTION('',(0.,1.,0.));
#11826 = ADVANCED_FACE('',(#11827),#11843,.T.);
#11827 = FACE_BOUND('',#11828,.T.);
#11828 = EDGE_LOOP('',(#11829,#11835,#11836,#11842));
#11829 = ORIENTED_EDGE('',*,*,#11830,.T.);
#11830 = EDGE_CURVE('',#11731,#11800,#11831,.T.);
#11831 = LINE('',#11832,#11833);
#11832 = CARTESIAN_POINT('',(0.2665,-0.733,0.258));
#11833 = VECTOR('',#11834,1.);
#11834 = DIRECTION('',(-1.,0.,0.));
#11835 = ORIENTED_EDGE('',*,*,#11816,.T.);
#11836 = ORIENTED_EDGE('',*,*,#11837,.F.);
#11837 = EDGE_CURVE('',#11739,#11809,#11838,.T.);
#11838 = LINE('',#11839,#11840);
#11839 = CARTESIAN_POINT('',(0.2665,-0.733,0.24));
#11840 = VECTOR('',#11841,1.);
#11841 = DIRECTION('',(-1.,0.,0.));
#11842 = ORIENTED_EDGE('',*,*,#11738,.F.);
#11843 = PLANE('',#11844);
#11844 = AXIS2_PLACEMENT_3D('',#11845,#11846,#11847);
#11845 = CARTESIAN_POINT('',(0.2665,-0.733,0.258));
#11846 = DIRECTION('',(0.,-1.,0.));
#11847 = DIRECTION('',(-1.,0.,0.));
#11848 = ADVANCED_FACE('',(#11849),#11855,.T.);
#11849 = FACE_BOUND('',#11850,.T.);
#11850 = EDGE_LOOP('',(#11851,#11852,#11853,#11854));
#11851 = ORIENTED_EDGE('',*,*,#11837,.T.);
#11852 = ORIENTED_EDGE('',*,*,#11808,.T.);
#11853 = ORIENTED_EDGE('',*,*,#11777,.T.);
#11854 = ORIENTED_EDGE('',*,*,#11746,.T.);
#11855 = PLANE('',#11856);
#11856 = AXIS2_PLACEMENT_3D('',#11857,#11858,#11859);
#11857 = CARTESIAN_POINT('',(0.179,-0.6455,0.24));
#11858 = DIRECTION('',(0.,0.,-1.));
#11859 = DIRECTION('',(-1.,0.,0.));
#11860 = ADVANCED_FACE('',(#11861),#11867,.T.);
#11861 = FACE_BOUND('',#11862,.T.);
#11862 = EDGE_LOOP('',(#11863,#11864,#11865,#11866));
#11863 = ORIENTED_EDGE('',*,*,#11830,.F.);
#11864 = ORIENTED_EDGE('',*,*,#11728,.F.);
#11865 = ORIENTED_EDGE('',*,*,#11768,.F.);
#11866 = ORIENTED_EDGE('',*,*,#11799,.F.);
#11867 = PLANE('',#11868);
#11868 = AXIS2_PLACEMENT_3D('',#11869,#11870,#11871);
#11869 = CARTESIAN_POINT('',(0.179,-0.6455,0.258));
#11870 = DIRECTION('',(0.,0.,1.));
#11871 = DIRECTION('',(1.,0.,-0.));
#11872 = MANIFOLD_SOLID_BREP('',#11873);
#11873 = CLOSED_SHELL('',(#11874,#11914,#11945,#11976,#11998,#12010));
#11874 = ADVANCED_FACE('',(#11875),#11909,.T.);
#11875 = FACE_BOUND('',#11876,.T.);
#11876 = EDGE_LOOP('',(#11877,#11887,#11895,#11903));
#11877 = ORIENTED_EDGE('',*,*,#11878,.T.);
#11878 = EDGE_CURVE('',#11879,#11881,#11883,.T.);
#11879 = VERTEX_POINT('',#11880);
#11880 = CARTESIAN_POINT('',(-0.2175,-0.29,0.258));
#11881 = VERTEX_POINT('',#11882);
#11882 = CARTESIAN_POINT('',(-0.2175,-0.455,0.258));
#11883 = LINE('',#11884,#11885);
#11884 = CARTESIAN_POINT('',(-0.2175,-0.29,0.258));
#11885 = VECTOR('',#11886,1.);
#11886 = DIRECTION('',(-4.205390244792E-16,-1.,0.));
#11887 = ORIENTED_EDGE('',*,*,#11888,.T.);
#11888 = EDGE_CURVE('',#11881,#11889,#11891,.T.);
#11889 = VERTEX_POINT('',#11890);
#11890 = CARTESIAN_POINT('',(-0.2175,-0.455,0.24));
#11891 = LINE('',#11892,#11893);
#11892 = CARTESIAN_POINT('',(-0.2175,-0.455,0.258));
#11893 = VECTOR('',#11894,1.);
#11894 = DIRECTION('',(0.,0.,-1.));
#11895 = ORIENTED_EDGE('',*,*,#11896,.F.);
#11896 = EDGE_CURVE('',#11897,#11889,#11899,.T.);
#11897 = VERTEX_POINT('',#11898);
#11898 = CARTESIAN_POINT('',(-0.2175,-0.29,0.24));
#11899 = LINE('',#11900,#11901);
#11900 = CARTESIAN_POINT('',(-0.2175,-0.29,0.24));
#11901 = VECTOR('',#11902,1.);
#11902 = DIRECTION('',(-4.205390244792E-16,-1.,0.));
#11903 = ORIENTED_EDGE('',*,*,#11904,.F.);
#11904 = EDGE_CURVE('',#11879,#11897,#11905,.T.);
#11905 = LINE('',#11906,#11907);
#11906 = CARTESIAN_POINT('',(-0.2175,-0.29,0.258));
#11907 = VECTOR('',#11908,1.);
#11908 = DIRECTION('',(0.,0.,-1.));
#11909 = PLANE('',#11910);
#11910 = AXIS2_PLACEMENT_3D('',#11911,#11912,#11913);
#11911 = CARTESIAN_POINT('',(-0.2175,-0.29,0.258));
#11912 = DIRECTION('',(1.,-4.205390244792E-16,0.));
#11913 = DIRECTION('',(-4.205390244792E-16,-1.,0.));
#11914 = ADVANCED_FACE('',(#11915),#11940,.T.);
#11915 = FACE_BOUND('',#11916,.T.);
#11916 = EDGE_LOOP('',(#11917,#11925,#11926,#11934));
#11917 = ORIENTED_EDGE('',*,*,#11918,.T.);
#11918 = EDGE_CURVE('',#11919,#11879,#11921,.T.);
#11919 = VERTEX_POINT('',#11920);
#11920 = CARTESIAN_POINT('',(-0.3825,-0.29,0.258));
#11921 = LINE('',#11922,#11923);
#11922 = CARTESIAN_POINT('',(-0.3825,-0.29,0.258));
#11923 = VECTOR('',#11924,1.);
#11924 = DIRECTION('',(1.,0.,0.));
#11925 = ORIENTED_EDGE('',*,*,#11904,.T.);
#11926 = ORIENTED_EDGE('',*,*,#11927,.F.);
#11927 = EDGE_CURVE('',#11928,#11897,#11930,.T.);
#11928 = VERTEX_POINT('',#11929);
#11929 = CARTESIAN_POINT('',(-0.3825,-0.29,0.24));
#11930 = LINE('',#11931,#11932);
#11931 = CARTESIAN_POINT('',(-0.3825,-0.29,0.24));
#11932 = VECTOR('',#11933,1.);
#11933 = DIRECTION('',(1.,0.,0.));
#11934 = ORIENTED_EDGE('',*,*,#11935,.F.);
#11935 = EDGE_CURVE('',#11919,#11928,#11936,.T.);
#11936 = LINE('',#11937,#11938);
#11937 = CARTESIAN_POINT('',(-0.3825,-0.29,0.258));
#11938 = VECTOR('',#11939,1.);
#11939 = DIRECTION('',(0.,0.,-1.));
#11940 = PLANE('',#11941);
#11941 = AXIS2_PLACEMENT_3D('',#11942,#11943,#11944);
#11942 = CARTESIAN_POINT('',(-0.3825,-0.29,0.258));
#11943 = DIRECTION('',(0.,1.,0.));
#11944 = DIRECTION('',(1.,0.,0.));
#11945 = ADVANCED_FACE('',(#11946),#11971,.T.);
#11946 = FACE_BOUND('',#11947,.T.);
#11947 = EDGE_LOOP('',(#11948,#11956,#11957,#11965));
#11948 = ORIENTED_EDGE('',*,*,#11949,.T.);
#11949 = EDGE_CURVE('',#11950,#11919,#11952,.T.);
#11950 = VERTEX_POINT('',#11951);
#11951 = CARTESIAN_POINT('',(-0.3825,-0.455,0.258));
#11952 = LINE('',#11953,#11954);
#11953 = CARTESIAN_POINT('',(-0.3825,-0.455,0.258));
#11954 = VECTOR('',#11955,1.);
#11955 = DIRECTION('',(0.,1.,0.));
#11956 = ORIENTED_EDGE('',*,*,#11935,.T.);
#11957 = ORIENTED_EDGE('',*,*,#11958,.F.);
#11958 = EDGE_CURVE('',#11959,#11928,#11961,.T.);
#11959 = VERTEX_POINT('',#11960);
#11960 = CARTESIAN_POINT('',(-0.3825,-0.455,0.24));
#11961 = LINE('',#11962,#11963);
#11962 = CARTESIAN_POINT('',(-0.3825,-0.455,0.24));
#11963 = VECTOR('',#11964,1.);
#11964 = DIRECTION('',(0.,1.,0.));
#11965 = ORIENTED_EDGE('',*,*,#11966,.F.);
#11966 = EDGE_CURVE('',#11950,#11959,#11967,.T.);
#11967 = LINE('',#11968,#11969);
#11968 = CARTESIAN_POINT('',(-0.3825,-0.455,0.258));
#11969 = VECTOR('',#11970,1.);
#11970 = DIRECTION('',(0.,0.,-1.));
#11971 = PLANE('',#11972);
#11972 = AXIS2_PLACEMENT_3D('',#11973,#11974,#11975);
#11973 = CARTESIAN_POINT('',(-0.3825,-0.455,0.258));
#11974 = DIRECTION('',(-1.,0.,0.));
#11975 = DIRECTION('',(0.,1.,0.));
#11976 = ADVANCED_FACE('',(#11977),#11993,.T.);
#11977 = FACE_BOUND('',#11978,.T.);
#11978 = EDGE_LOOP('',(#11979,#11985,#11986,#11992));
#11979 = ORIENTED_EDGE('',*,*,#11980,.T.);
#11980 = EDGE_CURVE('',#11881,#11950,#11981,.T.);
#11981 = LINE('',#11982,#11983);
#11982 = CARTESIAN_POINT('',(-0.2175,-0.455,0.258));
#11983 = VECTOR('',#11984,1.);
#11984 = DIRECTION('',(-1.,0.,0.));
#11985 = ORIENTED_EDGE('',*,*,#11966,.T.);
#11986 = ORIENTED_EDGE('',*,*,#11987,.F.);
#11987 = EDGE_CURVE('',#11889,#11959,#11988,.T.);
#11988 = LINE('',#11989,#11990);
#11989 = CARTESIAN_POINT('',(-0.2175,-0.455,0.24));
#11990 = VECTOR('',#11991,1.);
#11991 = DIRECTION('',(-1.,0.,0.));
#11992 = ORIENTED_EDGE('',*,*,#11888,.F.);
#11993 = PLANE('',#11994);
#11994 = AXIS2_PLACEMENT_3D('',#11995,#11996,#11997);
#11995 = CARTESIAN_POINT('',(-0.2175,-0.455,0.258));
#11996 = DIRECTION('',(0.,-1.,0.));
#11997 = DIRECTION('',(-1.,0.,0.));
#11998 = ADVANCED_FACE('',(#11999),#12005,.T.);
#11999 = FACE_BOUND('',#12000,.T.);
#12000 = EDGE_LOOP('',(#12001,#12002,#12003,#12004));
#12001 = ORIENTED_EDGE('',*,*,#11987,.T.);
#12002 = ORIENTED_EDGE('',*,*,#11958,.T.);
#12003 = ORIENTED_EDGE('',*,*,#11927,.T.);
#12004 = ORIENTED_EDGE('',*,*,#11896,.T.);
#12005 = PLANE('',#12006);
#12006 = AXIS2_PLACEMENT_3D('',#12007,#12008,#12009);
#12007 = CARTESIAN_POINT('',(-0.3,-0.3725,0.24));
#12008 = DIRECTION('',(0.,0.,-1.));
#12009 = DIRECTION('',(-1.,0.,0.));
#12010 = ADVANCED_FACE('',(#12011),#12017,.T.);
#12011 = FACE_BOUND('',#12012,.T.);
#12012 = EDGE_LOOP('',(#12013,#12014,#12015,#12016));
#12013 = ORIENTED_EDGE('',*,*,#11980,.F.);
#12014 = ORIENTED_EDGE('',*,*,#11878,.F.);
#12015 = ORIENTED_EDGE('',*,*,#11918,.F.);
#12016 = ORIENTED_EDGE('',*,*,#11949,.F.);
#12017 = PLANE('',#12018);
#12018 = AXIS2_PLACEMENT_3D('',#12019,#12020,#12021);
#12019 = CARTESIAN_POINT('',(-0.3,-0.3725,0.258));
#12020 = DIRECTION('',(0.,0.,1.));
#12021 = DIRECTION('',(1.,0.,-0.));
#12022 = MANIFOLD_SOLID_BREP('',#12023);
#12023 = CLOSED_SHELL('',(#12024,#12064,#12095,#12126,#12148,#12160));
#12024 = ADVANCED_FACE('',(#12025),#12059,.T.);
#12025 = FACE_BOUND('',#12026,.T.);
#12026 = EDGE_LOOP('',(#12027,#12037,#12045,#12053));
#12027 = ORIENTED_EDGE('',*,*,#12028,.T.);
#12028 = EDGE_CURVE('',#12029,#12031,#12033,.T.);
#12029 = VERTEX_POINT('',#12030);
#12030 = CARTESIAN_POINT('',(0.4,0.725,0.258));
#12031 = VERTEX_POINT('',#12032);
#12032 = CARTESIAN_POINT('',(0.4,0.335,0.258));
#12033 = LINE('',#12034,#12035);
#12034 = CARTESIAN_POINT('',(0.4,0.725,0.258));
#12035 = VECTOR('',#12036,1.);
#12036 = DIRECTION('',(-5.337610695313E-16,-1.,0.));
#12037 = ORIENTED_EDGE('',*,*,#12038,.T.);
#12038 = EDGE_CURVE('',#12031,#12039,#12041,.T.);
#12039 = VERTEX_POINT('',#12040);
#12040 = CARTESIAN_POINT('',(0.4,0.335,0.24));
#12041 = LINE('',#12042,#12043);
#12042 = CARTESIAN_POINT('',(0.4,0.335,0.258));
#12043 = VECTOR('',#12044,1.);
#12044 = DIRECTION('',(0.,0.,-1.));
#12045 = ORIENTED_EDGE('',*,*,#12046,.F.);
#12046 = EDGE_CURVE('',#12047,#12039,#12049,.T.);
#12047 = VERTEX_POINT('',#12048);
#12048 = CARTESIAN_POINT('',(0.4,0.725,0.24));
#12049 = LINE('',#12050,#12051);
#12050 = CARTESIAN_POINT('',(0.4,0.725,0.24));
#12051 = VECTOR('',#12052,1.);
#12052 = DIRECTION('',(-5.337610695313E-16,-1.,0.));
#12053 = ORIENTED_EDGE('',*,*,#12054,.F.);
#12054 = EDGE_CURVE('',#12029,#12047,#12055,.T.);
#12055 = LINE('',#12056,#12057);
#12056 = CARTESIAN_POINT('',(0.4,0.725,0.258));
#12057 = VECTOR('',#12058,1.);
#12058 = DIRECTION('',(0.,0.,-1.));
#12059 = PLANE('',#12060);
#12060 = AXIS2_PLACEMENT_3D('',#12061,#12062,#12063);
#12061 = CARTESIAN_POINT('',(0.4,0.725,0.258));
#12062 = DIRECTION('',(1.,-5.337610695313E-16,0.));
#12063 = DIRECTION('',(-5.337610695313E-16,-1.,0.));
#12064 = ADVANCED_FACE('',(#12065),#12090,.T.);
#12065 = FACE_BOUND('',#12066,.T.);
#12066 = EDGE_LOOP('',(#12067,#12075,#12076,#12084));
#12067 = ORIENTED_EDGE('',*,*,#12068,.T.);
#12068 = EDGE_CURVE('',#12069,#12029,#12071,.T.);
#12069 = VERTEX_POINT('',#12070);
#12070 = CARTESIAN_POINT('',(1.E-02,0.725,0.258));
#12071 = LINE('',#12072,#12073);
#12072 = CARTESIAN_POINT('',(1.E-02,0.725,0.258));
#12073 = VECTOR('',#12074,1.);
#12074 = DIRECTION('',(1.,-3.558407130209E-16,0.));
#12075 = ORIENTED_EDGE('',*,*,#12054,.T.);
#12076 = ORIENTED_EDGE('',*,*,#12077,.F.);
#12077 = EDGE_CURVE('',#12078,#12047,#12080,.T.);
#12078 = VERTEX_POINT('',#12079);
#12079 = CARTESIAN_POINT('',(1.E-02,0.725,0.24));
#12080 = LINE('',#12081,#12082);
#12081 = CARTESIAN_POINT('',(1.E-02,0.725,0.24));
#12082 = VECTOR('',#12083,1.);
#12083 = DIRECTION('',(1.,-3.558407130209E-16,0.));
#12084 = ORIENTED_EDGE('',*,*,#12085,.F.);
#12085 = EDGE_CURVE('',#12069,#12078,#12086,.T.);
#12086 = LINE('',#12087,#12088);
#12087 = CARTESIAN_POINT('',(1.E-02,0.725,0.258));
#12088 = VECTOR('',#12089,1.);
#12089 = DIRECTION('',(0.,0.,-1.));
#12090 = PLANE('',#12091);
#12091 = AXIS2_PLACEMENT_3D('',#12092,#12093,#12094);
#12092 = CARTESIAN_POINT('',(1.E-02,0.725,0.258));
#12093 = DIRECTION('',(3.558407130209E-16,1.,0.));
#12094 = DIRECTION('',(1.,-3.558407130209E-16,0.));
#12095 = ADVANCED_FACE('',(#12096),#12121,.T.);
#12096 = FACE_BOUND('',#12097,.T.);
#12097 = EDGE_LOOP('',(#12098,#12106,#12107,#12115));
#12098 = ORIENTED_EDGE('',*,*,#12099,.T.);
#12099 = EDGE_CURVE('',#12100,#12069,#12102,.T.);
#12100 = VERTEX_POINT('',#12101);
#12101 = CARTESIAN_POINT('',(1.E-02,0.335,0.258));
#12102 = LINE('',#12103,#12104);
#12103 = CARTESIAN_POINT('',(1.E-02,0.335,0.258));
#12104 = VECTOR('',#12105,1.);
#12105 = DIRECTION('',(1.779203565104E-16,1.,0.));
#12106 = ORIENTED_EDGE('',*,*,#12085,.T.);
#12107 = ORIENTED_EDGE('',*,*,#12108,.F.);
#12108 = EDGE_CURVE('',#12109,#12078,#12111,.T.);
#12109 = VERTEX_POINT('',#12110);
#12110 = CARTESIAN_POINT('',(1.E-02,0.335,0.24));
#12111 = LINE('',#12112,#12113);
#12112 = CARTESIAN_POINT('',(1.E-02,0.335,0.24));
#12113 = VECTOR('',#12114,1.);
#12114 = DIRECTION('',(1.779203565104E-16,1.,0.));
#12115 = ORIENTED_EDGE('',*,*,#12116,.F.);
#12116 = EDGE_CURVE('',#12100,#12109,#12117,.T.);
#12117 = LINE('',#12118,#12119);
#12118 = CARTESIAN_POINT('',(1.E-02,0.335,0.258));
#12119 = VECTOR('',#12120,1.);
#12120 = DIRECTION('',(0.,0.,-1.));
#12121 = PLANE('',#12122);
#12122 = AXIS2_PLACEMENT_3D('',#12123,#12124,#12125);
#12123 = CARTESIAN_POINT('',(1.E-02,0.335,0.258));
#12124 = DIRECTION('',(-1.,1.779203565104E-16,0.));
#12125 = DIRECTION('',(1.779203565104E-16,1.,0.));
#12126 = ADVANCED_FACE('',(#12127),#12143,.T.);
#12127 = FACE_BOUND('',#12128,.T.);
#12128 = EDGE_LOOP('',(#12129,#12135,#12136,#12142));
#12129 = ORIENTED_EDGE('',*,*,#12130,.T.);
#12130 = EDGE_CURVE('',#12031,#12100,#12131,.T.);
#12131 = LINE('',#12132,#12133);
#12132 = CARTESIAN_POINT('',(0.4,0.335,0.258));
#12133 = VECTOR('',#12134,1.);
#12134 = DIRECTION('',(-1.,1.779203565104E-16,0.));
#12135 = ORIENTED_EDGE('',*,*,#12116,.T.);
#12136 = ORIENTED_EDGE('',*,*,#12137,.F.);
#12137 = EDGE_CURVE('',#12039,#12109,#12138,.T.);
#12138 = LINE('',#12139,#12140);
#12139 = CARTESIAN_POINT('',(0.4,0.335,0.24));
#12140 = VECTOR('',#12141,1.);
#12141 = DIRECTION('',(-1.,1.779203565104E-16,0.));
#12142 = ORIENTED_EDGE('',*,*,#12038,.F.);
#12143 = PLANE('',#12144);
#12144 = AXIS2_PLACEMENT_3D('',#12145,#12146,#12147);
#12145 = CARTESIAN_POINT('',(0.4,0.335,0.258));
#12146 = DIRECTION('',(-1.779203565104E-16,-1.,0.));
#12147 = DIRECTION('',(-1.,1.779203565104E-16,0.));
#12148 = ADVANCED_FACE('',(#12149),#12155,.T.);
#12149 = FACE_BOUND('',#12150,.T.);
#12150 = EDGE_LOOP('',(#12151,#12152,#12153,#12154));
#12151 = ORIENTED_EDGE('',*,*,#12137,.T.);
#12152 = ORIENTED_EDGE('',*,*,#12108,.T.);
#12153 = ORIENTED_EDGE('',*,*,#12077,.T.);
#12154 = ORIENTED_EDGE('',*,*,#12046,.T.);
#12155 = PLANE('',#12156);
#12156 = AXIS2_PLACEMENT_3D('',#12157,#12158,#12159);
#12157 = CARTESIAN_POINT('',(0.205,0.53,0.24));
#12158 = DIRECTION('',(0.,0.,-1.));
#12159 = DIRECTION('',(-1.,0.,0.));
#12160 = ADVANCED_FACE('',(#12161),#12167,.T.);
#12161 = FACE_BOUND('',#12162,.T.);
#12162 = EDGE_LOOP('',(#12163,#12164,#12165,#12166));
#12163 = ORIENTED_EDGE('',*,*,#12130,.F.);
#12164 = ORIENTED_EDGE('',*,*,#12028,.F.);
#12165 = ORIENTED_EDGE('',*,*,#12068,.F.);
#12166 = ORIENTED_EDGE('',*,*,#12099,.F.);
#12167 = PLANE('',#12168);
#12168 = AXIS2_PLACEMENT_3D('',#12169,#12170,#12171);
#12169 = CARTESIAN_POINT('',(0.205,0.53,0.258));
#12170 = DIRECTION('',(0.,0.,1.));
#12171 = DIRECTION('',(1.,0.,-0.));
#12172 = ( GEOMETRIC_REPRESENTATION_CONTEXT(3) 
GLOBAL_UNCERTAINTY_ASSIGNED_CONTEXT((#12176)) 
GLOBAL_UNIT_ASSIGNED_CONTEXT((#12173,#12174,#12175)) 
REPRESENTATION_CONTEXT('Context #1',
  '3D Context with UNIT and UNCERTAINTY') );
#12173 = ( LENGTH_UNIT() NAMED_UNIT(*) SI_UNIT(.MILLI.,.METRE.) );
#12174 = ( NAMED_UNIT(*) PLANE_ANGLE_UNIT() SI_UNIT($,.RADIAN.) );
#12175 = ( NAMED_UNIT(*) SI_UNIT($,.STERADIAN.) SOLID_ANGLE_UNIT() );
#12176 = UNCERTAINTY_MEASURE_WITH_UNIT(LENGTH_MEASURE(1.E-07),#12173,
  'distance_accuracy_value','confusion accuracy');
#12177 = CONTEXT_DEPENDENT_SHAPE_REPRESENTATION(#12178,#12180);
#12178 = ( REPRESENTATION_RELATIONSHIP('','',#9340,#9317) 
REPRESENTATION_RELATIONSHIP_WITH_TRANSFORMATION(#12179) 
SHAPE_REPRESENTATION_RELATIONSHIP() );
#12179 = ITEM_DEFINED_TRANSFORMATION('','',#11,#9318);
#12180 = PRODUCT_DEFINITION_SHAPE('Placement','Placement of an item',
  #12181);
#12181 = NEXT_ASSEMBLY_USAGE_OCCURRENCE('16','=>[0:1:1:18]','',#9312,
  #9335,$);
#12182 = PRODUCT_RELATED_PRODUCT_CATEGORY('part',$,(#9337));
#12183 = SHAPE_DEFINITION_REPRESENTATION(#12184,#12190);
#12184 = PRODUCT_DEFINITION_SHAPE('','',#12185);
#12185 = PRODUCT_DEFINITION('design','',#12186,#12189);
#12186 = PRODUCT_DEFINITION_FORMATION('','',#12187);
#12187 = PRODUCT('SOT-23-5','SOT-23-5','',(#12188));
#12188 = PRODUCT_CONTEXT('',#2,'mechanical');
#12189 = PRODUCT_DEFINITION_CONTEXT('part definition',#2,'design');
#12190 = SHAPE_REPRESENTATION('',(#11,#12191),#12195);
#12191 = AXIS2_PLACEMENT_3D('',#12192,#12193,#12194);
#12192 = CARTESIAN_POINT('',(0.,0.,0.));
#12193 = DIRECTION('',(0.,0.,1.));
#12194 = DIRECTION('',(1.,0.,-0.));
#12195 = ( GEOMETRIC_REPRESENTATION_CONTEXT(3) 
GLOBAL_UNCERTAINTY_ASSIGNED_CONTEXT((#12199)) 
GLOBAL_UNIT_ASSIGNED_CONTEXT((#12196,#12197,#12198)) 
REPRESENTATION_CONTEXT('Context #1',
  '3D Context with UNIT and UNCERTAINTY') );
#12196 = ( LENGTH_UNIT() NAMED_UNIT(*) SI_UNIT(.MILLI.,.METRE.) );
#12197 = ( NAMED_UNIT(*) PLANE_ANGLE_UNIT() SI_UNIT($,.RADIAN.) );
#12198 = ( NAMED_UNIT(*) SI_UNIT($,.STERADIAN.) SOLID_ANGLE_UNIT() );
#12199 = UNCERTAINTY_MEASURE_WITH_UNIT(LENGTH_MEASURE(1.E-07),#12196,
  'distance_accuracy_value','confusion accuracy');
#12200 = CONTEXT_DEPENDENT_SHAPE_REPRESENTATION(#12201,#12203);
#12201 = ( REPRESENTATION_RELATIONSHIP('','',#12190,#10) 
REPRESENTATION_RELATIONSHIP_WITH_TRANSFORMATION(#12202) 
SHAPE_REPRESENTATION_RELATIONSHIP() );
#12202 = ITEM_DEFINED_TRANSFORMATION('','',#11,#43);
#12203 = PRODUCT_DEFINITION_SHAPE('Placement','Placement of an item',
  #12204);
#12204 = NEXT_ASSEMBLY_USAGE_OCCURRENCE('19','U1','',#5,#12185,$);
#12205 = PRODUCT_RELATED_PRODUCT_CATEGORY('part',$,(#12187));
#12206 = SHAPE_DEFINITION_REPRESENTATION(#12207,#12213);
#12207 = PRODUCT_DEFINITION_SHAPE('','',#12208);
#12208 = PRODUCT_DEFINITION('design','',#12209,#12212);
#12209 = PRODUCT_DEFINITION_FORMATION('','',#12210);
#12210 = PRODUCT('SOT-23-5','SOT-23-5','',(#12211));
#12211 = PRODUCT_CONTEXT('',#2,'mechanical');
#12212 = PRODUCT_DEFINITION_CONTEXT('part definition',#2,'design');
#12213 = ADVANCED_BREP_SHAPE_REPRESENTATION('',(#11,#12214),#15283);
#12214 = MANIFOLD_SOLID_BREP('',#12215);
#12215 = CLOSED_SHELL('',(#12216,#12254,#12317,#12340,#12369,#12392,
    #12463,#12518,#12541,#12564,#12581,#12604,#12692,#12708,#12738,
    #12769,#12800,#12831,#12862,#12893,#12910,#12927,#12958,#12989,
    #13020,#13050,#13073,#13096,#13113,#13158,#13228,#13251,#13274,
    #13297,#13352,#13390,#13439,#13531,#13556,#13640,#13662,#13754,
    #13779,#13863,#13880,#13965,#13990,#14067,#14152,#14177,#14254,
    #14271,#14363,#14388,#14472,#14489,#14508,#14527,#14573,#14589,
    #14608,#14624,#14641,#14653,#14670,#14687,#14704,#14721,#14738,
    #14755,#14772,#14784,#14801,#14818,#14835,#14852,#14869,#14886,
    #14903,#14915,#14932,#14949,#14966,#14983,#15000,#15017,#15029,
    #15046,#15063,#15080,#15097,#15114,#15131,#15143,#15160,#15177,
    #15194,#15211,#15228,#15245,#15262,#15274));
#12216 = ADVANCED_FACE('',(#12217),#12249,.F.);
#12217 = FACE_BOUND('',#12218,.F.);
#12218 = EDGE_LOOP('',(#12219,#12229,#12236,#12244));
#12219 = ORIENTED_EDGE('',*,*,#12220,.T.);
#12220 = EDGE_CURVE('',#12221,#12223,#12225,.T.);
#12221 = VERTEX_POINT('',#12222);
#12222 = CARTESIAN_POINT('',(-0.659324228722,1.358648457443,0.1));
#12223 = VERTEX_POINT('',#12224);
#12224 = CARTESIAN_POINT('',(0.659324228722,1.358648457443,0.1));
#12225 = LINE('',#12226,#12227);
#12226 = CARTESIAN_POINT('',(-0.659324228722,1.358648457443,0.1));
#12227 = VECTOR('',#12228,1.);
#12228 = DIRECTION('',(1.,1.110223024625E-16,0.));
#12229 = ORIENTED_EDGE('',*,*,#12230,.T.);
#12230 = EDGE_CURVE('',#12223,#12231,#12233,.T.);
#12231 = VERTEX_POINT('',#12232);
#12232 = CARTESIAN_POINT('',(0.705,1.45,0.75));
#12233 = B_SPLINE_CURVE_WITH_KNOTS('',1,(#12234,#12235),.UNSPECIFIED.,
  .F.,.F.,(2,2),(0.,1.),.PIECEWISE_BEZIER_KNOTS.);
#12234 = CARTESIAN_POINT('',(0.659324228722,1.358648457443,0.1));
#12235 = CARTESIAN_POINT('',(0.705,1.45,0.75));
#12236 = ORIENTED_EDGE('',*,*,#12237,.F.);
#12237 = EDGE_CURVE('',#12238,#12231,#12240,.T.);
#12238 = VERTEX_POINT('',#12239);
#12239 = CARTESIAN_POINT('',(-0.705,1.45,0.75));
#12240 = LINE('',#12241,#12242);
#12241 = CARTESIAN_POINT('',(-0.705,1.45,0.75));
#12242 = VECTOR('',#12243,1.);
#12243 = DIRECTION('',(1.,1.110223024625E-16,0.));
#12244 = ORIENTED_EDGE('',*,*,#12245,.F.);
#12245 = EDGE_CURVE('',#12221,#12238,#12246,.T.);
#12246 = B_SPLINE_CURVE_WITH_KNOTS('',1,(#12247,#12248),.UNSPECIFIED.,
  .F.,.F.,(2,2),(0.,1.),.PIECEWISE_BEZIER_KNOTS.);
#12247 = CARTESIAN_POINT('',(-0.659324228722,1.358648457443,0.1));
#12248 = CARTESIAN_POINT('',(-0.705,1.45,0.75));
#12249 = B_SPLINE_SURFACE_WITH_KNOTS('',1,1,(
    (#12250,#12251)
    ,(#12252,#12253
    )),.UNSPECIFIED.,.F.,.F.,.F.,(2,2),(2,2),(0.,1.41),(0.,1.),
  .PIECEWISE_BEZIER_KNOTS.);
#12250 = CARTESIAN_POINT('',(-0.659324228722,1.358648457443,0.1));
#12251 = CARTESIAN_POINT('',(-0.705,1.45,0.75));
#12252 = CARTESIAN_POINT('',(0.659324228722,1.358648457443,0.1));
#12253 = CARTESIAN_POINT('',(0.705,1.45,0.75));
#12254 = ADVANCED_FACE('',(#12255),#12312,.F.);
#12255 = FACE_BOUND('',#12256,.T.);
#12256 = EDGE_LOOP('',(#12257,#12258,#12266,#12274,#12282,#12290,#12298,
    #12306));
#12257 = ORIENTED_EDGE('',*,*,#12220,.T.);
#12258 = ORIENTED_EDGE('',*,*,#12259,.T.);
#12259 = EDGE_CURVE('',#12223,#12260,#12262,.T.);
#12260 = VERTEX_POINT('',#12261);
#12261 = CARTESIAN_POINT('',(0.708648457443,1.309324228722,0.1));
#12262 = LINE('',#12263,#12264);
#12263 = CARTESIAN_POINT('',(0.659324228722,1.358648457443,0.1));
#12264 = VECTOR('',#12265,1.);
#12265 = DIRECTION('',(0.707106781187,-0.707106781187,0.));
#12266 = ORIENTED_EDGE('',*,*,#12267,.T.);
#12267 = EDGE_CURVE('',#12260,#12268,#12270,.T.);
#12268 = VERTEX_POINT('',#12269);
#12269 = CARTESIAN_POINT('',(0.708648457443,-1.309324228722,0.1));
#12270 = LINE('',#12271,#12272);
#12271 = CARTESIAN_POINT('',(0.708648457443,1.309324228722,0.1));
#12272 = VECTOR('',#12273,1.);
#12273 = DIRECTION('',(1.110223024625E-16,-1.,0.));
#12274 = ORIENTED_EDGE('',*,*,#12275,.T.);
#12275 = EDGE_CURVE('',#12268,#12276,#12278,.T.);
#12276 = VERTEX_POINT('',#12277);
#12277 = CARTESIAN_POINT('',(0.659324228722,-1.358648457443,0.1));
#12278 = LINE('',#12279,#12280);
#12279 = CARTESIAN_POINT('',(0.708648457443,-1.309324228722,0.1));
#12280 = VECTOR('',#12281,1.);
#12281 = DIRECTION('',(-0.707106781187,-0.707106781187,0.));
#12282 = ORIENTED_EDGE('',*,*,#12283,.T.);
#12283 = EDGE_CURVE('',#12276,#12284,#12286,.T.);
#12284 = VERTEX_POINT('',#12285);
#12285 = CARTESIAN_POINT('',(-0.659324228722,-1.358648457443,0.1));
#12286 = LINE('',#12287,#12288);
#12287 = CARTESIAN_POINT('',(0.659324228722,-1.358648457443,0.1));
#12288 = VECTOR('',#12289,1.);
#12289 = DIRECTION('',(-1.,-1.110223024625E-16,0.));
#12290 = ORIENTED_EDGE('',*,*,#12291,.T.);
#12291 = EDGE_CURVE('',#12284,#12292,#12294,.T.);
#12292 = VERTEX_POINT('',#12293);
#12293 = CARTESIAN_POINT('',(-0.708648457443,-1.309324228722,0.1));
#12294 = LINE('',#12295,#12296);
#12295 = CARTESIAN_POINT('',(-0.659324228722,-1.358648457443,0.1));
#12296 = VECTOR('',#12297,1.);
#12297 = DIRECTION('',(-0.707106781187,0.707106781187,0.));
#12298 = ORIENTED_EDGE('',*,*,#12299,.T.);
#12299 = EDGE_CURVE('',#12292,#12300,#12302,.T.);
#12300 = VERTEX_POINT('',#12301);
#12301 = CARTESIAN_POINT('',(-0.708648457443,1.309324228722,0.1));
#12302 = LINE('',#12303,#12304);
#12303 = CARTESIAN_POINT('',(-0.708648457443,-1.309324228722,0.1));
#12304 = VECTOR('',#12305,1.);
#12305 = DIRECTION('',(-1.110223024625E-16,1.,0.));
#12306 = ORIENTED_EDGE('',*,*,#12307,.T.);
#12307 = EDGE_CURVE('',#12300,#12221,#12308,.T.);
#12308 = LINE('',#12309,#12310);
#12309 = CARTESIAN_POINT('',(-0.708648457443,1.309324228722,0.1));
#12310 = VECTOR('',#12311,1.);
#12311 = DIRECTION('',(0.707106781187,0.707106781187,0.));
#12312 = PLANE('',#12313);
#12313 = AXIS2_PLACEMENT_3D('',#12314,#12315,#12316);
#12314 = CARTESIAN_POINT('',(-0.659324228722,1.358648457443,0.1));
#12315 = DIRECTION('',(0.,0.,1.));
#12316 = DIRECTION('',(0.436587433964,-0.899661832304,0.));
#12317 = ADVANCED_FACE('',(#12318),#12335,.F.);
#12318 = FACE_BOUND('',#12319,.F.);
#12319 = EDGE_LOOP('',(#12320,#12321,#12328,#12334));
#12320 = ORIENTED_EDGE('',*,*,#12259,.T.);
#12321 = ORIENTED_EDGE('',*,*,#12322,.T.);
#12322 = EDGE_CURVE('',#12260,#12323,#12325,.T.);
#12323 = VERTEX_POINT('',#12324);
#12324 = CARTESIAN_POINT('',(0.8,1.355,0.75));
#12325 = B_SPLINE_CURVE_WITH_KNOTS('',1,(#12326,#12327),.UNSPECIFIED.,
  .F.,.F.,(2,2),(0.,1.),.PIECEWISE_BEZIER_KNOTS.);
#12326 = CARTESIAN_POINT('',(0.708648457443,1.309324228722,0.1));
#12327 = CARTESIAN_POINT('',(0.8,1.355,0.75));
#12328 = ORIENTED_EDGE('',*,*,#12329,.F.);
#12329 = EDGE_CURVE('',#12231,#12323,#12330,.T.);
#12330 = LINE('',#12331,#12332);
#12331 = CARTESIAN_POINT('',(0.705,1.45,0.75));
#12332 = VECTOR('',#12333,1.);
#12333 = DIRECTION('',(0.707106781187,-0.707106781187,0.));
#12334 = ORIENTED_EDGE('',*,*,#12230,.F.);
#12335 = B_SPLINE_SURFACE_WITH_KNOTS('',1,1,(
    (#12336,#12337)
    ,(#12338,#12339
    )),.UNSPECIFIED.,.F.,.F.,.F.,(2,2),(2,2),(0.,0.134350288425),(0.,1.)
  ,.PIECEWISE_BEZIER_KNOTS.);
#12336 = CARTESIAN_POINT('',(0.659324228722,1.358648457443,0.1));
#12337 = CARTESIAN_POINT('',(0.705,1.45,0.75));
#12338 = CARTESIAN_POINT('',(0.708648457443,1.309324228722,0.1));
#12339 = CARTESIAN_POINT('',(0.8,1.355,0.75));
#12340 = ADVANCED_FACE('',(#12341),#12364,.F.);
#12341 = FACE_BOUND('',#12342,.F.);
#12342 = EDGE_LOOP('',(#12343,#12344,#12351,#12359));
#12343 = ORIENTED_EDGE('',*,*,#12237,.T.);
#12344 = ORIENTED_EDGE('',*,*,#12345,.T.);
#12345 = EDGE_CURVE('',#12231,#12346,#12348,.T.);
#12346 = VERTEX_POINT('',#12347);
#12347 = CARTESIAN_POINT('',(0.705,1.45,0.9));
#12348 = B_SPLINE_CURVE_WITH_KNOTS('',1,(#12349,#12350),.UNSPECIFIED.,
  .F.,.F.,(2,2),(0.,1.),.PIECEWISE_BEZIER_KNOTS.);
#12349 = CARTESIAN_POINT('',(0.705,1.45,0.75));
#12350 = CARTESIAN_POINT('',(0.705,1.45,0.9));
#12351 = ORIENTED_EDGE('',*,*,#12352,.F.);
#12352 = EDGE_CURVE('',#12353,#12346,#12355,.T.);
#12353 = VERTEX_POINT('',#12354);
#12354 = CARTESIAN_POINT('',(-0.705,1.45,0.9));
#12355 = LINE('',#12356,#12357);
#12356 = CARTESIAN_POINT('',(-0.705,1.45,0.9));
#12357 = VECTOR('',#12358,1.);
#12358 = DIRECTION('',(1.,1.110223024625E-16,0.));
#12359 = ORIENTED_EDGE('',*,*,#12360,.F.);
#12360 = EDGE_CURVE('',#12238,#12353,#12361,.T.);
#12361 = B_SPLINE_CURVE_WITH_KNOTS('',1,(#12362,#12363),.UNSPECIFIED.,
  .F.,.F.,(2,2),(0.,1.),.PIECEWISE_BEZIER_KNOTS.);
#12362 = CARTESIAN_POINT('',(-0.705,1.45,0.75));
#12363 = CARTESIAN_POINT('',(-0.705,1.45,0.9));
#12364 = PLANE('',#12365);
#12365 = AXIS2_PLACEMENT_3D('',#12366,#12367,#12368);
#12366 = CARTESIAN_POINT('',(-0.705,1.45,0.9));
#12367 = DIRECTION('',(1.110223024625E-16,-1.,0.));
#12368 = DIRECTION('',(1.,1.110223024625E-16,0.));
#12369 = ADVANCED_FACE('',(#12370),#12387,.F.);
#12370 = FACE_BOUND('',#12371,.F.);
#12371 = EDGE_LOOP('',(#12372,#12373,#12374,#12382));
#12372 = ORIENTED_EDGE('',*,*,#12307,.T.);
#12373 = ORIENTED_EDGE('',*,*,#12245,.T.);
#12374 = ORIENTED_EDGE('',*,*,#12375,.F.);
#12375 = EDGE_CURVE('',#12376,#12238,#12378,.T.);
#12376 = VERTEX_POINT('',#12377);
#12377 = CARTESIAN_POINT('',(-0.8,1.355,0.75));
#12378 = LINE('',#12379,#12380);
#12379 = CARTESIAN_POINT('',(-0.8,1.355,0.75));
#12380 = VECTOR('',#12381,1.);
#12381 = DIRECTION('',(0.707106781187,0.707106781187,0.));
#12382 = ORIENTED_EDGE('',*,*,#12383,.F.);
#12383 = EDGE_CURVE('',#12300,#12376,#12384,.T.);
#12384 = B_SPLINE_CURVE_WITH_KNOTS('',1,(#12385,#12386),.UNSPECIFIED.,
  .F.,.F.,(2,2),(0.,1.),.PIECEWISE_BEZIER_KNOTS.);
#12385 = CARTESIAN_POINT('',(-0.708648457443,1.309324228722,0.1));
#12386 = CARTESIAN_POINT('',(-0.8,1.355,0.75));
#12387 = B_SPLINE_SURFACE_WITH_KNOTS('',1,1,(
    (#12388,#12389)
    ,(#12390,#12391
    )),.UNSPECIFIED.,.F.,.F.,.F.,(2,2),(2,2),(0.,0.134350288425),(0.,1.)
  ,.PIECEWISE_BEZIER_KNOTS.);
#12388 = CARTESIAN_POINT('',(-0.708648457443,1.309324228722,0.1));
#12389 = CARTESIAN_POINT('',(-0.8,1.355,0.75));
#12390 = CARTESIAN_POINT('',(-0.659324228722,1.358648457443,0.1));
#12391 = CARTESIAN_POINT('',(-0.705,1.45,0.75));
#12392 = ADVANCED_FACE('',(#12393),#12458,.F.);
#12393 = FACE_BOUND('',#12394,.F.);
#12394 = EDGE_LOOP('',(#12395,#12396,#12397,#12405,#12413,#12421,#12429,
    #12437,#12445,#12453));
#12395 = ORIENTED_EDGE('',*,*,#12299,.T.);
#12396 = ORIENTED_EDGE('',*,*,#12383,.T.);
#12397 = ORIENTED_EDGE('',*,*,#12398,.F.);
#12398 = EDGE_CURVE('',#12399,#12376,#12401,.T.);
#12399 = VERTEX_POINT('',#12400);
#12400 = CARTESIAN_POINT('',(-0.8,1.2,0.75));
#12401 = LINE('',#12402,#12403);
#12402 = CARTESIAN_POINT('',(-0.8,-1.355,0.75));
#12403 = VECTOR('',#12404,1.);
#12404 = DIRECTION('',(-1.110223024625E-16,1.,0.));
#12405 = ORIENTED_EDGE('',*,*,#12406,.F.);
#12406 = EDGE_CURVE('',#12407,#12399,#12409,.T.);
#12407 = VERTEX_POINT('',#12408);
#12408 = CARTESIAN_POINT('',(-0.8,0.7,0.75));
#12409 = LINE('',#12410,#12411);
#12410 = CARTESIAN_POINT('',(-0.8,-1.355,0.75));
#12411 = VECTOR('',#12412,1.);
#12412 = DIRECTION('',(-1.110223024625E-16,1.,0.));
#12413 = ORIENTED_EDGE('',*,*,#12414,.F.);
#12414 = EDGE_CURVE('',#12415,#12407,#12417,.T.);
#12415 = VERTEX_POINT('',#12416);
#12416 = CARTESIAN_POINT('',(-0.8,0.25,0.75));
#12417 = LINE('',#12418,#12419);
#12418 = CARTESIAN_POINT('',(-0.8,-1.355,0.75));
#12419 = VECTOR('',#12420,1.);
#12420 = DIRECTION('',(-1.110223024625E-16,1.,0.));
#12421 = ORIENTED_EDGE('',*,*,#12422,.F.);
#12422 = EDGE_CURVE('',#12423,#12415,#12425,.T.);
#12423 = VERTEX_POINT('',#12424);
#12424 = CARTESIAN_POINT('',(-0.8,-0.25,0.75));
#12425 = LINE('',#12426,#12427);
#12426 = CARTESIAN_POINT('',(-0.8,-1.355,0.75));
#12427 = VECTOR('',#12428,1.);
#12428 = DIRECTION('',(-1.110223024625E-16,1.,0.));
#12429 = ORIENTED_EDGE('',*,*,#12430,.F.);
#12430 = EDGE_CURVE('',#12431,#12423,#12433,.T.);
#12431 = VERTEX_POINT('',#12432);
#12432 = CARTESIAN_POINT('',(-0.8,-0.7,0.75));
#12433 = LINE('',#12434,#12435);
#12434 = CARTESIAN_POINT('',(-0.8,-1.355,0.75));
#12435 = VECTOR('',#12436,1.);
#12436 = DIRECTION('',(-1.110223024625E-16,1.,0.));
#12437 = ORIENTED_EDGE('',*,*,#12438,.F.);
#12438 = EDGE_CURVE('',#12439,#12431,#12441,.T.);
#12439 = VERTEX_POINT('',#12440);
#12440 = CARTESIAN_POINT('',(-0.8,-1.2,0.75));
#12441 = LINE('',#12442,#12443);
#12442 = CARTESIAN_POINT('',(-0.8,-1.355,0.75));
#12443 = VECTOR('',#12444,1.);
#12444 = DIRECTION('',(-1.110223024625E-16,1.,0.));
#12445 = ORIENTED_EDGE('',*,*,#12446,.F.);
#12446 = EDGE_CURVE('',#12447,#12439,#12449,.T.);
#12447 = VERTEX_POINT('',#12448);
#12448 = CARTESIAN_POINT('',(-0.8,-1.355,0.75));
#12449 = LINE('',#12450,#12451);
#12450 = CARTESIAN_POINT('',(-0.8,-1.355,0.75));
#12451 = VECTOR('',#12452,1.);
#12452 = DIRECTION('',(-1.110223024625E-16,1.,0.));
#12453 = ORIENTED_EDGE('',*,*,#12454,.F.);
#12454 = EDGE_CURVE('',#12292,#12447,#12455,.T.);
#12455 = B_SPLINE_CURVE_WITH_KNOTS('',1,(#12456,#12457),.UNSPECIFIED.,
  .F.,.F.,(2,2),(0.,1.),.PIECEWISE_BEZIER_KNOTS.);
#12456 = CARTESIAN_POINT('',(-0.708648457443,-1.309324228722,0.1));
#12457 = CARTESIAN_POINT('',(-0.8,-1.355,0.75));
#12458 = B_SPLINE_SURFACE_WITH_KNOTS('',1,1,(
    (#12459,#12460)
    ,(#12461,#12462
    )),.UNSPECIFIED.,.F.,.F.,.F.,(2,2),(2,2),(0.,2.71),(0.,1.),
  .PIECEWISE_BEZIER_KNOTS.);
#12459 = CARTESIAN_POINT('',(-0.708648457443,-1.309324228722,0.1));
#12460 = CARTESIAN_POINT('',(-0.8,-1.355,0.75));
#12461 = CARTESIAN_POINT('',(-0.708648457443,1.309324228722,0.1));
#12462 = CARTESIAN_POINT('',(-0.8,1.355,0.75));
#12463 = ADVANCED_FACE('',(#12464),#12513,.F.);
#12464 = FACE_BOUND('',#12465,.F.);
#12465 = EDGE_LOOP('',(#12466,#12467,#12474,#12482,#12490,#12498,#12506,
    #12512));
#12466 = ORIENTED_EDGE('',*,*,#12267,.T.);
#12467 = ORIENTED_EDGE('',*,*,#12468,.T.);
#12468 = EDGE_CURVE('',#12268,#12469,#12471,.T.);
#12469 = VERTEX_POINT('',#12470);
#12470 = CARTESIAN_POINT('',(0.8,-1.355,0.75));
#12471 = B_SPLINE_CURVE_WITH_KNOTS('',1,(#12472,#12473),.UNSPECIFIED.,
  .F.,.F.,(2,2),(0.,1.),.PIECEWISE_BEZIER_KNOTS.);
#12472 = CARTESIAN_POINT('',(0.708648457443,-1.309324228722,0.1));
#12473 = CARTESIAN_POINT('',(0.8,-1.355,0.75));
#12474 = ORIENTED_EDGE('',*,*,#12475,.F.);
#12475 = EDGE_CURVE('',#12476,#12469,#12478,.T.);
#12476 = VERTEX_POINT('',#12477);
#12477 = CARTESIAN_POINT('',(0.8,-1.2,0.75));
#12478 = LINE('',#12479,#12480);
#12479 = CARTESIAN_POINT('',(0.8,1.355,0.75));
#12480 = VECTOR('',#12481,1.);
#12481 = DIRECTION('',(1.110223024625E-16,-1.,0.));
#12482 = ORIENTED_EDGE('',*,*,#12483,.F.);
#12483 = EDGE_CURVE('',#12484,#12476,#12486,.T.);
#12484 = VERTEX_POINT('',#12485);
#12485 = CARTESIAN_POINT('',(0.8,-0.7,0.75));
#12486 = LINE('',#12487,#12488);
#12487 = CARTESIAN_POINT('',(0.8,1.355,0.75));
#12488 = VECTOR('',#12489,1.);
#12489 = DIRECTION('',(1.110223024625E-16,-1.,0.));
#12490 = ORIENTED_EDGE('',*,*,#12491,.F.);
#12491 = EDGE_CURVE('',#12492,#12484,#12494,.T.);
#12492 = VERTEX_POINT('',#12493);
#12493 = CARTESIAN_POINT('',(0.8,0.7,0.75));
#12494 = LINE('',#12495,#12496);
#12495 = CARTESIAN_POINT('',(0.8,1.355,0.75));
#12496 = VECTOR('',#12497,1.);
#12497 = DIRECTION('',(1.110223024625E-16,-1.,0.));
#12498 = ORIENTED_EDGE('',*,*,#12499,.F.);
#12499 = EDGE_CURVE('',#12500,#12492,#12502,.T.);
#12500 = VERTEX_POINT('',#12501);
#12501 = CARTESIAN_POINT('',(0.8,1.2,0.75));
#12502 = LINE('',#12503,#12504);
#12503 = CARTESIAN_POINT('',(0.8,1.355,0.75));
#12504 = VECTOR('',#12505,1.);
#12505 = DIRECTION('',(1.110223024625E-16,-1.,0.));
#12506 = ORIENTED_EDGE('',*,*,#12507,.F.);
#12507 = EDGE_CURVE('',#12323,#12500,#12508,.T.);
#12508 = LINE('',#12509,#12510);
#12509 = CARTESIAN_POINT('',(0.8,1.355,0.75));
#12510 = VECTOR('',#12511,1.);
#12511 = DIRECTION('',(1.110223024625E-16,-1.,0.));
#12512 = ORIENTED_EDGE('',*,*,#12322,.F.);
#12513 = B_SPLINE_SURFACE_WITH_KNOTS('',1,1,(
    (#12514,#12515)
    ,(#12516,#12517
    )),.UNSPECIFIED.,.F.,.F.,.F.,(2,2),(2,2),(0.,2.71),(0.,1.),
  .PIECEWISE_BEZIER_KNOTS.);
#12514 = CARTESIAN_POINT('',(0.708648457443,1.309324228722,0.1));
#12515 = CARTESIAN_POINT('',(0.8,1.355,0.75));
#12516 = CARTESIAN_POINT('',(0.708648457443,-1.309324228722,0.1));
#12517 = CARTESIAN_POINT('',(0.8,-1.355,0.75));
#12518 = ADVANCED_FACE('',(#12519),#12536,.F.);
#12519 = FACE_BOUND('',#12520,.F.);
#12520 = EDGE_LOOP('',(#12521,#12522,#12523,#12531));
#12521 = ORIENTED_EDGE('',*,*,#12291,.T.);
#12522 = ORIENTED_EDGE('',*,*,#12454,.T.);
#12523 = ORIENTED_EDGE('',*,*,#12524,.F.);
#12524 = EDGE_CURVE('',#12525,#12447,#12527,.T.);
#12525 = VERTEX_POINT('',#12526);
#12526 = CARTESIAN_POINT('',(-0.705,-1.45,0.75));
#12527 = LINE('',#12528,#12529);
#12528 = CARTESIAN_POINT('',(-0.705,-1.45,0.75));
#12529 = VECTOR('',#12530,1.);
#12530 = DIRECTION('',(-0.707106781187,0.707106781187,0.));
#12531 = ORIENTED_EDGE('',*,*,#12532,.F.);
#12532 = EDGE_CURVE('',#12284,#12525,#12533,.T.);
#12533 = B_SPLINE_CURVE_WITH_KNOTS('',1,(#12534,#12535),.UNSPECIFIED.,
  .F.,.F.,(2,2),(0.,1.),.PIECEWISE_BEZIER_KNOTS.);
#12534 = CARTESIAN_POINT('',(-0.659324228722,-1.358648457443,0.1));
#12535 = CARTESIAN_POINT('',(-0.705,-1.45,0.75));
#12536 = B_SPLINE_SURFACE_WITH_KNOTS('',1,1,(
    (#12537,#12538)
    ,(#12539,#12540
    )),.UNSPECIFIED.,.F.,.F.,.F.,(2,2),(2,2),(0.,0.134350288425),(0.,1.)
  ,.PIECEWISE_BEZIER_KNOTS.);
#12537 = CARTESIAN_POINT('',(-0.659324228722,-1.358648457443,0.1));
#12538 = CARTESIAN_POINT('',(-0.705,-1.45,0.75));
#12539 = CARTESIAN_POINT('',(-0.708648457443,-1.309324228722,0.1));
#12540 = CARTESIAN_POINT('',(-0.8,-1.355,0.75));
#12541 = ADVANCED_FACE('',(#12542),#12559,.F.);
#12542 = FACE_BOUND('',#12543,.F.);
#12543 = EDGE_LOOP('',(#12544,#12545,#12552,#12558));
#12544 = ORIENTED_EDGE('',*,*,#12275,.T.);
#12545 = ORIENTED_EDGE('',*,*,#12546,.T.);
#12546 = EDGE_CURVE('',#12276,#12547,#12549,.T.);
#12547 = VERTEX_POINT('',#12548);
#12548 = CARTESIAN_POINT('',(0.705,-1.45,0.75));
#12549 = B_SPLINE_CURVE_WITH_KNOTS('',1,(#12550,#12551),.UNSPECIFIED.,
  .F.,.F.,(2,2),(0.,1.),.PIECEWISE_BEZIER_KNOTS.);
#12550 = CARTESIAN_POINT('',(0.659324228722,-1.358648457443,0.1));
#12551 = CARTESIAN_POINT('',(0.705,-1.45,0.75));
#12552 = ORIENTED_EDGE('',*,*,#12553,.F.);
#12553 = EDGE_CURVE('',#12469,#12547,#12554,.T.);
#12554 = LINE('',#12555,#12556);
#12555 = CARTESIAN_POINT('',(0.8,-1.355,0.75));
#12556 = VECTOR('',#12557,1.);
#12557 = DIRECTION('',(-0.707106781187,-0.707106781187,0.));
#12558 = ORIENTED_EDGE('',*,*,#12468,.F.);
#12559 = B_SPLINE_SURFACE_WITH_KNOTS('',1,1,(
    (#12560,#12561)
    ,(#12562,#12563
    )),.UNSPECIFIED.,.F.,.F.,.F.,(2,2),(2,2),(0.,0.134350288425),(0.,1.)
  ,.PIECEWISE_BEZIER_KNOTS.);
#12560 = CARTESIAN_POINT('',(0.708648457443,-1.309324228722,0.1));
#12561 = CARTESIAN_POINT('',(0.8,-1.355,0.75));
#12562 = CARTESIAN_POINT('',(0.659324228722,-1.358648457443,0.1));
#12563 = CARTESIAN_POINT('',(0.705,-1.45,0.75));
#12564 = ADVANCED_FACE('',(#12565),#12576,.F.);
#12565 = FACE_BOUND('',#12566,.F.);
#12566 = EDGE_LOOP('',(#12567,#12568,#12569,#12575));
#12567 = ORIENTED_EDGE('',*,*,#12283,.T.);
#12568 = ORIENTED_EDGE('',*,*,#12532,.T.);
#12569 = ORIENTED_EDGE('',*,*,#12570,.F.);
#12570 = EDGE_CURVE('',#12547,#12525,#12571,.T.);
#12571 = LINE('',#12572,#12573);
#12572 = CARTESIAN_POINT('',(0.705,-1.45,0.75));
#12573 = VECTOR('',#12574,1.);
#12574 = DIRECTION('',(-1.,-1.110223024625E-16,0.));
#12575 = ORIENTED_EDGE('',*,*,#12546,.F.);
#12576 = B_SPLINE_SURFACE_WITH_KNOTS('',1,1,(
    (#12577,#12578)
    ,(#12579,#12580
    )),.UNSPECIFIED.,.F.,.F.,.F.,(2,2),(2,2),(0.,1.41),(0.,1.),
  .PIECEWISE_BEZIER_KNOTS.);
#12577 = CARTESIAN_POINT('',(0.659324228722,-1.358648457443,0.1));
#12578 = CARTESIAN_POINT('',(0.705,-1.45,0.75));
#12579 = CARTESIAN_POINT('',(-0.659324228722,-1.358648457443,0.1));
#12580 = CARTESIAN_POINT('',(-0.705,-1.45,0.75));
#12581 = ADVANCED_FACE('',(#12582),#12599,.F.);
#12582 = FACE_BOUND('',#12583,.F.);
#12583 = EDGE_LOOP('',(#12584,#12585,#12592,#12598));
#12584 = ORIENTED_EDGE('',*,*,#12329,.T.);
#12585 = ORIENTED_EDGE('',*,*,#12586,.T.);
#12586 = EDGE_CURVE('',#12323,#12587,#12589,.T.);
#12587 = VERTEX_POINT('',#12588);
#12588 = CARTESIAN_POINT('',(0.8,1.355,0.9));
#12589 = B_SPLINE_CURVE_WITH_KNOTS('',1,(#12590,#12591),.UNSPECIFIED.,
  .F.,.F.,(2,2),(0.,1.),.PIECEWISE_BEZIER_KNOTS.);
#12590 = CARTESIAN_POINT('',(0.8,1.355,0.75));
#12591 = CARTESIAN_POINT('',(0.8,1.355,0.9));
#12592 = ORIENTED_EDGE('',*,*,#12593,.F.);
#12593 = EDGE_CURVE('',#12346,#12587,#12594,.T.);
#12594 = LINE('',#12595,#12596);
#12595 = CARTESIAN_POINT('',(0.705,1.45,0.9));
#12596 = VECTOR('',#12597,1.);
#12597 = DIRECTION('',(0.707106781187,-0.707106781187,0.));
#12598 = ORIENTED_EDGE('',*,*,#12345,.F.);
#12599 = PLANE('',#12600);
#12600 = AXIS2_PLACEMENT_3D('',#12601,#12602,#12603);
#12601 = CARTESIAN_POINT('',(0.705,1.45,0.9));
#12602 = DIRECTION('',(-0.707106781187,-0.707106781187,0.));
#12603 = DIRECTION('',(0.707106781187,-0.707106781187,0.));
#12604 = ADVANCED_FACE('',(#12605),#12687,.F.);
#12605 = FACE_BOUND('',#12606,.F.);
#12606 = EDGE_LOOP('',(#12607,#12615,#12616,#12617,#12625,#12633,#12641,
    #12649,#12657,#12665,#12673,#12681));
#12607 = ORIENTED_EDGE('',*,*,#12608,.T.);
#12608 = EDGE_CURVE('',#12609,#12353,#12611,.T.);
#12609 = VERTEX_POINT('',#12610);
#12610 = CARTESIAN_POINT('',(-0.8,1.355,0.9));
#12611 = LINE('',#12612,#12613);
#12612 = CARTESIAN_POINT('',(-0.8,1.355,0.9));
#12613 = VECTOR('',#12614,1.);
#12614 = DIRECTION('',(0.707106781187,0.707106781187,0.));
#12615 = ORIENTED_EDGE('',*,*,#12352,.T.);
#12616 = ORIENTED_EDGE('',*,*,#12593,.T.);
#12617 = ORIENTED_EDGE('',*,*,#12618,.T.);
#12618 = EDGE_CURVE('',#12587,#12619,#12621,.T.);
#12619 = VERTEX_POINT('',#12620);
#12620 = CARTESIAN_POINT('',(0.8,1.2,0.9));
#12621 = LINE('',#12622,#12623);
#12622 = CARTESIAN_POINT('',(0.8,1.355,0.9));
#12623 = VECTOR('',#12624,1.);
#12624 = DIRECTION('',(1.110223024625E-16,-1.,0.));
#12625 = ORIENTED_EDGE('',*,*,#12626,.T.);
#12626 = EDGE_CURVE('',#12619,#12627,#12629,.T.);
#12627 = VERTEX_POINT('',#12628);
#12628 = CARTESIAN_POINT('',(0.775,1.2,0.9));
#12629 = LINE('',#12630,#12631);
#12630 = CARTESIAN_POINT('',(0.85,1.2,0.9));
#12631 = VECTOR('',#12632,1.);
#12632 = DIRECTION('',(-1.,-1.110223024625E-16,0.));
#12633 = ORIENTED_EDGE('',*,*,#12634,.F.);
#12634 = EDGE_CURVE('',#12635,#12627,#12637,.T.);
#12635 = VERTEX_POINT('',#12636);
#12636 = CARTESIAN_POINT('',(0.775,1.3425,0.9));
#12637 = LINE('',#12638,#12639);
#12638 = CARTESIAN_POINT('',(0.775,1.3425,0.9));
#12639 = VECTOR('',#12640,1.);
#12640 = DIRECTION('',(1.110223024625E-16,-1.,0.));
#12641 = ORIENTED_EDGE('',*,*,#12642,.F.);
#12642 = EDGE_CURVE('',#12643,#12635,#12645,.T.);
#12643 = VERTEX_POINT('',#12644);
#12644 = CARTESIAN_POINT('',(0.6925,1.425,0.9));
#12645 = LINE('',#12646,#12647);
#12646 = CARTESIAN_POINT('',(0.6925,1.425,0.9));
#12647 = VECTOR('',#12648,1.);
#12648 = DIRECTION('',(0.707106781187,-0.707106781187,0.));
#12649 = ORIENTED_EDGE('',*,*,#12650,.F.);
#12650 = EDGE_CURVE('',#12651,#12643,#12653,.T.);
#12651 = VERTEX_POINT('',#12652);
#12652 = CARTESIAN_POINT('',(-0.6925,1.425,0.9));
#12653 = LINE('',#12654,#12655);
#12654 = CARTESIAN_POINT('',(-0.6925,1.425,0.9));
#12655 = VECTOR('',#12656,1.);
#12656 = DIRECTION('',(1.,1.110223024625E-16,0.));
#12657 = ORIENTED_EDGE('',*,*,#12658,.F.);
#12658 = EDGE_CURVE('',#12659,#12651,#12661,.T.);
#12659 = VERTEX_POINT('',#12660);
#12660 = CARTESIAN_POINT('',(-0.775,1.3425,0.9));
#12661 = LINE('',#12662,#12663);
#12662 = CARTESIAN_POINT('',(-0.775,1.3425,0.9));
#12663 = VECTOR('',#12664,1.);
#12664 = DIRECTION('',(0.707106781187,0.707106781187,0.));
#12665 = ORIENTED_EDGE('',*,*,#12666,.F.);
#12666 = EDGE_CURVE('',#12667,#12659,#12669,.T.);
#12667 = VERTEX_POINT('',#12668);
#12668 = CARTESIAN_POINT('',(-0.775,1.2,0.9));
#12669 = LINE('',#12670,#12671);
#12670 = CARTESIAN_POINT('',(-0.775,-1.3425,0.9));
#12671 = VECTOR('',#12672,1.);
#12672 = DIRECTION('',(-1.110223024625E-16,1.,0.));
#12673 = ORIENTED_EDGE('',*,*,#12674,.F.);
#12674 = EDGE_CURVE('',#12675,#12667,#12677,.T.);
#12675 = VERTEX_POINT('',#12676);
#12676 = CARTESIAN_POINT('',(-0.8,1.2,0.9));
#12677 = LINE('',#12678,#12679);
#12678 = CARTESIAN_POINT('',(-0.85,1.2,0.9));
#12679 = VECTOR('',#12680,1.);
#12680 = DIRECTION('',(1.,-1.144237745222E-17,0.));
#12681 = ORIENTED_EDGE('',*,*,#12682,.T.);
#12682 = EDGE_CURVE('',#12675,#12609,#12683,.T.);
#12683 = LINE('',#12684,#12685);
#12684 = CARTESIAN_POINT('',(-0.8,-1.355,0.9));
#12685 = VECTOR('',#12686,1.);
#12686 = DIRECTION('',(-1.110223024625E-16,1.,0.));
#12687 = PLANE('',#12688);
#12688 = AXIS2_PLACEMENT_3D('',#12689,#12690,#12691);
#12689 = CARTESIAN_POINT('',(-2.091417030376E-16,1.4375,0.9));
#12690 = DIRECTION('',(4.595758349624E-18,6.551522493592E-27,-1.));
#12691 = DIRECTION('',(1.,1.51922136901E-16,4.595758349624E-18));
#12692 = ADVANCED_FACE('',(#12693),#12703,.F.);
#12693 = FACE_BOUND('',#12694,.F.);
#12694 = EDGE_LOOP('',(#12695,#12696,#12697,#12698));
#12695 = ORIENTED_EDGE('',*,*,#12375,.T.);
#12696 = ORIENTED_EDGE('',*,*,#12360,.T.);
#12697 = ORIENTED_EDGE('',*,*,#12608,.F.);
#12698 = ORIENTED_EDGE('',*,*,#12699,.F.);
#12699 = EDGE_CURVE('',#12376,#12609,#12700,.T.);
#12700 = B_SPLINE_CURVE_WITH_KNOTS('',1,(#12701,#12702),.UNSPECIFIED.,
  .F.,.F.,(2,2),(0.,1.),.PIECEWISE_BEZIER_KNOTS.);
#12701 = CARTESIAN_POINT('',(-0.8,1.355,0.75));
#12702 = CARTESIAN_POINT('',(-0.8,1.355,0.9));
#12703 = PLANE('',#12704);
#12704 = AXIS2_PLACEMENT_3D('',#12705,#12706,#12707);
#12705 = CARTESIAN_POINT('',(-0.8,1.355,0.9));
#12706 = DIRECTION('',(0.707106781187,-0.707106781187,0.));
#12707 = DIRECTION('',(0.707106781187,0.707106781187,0.));
#12708 = ADVANCED_FACE('',(#12709),#12733,.F.);
#12709 = FACE_BOUND('',#12710,.F.);
#12710 = EDGE_LOOP('',(#12711,#12718,#12719,#12727));
#12711 = ORIENTED_EDGE('',*,*,#12712,.F.);
#12712 = EDGE_CURVE('',#12447,#12713,#12715,.T.);
#12713 = VERTEX_POINT('',#12714);
#12714 = CARTESIAN_POINT('',(-0.8,-1.355,0.9));
#12715 = B_SPLINE_CURVE_WITH_KNOTS('',1,(#12716,#12717),.UNSPECIFIED.,
  .F.,.F.,(2,2),(0.,1.),.PIECEWISE_BEZIER_KNOTS.);
#12716 = CARTESIAN_POINT('',(-0.8,-1.355,0.75));
#12717 = CARTESIAN_POINT('',(-0.8,-1.355,0.9));
#12718 = ORIENTED_EDGE('',*,*,#12446,.T.);
#12719 = ORIENTED_EDGE('',*,*,#12720,.T.);
#12720 = EDGE_CURVE('',#12439,#12721,#12723,.T.);
#12721 = VERTEX_POINT('',#12722);
#12722 = CARTESIAN_POINT('',(-0.8,-1.2,0.9));
#12723 = LINE('',#12724,#12725);
#12724 = CARTESIAN_POINT('',(-0.8,-1.2,0.670847817658));
#12725 = VECTOR('',#12726,1.);
#12726 = DIRECTION('',(0.,0.,1.));
#12727 = ORIENTED_EDGE('',*,*,#12728,.F.);
#12728 = EDGE_CURVE('',#12713,#12721,#12729,.T.);
#12729 = LINE('',#12730,#12731);
#12730 = CARTESIAN_POINT('',(-0.8,-1.355,0.9));
#12731 = VECTOR('',#12732,1.);
#12732 = DIRECTION('',(-1.110223024625E-16,1.,0.));
#12733 = PLANE('',#12734);
#12734 = AXIS2_PLACEMENT_3D('',#12735,#12736,#12737);
#12735 = CARTESIAN_POINT('',(-0.8,-1.355,0.9));
#12736 = DIRECTION('',(1.,1.110223024625E-16,0.));
#12737 = DIRECTION('',(-1.110223024625E-16,1.,0.));
#12738 = ADVANCED_FACE('',(#12739),#12764,.F.);
#12739 = FACE_BOUND('',#12740,.F.);
#12740 = EDGE_LOOP('',(#12741,#12749,#12750,#12758));
#12741 = ORIENTED_EDGE('',*,*,#12742,.F.);
#12742 = EDGE_CURVE('',#12439,#12743,#12745,.T.);
#12743 = VERTEX_POINT('',#12744);
#12744 = CARTESIAN_POINT('',(-0.85,-1.2,0.75));
#12745 = LINE('',#12746,#12747);
#12746 = CARTESIAN_POINT('',(-0.75,-1.2,0.75));
#12747 = VECTOR('',#12748,1.);
#12748 = DIRECTION('',(-1.,1.144237745222E-17,0.));
#12749 = ORIENTED_EDGE('',*,*,#12438,.T.);
#12750 = ORIENTED_EDGE('',*,*,#12751,.T.);
#12751 = EDGE_CURVE('',#12431,#12752,#12754,.T.);
#12752 = VERTEX_POINT('',#12753);
#12753 = CARTESIAN_POINT('',(-0.85,-0.7,0.75));
#12754 = LINE('',#12755,#12756);
#12755 = CARTESIAN_POINT('',(-0.75,-0.7,0.75));
#12756 = VECTOR('',#12757,1.);
#12757 = DIRECTION('',(-1.,1.144237745222E-17,0.));
#12758 = ORIENTED_EDGE('',*,*,#12759,.F.);
#12759 = EDGE_CURVE('',#12743,#12752,#12760,.T.);
#12760 = LINE('',#12761,#12762);
#12761 = CARTESIAN_POINT('',(-0.85,-1.2,0.75));
#12762 = VECTOR('',#12763,1.);
#12763 = DIRECTION('',(1.144237745222E-17,1.,0.));
#12764 = PLANE('',#12765);
#12765 = AXIS2_PLACEMENT_3D('',#12766,#12767,#12768);
#12766 = CARTESIAN_POINT('',(-0.75,-1.2,0.75));
#12767 = DIRECTION('',(0.,0.,1.));
#12768 = DIRECTION('',(-1.,1.144237745222E-17,0.));
#12769 = ADVANCED_FACE('',(#12770),#12795,.F.);
#12770 = FACE_BOUND('',#12771,.F.);
#12771 = EDGE_LOOP('',(#12772,#12780,#12781,#12789));
#12772 = ORIENTED_EDGE('',*,*,#12773,.F.);
#12773 = EDGE_CURVE('',#12431,#12774,#12776,.T.);
#12774 = VERTEX_POINT('',#12775);
#12775 = CARTESIAN_POINT('',(-0.8,-0.7,0.9));
#12776 = LINE('',#12777,#12778);
#12777 = CARTESIAN_POINT('',(-0.8,-0.7,0.670847817658));
#12778 = VECTOR('',#12779,1.);
#12779 = DIRECTION('',(0.,0.,1.));
#12780 = ORIENTED_EDGE('',*,*,#12430,.T.);
#12781 = ORIENTED_EDGE('',*,*,#12782,.T.);
#12782 = EDGE_CURVE('',#12423,#12783,#12785,.T.);
#12783 = VERTEX_POINT('',#12784);
#12784 = CARTESIAN_POINT('',(-0.8,-0.25,0.9));
#12785 = LINE('',#12786,#12787);
#12786 = CARTESIAN_POINT('',(-0.8,-0.25,0.670847817658));
#12787 = VECTOR('',#12788,1.);
#12788 = DIRECTION('',(0.,0.,1.));
#12789 = ORIENTED_EDGE('',*,*,#12790,.F.);
#12790 = EDGE_CURVE('',#12774,#12783,#12791,.T.);
#12791 = LINE('',#12792,#12793);
#12792 = CARTESIAN_POINT('',(-0.8,-1.355,0.9));
#12793 = VECTOR('',#12794,1.);
#12794 = DIRECTION('',(-1.110223024625E-16,1.,0.));
#12795 = PLANE('',#12796);
#12796 = AXIS2_PLACEMENT_3D('',#12797,#12798,#12799);
#12797 = CARTESIAN_POINT('',(-0.8,-1.355,0.9));
#12798 = DIRECTION('',(1.,1.110223024625E-16,0.));
#12799 = DIRECTION('',(-1.110223024625E-16,1.,0.));
#12800 = ADVANCED_FACE('',(#12801),#12826,.F.);
#12801 = FACE_BOUND('',#12802,.F.);
#12802 = EDGE_LOOP('',(#12803,#12811,#12812,#12820));
#12803 = ORIENTED_EDGE('',*,*,#12804,.F.);
#12804 = EDGE_CURVE('',#12423,#12805,#12807,.T.);
#12805 = VERTEX_POINT('',#12806);
#12806 = CARTESIAN_POINT('',(-0.85,-0.25,0.75));
#12807 = LINE('',#12808,#12809);
#12808 = CARTESIAN_POINT('',(-0.75,-0.25,0.75));
#12809 = VECTOR('',#12810,1.);
#12810 = DIRECTION('',(-1.,1.144237745222E-17,0.));
#12811 = ORIENTED_EDGE('',*,*,#12422,.T.);
#12812 = ORIENTED_EDGE('',*,*,#12813,.T.);
#12813 = EDGE_CURVE('',#12415,#12814,#12816,.T.);
#12814 = VERTEX_POINT('',#12815);
#12815 = CARTESIAN_POINT('',(-0.85,0.25,0.75));
#12816 = LINE('',#12817,#12818);
#12817 = CARTESIAN_POINT('',(-0.75,0.25,0.75));
#12818 = VECTOR('',#12819,1.);
#12819 = DIRECTION('',(-1.,1.144237745222E-17,0.));
#12820 = ORIENTED_EDGE('',*,*,#12821,.F.);
#12821 = EDGE_CURVE('',#12805,#12814,#12822,.T.);
#12822 = LINE('',#12823,#12824);
#12823 = CARTESIAN_POINT('',(-0.85,-0.25,0.75));
#12824 = VECTOR('',#12825,1.);
#12825 = DIRECTION('',(1.144237745222E-17,1.,0.));
#12826 = PLANE('',#12827);
#12827 = AXIS2_PLACEMENT_3D('',#12828,#12829,#12830);
#12828 = CARTESIAN_POINT('',(-0.75,-0.25,0.75));
#12829 = DIRECTION('',(0.,0.,1.));
#12830 = DIRECTION('',(-1.,1.144237745222E-17,0.));
#12831 = ADVANCED_FACE('',(#12832),#12857,.F.);
#12832 = FACE_BOUND('',#12833,.F.);
#12833 = EDGE_LOOP('',(#12834,#12842,#12843,#12851));
#12834 = ORIENTED_EDGE('',*,*,#12835,.F.);
#12835 = EDGE_CURVE('',#12415,#12836,#12838,.T.);
#12836 = VERTEX_POINT('',#12837);
#12837 = CARTESIAN_POINT('',(-0.8,0.25,0.9));
#12838 = LINE('',#12839,#12840);
#12839 = CARTESIAN_POINT('',(-0.8,0.25,0.670847817658));
#12840 = VECTOR('',#12841,1.);
#12841 = DIRECTION('',(0.,0.,1.));
#12842 = ORIENTED_EDGE('',*,*,#12414,.T.);
#12843 = ORIENTED_EDGE('',*,*,#12844,.T.);
#12844 = EDGE_CURVE('',#12407,#12845,#12847,.T.);
#12845 = VERTEX_POINT('',#12846);
#12846 = CARTESIAN_POINT('',(-0.8,0.7,0.9));
#12847 = LINE('',#12848,#12849);
#12848 = CARTESIAN_POINT('',(-0.8,0.7,0.670847817658));
#12849 = VECTOR('',#12850,1.);
#12850 = DIRECTION('',(0.,0.,1.));
#12851 = ORIENTED_EDGE('',*,*,#12852,.F.);
#12852 = EDGE_CURVE('',#12836,#12845,#12853,.T.);
#12853 = LINE('',#12854,#12855);
#12854 = CARTESIAN_POINT('',(-0.8,-1.355,0.9));
#12855 = VECTOR('',#12856,1.);
#12856 = DIRECTION('',(-1.110223024625E-16,1.,0.));
#12857 = PLANE('',#12858);
#12858 = AXIS2_PLACEMENT_3D('',#12859,#12860,#12861);
#12859 = CARTESIAN_POINT('',(-0.8,-1.355,0.9));
#12860 = DIRECTION('',(1.,1.110223024625E-16,0.));
#12861 = DIRECTION('',(-1.110223024625E-16,1.,0.));
#12862 = ADVANCED_FACE('',(#12863),#12888,.F.);
#12863 = FACE_BOUND('',#12864,.F.);
#12864 = EDGE_LOOP('',(#12865,#12873,#12874,#12882));
#12865 = ORIENTED_EDGE('',*,*,#12866,.F.);
#12866 = EDGE_CURVE('',#12407,#12867,#12869,.T.);
#12867 = VERTEX_POINT('',#12868);
#12868 = CARTESIAN_POINT('',(-0.85,0.7,0.75));
#12869 = LINE('',#12870,#12871);
#12870 = CARTESIAN_POINT('',(-0.75,0.7,0.75));
#12871 = VECTOR('',#12872,1.);
#12872 = DIRECTION('',(-1.,1.144237745222E-17,0.));
#12873 = ORIENTED_EDGE('',*,*,#12406,.T.);
#12874 = ORIENTED_EDGE('',*,*,#12875,.T.);
#12875 = EDGE_CURVE('',#12399,#12876,#12878,.T.);
#12876 = VERTEX_POINT('',#12877);
#12877 = CARTESIAN_POINT('',(-0.85,1.2,0.75));
#12878 = LINE('',#12879,#12880);
#12879 = CARTESIAN_POINT('',(-0.75,1.2,0.75));
#12880 = VECTOR('',#12881,1.);
#12881 = DIRECTION('',(-1.,1.144237745222E-17,0.));
#12882 = ORIENTED_EDGE('',*,*,#12883,.F.);
#12883 = EDGE_CURVE('',#12867,#12876,#12884,.T.);
#12884 = LINE('',#12885,#12886);
#12885 = CARTESIAN_POINT('',(-0.85,0.7,0.75));
#12886 = VECTOR('',#12887,1.);
#12887 = DIRECTION('',(1.144237745222E-17,1.,0.));
#12888 = PLANE('',#12889);
#12889 = AXIS2_PLACEMENT_3D('',#12890,#12891,#12892);
#12890 = CARTESIAN_POINT('',(-0.75,0.7,0.75));
#12891 = DIRECTION('',(0.,0.,1.));
#12892 = DIRECTION('',(-1.,1.144237745222E-17,0.));
#12893 = ADVANCED_FACE('',(#12894),#12905,.F.);
#12894 = FACE_BOUND('',#12895,.F.);
#12895 = EDGE_LOOP('',(#12896,#12902,#12903,#12904));
#12896 = ORIENTED_EDGE('',*,*,#12897,.F.);
#12897 = EDGE_CURVE('',#12399,#12675,#12898,.T.);
#12898 = LINE('',#12899,#12900);
#12899 = CARTESIAN_POINT('',(-0.8,1.2,0.670847817658));
#12900 = VECTOR('',#12901,1.);
#12901 = DIRECTION('',(0.,0.,1.));
#12902 = ORIENTED_EDGE('',*,*,#12398,.T.);
#12903 = ORIENTED_EDGE('',*,*,#12699,.T.);
#12904 = ORIENTED_EDGE('',*,*,#12682,.F.);
#12905 = PLANE('',#12906);
#12906 = AXIS2_PLACEMENT_3D('',#12907,#12908,#12909);
#12907 = CARTESIAN_POINT('',(-0.8,-1.355,0.9));
#12908 = DIRECTION('',(1.,1.110223024625E-16,0.));
#12909 = DIRECTION('',(-1.110223024625E-16,1.,0.));
#12910 = ADVANCED_FACE('',(#12911),#12922,.F.);
#12911 = FACE_BOUND('',#12912,.F.);
#12912 = EDGE_LOOP('',(#12913,#12914,#12915,#12921));
#12913 = ORIENTED_EDGE('',*,*,#12586,.F.);
#12914 = ORIENTED_EDGE('',*,*,#12507,.T.);
#12915 = ORIENTED_EDGE('',*,*,#12916,.T.);
#12916 = EDGE_CURVE('',#12500,#12619,#12917,.T.);
#12917 = LINE('',#12918,#12919);
#12918 = CARTESIAN_POINT('',(0.8,1.2,0.670847817658));
#12919 = VECTOR('',#12920,1.);
#12920 = DIRECTION('',(0.,0.,1.));
#12921 = ORIENTED_EDGE('',*,*,#12618,.F.);
#12922 = PLANE('',#12923);
#12923 = AXIS2_PLACEMENT_3D('',#12924,#12925,#12926);
#12924 = CARTESIAN_POINT('',(0.8,1.355,0.9));
#12925 = DIRECTION('',(-1.,-1.110223024625E-16,0.));
#12926 = DIRECTION('',(1.110223024625E-16,-1.,0.));
#12927 = ADVANCED_FACE('',(#12928),#12953,.F.);
#12928 = FACE_BOUND('',#12929,.F.);
#12929 = EDGE_LOOP('',(#12930,#12938,#12939,#12947));
#12930 = ORIENTED_EDGE('',*,*,#12931,.F.);
#12931 = EDGE_CURVE('',#12500,#12932,#12934,.T.);
#12932 = VERTEX_POINT('',#12933);
#12933 = CARTESIAN_POINT('',(0.85,1.2,0.75));
#12934 = LINE('',#12935,#12936);
#12935 = CARTESIAN_POINT('',(0.75,1.2,0.75));
#12936 = VECTOR('',#12937,1.);
#12937 = DIRECTION('',(1.,1.110223024625E-16,0.));
#12938 = ORIENTED_EDGE('',*,*,#12499,.T.);
#12939 = ORIENTED_EDGE('',*,*,#12940,.T.);
#12940 = EDGE_CURVE('',#12492,#12941,#12943,.T.);
#12941 = VERTEX_POINT('',#12942);
#12942 = CARTESIAN_POINT('',(0.85,0.7,0.75));
#12943 = LINE('',#12944,#12945);
#12944 = CARTESIAN_POINT('',(0.75,0.7,0.75));
#12945 = VECTOR('',#12946,1.);
#12946 = DIRECTION('',(1.,1.110223024625E-16,0.));
#12947 = ORIENTED_EDGE('',*,*,#12948,.F.);
#12948 = EDGE_CURVE('',#12932,#12941,#12949,.T.);
#12949 = LINE('',#12950,#12951);
#12950 = CARTESIAN_POINT('',(0.85,1.2,0.75));
#12951 = VECTOR('',#12952,1.);
#12952 = DIRECTION('',(1.110223024625E-16,-1.,0.));
#12953 = PLANE('',#12954);
#12954 = AXIS2_PLACEMENT_3D('',#12955,#12956,#12957);
#12955 = CARTESIAN_POINT('',(0.75,1.2,0.75));
#12956 = DIRECTION('',(0.,0.,1.));
#12957 = DIRECTION('',(1.,1.110223024625E-16,-0.));
#12958 = ADVANCED_FACE('',(#12959),#12984,.F.);
#12959 = FACE_BOUND('',#12960,.F.);
#12960 = EDGE_LOOP('',(#12961,#12969,#12970,#12978));
#12961 = ORIENTED_EDGE('',*,*,#12962,.F.);
#12962 = EDGE_CURVE('',#12492,#12963,#12965,.T.);
#12963 = VERTEX_POINT('',#12964);
#12964 = CARTESIAN_POINT('',(0.8,0.7,0.9));
#12965 = LINE('',#12966,#12967);
#12966 = CARTESIAN_POINT('',(0.8,0.7,0.670847817658));
#12967 = VECTOR('',#12968,1.);
#12968 = DIRECTION('',(0.,0.,1.));
#12969 = ORIENTED_EDGE('',*,*,#12491,.T.);
#12970 = ORIENTED_EDGE('',*,*,#12971,.T.);
#12971 = EDGE_CURVE('',#12484,#12972,#12974,.T.);
#12972 = VERTEX_POINT('',#12973);
#12973 = CARTESIAN_POINT('',(0.8,-0.7,0.9));
#12974 = LINE('',#12975,#12976);
#12975 = CARTESIAN_POINT('',(0.8,-0.7,0.670847817658));
#12976 = VECTOR('',#12977,1.);
#12977 = DIRECTION('',(0.,0.,1.));
#12978 = ORIENTED_EDGE('',*,*,#12979,.F.);
#12979 = EDGE_CURVE('',#12963,#12972,#12980,.T.);
#12980 = LINE('',#12981,#12982);
#12981 = CARTESIAN_POINT('',(0.8,1.355,0.9));
#12982 = VECTOR('',#12983,1.);
#12983 = DIRECTION('',(1.110223024625E-16,-1.,0.));
#12984 = PLANE('',#12985);
#12985 = AXIS2_PLACEMENT_3D('',#12986,#12987,#12988);
#12986 = CARTESIAN_POINT('',(0.8,1.355,0.9));
#12987 = DIRECTION('',(-1.,-1.110223024625E-16,0.));
#12988 = DIRECTION('',(1.110223024625E-16,-1.,0.));
#12989 = ADVANCED_FACE('',(#12990),#13015,.F.);
#12990 = FACE_BOUND('',#12991,.F.);
#12991 = EDGE_LOOP('',(#12992,#13000,#13001,#13009));
#12992 = ORIENTED_EDGE('',*,*,#12993,.F.);
#12993 = EDGE_CURVE('',#12484,#12994,#12996,.T.);
#12994 = VERTEX_POINT('',#12995);
#12995 = CARTESIAN_POINT('',(0.85,-0.7,0.75));
#12996 = LINE('',#12997,#12998);
#12997 = CARTESIAN_POINT('',(0.75,-0.7,0.75));
#12998 = VECTOR('',#12999,1.);
#12999 = DIRECTION('',(1.,1.110223024625E-16,0.));
#13000 = ORIENTED_EDGE('',*,*,#12483,.T.);
#13001 = ORIENTED_EDGE('',*,*,#13002,.T.);
#13002 = EDGE_CURVE('',#12476,#13003,#13005,.T.);
#13003 = VERTEX_POINT('',#13004);
#13004 = CARTESIAN_POINT('',(0.85,-1.2,0.75));
#13005 = LINE('',#13006,#13007);
#13006 = CARTESIAN_POINT('',(0.75,-1.2,0.75));
#13007 = VECTOR('',#13008,1.);
#13008 = DIRECTION('',(1.,1.110223024625E-16,0.));
#13009 = ORIENTED_EDGE('',*,*,#13010,.F.);
#13010 = EDGE_CURVE('',#12994,#13003,#13011,.T.);
#13011 = LINE('',#13012,#13013);
#13012 = CARTESIAN_POINT('',(0.85,-0.7,0.75));
#13013 = VECTOR('',#13014,1.);
#13014 = DIRECTION('',(1.110223024625E-16,-1.,0.));
#13015 = PLANE('',#13016);
#13016 = AXIS2_PLACEMENT_3D('',#13017,#13018,#13019);
#13017 = CARTESIAN_POINT('',(0.75,-0.7,0.75));
#13018 = DIRECTION('',(0.,0.,1.));
#13019 = DIRECTION('',(1.,1.110223024625E-16,-0.));
#13020 = ADVANCED_FACE('',(#13021),#13045,.F.);
#13021 = FACE_BOUND('',#13022,.F.);
#13022 = EDGE_LOOP('',(#13023,#13031,#13032,#13039));
#13023 = ORIENTED_EDGE('',*,*,#13024,.F.);
#13024 = EDGE_CURVE('',#12476,#13025,#13027,.T.);
#13025 = VERTEX_POINT('',#13026);
#13026 = CARTESIAN_POINT('',(0.8,-1.2,0.9));
#13027 = LINE('',#13028,#13029);
#13028 = CARTESIAN_POINT('',(0.8,-1.2,0.670847817658));
#13029 = VECTOR('',#13030,1.);
#13030 = DIRECTION('',(0.,0.,1.));
#13031 = ORIENTED_EDGE('',*,*,#12475,.T.);
#13032 = ORIENTED_EDGE('',*,*,#13033,.T.);
#13033 = EDGE_CURVE('',#12469,#13034,#13036,.T.);
#13034 = VERTEX_POINT('',#13035);
#13035 = CARTESIAN_POINT('',(0.8,-1.355,0.9));
#13036 = B_SPLINE_CURVE_WITH_KNOTS('',1,(#13037,#13038),.UNSPECIFIED.,
  .F.,.F.,(2,2),(0.,1.),.PIECEWISE_BEZIER_KNOTS.);
#13037 = CARTESIAN_POINT('',(0.8,-1.355,0.75));
#13038 = CARTESIAN_POINT('',(0.8,-1.355,0.9));
#13039 = ORIENTED_EDGE('',*,*,#13040,.F.);
#13040 = EDGE_CURVE('',#13025,#13034,#13041,.T.);
#13041 = LINE('',#13042,#13043);
#13042 = CARTESIAN_POINT('',(0.8,1.355,0.9));
#13043 = VECTOR('',#13044,1.);
#13044 = DIRECTION('',(1.110223024625E-16,-1.,0.));
#13045 = PLANE('',#13046);
#13046 = AXIS2_PLACEMENT_3D('',#13047,#13048,#13049);
#13047 = CARTESIAN_POINT('',(0.8,1.355,0.9));
#13048 = DIRECTION('',(-1.,-1.110223024625E-16,0.));
#13049 = DIRECTION('',(1.110223024625E-16,-1.,0.));
#13050 = ADVANCED_FACE('',(#13051),#13068,.F.);
#13051 = FACE_BOUND('',#13052,.F.);
#13052 = EDGE_LOOP('',(#13053,#13054,#13055,#13063));
#13053 = ORIENTED_EDGE('',*,*,#12524,.T.);
#13054 = ORIENTED_EDGE('',*,*,#12712,.T.);
#13055 = ORIENTED_EDGE('',*,*,#13056,.F.);
#13056 = EDGE_CURVE('',#13057,#12713,#13059,.T.);
#13057 = VERTEX_POINT('',#13058);
#13058 = CARTESIAN_POINT('',(-0.705,-1.45,0.9));
#13059 = LINE('',#13060,#13061);
#13060 = CARTESIAN_POINT('',(-0.705,-1.45,0.9));
#13061 = VECTOR('',#13062,1.);
#13062 = DIRECTION('',(-0.707106781187,0.707106781187,0.));
#13063 = ORIENTED_EDGE('',*,*,#13064,.F.);
#13064 = EDGE_CURVE('',#12525,#13057,#13065,.T.);
#13065 = B_SPLINE_CURVE_WITH_KNOTS('',1,(#13066,#13067),.UNSPECIFIED.,
  .F.,.F.,(2,2),(0.,1.),.PIECEWISE_BEZIER_KNOTS.);
#13066 = CARTESIAN_POINT('',(-0.705,-1.45,0.75));
#13067 = CARTESIAN_POINT('',(-0.705,-1.45,0.9));
#13068 = PLANE('',#13069);
#13069 = AXIS2_PLACEMENT_3D('',#13070,#13071,#13072);
#13070 = CARTESIAN_POINT('',(-0.705,-1.45,0.9));
#13071 = DIRECTION('',(0.707106781187,0.707106781187,0.));
#13072 = DIRECTION('',(-0.707106781187,0.707106781187,0.));
#13073 = ADVANCED_FACE('',(#13074),#13091,.F.);
#13074 = FACE_BOUND('',#13075,.F.);
#13075 = EDGE_LOOP('',(#13076,#13077,#13084,#13090));
#13076 = ORIENTED_EDGE('',*,*,#12553,.T.);
#13077 = ORIENTED_EDGE('',*,*,#13078,.T.);
#13078 = EDGE_CURVE('',#12547,#13079,#13081,.T.);
#13079 = VERTEX_POINT('',#13080);
#13080 = CARTESIAN_POINT('',(0.705,-1.45,0.9));
#13081 = B_SPLINE_CURVE_WITH_KNOTS('',1,(#13082,#13083),.UNSPECIFIED.,
  .F.,.F.,(2,2),(0.,1.),.PIECEWISE_BEZIER_KNOTS.);
#13082 = CARTESIAN_POINT('',(0.705,-1.45,0.75));
#13083 = CARTESIAN_POINT('',(0.705,-1.45,0.9));
#13084 = ORIENTED_EDGE('',*,*,#13085,.F.);
#13085 = EDGE_CURVE('',#13034,#13079,#13086,.T.);
#13086 = LINE('',#13087,#13088);
#13087 = CARTESIAN_POINT('',(0.8,-1.355,0.9));
#13088 = VECTOR('',#13089,1.);
#13089 = DIRECTION('',(-0.707106781187,-0.707106781187,0.));
#13090 = ORIENTED_EDGE('',*,*,#13033,.F.);
#13091 = PLANE('',#13092);
#13092 = AXIS2_PLACEMENT_3D('',#13093,#13094,#13095);
#13093 = CARTESIAN_POINT('',(0.8,-1.355,0.9));
#13094 = DIRECTION('',(-0.707106781187,0.707106781187,0.));
#13095 = DIRECTION('',(-0.707106781187,-0.707106781187,0.));
#13096 = ADVANCED_FACE('',(#13097),#13108,.F.);
#13097 = FACE_BOUND('',#13098,.F.);
#13098 = EDGE_LOOP('',(#13099,#13100,#13101,#13107));
#13099 = ORIENTED_EDGE('',*,*,#12570,.T.);
#13100 = ORIENTED_EDGE('',*,*,#13064,.T.);
#13101 = ORIENTED_EDGE('',*,*,#13102,.F.);
#13102 = EDGE_CURVE('',#13079,#13057,#13103,.T.);
#13103 = LINE('',#13104,#13105);
#13104 = CARTESIAN_POINT('',(0.705,-1.45,0.9));
#13105 = VECTOR('',#13106,1.);
#13106 = DIRECTION('',(-1.,-1.110223024625E-16,0.));
#13107 = ORIENTED_EDGE('',*,*,#13078,.F.);
#13108 = PLANE('',#13109);
#13109 = AXIS2_PLACEMENT_3D('',#13110,#13111,#13112);
#13110 = CARTESIAN_POINT('',(0.705,-1.45,0.9));
#13111 = DIRECTION('',(-1.110223024625E-16,1.,0.));
#13112 = DIRECTION('',(-1.,-1.110223024625E-16,0.));
#13113 = ADVANCED_FACE('',(#13114),#13153,.F.);
#13114 = FACE_BOUND('',#13115,.F.);
#13115 = EDGE_LOOP('',(#13116,#13124,#13132,#13138,#13139,#13147));
#13116 = ORIENTED_EDGE('',*,*,#13117,.F.);
#13117 = EDGE_CURVE('',#13118,#12845,#13120,.T.);
#13118 = VERTEX_POINT('',#13119);
#13119 = CARTESIAN_POINT('',(-0.85,0.7,0.9));
#13120 = LINE('',#13121,#13122);
#13121 = CARTESIAN_POINT('',(-0.85,0.7,0.9));
#13122 = VECTOR('',#13123,1.);
#13123 = DIRECTION('',(1.,-1.144237745222E-17,0.));
#13124 = ORIENTED_EDGE('',*,*,#13125,.T.);
#13125 = EDGE_CURVE('',#13118,#13126,#13128,.T.);
#13126 = VERTEX_POINT('',#13127);
#13127 = CARTESIAN_POINT('',(-0.85,1.2,0.9));
#13128 = LINE('',#13129,#13130);
#13129 = CARTESIAN_POINT('',(-0.85,0.7,0.9));
#13130 = VECTOR('',#13131,1.);
#13131 = DIRECTION('',(1.144237745222E-17,1.,0.));
#13132 = ORIENTED_EDGE('',*,*,#13133,.T.);
#13133 = EDGE_CURVE('',#13126,#12675,#13134,.T.);
#13134 = LINE('',#13135,#13136);
#13135 = CARTESIAN_POINT('',(-0.85,1.2,0.9));
#13136 = VECTOR('',#13137,1.);
#13137 = DIRECTION('',(1.,-1.144237745222E-17,0.));
#13138 = ORIENTED_EDGE('',*,*,#12674,.T.);
#13139 = ORIENTED_EDGE('',*,*,#13140,.F.);
#13140 = EDGE_CURVE('',#13141,#12667,#13143,.T.);
#13141 = VERTEX_POINT('',#13142);
#13142 = CARTESIAN_POINT('',(-0.775,0.7,0.9));
#13143 = LINE('',#13144,#13145);
#13144 = CARTESIAN_POINT('',(-0.775,-1.3425,0.9));
#13145 = VECTOR('',#13146,1.);
#13146 = DIRECTION('',(-1.110223024625E-16,1.,0.));
#13147 = ORIENTED_EDGE('',*,*,#13148,.F.);
#13148 = EDGE_CURVE('',#12845,#13141,#13149,.T.);
#13149 = LINE('',#13150,#13151);
#13150 = CARTESIAN_POINT('',(-0.85,0.7,0.9));
#13151 = VECTOR('',#13152,1.);
#13152 = DIRECTION('',(1.,-1.144237745222E-17,0.));
#13153 = PLANE('',#13154);
#13154 = AXIS2_PLACEMENT_3D('',#13155,#13156,#13157);
#13155 = CARTESIAN_POINT('',(-0.85,0.7,0.9));
#13156 = DIRECTION('',(0.,0.,-1.));
#13157 = DIRECTION('',(1.,-1.144237745222E-17,0.));
#13158 = ADVANCED_FACE('',(#13159),#13223,.F.);
#13159 = FACE_BOUND('',#13160,.F.);
#13160 = EDGE_LOOP('',(#13161,#13171,#13179,#13187,#13195,#13201,#13202,
    #13203,#13210,#13218));
#13161 = ORIENTED_EDGE('',*,*,#13162,.T.);
#13162 = EDGE_CURVE('',#13163,#13165,#13167,.T.);
#13163 = VERTEX_POINT('',#13164);
#13164 = CARTESIAN_POINT('',(-0.775,-1.3425,0.9));
#13165 = VERTEX_POINT('',#13166);
#13166 = CARTESIAN_POINT('',(-0.775,-1.2,0.9));
#13167 = LINE('',#13168,#13169);
#13168 = CARTESIAN_POINT('',(-0.775,-1.3425,0.9));
#13169 = VECTOR('',#13170,1.);
#13170 = DIRECTION('',(-1.110223024625E-16,1.,0.));
#13171 = ORIENTED_EDGE('',*,*,#13172,.T.);
#13172 = EDGE_CURVE('',#13165,#13173,#13175,.T.);
#13173 = VERTEX_POINT('',#13174);
#13174 = CARTESIAN_POINT('',(-0.775,-0.7,0.9));
#13175 = LINE('',#13176,#13177);
#13176 = CARTESIAN_POINT('',(-0.775,-1.3425,0.9));
#13177 = VECTOR('',#13178,1.);
#13178 = DIRECTION('',(-1.110223024625E-16,1.,0.));
#13179 = ORIENTED_EDGE('',*,*,#13180,.T.);
#13180 = EDGE_CURVE('',#13173,#13181,#13183,.T.);
#13181 = VERTEX_POINT('',#13182);
#13182 = CARTESIAN_POINT('',(-0.775,-0.25,0.9));
#13183 = LINE('',#13184,#13185);
#13184 = CARTESIAN_POINT('',(-0.775,-1.3425,0.9));
#13185 = VECTOR('',#13186,1.);
#13186 = DIRECTION('',(-1.110223024625E-16,1.,0.));
#13187 = ORIENTED_EDGE('',*,*,#13188,.T.);
#13188 = EDGE_CURVE('',#13181,#13189,#13191,.T.);
#13189 = VERTEX_POINT('',#13190);
#13190 = CARTESIAN_POINT('',(-0.775,0.25,0.9));
#13191 = LINE('',#13192,#13193);
#13192 = CARTESIAN_POINT('',(-0.775,-1.3425,0.9));
#13193 = VECTOR('',#13194,1.);
#13194 = DIRECTION('',(-1.110223024625E-16,1.,0.));
#13195 = ORIENTED_EDGE('',*,*,#13196,.T.);
#13196 = EDGE_CURVE('',#13189,#13141,#13197,.T.);
#13197 = LINE('',#13198,#13199);
#13198 = CARTESIAN_POINT('',(-0.775,-1.3425,0.9));
#13199 = VECTOR('',#13200,1.);
#13200 = DIRECTION('',(-1.110223024625E-16,1.,0.));
#13201 = ORIENTED_EDGE('',*,*,#13140,.T.);
#13202 = ORIENTED_EDGE('',*,*,#12666,.T.);
#13203 = ORIENTED_EDGE('',*,*,#13204,.T.);
#13204 = EDGE_CURVE('',#12659,#13205,#13207,.T.);
#13205 = VERTEX_POINT('',#13206);
#13206 = CARTESIAN_POINT('',(-0.683648457443,1.296824228722,1.55));
#13207 = B_SPLINE_CURVE_WITH_KNOTS('',1,(#13208,#13209),.UNSPECIFIED.,
  .F.,.F.,(2,2),(0.,1.),.PIECEWISE_BEZIER_KNOTS.);
#13208 = CARTESIAN_POINT('',(-0.775,1.3425,0.9));
#13209 = CARTESIAN_POINT('',(-0.683648457443,1.296824228722,1.55));
#13210 = ORIENTED_EDGE('',*,*,#13211,.F.);
#13211 = EDGE_CURVE('',#13212,#13205,#13214,.T.);
#13212 = VERTEX_POINT('',#13213);
#13213 = CARTESIAN_POINT('',(-0.683648457443,-1.296824228722,1.55));
#13214 = LINE('',#13215,#13216);
#13215 = CARTESIAN_POINT('',(-0.683648457443,-1.296824228722,1.55));
#13216 = VECTOR('',#13217,1.);
#13217 = DIRECTION('',(-1.110223024625E-16,1.,0.));
#13218 = ORIENTED_EDGE('',*,*,#13219,.F.);
#13219 = EDGE_CURVE('',#13163,#13212,#13220,.T.);
#13220 = B_SPLINE_CURVE_WITH_KNOTS('',1,(#13221,#13222),.UNSPECIFIED.,
  .F.,.F.,(2,2),(0.,1.),.PIECEWISE_BEZIER_KNOTS.);
#13221 = CARTESIAN_POINT('',(-0.775,-1.3425,0.9));
#13222 = CARTESIAN_POINT('',(-0.683648457443,-1.296824228722,1.55));
#13223 = B_SPLINE_SURFACE_WITH_KNOTS('',1,1,(
    (#13224,#13225)
    ,(#13226,#13227
    )),.UNSPECIFIED.,.F.,.F.,.F.,(2,2),(2,2),(0.,2.685),(0.,1.),
  .PIECEWISE_BEZIER_KNOTS.);
#13224 = CARTESIAN_POINT('',(-0.775,-1.3425,0.9));
#13225 = CARTESIAN_POINT('',(-0.683648457443,-1.296824228722,1.55));
#13226 = CARTESIAN_POINT('',(-0.775,1.3425,0.9));
#13227 = CARTESIAN_POINT('',(-0.683648457443,1.296824228722,1.55));
#13228 = ADVANCED_FACE('',(#13229),#13246,.F.);
#13229 = FACE_BOUND('',#13230,.F.);
#13230 = EDGE_LOOP('',(#13231,#13232,#13239,#13245));
#13231 = ORIENTED_EDGE('',*,*,#12658,.T.);
#13232 = ORIENTED_EDGE('',*,*,#13233,.T.);
#13233 = EDGE_CURVE('',#12651,#13234,#13236,.T.);
#13234 = VERTEX_POINT('',#13235);
#13235 = CARTESIAN_POINT('',(-0.646824228722,1.333648457443,1.55));
#13236 = B_SPLINE_CURVE_WITH_KNOTS('',1,(#13237,#13238),.UNSPECIFIED.,
  .F.,.F.,(2,2),(0.,1.),.PIECEWISE_BEZIER_KNOTS.);
#13237 = CARTESIAN_POINT('',(-0.6925,1.425,0.9));
#13238 = CARTESIAN_POINT('',(-0.646824228722,1.333648457443,1.55));
#13239 = ORIENTED_EDGE('',*,*,#13240,.F.);
#13240 = EDGE_CURVE('',#13205,#13234,#13241,.T.);
#13241 = LINE('',#13242,#13243);
#13242 = CARTESIAN_POINT('',(-0.683648457443,1.296824228722,1.55));
#13243 = VECTOR('',#13244,1.);
#13244 = DIRECTION('',(0.707106781187,0.707106781187,0.));
#13245 = ORIENTED_EDGE('',*,*,#13204,.F.);
#13246 = B_SPLINE_SURFACE_WITH_KNOTS('',1,1,(
    (#13247,#13248)
    ,(#13249,#13250
    )),.UNSPECIFIED.,.F.,.F.,.F.,(2,2),(2,2),(0.,0.116672618896),(0.,1.)
  ,.PIECEWISE_BEZIER_KNOTS.);
#13247 = CARTESIAN_POINT('',(-0.775,1.3425,0.9));
#13248 = CARTESIAN_POINT('',(-0.683648457443,1.296824228722,1.55));
#13249 = CARTESIAN_POINT('',(-0.6925,1.425,0.9));
#13250 = CARTESIAN_POINT('',(-0.646824228722,1.333648457443,1.55));
#13251 = ADVANCED_FACE('',(#13252),#13269,.F.);
#13252 = FACE_BOUND('',#13253,.F.);
#13253 = EDGE_LOOP('',(#13254,#13255,#13262,#13268));
#13254 = ORIENTED_EDGE('',*,*,#12650,.T.);
#13255 = ORIENTED_EDGE('',*,*,#13256,.T.);
#13256 = EDGE_CURVE('',#12643,#13257,#13259,.T.);
#13257 = VERTEX_POINT('',#13258);
#13258 = CARTESIAN_POINT('',(0.646824228722,1.333648457443,1.55));
#13259 = B_SPLINE_CURVE_WITH_KNOTS('',1,(#13260,#13261),.UNSPECIFIED.,
  .F.,.F.,(2,2),(0.,1.),.PIECEWISE_BEZIER_KNOTS.);
#13260 = CARTESIAN_POINT('',(0.6925,1.425,0.9));
#13261 = CARTESIAN_POINT('',(0.646824228722,1.333648457443,1.55));
#13262 = ORIENTED_EDGE('',*,*,#13263,.F.);
#13263 = EDGE_CURVE('',#13234,#13257,#13264,.T.);
#13264 = LINE('',#13265,#13266);
#13265 = CARTESIAN_POINT('',(-0.646824228722,1.333648457443,1.55));
#13266 = VECTOR('',#13267,1.);
#13267 = DIRECTION('',(1.,1.110223024625E-16,0.));
#13268 = ORIENTED_EDGE('',*,*,#13233,.F.);
#13269 = B_SPLINE_SURFACE_WITH_KNOTS('',1,1,(
    (#13270,#13271)
    ,(#13272,#13273
    )),.UNSPECIFIED.,.F.,.F.,.F.,(2,2),(2,2),(0.,1.385),(0.,1.),
  .PIECEWISE_BEZIER_KNOTS.);
#13270 = CARTESIAN_POINT('',(-0.6925,1.425,0.9));
#13271 = CARTESIAN_POINT('',(-0.646824228722,1.333648457443,1.55));
#13272 = CARTESIAN_POINT('',(0.6925,1.425,0.9));
#13273 = CARTESIAN_POINT('',(0.646824228722,1.333648457443,1.55));
#13274 = ADVANCED_FACE('',(#13275),#13292,.F.);
#13275 = FACE_BOUND('',#13276,.F.);
#13276 = EDGE_LOOP('',(#13277,#13278,#13285,#13291));
#13277 = ORIENTED_EDGE('',*,*,#12642,.T.);
#13278 = ORIENTED_EDGE('',*,*,#13279,.T.);
#13279 = EDGE_CURVE('',#12635,#13280,#13282,.T.);
#13280 = VERTEX_POINT('',#13281);
#13281 = CARTESIAN_POINT('',(0.683648457443,1.296824228722,1.55));
#13282 = B_SPLINE_CURVE_WITH_KNOTS('',1,(#13283,#13284),.UNSPECIFIED.,
  .F.,.F.,(2,2),(0.,1.),.PIECEWISE_BEZIER_KNOTS.);
#13283 = CARTESIAN_POINT('',(0.775,1.3425,0.9));
#13284 = CARTESIAN_POINT('',(0.683648457443,1.296824228722,1.55));
#13285 = ORIENTED_EDGE('',*,*,#13286,.F.);
#13286 = EDGE_CURVE('',#13257,#13280,#13287,.T.);
#13287 = LINE('',#13288,#13289);
#13288 = CARTESIAN_POINT('',(0.646824228722,1.333648457443,1.55));
#13289 = VECTOR('',#13290,1.);
#13290 = DIRECTION('',(0.707106781187,-0.707106781187,0.));
#13291 = ORIENTED_EDGE('',*,*,#13256,.F.);
#13292 = B_SPLINE_SURFACE_WITH_KNOTS('',1,1,(
    (#13293,#13294)
    ,(#13295,#13296
    )),.UNSPECIFIED.,.F.,.F.,.F.,(2,2),(2,2),(0.,0.116672618896),(0.,1.)
  ,.PIECEWISE_BEZIER_KNOTS.);
#13293 = CARTESIAN_POINT('',(0.6925,1.425,0.9));
#13294 = CARTESIAN_POINT('',(0.646824228722,1.333648457443,1.55));
#13295 = CARTESIAN_POINT('',(0.775,1.3425,0.9));
#13296 = CARTESIAN_POINT('',(0.683648457443,1.296824228722,1.55));
#13297 = ADVANCED_FACE('',(#13298),#13347,.F.);
#13298 = FACE_BOUND('',#13299,.F.);
#13299 = EDGE_LOOP('',(#13300,#13301,#13309,#13317,#13325,#13333,#13340,
    #13346));
#13300 = ORIENTED_EDGE('',*,*,#12634,.T.);
#13301 = ORIENTED_EDGE('',*,*,#13302,.T.);
#13302 = EDGE_CURVE('',#12627,#13303,#13305,.T.);
#13303 = VERTEX_POINT('',#13304);
#13304 = CARTESIAN_POINT('',(0.775,0.7,0.9));
#13305 = LINE('',#13306,#13307);
#13306 = CARTESIAN_POINT('',(0.775,1.3425,0.9));
#13307 = VECTOR('',#13308,1.);
#13308 = DIRECTION('',(1.110223024625E-16,-1.,0.));
#13309 = ORIENTED_EDGE('',*,*,#13310,.T.);
#13310 = EDGE_CURVE('',#13303,#13311,#13313,.T.);
#13311 = VERTEX_POINT('',#13312);
#13312 = CARTESIAN_POINT('',(0.775,-0.7,0.9));
#13313 = LINE('',#13314,#13315);
#13314 = CARTESIAN_POINT('',(0.775,1.3425,0.9));
#13315 = VECTOR('',#13316,1.);
#13316 = DIRECTION('',(1.110223024625E-16,-1.,0.));
#13317 = ORIENTED_EDGE('',*,*,#13318,.T.);
#13318 = EDGE_CURVE('',#13311,#13319,#13321,.T.);
#13319 = VERTEX_POINT('',#13320);
#13320 = CARTESIAN_POINT('',(0.775,-1.2,0.9));
#13321 = LINE('',#13322,#13323);
#13322 = CARTESIAN_POINT('',(0.775,1.3425,0.9));
#13323 = VECTOR('',#13324,1.);
#13324 = DIRECTION('',(1.110223024625E-16,-1.,0.));
#13325 = ORIENTED_EDGE('',*,*,#13326,.T.);
#13326 = EDGE_CURVE('',#13319,#13327,#13329,.T.);
#13327 = VERTEX_POINT('',#13328);
#13328 = CARTESIAN_POINT('',(0.775,-1.3425,0.9));
#13329 = LINE('',#13330,#13331);
#13330 = CARTESIAN_POINT('',(0.775,1.3425,0.9));
#13331 = VECTOR('',#13332,1.);
#13332 = DIRECTION('',(1.110223024625E-16,-1.,0.));
#13333 = ORIENTED_EDGE('',*,*,#13334,.T.);
#13334 = EDGE_CURVE('',#13327,#13335,#13337,.T.);
#13335 = VERTEX_POINT('',#13336);
#13336 = CARTESIAN_POINT('',(0.683648457443,-1.296824228722,1.55));
#13337 = B_SPLINE_CURVE_WITH_KNOTS('',1,(#13338,#13339),.UNSPECIFIED.,
  .F.,.F.,(2,2),(0.,1.),.PIECEWISE_BEZIER_KNOTS.);
#13338 = CARTESIAN_POINT('',(0.775,-1.3425,0.9));
#13339 = CARTESIAN_POINT('',(0.683648457443,-1.296824228722,1.55));
#13340 = ORIENTED_EDGE('',*,*,#13341,.F.);
#13341 = EDGE_CURVE('',#13280,#13335,#13342,.T.);
#13342 = LINE('',#13343,#13344);
#13343 = CARTESIAN_POINT('',(0.683648457443,1.296824228722,1.55));
#13344 = VECTOR('',#13345,1.);
#13345 = DIRECTION('',(1.110223024625E-16,-1.,0.));
#13346 = ORIENTED_EDGE('',*,*,#13279,.F.);
#13347 = B_SPLINE_SURFACE_WITH_KNOTS('',1,1,(
    (#13348,#13349)
    ,(#13350,#13351
    )),.UNSPECIFIED.,.F.,.F.,.F.,(2,2),(2,2),(0.,2.685),(0.,1.),
  .PIECEWISE_BEZIER_KNOTS.);
#13348 = CARTESIAN_POINT('',(0.775,1.3425,0.9));
#13349 = CARTESIAN_POINT('',(0.683648457443,1.296824228722,1.55));
#13350 = CARTESIAN_POINT('',(0.775,-1.3425,0.9));
#13351 = CARTESIAN_POINT('',(0.683648457443,-1.296824228722,1.55));
#13352 = ADVANCED_FACE('',(#13353),#13385,.F.);
#13353 = FACE_BOUND('',#13354,.F.);
#13354 = EDGE_LOOP('',(#13355,#13363,#13371,#13377,#13383,#13384));
#13355 = ORIENTED_EDGE('',*,*,#13356,.F.);
#13356 = EDGE_CURVE('',#13357,#12619,#13359,.T.);
#13357 = VERTEX_POINT('',#13358);
#13358 = CARTESIAN_POINT('',(0.85,1.2,0.9));
#13359 = LINE('',#13360,#13361);
#13360 = CARTESIAN_POINT('',(0.85,1.2,0.9));
#13361 = VECTOR('',#13362,1.);
#13362 = DIRECTION('',(-1.,-1.110223024625E-16,0.));
#13363 = ORIENTED_EDGE('',*,*,#13364,.T.);
#13364 = EDGE_CURVE('',#13357,#13365,#13367,.T.);
#13365 = VERTEX_POINT('',#13366);
#13366 = CARTESIAN_POINT('',(0.85,0.7,0.9));
#13367 = LINE('',#13368,#13369);
#13368 = CARTESIAN_POINT('',(0.85,1.2,0.9));
#13369 = VECTOR('',#13370,1.);
#13370 = DIRECTION('',(1.110223024625E-16,-1.,0.));
#13371 = ORIENTED_EDGE('',*,*,#13372,.T.);
#13372 = EDGE_CURVE('',#13365,#12963,#13373,.T.);
#13373 = LINE('',#13374,#13375);
#13374 = CARTESIAN_POINT('',(0.85,0.7,0.9));
#13375 = VECTOR('',#13376,1.);
#13376 = DIRECTION('',(-1.,-1.110223024625E-16,0.));
#13377 = ORIENTED_EDGE('',*,*,#13378,.T.);
#13378 = EDGE_CURVE('',#12963,#13303,#13379,.T.);
#13379 = LINE('',#13380,#13381);
#13380 = CARTESIAN_POINT('',(0.85,0.7,0.9));
#13381 = VECTOR('',#13382,1.);
#13382 = DIRECTION('',(-1.,-1.110223024625E-16,0.));
#13383 = ORIENTED_EDGE('',*,*,#13302,.F.);
#13384 = ORIENTED_EDGE('',*,*,#12626,.F.);
#13385 = PLANE('',#13386);
#13386 = AXIS2_PLACEMENT_3D('',#13387,#13388,#13389);
#13387 = CARTESIAN_POINT('',(0.85,1.2,0.9));
#13388 = DIRECTION('',(0.,0.,-1.));
#13389 = DIRECTION('',(-1.,-1.110223024625E-16,-0.));
#13390 = ADVANCED_FACE('',(#13391),#13434,.F.);
#13391 = FACE_BOUND('',#13392,.F.);
#13392 = EDGE_LOOP('',(#13393,#13399,#13400,#13401,#13402,#13403,#13404,
    #13410,#13411,#13419,#13427,#13433));
#13393 = ORIENTED_EDGE('',*,*,#13394,.F.);
#13394 = EDGE_CURVE('',#13025,#13319,#13395,.T.);
#13395 = LINE('',#13396,#13397);
#13396 = CARTESIAN_POINT('',(0.85,-1.2,0.9));
#13397 = VECTOR('',#13398,1.);
#13398 = DIRECTION('',(-1.,-1.110223024625E-16,0.));
#13399 = ORIENTED_EDGE('',*,*,#13040,.T.);
#13400 = ORIENTED_EDGE('',*,*,#13085,.T.);
#13401 = ORIENTED_EDGE('',*,*,#13102,.T.);
#13402 = ORIENTED_EDGE('',*,*,#13056,.T.);
#13403 = ORIENTED_EDGE('',*,*,#12728,.T.);
#13404 = ORIENTED_EDGE('',*,*,#13405,.T.);
#13405 = EDGE_CURVE('',#12721,#13165,#13406,.T.);
#13406 = LINE('',#13407,#13408);
#13407 = CARTESIAN_POINT('',(-0.85,-1.2,0.9));
#13408 = VECTOR('',#13409,1.);
#13409 = DIRECTION('',(1.,-1.144237745222E-17,0.));
#13410 = ORIENTED_EDGE('',*,*,#13162,.F.);
#13411 = ORIENTED_EDGE('',*,*,#13412,.F.);
#13412 = EDGE_CURVE('',#13413,#13163,#13415,.T.);
#13413 = VERTEX_POINT('',#13414);
#13414 = CARTESIAN_POINT('',(-0.6925,-1.425,0.9));
#13415 = LINE('',#13416,#13417);
#13416 = CARTESIAN_POINT('',(-0.6925,-1.425,0.9));
#13417 = VECTOR('',#13418,1.);
#13418 = DIRECTION('',(-0.707106781187,0.707106781187,0.));
#13419 = ORIENTED_EDGE('',*,*,#13420,.F.);
#13420 = EDGE_CURVE('',#13421,#13413,#13423,.T.);
#13421 = VERTEX_POINT('',#13422);
#13422 = CARTESIAN_POINT('',(0.6925,-1.425,0.9));
#13423 = LINE('',#13424,#13425);
#13424 = CARTESIAN_POINT('',(0.6925,-1.425,0.9));
#13425 = VECTOR('',#13426,1.);
#13426 = DIRECTION('',(-1.,-1.110223024625E-16,0.));
#13427 = ORIENTED_EDGE('',*,*,#13428,.F.);
#13428 = EDGE_CURVE('',#13327,#13421,#13429,.T.);
#13429 = LINE('',#13430,#13431);
#13430 = CARTESIAN_POINT('',(0.775,-1.3425,0.9));
#13431 = VECTOR('',#13432,1.);
#13432 = DIRECTION('',(-0.707106781187,-0.707106781187,0.));
#13433 = ORIENTED_EDGE('',*,*,#13326,.F.);
#13434 = PLANE('',#13435);
#13435 = AXIS2_PLACEMENT_3D('',#13436,#13437,#13438);
#13436 = CARTESIAN_POINT('',(-2.091417030376E-16,1.4375,0.9));
#13437 = DIRECTION('',(4.595758349624E-18,6.551522493592E-27,-1.));
#13438 = DIRECTION('',(1.,1.51922136901E-16,4.595758349624E-18));
#13439 = ADVANCED_FACE('',(#13440),#13526,.F.);
#13440 = FACE_BOUND('',#13441,.F.);
#13441 = EDGE_LOOP('',(#13442,#13443,#13444,#13453,#13461,#13470,#13478,
    #13486,#13494,#13503,#13511,#13520));
#13442 = ORIENTED_EDGE('',*,*,#12720,.F.);
#13443 = ORIENTED_EDGE('',*,*,#12742,.T.);
#13444 = ORIENTED_EDGE('',*,*,#13445,.T.);
#13445 = EDGE_CURVE('',#12743,#13446,#13448,.T.);
#13446 = VERTEX_POINT('',#13447);
#13447 = CARTESIAN_POINT('',(-0.948480775301,-1.2,0.667364817767));
#13448 = CIRCLE('',#13449,0.1);
#13449 = AXIS2_PLACEMENT_3D('',#13450,#13451,#13452);
#13450 = CARTESIAN_POINT('',(-0.85,-1.2,0.65));
#13451 = DIRECTION('',(-1.144237745222E-17,-1.,0.));
#13452 = DIRECTION('',(0.,0.,1.));
#13453 = ORIENTED_EDGE('',*,*,#13454,.T.);
#13454 = EDGE_CURVE('',#13446,#13455,#13457,.T.);
#13455 = VERTEX_POINT('',#13456);
#13456 = CARTESIAN_POINT('',(-1.02432885403,-1.2,0.206587955583));
#13457 = LINE('',#13458,#13459);
#13458 = CARTESIAN_POINT('',(-0.948480775301,-1.2,0.667364817767));
#13459 = VECTOR('',#13460,1.);
#13460 = DIRECTION('',(-0.162423314012,1.858508865964E-18,
    -0.986721169868));
#13461 = ORIENTED_EDGE('',*,*,#13462,.T.);
#13462 = EDGE_CURVE('',#13455,#13463,#13465,.T.);
#13463 = VERTEX_POINT('',#13464);
#13464 = CARTESIAN_POINT('',(-1.270530792283,-1.2,0.));
#13465 = CIRCLE('',#13466,0.25);
#13466 = AXIS2_PLACEMENT_3D('',#13467,#13468,#13469);
#13467 = CARTESIAN_POINT('',(-1.270530792283,-1.2,0.25));
#13468 = DIRECTION('',(1.144237745222E-17,1.,1.155557966632E-33));
#13469 = DIRECTION('',(0.984807753012,-1.126854202784E-17,
    -0.173648177667));
#13470 = ORIENTED_EDGE('',*,*,#13471,.T.);
#13471 = EDGE_CURVE('',#13463,#13472,#13474,.T.);
#13472 = VERTEX_POINT('',#13473);
#13473 = CARTESIAN_POINT('',(-1.4,-1.2,0.));
#13474 = LINE('',#13475,#13476);
#13475 = CARTESIAN_POINT('',(-1.270530792283,-1.2,0.));
#13476 = VECTOR('',#13477,1.);
#13477 = DIRECTION('',(-1.,1.144237745222E-17,0.));
#13478 = ORIENTED_EDGE('',*,*,#13479,.T.);
#13479 = EDGE_CURVE('',#13472,#13480,#13482,.T.);
#13480 = VERTEX_POINT('',#13481);
#13481 = CARTESIAN_POINT('',(-1.4,-1.2,0.15));
#13482 = LINE('',#13483,#13484);
#13483 = CARTESIAN_POINT('',(-1.4,-1.2,0.));
#13484 = VECTOR('',#13485,1.);
#13485 = DIRECTION('',(0.,0.,1.));
#13486 = ORIENTED_EDGE('',*,*,#13487,.T.);
#13487 = EDGE_CURVE('',#13480,#13488,#13490,.T.);
#13488 = VERTEX_POINT('',#13489);
#13489 = CARTESIAN_POINT('',(-1.270530792283,-1.2,0.15));
#13490 = LINE('',#13491,#13492);
#13491 = CARTESIAN_POINT('',(-1.4,-1.2,0.15));
#13492 = VECTOR('',#13493,1.);
#13493 = DIRECTION('',(1.,-1.144237745222E-17,0.));
#13494 = ORIENTED_EDGE('',*,*,#13495,.T.);
#13495 = EDGE_CURVE('',#13488,#13496,#13498,.T.);
#13496 = VERTEX_POINT('',#13497);
#13497 = CARTESIAN_POINT('',(-1.172050016982,-1.2,0.232635182233));
#13498 = CIRCLE('',#13499,0.1);
#13499 = AXIS2_PLACEMENT_3D('',#13500,#13501,#13502);
#13500 = CARTESIAN_POINT('',(-1.270530792283,-1.2,0.25));
#13501 = DIRECTION('',(-1.144237745222E-17,-1.,0.));
#13502 = DIRECTION('',(-2.22044604925E-15,2.540718180781E-32,-1.));
#13503 = ORIENTED_EDGE('',*,*,#13504,.T.);
#13504 = EDGE_CURVE('',#13496,#13505,#13507,.T.);
#13505 = VERTEX_POINT('',#13506);
#13506 = CARTESIAN_POINT('',(-1.096201938253,-1.2,0.693412044417));
#13507 = LINE('',#13508,#13509);
#13508 = CARTESIAN_POINT('',(-1.172050016982,-1.2,0.232635182233));
#13509 = VECTOR('',#13510,1.);
#13510 = DIRECTION('',(0.162423314012,-1.858508865964E-18,0.986721169868
    ));
#13511 = ORIENTED_EDGE('',*,*,#13512,.T.);
#13512 = EDGE_CURVE('',#13505,#13513,#13515,.T.);
#13513 = VERTEX_POINT('',#13514);
#13514 = CARTESIAN_POINT('',(-0.85,-1.2,0.9));
#13515 = CIRCLE('',#13516,0.25);
#13516 = AXIS2_PLACEMENT_3D('',#13517,#13518,#13519);
#13517 = CARTESIAN_POINT('',(-0.85,-1.2,0.65));
#13518 = DIRECTION('',(1.144237745222E-17,1.,7.703719777549E-34));
#13519 = DIRECTION('',(-0.984807753012,1.126854202784E-17,0.173648177667
    ));
#13520 = ORIENTED_EDGE('',*,*,#13521,.T.);
#13521 = EDGE_CURVE('',#13513,#12721,#13522,.T.);
#13522 = LINE('',#13523,#13524);
#13523 = CARTESIAN_POINT('',(-0.85,-1.2,0.9));
#13524 = VECTOR('',#13525,1.);
#13525 = DIRECTION('',(1.,-1.144237745222E-17,0.));
#13526 = PLANE('',#13527);
#13527 = AXIS2_PLACEMENT_3D('',#13528,#13529,#13530);
#13528 = CARTESIAN_POINT('',(-1.069123385139,-1.2,0.441695635315));
#13529 = DIRECTION('',(1.144237745222E-17,1.,0.));
#13530 = DIRECTION('',(0.,-0.,1.));
#13531 = ADVANCED_FACE('',(#13532),#13551,.F.);
#13532 = FACE_BOUND('',#13533,.F.);
#13533 = EDGE_LOOP('',(#13534,#13535,#13544,#13550));
#13534 = ORIENTED_EDGE('',*,*,#12759,.T.);
#13535 = ORIENTED_EDGE('',*,*,#13536,.T.);
#13536 = EDGE_CURVE('',#12752,#13537,#13539,.T.);
#13537 = VERTEX_POINT('',#13538);
#13538 = CARTESIAN_POINT('',(-0.948480775301,-0.7,0.667364817767));
#13539 = CIRCLE('',#13540,0.1);
#13540 = AXIS2_PLACEMENT_3D('',#13541,#13542,#13543);
#13541 = CARTESIAN_POINT('',(-0.85,-0.7,0.65));
#13542 = DIRECTION('',(-1.144237745222E-17,-1.,0.));
#13543 = DIRECTION('',(0.,0.,1.));
#13544 = ORIENTED_EDGE('',*,*,#13545,.F.);
#13545 = EDGE_CURVE('',#13446,#13537,#13546,.T.);
#13546 = LINE('',#13547,#13548);
#13547 = CARTESIAN_POINT('',(-0.948480775301,-1.2,0.667364817767));
#13548 = VECTOR('',#13549,1.);
#13549 = DIRECTION('',(1.144237745222E-17,1.,0.));
#13550 = ORIENTED_EDGE('',*,*,#13445,.F.);
#13551 = CYLINDRICAL_SURFACE('',#13552,0.1);
#13552 = AXIS2_PLACEMENT_3D('',#13553,#13554,#13555);
#13553 = CARTESIAN_POINT('',(-0.85,-1.2,0.65));
#13554 = DIRECTION('',(-1.144237745222E-17,-1.,0.));
#13555 = DIRECTION('',(0.,0.,1.));
#13556 = ADVANCED_FACE('',(#13557),#13635,.T.);
#13557 = FACE_BOUND('',#13558,.T.);
#13558 = EDGE_LOOP('',(#13559,#13560,#13561,#13562,#13570,#13579,#13587,
    #13595,#13603,#13612,#13620,#13629));
#13559 = ORIENTED_EDGE('',*,*,#12773,.F.);
#13560 = ORIENTED_EDGE('',*,*,#12751,.T.);
#13561 = ORIENTED_EDGE('',*,*,#13536,.T.);
#13562 = ORIENTED_EDGE('',*,*,#13563,.T.);
#13563 = EDGE_CURVE('',#13537,#13564,#13566,.T.);
#13564 = VERTEX_POINT('',#13565);
#13565 = CARTESIAN_POINT('',(-1.02432885403,-0.7,0.206587955583));
#13566 = LINE('',#13567,#13568);
#13567 = CARTESIAN_POINT('',(-0.948480775301,-0.7,0.667364817767));
#13568 = VECTOR('',#13569,1.);
#13569 = DIRECTION('',(-0.162423314012,1.858508865964E-18,
    -0.986721169868));
#13570 = ORIENTED_EDGE('',*,*,#13571,.T.);
#13571 = EDGE_CURVE('',#13564,#13572,#13574,.T.);
#13572 = VERTEX_POINT('',#13573);
#13573 = CARTESIAN_POINT('',(-1.270530792283,-0.7,0.));
#13574 = CIRCLE('',#13575,0.25);
#13575 = AXIS2_PLACEMENT_3D('',#13576,#13577,#13578);
#13576 = CARTESIAN_POINT('',(-1.270530792283,-0.7,0.25));
#13577 = DIRECTION('',(1.144237745222E-17,1.,1.155557966632E-33));
#13578 = DIRECTION('',(0.984807753012,-1.126854202784E-17,
    -0.173648177667));
#13579 = ORIENTED_EDGE('',*,*,#13580,.T.);
#13580 = EDGE_CURVE('',#13572,#13581,#13583,.T.);
#13581 = VERTEX_POINT('',#13582);
#13582 = CARTESIAN_POINT('',(-1.4,-0.7,0.));
#13583 = LINE('',#13584,#13585);
#13584 = CARTESIAN_POINT('',(-1.270530792283,-0.7,0.));
#13585 = VECTOR('',#13586,1.);
#13586 = DIRECTION('',(-1.,1.144237745222E-17,0.));
#13587 = ORIENTED_EDGE('',*,*,#13588,.T.);
#13588 = EDGE_CURVE('',#13581,#13589,#13591,.T.);
#13589 = VERTEX_POINT('',#13590);
#13590 = CARTESIAN_POINT('',(-1.4,-0.7,0.15));
#13591 = LINE('',#13592,#13593);
#13592 = CARTESIAN_POINT('',(-1.4,-0.7,0.));
#13593 = VECTOR('',#13594,1.);
#13594 = DIRECTION('',(0.,0.,1.));
#13595 = ORIENTED_EDGE('',*,*,#13596,.T.);
#13596 = EDGE_CURVE('',#13589,#13597,#13599,.T.);
#13597 = VERTEX_POINT('',#13598);
#13598 = CARTESIAN_POINT('',(-1.270530792283,-0.7,0.15));
#13599 = LINE('',#13600,#13601);
#13600 = CARTESIAN_POINT('',(-1.4,-0.7,0.15));
#13601 = VECTOR('',#13602,1.);
#13602 = DIRECTION('',(1.,-1.144237745222E-17,0.));
#13603 = ORIENTED_EDGE('',*,*,#13604,.T.);
#13604 = EDGE_CURVE('',#13597,#13605,#13607,.T.);
#13605 = VERTEX_POINT('',#13606);
#13606 = CARTESIAN_POINT('',(-1.172050016982,-0.7,0.232635182233));
#13607 = CIRCLE('',#13608,0.1);
#13608 = AXIS2_PLACEMENT_3D('',#13609,#13610,#13611);
#13609 = CARTESIAN_POINT('',(-1.270530792283,-0.7,0.25));
#13610 = DIRECTION('',(-1.144237745222E-17,-1.,0.));
#13611 = DIRECTION('',(-2.22044604925E-15,2.540718180781E-32,-1.));
#13612 = ORIENTED_EDGE('',*,*,#13613,.T.);
#13613 = EDGE_CURVE('',#13605,#13614,#13616,.T.);
#13614 = VERTEX_POINT('',#13615);
#13615 = CARTESIAN_POINT('',(-1.096201938253,-0.7,0.693412044417));
#13616 = LINE('',#13617,#13618);
#13617 = CARTESIAN_POINT('',(-1.172050016982,-0.7,0.232635182233));
#13618 = VECTOR('',#13619,1.);
#13619 = DIRECTION('',(0.162423314012,-1.858508865964E-18,0.986721169868
    ));
#13620 = ORIENTED_EDGE('',*,*,#13621,.T.);
#13621 = EDGE_CURVE('',#13614,#13622,#13624,.T.);
#13622 = VERTEX_POINT('',#13623);
#13623 = CARTESIAN_POINT('',(-0.85,-0.7,0.9));
#13624 = CIRCLE('',#13625,0.25);
#13625 = AXIS2_PLACEMENT_3D('',#13626,#13627,#13628);
#13626 = CARTESIAN_POINT('',(-0.85,-0.7,0.65));
#13627 = DIRECTION('',(1.144237745222E-17,1.,7.703719777549E-34));
#13628 = DIRECTION('',(-0.984807753012,1.126854202784E-17,0.173648177667
    ));
#13629 = ORIENTED_EDGE('',*,*,#13630,.T.);
#13630 = EDGE_CURVE('',#13622,#12774,#13631,.T.);
#13631 = LINE('',#13632,#13633);
#13632 = CARTESIAN_POINT('',(-0.85,-0.7,0.9));
#13633 = VECTOR('',#13634,1.);
#13634 = DIRECTION('',(1.,-1.144237745222E-17,0.));
#13635 = PLANE('',#13636);
#13636 = AXIS2_PLACEMENT_3D('',#13637,#13638,#13639);
#13637 = CARTESIAN_POINT('',(-1.069123385139,-0.7,0.441695635315));
#13638 = DIRECTION('',(1.144237745222E-17,1.,0.));
#13639 = DIRECTION('',(0.,-0.,1.));
#13640 = ADVANCED_FACE('',(#13641),#13657,.F.);
#13641 = FACE_BOUND('',#13642,.F.);
#13642 = EDGE_LOOP('',(#13643,#13644,#13650,#13651));
#13643 = ORIENTED_EDGE('',*,*,#12790,.T.);
#13644 = ORIENTED_EDGE('',*,*,#13645,.T.);
#13645 = EDGE_CURVE('',#12783,#13181,#13646,.T.);
#13646 = LINE('',#13647,#13648);
#13647 = CARTESIAN_POINT('',(-0.85,-0.25,0.9));
#13648 = VECTOR('',#13649,1.);
#13649 = DIRECTION('',(1.,-1.144237745222E-17,0.));
#13650 = ORIENTED_EDGE('',*,*,#13180,.F.);
#13651 = ORIENTED_EDGE('',*,*,#13652,.F.);
#13652 = EDGE_CURVE('',#12774,#13173,#13653,.T.);
#13653 = LINE('',#13654,#13655);
#13654 = CARTESIAN_POINT('',(-0.85,-0.7,0.9));
#13655 = VECTOR('',#13656,1.);
#13656 = DIRECTION('',(1.,-1.144237745222E-17,0.));
#13657 = PLANE('',#13658);
#13658 = AXIS2_PLACEMENT_3D('',#13659,#13660,#13661);
#13659 = CARTESIAN_POINT('',(-2.091417030376E-16,1.4375,0.9));
#13660 = DIRECTION('',(4.595758349624E-18,6.551522493592E-27,-1.));
#13661 = DIRECTION('',(1.,1.51922136901E-16,4.595758349624E-18));
#13662 = ADVANCED_FACE('',(#13663),#13749,.F.);
#13663 = FACE_BOUND('',#13664,.F.);
#13664 = EDGE_LOOP('',(#13665,#13666,#13667,#13676,#13684,#13693,#13701,
    #13709,#13717,#13726,#13734,#13743));
#13665 = ORIENTED_EDGE('',*,*,#12782,.F.);
#13666 = ORIENTED_EDGE('',*,*,#12804,.T.);
#13667 = ORIENTED_EDGE('',*,*,#13668,.T.);
#13668 = EDGE_CURVE('',#12805,#13669,#13671,.T.);
#13669 = VERTEX_POINT('',#13670);
#13670 = CARTESIAN_POINT('',(-0.948480775301,-0.25,0.667364817767));
#13671 = CIRCLE('',#13672,0.1);
#13672 = AXIS2_PLACEMENT_3D('',#13673,#13674,#13675);
#13673 = CARTESIAN_POINT('',(-0.85,-0.25,0.65));
#13674 = DIRECTION('',(-1.144237745222E-17,-1.,0.));
#13675 = DIRECTION('',(0.,0.,1.));
#13676 = ORIENTED_EDGE('',*,*,#13677,.T.);
#13677 = EDGE_CURVE('',#13669,#13678,#13680,.T.);
#13678 = VERTEX_POINT('',#13679);
#13679 = CARTESIAN_POINT('',(-1.02432885403,-0.25,0.206587955583));
#13680 = LINE('',#13681,#13682);
#13681 = CARTESIAN_POINT('',(-0.948480775301,-0.25,0.667364817767));
#13682 = VECTOR('',#13683,1.);
#13683 = DIRECTION('',(-0.162423314012,1.858508865964E-18,
    -0.986721169868));
#13684 = ORIENTED_EDGE('',*,*,#13685,.T.);
#13685 = EDGE_CURVE('',#13678,#13686,#13688,.T.);
#13686 = VERTEX_POINT('',#13687);
#13687 = CARTESIAN_POINT('',(-1.270530792283,-0.25,0.));
#13688 = CIRCLE('',#13689,0.25);
#13689 = AXIS2_PLACEMENT_3D('',#13690,#13691,#13692);
#13690 = CARTESIAN_POINT('',(-1.270530792283,-0.25,0.25));
#13691 = DIRECTION('',(1.144237745222E-17,1.,1.155557966632E-33));
#13692 = DIRECTION('',(0.984807753012,-1.126854202784E-17,
    -0.173648177667));
#13693 = ORIENTED_EDGE('',*,*,#13694,.T.);
#13694 = EDGE_CURVE('',#13686,#13695,#13697,.T.);
#13695 = VERTEX_POINT('',#13696);
#13696 = CARTESIAN_POINT('',(-1.4,-0.25,0.));
#13697 = LINE('',#13698,#13699);
#13698 = CARTESIAN_POINT('',(-1.270530792283,-0.25,0.));
#13699 = VECTOR('',#13700,1.);
#13700 = DIRECTION('',(-1.,1.144237745222E-17,0.));
#13701 = ORIENTED_EDGE('',*,*,#13702,.T.);
#13702 = EDGE_CURVE('',#13695,#13703,#13705,.T.);
#13703 = VERTEX_POINT('',#13704);
#13704 = CARTESIAN_POINT('',(-1.4,-0.25,0.15));
#13705 = LINE('',#13706,#13707);
#13706 = CARTESIAN_POINT('',(-1.4,-0.25,0.));
#13707 = VECTOR('',#13708,1.);
#13708 = DIRECTION('',(0.,0.,1.));
#13709 = ORIENTED_EDGE('',*,*,#13710,.T.);
#13710 = EDGE_CURVE('',#13703,#13711,#13713,.T.);
#13711 = VERTEX_POINT('',#13712);
#13712 = CARTESIAN_POINT('',(-1.270530792283,-0.25,0.15));
#13713 = LINE('',#13714,#13715);
#13714 = CARTESIAN_POINT('',(-1.4,-0.25,0.15));
#13715 = VECTOR('',#13716,1.);
#13716 = DIRECTION('',(1.,-1.144237745222E-17,0.));
#13717 = ORIENTED_EDGE('',*,*,#13718,.T.);
#13718 = EDGE_CURVE('',#13711,#13719,#13721,.T.);
#13719 = VERTEX_POINT('',#13720);
#13720 = CARTESIAN_POINT('',(-1.172050016982,-0.25,0.232635182233));
#13721 = CIRCLE('',#13722,0.1);
#13722 = AXIS2_PLACEMENT_3D('',#13723,#13724,#13725);
#13723 = CARTESIAN_POINT('',(-1.270530792283,-0.25,0.25));
#13724 = DIRECTION('',(-1.144237745222E-17,-1.,0.));
#13725 = DIRECTION('',(-2.22044604925E-15,2.540718180781E-32,-1.));
#13726 = ORIENTED_EDGE('',*,*,#13727,.T.);
#13727 = EDGE_CURVE('',#13719,#13728,#13730,.T.);
#13728 = VERTEX_POINT('',#13729);
#13729 = CARTESIAN_POINT('',(-1.096201938253,-0.25,0.693412044417));
#13730 = LINE('',#13731,#13732);
#13731 = CARTESIAN_POINT('',(-1.172050016982,-0.25,0.232635182233));
#13732 = VECTOR('',#13733,1.);
#13733 = DIRECTION('',(0.162423314012,-1.858508865964E-18,0.986721169868
    ));
#13734 = ORIENTED_EDGE('',*,*,#13735,.T.);
#13735 = EDGE_CURVE('',#13728,#13736,#13738,.T.);
#13736 = VERTEX_POINT('',#13737);
#13737 = CARTESIAN_POINT('',(-0.85,-0.25,0.9));
#13738 = CIRCLE('',#13739,0.25);
#13739 = AXIS2_PLACEMENT_3D('',#13740,#13741,#13742);
#13740 = CARTESIAN_POINT('',(-0.85,-0.25,0.65));
#13741 = DIRECTION('',(1.144237745222E-17,1.,7.703719777549E-34));
#13742 = DIRECTION('',(-0.984807753012,1.126854202784E-17,0.173648177667
    ));
#13743 = ORIENTED_EDGE('',*,*,#13744,.T.);
#13744 = EDGE_CURVE('',#13736,#12783,#13745,.T.);
#13745 = LINE('',#13746,#13747);
#13746 = CARTESIAN_POINT('',(-0.85,-0.25,0.9));
#13747 = VECTOR('',#13748,1.);
#13748 = DIRECTION('',(1.,-1.144237745222E-17,0.));
#13749 = PLANE('',#13750);
#13750 = AXIS2_PLACEMENT_3D('',#13751,#13752,#13753);
#13751 = CARTESIAN_POINT('',(-1.069123385139,-0.25,0.441695635315));
#13752 = DIRECTION('',(1.144237745222E-17,1.,0.));
#13753 = DIRECTION('',(0.,-0.,1.));
#13754 = ADVANCED_FACE('',(#13755),#13774,.F.);
#13755 = FACE_BOUND('',#13756,.F.);
#13756 = EDGE_LOOP('',(#13757,#13758,#13767,#13773));
#13757 = ORIENTED_EDGE('',*,*,#12821,.T.);
#13758 = ORIENTED_EDGE('',*,*,#13759,.T.);
#13759 = EDGE_CURVE('',#12814,#13760,#13762,.T.);
#13760 = VERTEX_POINT('',#13761);
#13761 = CARTESIAN_POINT('',(-0.948480775301,0.25,0.667364817767));
#13762 = CIRCLE('',#13763,0.1);
#13763 = AXIS2_PLACEMENT_3D('',#13764,#13765,#13766);
#13764 = CARTESIAN_POINT('',(-0.85,0.25,0.65));
#13765 = DIRECTION('',(-1.144237745222E-17,-1.,0.));
#13766 = DIRECTION('',(0.,0.,1.));
#13767 = ORIENTED_EDGE('',*,*,#13768,.F.);
#13768 = EDGE_CURVE('',#13669,#13760,#13769,.T.);
#13769 = LINE('',#13770,#13771);
#13770 = CARTESIAN_POINT('',(-0.948480775301,-0.25,0.667364817767));
#13771 = VECTOR('',#13772,1.);
#13772 = DIRECTION('',(1.144237745222E-17,1.,0.));
#13773 = ORIENTED_EDGE('',*,*,#13668,.F.);
#13774 = CYLINDRICAL_SURFACE('',#13775,0.1);
#13775 = AXIS2_PLACEMENT_3D('',#13776,#13777,#13778);
#13776 = CARTESIAN_POINT('',(-0.85,-0.25,0.65));
#13777 = DIRECTION('',(-1.144237745222E-17,-1.,0.));
#13778 = DIRECTION('',(0.,0.,1.));
#13779 = ADVANCED_FACE('',(#13780),#13858,.T.);
#13780 = FACE_BOUND('',#13781,.T.);
#13781 = EDGE_LOOP('',(#13782,#13783,#13784,#13785,#13793,#13802,#13810,
    #13818,#13826,#13835,#13843,#13852));
#13782 = ORIENTED_EDGE('',*,*,#12835,.F.);
#13783 = ORIENTED_EDGE('',*,*,#12813,.T.);
#13784 = ORIENTED_EDGE('',*,*,#13759,.T.);
#13785 = ORIENTED_EDGE('',*,*,#13786,.T.);
#13786 = EDGE_CURVE('',#13760,#13787,#13789,.T.);
#13787 = VERTEX_POINT('',#13788);
#13788 = CARTESIAN_POINT('',(-1.02432885403,0.25,0.206587955583));
#13789 = LINE('',#13790,#13791);
#13790 = CARTESIAN_POINT('',(-0.948480775301,0.25,0.667364817767));
#13791 = VECTOR('',#13792,1.);
#13792 = DIRECTION('',(-0.162423314012,1.858508865964E-18,
    -0.986721169868));
#13793 = ORIENTED_EDGE('',*,*,#13794,.T.);
#13794 = EDGE_CURVE('',#13787,#13795,#13797,.T.);
#13795 = VERTEX_POINT('',#13796);
#13796 = CARTESIAN_POINT('',(-1.270530792283,0.25,0.));
#13797 = CIRCLE('',#13798,0.25);
#13798 = AXIS2_PLACEMENT_3D('',#13799,#13800,#13801);
#13799 = CARTESIAN_POINT('',(-1.270530792283,0.25,0.25));
#13800 = DIRECTION('',(1.144237745222E-17,1.,1.155557966632E-33));
#13801 = DIRECTION('',(0.984807753012,-1.126854202784E-17,
    -0.173648177667));
#13802 = ORIENTED_EDGE('',*,*,#13803,.T.);
#13803 = EDGE_CURVE('',#13795,#13804,#13806,.T.);
#13804 = VERTEX_POINT('',#13805);
#13805 = CARTESIAN_POINT('',(-1.4,0.25,0.));
#13806 = LINE('',#13807,#13808);
#13807 = CARTESIAN_POINT('',(-1.270530792283,0.25,0.));
#13808 = VECTOR('',#13809,1.);
#13809 = DIRECTION('',(-1.,1.144237745222E-17,0.));
#13810 = ORIENTED_EDGE('',*,*,#13811,.T.);
#13811 = EDGE_CURVE('',#13804,#13812,#13814,.T.);
#13812 = VERTEX_POINT('',#13813);
#13813 = CARTESIAN_POINT('',(-1.4,0.25,0.15));
#13814 = LINE('',#13815,#13816);
#13815 = CARTESIAN_POINT('',(-1.4,0.25,0.));
#13816 = VECTOR('',#13817,1.);
#13817 = DIRECTION('',(0.,0.,1.));
#13818 = ORIENTED_EDGE('',*,*,#13819,.T.);
#13819 = EDGE_CURVE('',#13812,#13820,#13822,.T.);
#13820 = VERTEX_POINT('',#13821);
#13821 = CARTESIAN_POINT('',(-1.270530792283,0.25,0.15));
#13822 = LINE('',#13823,#13824);
#13823 = CARTESIAN_POINT('',(-1.4,0.25,0.15));
#13824 = VECTOR('',#13825,1.);
#13825 = DIRECTION('',(1.,-1.144237745222E-17,0.));
#13826 = ORIENTED_EDGE('',*,*,#13827,.T.);
#13827 = EDGE_CURVE('',#13820,#13828,#13830,.T.);
#13828 = VERTEX_POINT('',#13829);
#13829 = CARTESIAN_POINT('',(-1.172050016982,0.25,0.232635182233));
#13830 = CIRCLE('',#13831,0.1);
#13831 = AXIS2_PLACEMENT_3D('',#13832,#13833,#13834);
#13832 = CARTESIAN_POINT('',(-1.270530792283,0.25,0.25));
#13833 = DIRECTION('',(-1.144237745222E-17,-1.,0.));
#13834 = DIRECTION('',(-2.22044604925E-15,2.540718180781E-32,-1.));
#13835 = ORIENTED_EDGE('',*,*,#13836,.T.);
#13836 = EDGE_CURVE('',#13828,#13837,#13839,.T.);
#13837 = VERTEX_POINT('',#13838);
#13838 = CARTESIAN_POINT('',(-1.096201938253,0.25,0.693412044417));
#13839 = LINE('',#13840,#13841);
#13840 = CARTESIAN_POINT('',(-1.172050016982,0.25,0.232635182233));
#13841 = VECTOR('',#13842,1.);
#13842 = DIRECTION('',(0.162423314012,-1.858508865964E-18,0.986721169868
    ));
#13843 = ORIENTED_EDGE('',*,*,#13844,.T.);
#13844 = EDGE_CURVE('',#13837,#13845,#13847,.T.);
#13845 = VERTEX_POINT('',#13846);
#13846 = CARTESIAN_POINT('',(-0.85,0.25,0.9));
#13847 = CIRCLE('',#13848,0.25);
#13848 = AXIS2_PLACEMENT_3D('',#13849,#13850,#13851);
#13849 = CARTESIAN_POINT('',(-0.85,0.25,0.65));
#13850 = DIRECTION('',(1.144237745222E-17,1.,7.703719777549E-34));
#13851 = DIRECTION('',(-0.984807753012,1.126854202784E-17,0.173648177667
    ));
#13852 = ORIENTED_EDGE('',*,*,#13853,.T.);
#13853 = EDGE_CURVE('',#13845,#12836,#13854,.T.);
#13854 = LINE('',#13855,#13856);
#13855 = CARTESIAN_POINT('',(-0.85,0.25,0.9));
#13856 = VECTOR('',#13857,1.);
#13857 = DIRECTION('',(1.,-1.144237745222E-17,0.));
#13858 = PLANE('',#13859);
#13859 = AXIS2_PLACEMENT_3D('',#13860,#13861,#13862);
#13860 = CARTESIAN_POINT('',(-1.069123385139,0.25,0.441695635315));
#13861 = DIRECTION('',(1.144237745222E-17,1.,0.));
#13862 = DIRECTION('',(0.,-0.,1.));
#13863 = ADVANCED_FACE('',(#13864),#13875,.F.);
#13864 = FACE_BOUND('',#13865,.F.);
#13865 = EDGE_LOOP('',(#13866,#13867,#13868,#13869));
#13866 = ORIENTED_EDGE('',*,*,#12852,.T.);
#13867 = ORIENTED_EDGE('',*,*,#13148,.T.);
#13868 = ORIENTED_EDGE('',*,*,#13196,.F.);
#13869 = ORIENTED_EDGE('',*,*,#13870,.F.);
#13870 = EDGE_CURVE('',#12836,#13189,#13871,.T.);
#13871 = LINE('',#13872,#13873);
#13872 = CARTESIAN_POINT('',(-0.85,0.25,0.9));
#13873 = VECTOR('',#13874,1.);
#13874 = DIRECTION('',(1.,-1.144237745222E-17,0.));
#13875 = PLANE('',#13876);
#13876 = AXIS2_PLACEMENT_3D('',#13877,#13878,#13879);
#13877 = CARTESIAN_POINT('',(-2.091417030376E-16,1.4375,0.9));
#13878 = DIRECTION('',(4.595758349624E-18,6.551522493592E-27,-1.));
#13879 = DIRECTION('',(1.,1.51922136901E-16,4.595758349624E-18));
#13880 = ADVANCED_FACE('',(#13881),#13960,.F.);
#13881 = FACE_BOUND('',#13882,.F.);
#13882 = EDGE_LOOP('',(#13883,#13884,#13885,#13894,#13902,#13911,#13919,
    #13927,#13935,#13944,#13952,#13959));
#13883 = ORIENTED_EDGE('',*,*,#12844,.F.);
#13884 = ORIENTED_EDGE('',*,*,#12866,.T.);
#13885 = ORIENTED_EDGE('',*,*,#13886,.T.);
#13886 = EDGE_CURVE('',#12867,#13887,#13889,.T.);
#13887 = VERTEX_POINT('',#13888);
#13888 = CARTESIAN_POINT('',(-0.948480775301,0.7,0.667364817767));
#13889 = CIRCLE('',#13890,0.1);
#13890 = AXIS2_PLACEMENT_3D('',#13891,#13892,#13893);
#13891 = CARTESIAN_POINT('',(-0.85,0.7,0.65));
#13892 = DIRECTION('',(-1.144237745222E-17,-1.,0.));
#13893 = DIRECTION('',(0.,0.,1.));
#13894 = ORIENTED_EDGE('',*,*,#13895,.T.);
#13895 = EDGE_CURVE('',#13887,#13896,#13898,.T.);
#13896 = VERTEX_POINT('',#13897);
#13897 = CARTESIAN_POINT('',(-1.02432885403,0.7,0.206587955583));
#13898 = LINE('',#13899,#13900);
#13899 = CARTESIAN_POINT('',(-0.948480775301,0.7,0.667364817767));
#13900 = VECTOR('',#13901,1.);
#13901 = DIRECTION('',(-0.162423314012,1.858508865964E-18,
    -0.986721169868));
#13902 = ORIENTED_EDGE('',*,*,#13903,.T.);
#13903 = EDGE_CURVE('',#13896,#13904,#13906,.T.);
#13904 = VERTEX_POINT('',#13905);
#13905 = CARTESIAN_POINT('',(-1.270530792283,0.7,0.));
#13906 = CIRCLE('',#13907,0.25);
#13907 = AXIS2_PLACEMENT_3D('',#13908,#13909,#13910);
#13908 = CARTESIAN_POINT('',(-1.270530792283,0.7,0.25));
#13909 = DIRECTION('',(1.144237745222E-17,1.,1.155557966632E-33));
#13910 = DIRECTION('',(0.984807753012,-1.126854202784E-17,
    -0.173648177667));
#13911 = ORIENTED_EDGE('',*,*,#13912,.T.);
#13912 = EDGE_CURVE('',#13904,#13913,#13915,.T.);
#13913 = VERTEX_POINT('',#13914);
#13914 = CARTESIAN_POINT('',(-1.4,0.7,0.));
#13915 = LINE('',#13916,#13917);
#13916 = CARTESIAN_POINT('',(-1.270530792283,0.7,0.));
#13917 = VECTOR('',#13918,1.);
#13918 = DIRECTION('',(-1.,1.144237745222E-17,0.));
#13919 = ORIENTED_EDGE('',*,*,#13920,.T.);
#13920 = EDGE_CURVE('',#13913,#13921,#13923,.T.);
#13921 = VERTEX_POINT('',#13922);
#13922 = CARTESIAN_POINT('',(-1.4,0.7,0.15));
#13923 = LINE('',#13924,#13925);
#13924 = CARTESIAN_POINT('',(-1.4,0.7,0.));
#13925 = VECTOR('',#13926,1.);
#13926 = DIRECTION('',(0.,0.,1.));
#13927 = ORIENTED_EDGE('',*,*,#13928,.T.);
#13928 = EDGE_CURVE('',#13921,#13929,#13931,.T.);
#13929 = VERTEX_POINT('',#13930);
#13930 = CARTESIAN_POINT('',(-1.270530792283,0.7,0.15));
#13931 = LINE('',#13932,#13933);
#13932 = CARTESIAN_POINT('',(-1.4,0.7,0.15));
#13933 = VECTOR('',#13934,1.);
#13934 = DIRECTION('',(1.,-1.144237745222E-17,0.));
#13935 = ORIENTED_EDGE('',*,*,#13936,.T.);
#13936 = EDGE_CURVE('',#13929,#13937,#13939,.T.);
#13937 = VERTEX_POINT('',#13938);
#13938 = CARTESIAN_POINT('',(-1.172050016982,0.7,0.232635182233));
#13939 = CIRCLE('',#13940,0.1);
#13940 = AXIS2_PLACEMENT_3D('',#13941,#13942,#13943);
#13941 = CARTESIAN_POINT('',(-1.270530792283,0.7,0.25));
#13942 = DIRECTION('',(-1.144237745222E-17,-1.,0.));
#13943 = DIRECTION('',(-2.22044604925E-15,2.540718180781E-32,-1.));
#13944 = ORIENTED_EDGE('',*,*,#13945,.T.);
#13945 = EDGE_CURVE('',#13937,#13946,#13948,.T.);
#13946 = VERTEX_POINT('',#13947);
#13947 = CARTESIAN_POINT('',(-1.096201938253,0.7,0.693412044417));
#13948 = LINE('',#13949,#13950);
#13949 = CARTESIAN_POINT('',(-1.172050016982,0.7,0.232635182233));
#13950 = VECTOR('',#13951,1.);
#13951 = DIRECTION('',(0.162423314012,-1.858508865964E-18,0.986721169868
    ));
#13952 = ORIENTED_EDGE('',*,*,#13953,.T.);
#13953 = EDGE_CURVE('',#13946,#13118,#13954,.T.);
#13954 = CIRCLE('',#13955,0.25);
#13955 = AXIS2_PLACEMENT_3D('',#13956,#13957,#13958);
#13956 = CARTESIAN_POINT('',(-0.85,0.7,0.65));
#13957 = DIRECTION('',(1.144237745222E-17,1.,7.703719777549E-34));
#13958 = DIRECTION('',(-0.984807753012,1.126854202784E-17,0.173648177667
    ));
#13959 = ORIENTED_EDGE('',*,*,#13117,.T.);
#13960 = PLANE('',#13961);
#13961 = AXIS2_PLACEMENT_3D('',#13962,#13963,#13964);
#13962 = CARTESIAN_POINT('',(-1.069123385139,0.7,0.441695635315));
#13963 = DIRECTION('',(1.144237745222E-17,1.,0.));
#13964 = DIRECTION('',(0.,-0.,1.));
#13965 = ADVANCED_FACE('',(#13966),#13985,.F.);
#13966 = FACE_BOUND('',#13967,.F.);
#13967 = EDGE_LOOP('',(#13968,#13969,#13978,#13984));
#13968 = ORIENTED_EDGE('',*,*,#12883,.T.);
#13969 = ORIENTED_EDGE('',*,*,#13970,.T.);
#13970 = EDGE_CURVE('',#12876,#13971,#13973,.T.);
#13971 = VERTEX_POINT('',#13972);
#13972 = CARTESIAN_POINT('',(-0.948480775301,1.2,0.667364817767));
#13973 = CIRCLE('',#13974,0.1);
#13974 = AXIS2_PLACEMENT_3D('',#13975,#13976,#13977);
#13975 = CARTESIAN_POINT('',(-0.85,1.2,0.65));
#13976 = DIRECTION('',(-1.144237745222E-17,-1.,0.));
#13977 = DIRECTION('',(0.,0.,1.));
#13978 = ORIENTED_EDGE('',*,*,#13979,.F.);
#13979 = EDGE_CURVE('',#13887,#13971,#13980,.T.);
#13980 = LINE('',#13981,#13982);
#13981 = CARTESIAN_POINT('',(-0.948480775301,0.7,0.667364817767));
#13982 = VECTOR('',#13983,1.);
#13983 = DIRECTION('',(1.144237745222E-17,1.,0.));
#13984 = ORIENTED_EDGE('',*,*,#13886,.F.);
#13985 = CYLINDRICAL_SURFACE('',#13986,0.1);
#13986 = AXIS2_PLACEMENT_3D('',#13987,#13988,#13989);
#13987 = CARTESIAN_POINT('',(-0.85,0.7,0.65));
#13988 = DIRECTION('',(-1.144237745222E-17,-1.,0.));
#13989 = DIRECTION('',(0.,0.,1.));
#13990 = ADVANCED_FACE('',(#13991),#14062,.T.);
#13991 = FACE_BOUND('',#13992,.T.);
#13992 = EDGE_LOOP('',(#13993,#13994,#13995,#13996,#14004,#14013,#14021,
    #14029,#14037,#14046,#14054,#14061));
#13993 = ORIENTED_EDGE('',*,*,#12897,.F.);
#13994 = ORIENTED_EDGE('',*,*,#12875,.T.);
#13995 = ORIENTED_EDGE('',*,*,#13970,.T.);
#13996 = ORIENTED_EDGE('',*,*,#13997,.T.);
#13997 = EDGE_CURVE('',#13971,#13998,#14000,.T.);
#13998 = VERTEX_POINT('',#13999);
#13999 = CARTESIAN_POINT('',(-1.02432885403,1.2,0.206587955583));
#14000 = LINE('',#14001,#14002);
#14001 = CARTESIAN_POINT('',(-0.948480775301,1.2,0.667364817767));
#14002 = VECTOR('',#14003,1.);
#14003 = DIRECTION('',(-0.162423314012,1.858508865964E-18,
    -0.986721169868));
#14004 = ORIENTED_EDGE('',*,*,#14005,.T.);
#14005 = EDGE_CURVE('',#13998,#14006,#14008,.T.);
#14006 = VERTEX_POINT('',#14007);
#14007 = CARTESIAN_POINT('',(-1.270530792283,1.2,0.));
#14008 = CIRCLE('',#14009,0.25);
#14009 = AXIS2_PLACEMENT_3D('',#14010,#14011,#14012);
#14010 = CARTESIAN_POINT('',(-1.270530792283,1.2,0.25));
#14011 = DIRECTION('',(1.144237745222E-17,1.,1.155557966632E-33));
#14012 = DIRECTION('',(0.984807753012,-1.126854202784E-17,
    -0.173648177667));
#14013 = ORIENTED_EDGE('',*,*,#14014,.T.);
#14014 = EDGE_CURVE('',#14006,#14015,#14017,.T.);
#14015 = VERTEX_POINT('',#14016);
#14016 = CARTESIAN_POINT('',(-1.4,1.2,0.));
#14017 = LINE('',#14018,#14019);
#14018 = CARTESIAN_POINT('',(-1.270530792283,1.2,0.));
#14019 = VECTOR('',#14020,1.);
#14020 = DIRECTION('',(-1.,1.144237745222E-17,0.));
#14021 = ORIENTED_EDGE('',*,*,#14022,.T.);
#14022 = EDGE_CURVE('',#14015,#14023,#14025,.T.);
#14023 = VERTEX_POINT('',#14024);
#14024 = CARTESIAN_POINT('',(-1.4,1.2,0.15));
#14025 = LINE('',#14026,#14027);
#14026 = CARTESIAN_POINT('',(-1.4,1.2,0.));
#14027 = VECTOR('',#14028,1.);
#14028 = DIRECTION('',(0.,0.,1.));
#14029 = ORIENTED_EDGE('',*,*,#14030,.T.);
#14030 = EDGE_CURVE('',#14023,#14031,#14033,.T.);
#14031 = VERTEX_POINT('',#14032);
#14032 = CARTESIAN_POINT('',(-1.270530792283,1.2,0.15));
#14033 = LINE('',#14034,#14035);
#14034 = CARTESIAN_POINT('',(-1.4,1.2,0.15));
#14035 = VECTOR('',#14036,1.);
#14036 = DIRECTION('',(1.,-1.144237745222E-17,0.));
#14037 = ORIENTED_EDGE('',*,*,#14038,.T.);
#14038 = EDGE_CURVE('',#14031,#14039,#14041,.T.);
#14039 = VERTEX_POINT('',#14040);
#14040 = CARTESIAN_POINT('',(-1.172050016982,1.2,0.232635182233));
#14041 = CIRCLE('',#14042,0.1);
#14042 = AXIS2_PLACEMENT_3D('',#14043,#14044,#14045);
#14043 = CARTESIAN_POINT('',(-1.270530792283,1.2,0.25));
#14044 = DIRECTION('',(-1.144237745222E-17,-1.,0.));
#14045 = DIRECTION('',(-2.22044604925E-15,2.540718180781E-32,-1.));
#14046 = ORIENTED_EDGE('',*,*,#14047,.T.);
#14047 = EDGE_CURVE('',#14039,#14048,#14050,.T.);
#14048 = VERTEX_POINT('',#14049);
#14049 = CARTESIAN_POINT('',(-1.096201938253,1.2,0.693412044417));
#14050 = LINE('',#14051,#14052);
#14051 = CARTESIAN_POINT('',(-1.172050016982,1.2,0.232635182233));
#14052 = VECTOR('',#14053,1.);
#14053 = DIRECTION('',(0.162423314012,-1.858508865964E-18,0.986721169868
    ));
#14054 = ORIENTED_EDGE('',*,*,#14055,.T.);
#14055 = EDGE_CURVE('',#14048,#13126,#14056,.T.);
#14056 = CIRCLE('',#14057,0.25);
#14057 = AXIS2_PLACEMENT_3D('',#14058,#14059,#14060);
#14058 = CARTESIAN_POINT('',(-0.85,1.2,0.65));
#14059 = DIRECTION('',(1.144237745222E-17,1.,7.703719777549E-34));
#14060 = DIRECTION('',(-0.984807753012,1.126854202784E-17,0.173648177667
    ));
#14061 = ORIENTED_EDGE('',*,*,#13133,.T.);
#14062 = PLANE('',#14063);
#14063 = AXIS2_PLACEMENT_3D('',#14064,#14065,#14066);
#14064 = CARTESIAN_POINT('',(-1.069123385139,1.2,0.441695635315));
#14065 = DIRECTION('',(1.144237745222E-17,1.,0.));
#14066 = DIRECTION('',(0.,-0.,1.));
#14067 = ADVANCED_FACE('',(#14068),#14147,.F.);
#14068 = FACE_BOUND('',#14069,.F.);
#14069 = EDGE_LOOP('',(#14070,#14071,#14072,#14081,#14089,#14098,#14106,
    #14114,#14122,#14131,#14139,#14146));
#14070 = ORIENTED_EDGE('',*,*,#12916,.F.);
#14071 = ORIENTED_EDGE('',*,*,#12931,.T.);
#14072 = ORIENTED_EDGE('',*,*,#14073,.T.);
#14073 = EDGE_CURVE('',#12932,#14074,#14076,.T.);
#14074 = VERTEX_POINT('',#14075);
#14075 = CARTESIAN_POINT('',(0.948480775301,1.2,0.667364817767));
#14076 = CIRCLE('',#14077,0.1);
#14077 = AXIS2_PLACEMENT_3D('',#14078,#14079,#14080);
#14078 = CARTESIAN_POINT('',(0.85,1.2,0.65));
#14079 = DIRECTION('',(-1.110223024625E-16,1.,0.));
#14080 = DIRECTION('',(0.,0.,1.));
#14081 = ORIENTED_EDGE('',*,*,#14082,.T.);
#14082 = EDGE_CURVE('',#14074,#14083,#14085,.T.);
#14083 = VERTEX_POINT('',#14084);
#14084 = CARTESIAN_POINT('',(1.02432885403,1.2,0.206587955583));
#14085 = LINE('',#14086,#14087);
#14086 = CARTESIAN_POINT('',(0.948480775301,1.2,0.667364817767));
#14087 = VECTOR('',#14088,1.);
#14088 = DIRECTION('',(0.162423314012,1.803261029519E-17,-0.986721169868
    ));
#14089 = ORIENTED_EDGE('',*,*,#14090,.T.);
#14090 = EDGE_CURVE('',#14083,#14091,#14093,.T.);
#14091 = VERTEX_POINT('',#14092);
#14092 = CARTESIAN_POINT('',(1.270530792283,1.2,0.));
#14093 = CIRCLE('',#14094,0.25);
#14094 = AXIS2_PLACEMENT_3D('',#14095,#14096,#14097);
#14095 = CARTESIAN_POINT('',(1.270530792283,1.2,0.25));
#14096 = DIRECTION('',(1.110223024625E-16,-1.,0.));
#14097 = DIRECTION('',(-0.984807753012,-1.093356242223E-16,
    -0.173648177667));
#14098 = ORIENTED_EDGE('',*,*,#14099,.T.);
#14099 = EDGE_CURVE('',#14091,#14100,#14102,.T.);
#14100 = VERTEX_POINT('',#14101);
#14101 = CARTESIAN_POINT('',(1.4,1.2,0.));
#14102 = LINE('',#14103,#14104);
#14103 = CARTESIAN_POINT('',(1.270530792283,1.2,0.));
#14104 = VECTOR('',#14105,1.);
#14105 = DIRECTION('',(1.,1.110223024625E-16,0.));
#14106 = ORIENTED_EDGE('',*,*,#14107,.T.);
#14107 = EDGE_CURVE('',#14100,#14108,#14110,.T.);
#14108 = VERTEX_POINT('',#14109);
#14109 = CARTESIAN_POINT('',(1.4,1.2,0.15));
#14110 = LINE('',#14111,#14112);
#14111 = CARTESIAN_POINT('',(1.4,1.2,0.));
#14112 = VECTOR('',#14113,1.);
#14113 = DIRECTION('',(0.,0.,1.));
#14114 = ORIENTED_EDGE('',*,*,#14115,.T.);
#14115 = EDGE_CURVE('',#14108,#14116,#14118,.T.);
#14116 = VERTEX_POINT('',#14117);
#14117 = CARTESIAN_POINT('',(1.270530792283,1.2,0.15));
#14118 = LINE('',#14119,#14120);
#14119 = CARTESIAN_POINT('',(1.4,1.2,0.15));
#14120 = VECTOR('',#14121,1.);
#14121 = DIRECTION('',(-1.,-1.110223024625E-16,0.));
#14122 = ORIENTED_EDGE('',*,*,#14123,.T.);
#14123 = EDGE_CURVE('',#14116,#14124,#14126,.T.);
#14124 = VERTEX_POINT('',#14125);
#14125 = CARTESIAN_POINT('',(1.172050016982,1.2,0.232635182233));
#14126 = CIRCLE('',#14127,0.1);
#14127 = AXIS2_PLACEMENT_3D('',#14128,#14129,#14130);
#14128 = CARTESIAN_POINT('',(1.270530792283,1.2,0.25));
#14129 = DIRECTION('',(-1.110223024625E-16,1.,0.));
#14130 = DIRECTION('',(2.22044604925E-15,2.465190328815E-31,-1.));
#14131 = ORIENTED_EDGE('',*,*,#14132,.T.);
#14132 = EDGE_CURVE('',#14124,#14133,#14135,.T.);
#14133 = VERTEX_POINT('',#14134);
#14134 = CARTESIAN_POINT('',(1.096201938253,1.2,0.693412044417));
#14135 = LINE('',#14136,#14137);
#14136 = CARTESIAN_POINT('',(1.172050016982,1.2,0.232635182233));
#14137 = VECTOR('',#14138,1.);
#14138 = DIRECTION('',(-0.162423314012,-1.803261029519E-17,
    0.986721169868));
#14139 = ORIENTED_EDGE('',*,*,#14140,.T.);
#14140 = EDGE_CURVE('',#14133,#13357,#14141,.T.);
#14141 = CIRCLE('',#14142,0.25);
#14142 = AXIS2_PLACEMENT_3D('',#14143,#14144,#14145);
#14143 = CARTESIAN_POINT('',(0.85,1.2,0.65));
#14144 = DIRECTION('',(1.110223024625E-16,-1.,0.));
#14145 = DIRECTION('',(0.984807753012,1.093356242223E-16,0.173648177667)
  );
#14146 = ORIENTED_EDGE('',*,*,#13356,.T.);
#14147 = PLANE('',#14148);
#14148 = AXIS2_PLACEMENT_3D('',#14149,#14150,#14151);
#14149 = CARTESIAN_POINT('',(1.069123385139,1.2,0.441695635315));
#14150 = DIRECTION('',(1.110223024625E-16,-1.,0.));
#14151 = DIRECTION('',(0.,0.,1.));
#14152 = ADVANCED_FACE('',(#14153),#14172,.F.);
#14153 = FACE_BOUND('',#14154,.F.);
#14154 = EDGE_LOOP('',(#14155,#14156,#14165,#14171));
#14155 = ORIENTED_EDGE('',*,*,#12948,.T.);
#14156 = ORIENTED_EDGE('',*,*,#14157,.T.);
#14157 = EDGE_CURVE('',#12941,#14158,#14160,.T.);
#14158 = VERTEX_POINT('',#14159);
#14159 = CARTESIAN_POINT('',(0.948480775301,0.7,0.667364817767));
#14160 = CIRCLE('',#14161,0.1);
#14161 = AXIS2_PLACEMENT_3D('',#14162,#14163,#14164);
#14162 = CARTESIAN_POINT('',(0.85,0.7,0.65));
#14163 = DIRECTION('',(-1.110223024625E-16,1.,0.));
#14164 = DIRECTION('',(0.,0.,1.));
#14165 = ORIENTED_EDGE('',*,*,#14166,.F.);
#14166 = EDGE_CURVE('',#14074,#14158,#14167,.T.);
#14167 = LINE('',#14168,#14169);
#14168 = CARTESIAN_POINT('',(0.948480775301,1.2,0.667364817767));
#14169 = VECTOR('',#14170,1.);
#14170 = DIRECTION('',(1.110223024625E-16,-1.,0.));
#14171 = ORIENTED_EDGE('',*,*,#14073,.F.);
#14172 = CYLINDRICAL_SURFACE('',#14173,0.1);
#14173 = AXIS2_PLACEMENT_3D('',#14174,#14175,#14176);
#14174 = CARTESIAN_POINT('',(0.85,1.2,0.65));
#14175 = DIRECTION('',(-1.110223024625E-16,1.,0.));
#14176 = DIRECTION('',(0.,0.,1.));
#14177 = ADVANCED_FACE('',(#14178),#14249,.T.);
#14178 = FACE_BOUND('',#14179,.T.);
#14179 = EDGE_LOOP('',(#14180,#14181,#14182,#14183,#14191,#14200,#14208,
    #14216,#14224,#14233,#14241,#14248));
#14180 = ORIENTED_EDGE('',*,*,#12962,.F.);
#14181 = ORIENTED_EDGE('',*,*,#12940,.T.);
#14182 = ORIENTED_EDGE('',*,*,#14157,.T.);
#14183 = ORIENTED_EDGE('',*,*,#14184,.T.);
#14184 = EDGE_CURVE('',#14158,#14185,#14187,.T.);
#14185 = VERTEX_POINT('',#14186);
#14186 = CARTESIAN_POINT('',(1.02432885403,0.7,0.206587955583));
#14187 = LINE('',#14188,#14189);
#14188 = CARTESIAN_POINT('',(0.948480775301,0.7,0.667364817767));
#14189 = VECTOR('',#14190,1.);
#14190 = DIRECTION('',(0.162423314012,1.803261029519E-17,-0.986721169868
    ));
#14191 = ORIENTED_EDGE('',*,*,#14192,.T.);
#14192 = EDGE_CURVE('',#14185,#14193,#14195,.T.);
#14193 = VERTEX_POINT('',#14194);
#14194 = CARTESIAN_POINT('',(1.270530792283,0.7,0.));
#14195 = CIRCLE('',#14196,0.25);
#14196 = AXIS2_PLACEMENT_3D('',#14197,#14198,#14199);
#14197 = CARTESIAN_POINT('',(1.270530792283,0.7,0.25));
#14198 = DIRECTION('',(1.110223024625E-16,-1.,0.));
#14199 = DIRECTION('',(-0.984807753012,-1.093356242223E-16,
    -0.173648177667));
#14200 = ORIENTED_EDGE('',*,*,#14201,.T.);
#14201 = EDGE_CURVE('',#14193,#14202,#14204,.T.);
#14202 = VERTEX_POINT('',#14203);
#14203 = CARTESIAN_POINT('',(1.4,0.7,0.));
#14204 = LINE('',#14205,#14206);
#14205 = CARTESIAN_POINT('',(1.270530792283,0.7,0.));
#14206 = VECTOR('',#14207,1.);
#14207 = DIRECTION('',(1.,1.110223024625E-16,0.));
#14208 = ORIENTED_EDGE('',*,*,#14209,.T.);
#14209 = EDGE_CURVE('',#14202,#14210,#14212,.T.);
#14210 = VERTEX_POINT('',#14211);
#14211 = CARTESIAN_POINT('',(1.4,0.7,0.15));
#14212 = LINE('',#14213,#14214);
#14213 = CARTESIAN_POINT('',(1.4,0.7,0.));
#14214 = VECTOR('',#14215,1.);
#14215 = DIRECTION('',(0.,0.,1.));
#14216 = ORIENTED_EDGE('',*,*,#14217,.T.);
#14217 = EDGE_CURVE('',#14210,#14218,#14220,.T.);
#14218 = VERTEX_POINT('',#14219);
#14219 = CARTESIAN_POINT('',(1.270530792283,0.7,0.15));
#14220 = LINE('',#14221,#14222);
#14221 = CARTESIAN_POINT('',(1.4,0.7,0.15));
#14222 = VECTOR('',#14223,1.);
#14223 = DIRECTION('',(-1.,-1.110223024625E-16,0.));
#14224 = ORIENTED_EDGE('',*,*,#14225,.T.);
#14225 = EDGE_CURVE('',#14218,#14226,#14228,.T.);
#14226 = VERTEX_POINT('',#14227);
#14227 = CARTESIAN_POINT('',(1.172050016982,0.7,0.232635182233));
#14228 = CIRCLE('',#14229,0.1);
#14229 = AXIS2_PLACEMENT_3D('',#14230,#14231,#14232);
#14230 = CARTESIAN_POINT('',(1.270530792283,0.7,0.25));
#14231 = DIRECTION('',(-1.110223024625E-16,1.,0.));
#14232 = DIRECTION('',(2.22044604925E-15,2.465190328815E-31,-1.));
#14233 = ORIENTED_EDGE('',*,*,#14234,.T.);
#14234 = EDGE_CURVE('',#14226,#14235,#14237,.T.);
#14235 = VERTEX_POINT('',#14236);
#14236 = CARTESIAN_POINT('',(1.096201938253,0.7,0.693412044417));
#14237 = LINE('',#14238,#14239);
#14238 = CARTESIAN_POINT('',(1.172050016982,0.7,0.232635182233));
#14239 = VECTOR('',#14240,1.);
#14240 = DIRECTION('',(-0.162423314012,-1.803261029519E-17,
    0.986721169868));
#14241 = ORIENTED_EDGE('',*,*,#14242,.T.);
#14242 = EDGE_CURVE('',#14235,#13365,#14243,.T.);
#14243 = CIRCLE('',#14244,0.25);
#14244 = AXIS2_PLACEMENT_3D('',#14245,#14246,#14247);
#14245 = CARTESIAN_POINT('',(0.85,0.7,0.65));
#14246 = DIRECTION('',(1.110223024625E-16,-1.,0.));
#14247 = DIRECTION('',(0.984807753012,1.093356242223E-16,0.173648177667)
  );
#14248 = ORIENTED_EDGE('',*,*,#13372,.T.);
#14249 = PLANE('',#14250);
#14250 = AXIS2_PLACEMENT_3D('',#14251,#14252,#14253);
#14251 = CARTESIAN_POINT('',(1.069123385139,0.7,0.441695635315));
#14252 = DIRECTION('',(1.110223024625E-16,-1.,0.));
#14253 = DIRECTION('',(0.,0.,1.));
#14254 = ADVANCED_FACE('',(#14255),#14266,.F.);
#14255 = FACE_BOUND('',#14256,.F.);
#14256 = EDGE_LOOP('',(#14257,#14258,#14259,#14265));
#14257 = ORIENTED_EDGE('',*,*,#13378,.F.);
#14258 = ORIENTED_EDGE('',*,*,#12979,.T.);
#14259 = ORIENTED_EDGE('',*,*,#14260,.T.);
#14260 = EDGE_CURVE('',#12972,#13311,#14261,.T.);
#14261 = LINE('',#14262,#14263);
#14262 = CARTESIAN_POINT('',(0.85,-0.7,0.9));
#14263 = VECTOR('',#14264,1.);
#14264 = DIRECTION('',(-1.,-1.110223024625E-16,0.));
#14265 = ORIENTED_EDGE('',*,*,#13310,.F.);
#14266 = PLANE('',#14267);
#14267 = AXIS2_PLACEMENT_3D('',#14268,#14269,#14270);
#14268 = CARTESIAN_POINT('',(-2.091417030376E-16,1.4375,0.9));
#14269 = DIRECTION('',(4.595758349624E-18,6.551522493592E-27,-1.));
#14270 = DIRECTION('',(1.,1.51922136901E-16,4.595758349624E-18));
#14271 = ADVANCED_FACE('',(#14272),#14358,.F.);
#14272 = FACE_BOUND('',#14273,.F.);
#14273 = EDGE_LOOP('',(#14274,#14275,#14276,#14285,#14293,#14302,#14310,
    #14318,#14326,#14335,#14343,#14352));
#14274 = ORIENTED_EDGE('',*,*,#12971,.F.);
#14275 = ORIENTED_EDGE('',*,*,#12993,.T.);
#14276 = ORIENTED_EDGE('',*,*,#14277,.T.);
#14277 = EDGE_CURVE('',#12994,#14278,#14280,.T.);
#14278 = VERTEX_POINT('',#14279);
#14279 = CARTESIAN_POINT('',(0.948480775301,-0.7,0.667364817767));
#14280 = CIRCLE('',#14281,0.1);
#14281 = AXIS2_PLACEMENT_3D('',#14282,#14283,#14284);
#14282 = CARTESIAN_POINT('',(0.85,-0.7,0.65));
#14283 = DIRECTION('',(-1.110223024625E-16,1.,0.));
#14284 = DIRECTION('',(0.,0.,1.));
#14285 = ORIENTED_EDGE('',*,*,#14286,.T.);
#14286 = EDGE_CURVE('',#14278,#14287,#14289,.T.);
#14287 = VERTEX_POINT('',#14288);
#14288 = CARTESIAN_POINT('',(1.02432885403,-0.7,0.206587955583));
#14289 = LINE('',#14290,#14291);
#14290 = CARTESIAN_POINT('',(0.948480775301,-0.7,0.667364817767));
#14291 = VECTOR('',#14292,1.);
#14292 = DIRECTION('',(0.162423314012,1.803261029519E-17,-0.986721169868
    ));
#14293 = ORIENTED_EDGE('',*,*,#14294,.T.);
#14294 = EDGE_CURVE('',#14287,#14295,#14297,.T.);
#14295 = VERTEX_POINT('',#14296);
#14296 = CARTESIAN_POINT('',(1.270530792283,-0.7,0.));
#14297 = CIRCLE('',#14298,0.25);
#14298 = AXIS2_PLACEMENT_3D('',#14299,#14300,#14301);
#14299 = CARTESIAN_POINT('',(1.270530792283,-0.7,0.25));
#14300 = DIRECTION('',(1.110223024625E-16,-1.,0.));
#14301 = DIRECTION('',(-0.984807753012,-1.093356242223E-16,
    -0.173648177667));
#14302 = ORIENTED_EDGE('',*,*,#14303,.T.);
#14303 = EDGE_CURVE('',#14295,#14304,#14306,.T.);
#14304 = VERTEX_POINT('',#14305);
#14305 = CARTESIAN_POINT('',(1.4,-0.7,0.));
#14306 = LINE('',#14307,#14308);
#14307 = CARTESIAN_POINT('',(1.270530792283,-0.7,0.));
#14308 = VECTOR('',#14309,1.);
#14309 = DIRECTION('',(1.,1.110223024625E-16,0.));
#14310 = ORIENTED_EDGE('',*,*,#14311,.T.);
#14311 = EDGE_CURVE('',#14304,#14312,#14314,.T.);
#14312 = VERTEX_POINT('',#14313);
#14313 = CARTESIAN_POINT('',(1.4,-0.7,0.15));
#14314 = LINE('',#14315,#14316);
#14315 = CARTESIAN_POINT('',(1.4,-0.7,0.));
#14316 = VECTOR('',#14317,1.);
#14317 = DIRECTION('',(0.,0.,1.));
#14318 = ORIENTED_EDGE('',*,*,#14319,.T.);
#14319 = EDGE_CURVE('',#14312,#14320,#14322,.T.);
#14320 = VERTEX_POINT('',#14321);
#14321 = CARTESIAN_POINT('',(1.270530792283,-0.7,0.15));
#14322 = LINE('',#14323,#14324);
#14323 = CARTESIAN_POINT('',(1.4,-0.7,0.15));
#14324 = VECTOR('',#14325,1.);
#14325 = DIRECTION('',(-1.,-1.110223024625E-16,0.));
#14326 = ORIENTED_EDGE('',*,*,#14327,.T.);
#14327 = EDGE_CURVE('',#14320,#14328,#14330,.T.);
#14328 = VERTEX_POINT('',#14329);
#14329 = CARTESIAN_POINT('',(1.172050016982,-0.7,0.232635182233));
#14330 = CIRCLE('',#14331,0.1);
#14331 = AXIS2_PLACEMENT_3D('',#14332,#14333,#14334);
#14332 = CARTESIAN_POINT('',(1.270530792283,-0.7,0.25));
#14333 = DIRECTION('',(-1.110223024625E-16,1.,0.));
#14334 = DIRECTION('',(2.22044604925E-15,2.465190328815E-31,-1.));
#14335 = ORIENTED_EDGE('',*,*,#14336,.T.);
#14336 = EDGE_CURVE('',#14328,#14337,#14339,.T.);
#14337 = VERTEX_POINT('',#14338);
#14338 = CARTESIAN_POINT('',(1.096201938253,-0.7,0.693412044417));
#14339 = LINE('',#14340,#14341);
#14340 = CARTESIAN_POINT('',(1.172050016982,-0.7,0.232635182233));
#14341 = VECTOR('',#14342,1.);
#14342 = DIRECTION('',(-0.162423314012,-1.803261029519E-17,
    0.986721169868));
#14343 = ORIENTED_EDGE('',*,*,#14344,.T.);
#14344 = EDGE_CURVE('',#14337,#14345,#14347,.T.);
#14345 = VERTEX_POINT('',#14346);
#14346 = CARTESIAN_POINT('',(0.85,-0.7,0.9));
#14347 = CIRCLE('',#14348,0.25);
#14348 = AXIS2_PLACEMENT_3D('',#14349,#14350,#14351);
#14349 = CARTESIAN_POINT('',(0.85,-0.7,0.65));
#14350 = DIRECTION('',(1.110223024625E-16,-1.,0.));
#14351 = DIRECTION('',(0.984807753012,1.093356242223E-16,0.173648177667)
  );
#14352 = ORIENTED_EDGE('',*,*,#14353,.T.);
#14353 = EDGE_CURVE('',#14345,#12972,#14354,.T.);
#14354 = LINE('',#14355,#14356);
#14355 = CARTESIAN_POINT('',(0.85,-0.7,0.9));
#14356 = VECTOR('',#14357,1.);
#14357 = DIRECTION('',(-1.,-1.110223024625E-16,0.));
#14358 = PLANE('',#14359);
#14359 = AXIS2_PLACEMENT_3D('',#14360,#14361,#14362);
#14360 = CARTESIAN_POINT('',(1.069123385139,-0.7,0.441695635315));
#14361 = DIRECTION('',(1.110223024625E-16,-1.,0.));
#14362 = DIRECTION('',(0.,0.,1.));
#14363 = ADVANCED_FACE('',(#14364),#14383,.F.);
#14364 = FACE_BOUND('',#14365,.F.);
#14365 = EDGE_LOOP('',(#14366,#14367,#14376,#14382));
#14366 = ORIENTED_EDGE('',*,*,#13010,.T.);
#14367 = ORIENTED_EDGE('',*,*,#14368,.T.);
#14368 = EDGE_CURVE('',#13003,#14369,#14371,.T.);
#14369 = VERTEX_POINT('',#14370);
#14370 = CARTESIAN_POINT('',(0.948480775301,-1.2,0.667364817767));
#14371 = CIRCLE('',#14372,0.1);
#14372 = AXIS2_PLACEMENT_3D('',#14373,#14374,#14375);
#14373 = CARTESIAN_POINT('',(0.85,-1.2,0.65));
#14374 = DIRECTION('',(-1.110223024625E-16,1.,0.));
#14375 = DIRECTION('',(0.,0.,1.));
#14376 = ORIENTED_EDGE('',*,*,#14377,.F.);
#14377 = EDGE_CURVE('',#14278,#14369,#14378,.T.);
#14378 = LINE('',#14379,#14380);
#14379 = CARTESIAN_POINT('',(0.948480775301,-0.7,0.667364817767));
#14380 = VECTOR('',#14381,1.);
#14381 = DIRECTION('',(1.110223024625E-16,-1.,0.));
#14382 = ORIENTED_EDGE('',*,*,#14277,.F.);
#14383 = CYLINDRICAL_SURFACE('',#14384,0.1);
#14384 = AXIS2_PLACEMENT_3D('',#14385,#14386,#14387);
#14385 = CARTESIAN_POINT('',(0.85,-0.7,0.65));
#14386 = DIRECTION('',(-1.110223024625E-16,1.,0.));
#14387 = DIRECTION('',(0.,0.,1.));
#14388 = ADVANCED_FACE('',(#14389),#14467,.T.);
#14389 = FACE_BOUND('',#14390,.T.);
#14390 = EDGE_LOOP('',(#14391,#14392,#14393,#14394,#14402,#14411,#14419,
    #14427,#14435,#14444,#14452,#14461));
#14391 = ORIENTED_EDGE('',*,*,#13024,.F.);
#14392 = ORIENTED_EDGE('',*,*,#13002,.T.);
#14393 = ORIENTED_EDGE('',*,*,#14368,.T.);
#14394 = ORIENTED_EDGE('',*,*,#14395,.T.);
#14395 = EDGE_CURVE('',#14369,#14396,#14398,.T.);
#14396 = VERTEX_POINT('',#14397);
#14397 = CARTESIAN_POINT('',(1.02432885403,-1.2,0.206587955583));
#14398 = LINE('',#14399,#14400);
#14399 = CARTESIAN_POINT('',(0.948480775301,-1.2,0.667364817767));
#14400 = VECTOR('',#14401,1.);
#14401 = DIRECTION('',(0.162423314012,1.803261029519E-17,-0.986721169868
    ));
#14402 = ORIENTED_EDGE('',*,*,#14403,.T.);
#14403 = EDGE_CURVE('',#14396,#14404,#14406,.T.);
#14404 = VERTEX_POINT('',#14405);
#14405 = CARTESIAN_POINT('',(1.270530792283,-1.2,0.));
#14406 = CIRCLE('',#14407,0.25);
#14407 = AXIS2_PLACEMENT_3D('',#14408,#14409,#14410);
#14408 = CARTESIAN_POINT('',(1.270530792283,-1.2,0.25));
#14409 = DIRECTION('',(1.110223024625E-16,-1.,0.));
#14410 = DIRECTION('',(-0.984807753012,-1.093356242223E-16,
    -0.173648177667));
#14411 = ORIENTED_EDGE('',*,*,#14412,.T.);
#14412 = EDGE_CURVE('',#14404,#14413,#14415,.T.);
#14413 = VERTEX_POINT('',#14414);
#14414 = CARTESIAN_POINT('',(1.4,-1.2,0.));
#14415 = LINE('',#14416,#14417);
#14416 = CARTESIAN_POINT('',(1.270530792283,-1.2,0.));
#14417 = VECTOR('',#14418,1.);
#14418 = DIRECTION('',(1.,1.110223024625E-16,0.));
#14419 = ORIENTED_EDGE('',*,*,#14420,.T.);
#14420 = EDGE_CURVE('',#14413,#14421,#14423,.T.);
#14421 = VERTEX_POINT('',#14422);
#14422 = CARTESIAN_POINT('',(1.4,-1.2,0.15));
#14423 = LINE('',#14424,#14425);
#14424 = CARTESIAN_POINT('',(1.4,-1.2,0.));
#14425 = VECTOR('',#14426,1.);
#14426 = DIRECTION('',(0.,0.,1.));
#14427 = ORIENTED_EDGE('',*,*,#14428,.T.);
#14428 = EDGE_CURVE('',#14421,#14429,#14431,.T.);
#14429 = VERTEX_POINT('',#14430);
#14430 = CARTESIAN_POINT('',(1.270530792283,-1.2,0.15));
#14431 = LINE('',#14432,#14433);
#14432 = CARTESIAN_POINT('',(1.4,-1.2,0.15));
#14433 = VECTOR('',#14434,1.);
#14434 = DIRECTION('',(-1.,-1.110223024625E-16,0.));
#14435 = ORIENTED_EDGE('',*,*,#14436,.T.);
#14436 = EDGE_CURVE('',#14429,#14437,#14439,.T.);
#14437 = VERTEX_POINT('',#14438);
#14438 = CARTESIAN_POINT('',(1.172050016982,-1.2,0.232635182233));
#14439 = CIRCLE('',#14440,0.1);
#14440 = AXIS2_PLACEMENT_3D('',#14441,#14442,#14443);
#14441 = CARTESIAN_POINT('',(1.270530792283,-1.2,0.25));
#14442 = DIRECTION('',(-1.110223024625E-16,1.,0.));
#14443 = DIRECTION('',(2.22044604925E-15,2.465190328815E-31,-1.));
#14444 = ORIENTED_EDGE('',*,*,#14445,.T.);
#14445 = EDGE_CURVE('',#14437,#14446,#14448,.T.);
#14446 = VERTEX_POINT('',#14447);
#14447 = CARTESIAN_POINT('',(1.096201938253,-1.2,0.693412044417));
#14448 = LINE('',#14449,#14450);
#14449 = CARTESIAN_POINT('',(1.172050016982,-1.2,0.232635182233));
#14450 = VECTOR('',#14451,1.);
#14451 = DIRECTION('',(-0.162423314012,-1.803261029519E-17,
    0.986721169868));
#14452 = ORIENTED_EDGE('',*,*,#14453,.T.);
#14453 = EDGE_CURVE('',#14446,#14454,#14456,.T.);
#14454 = VERTEX_POINT('',#14455);
#14455 = CARTESIAN_POINT('',(0.85,-1.2,0.9));
#14456 = CIRCLE('',#14457,0.25);
#14457 = AXIS2_PLACEMENT_3D('',#14458,#14459,#14460);
#14458 = CARTESIAN_POINT('',(0.85,-1.2,0.65));
#14459 = DIRECTION('',(1.110223024625E-16,-1.,0.));
#14460 = DIRECTION('',(0.984807753012,1.093356242223E-16,0.173648177667)
  );
#14461 = ORIENTED_EDGE('',*,*,#14462,.T.);
#14462 = EDGE_CURVE('',#14454,#13025,#14463,.T.);
#14463 = LINE('',#14464,#14465);
#14464 = CARTESIAN_POINT('',(0.85,-1.2,0.9));
#14465 = VECTOR('',#14466,1.);
#14466 = DIRECTION('',(-1.,-1.110223024625E-16,0.));
#14467 = PLANE('',#14468);
#14468 = AXIS2_PLACEMENT_3D('',#14469,#14470,#14471);
#14469 = CARTESIAN_POINT('',(1.069123385139,-1.2,0.441695635315));
#14470 = DIRECTION('',(1.110223024625E-16,-1.,0.));
#14471 = DIRECTION('',(0.,0.,1.));
#14472 = ADVANCED_FACE('',(#14473),#14484,.T.);
#14473 = FACE_BOUND('',#14474,.T.);
#14474 = EDGE_LOOP('',(#14475,#14476,#14477,#14478));
#14475 = ORIENTED_EDGE('',*,*,#13953,.T.);
#14476 = ORIENTED_EDGE('',*,*,#13125,.T.);
#14477 = ORIENTED_EDGE('',*,*,#14055,.F.);
#14478 = ORIENTED_EDGE('',*,*,#14479,.F.);
#14479 = EDGE_CURVE('',#13946,#14048,#14480,.T.);
#14480 = LINE('',#14481,#14482);
#14481 = CARTESIAN_POINT('',(-1.096201938253,0.7,0.693412044417));
#14482 = VECTOR('',#14483,1.);
#14483 = DIRECTION('',(1.144237745222E-17,1.,0.));
#14484 = CYLINDRICAL_SURFACE('',#14485,0.25);
#14485 = AXIS2_PLACEMENT_3D('',#14486,#14487,#14488);
#14486 = CARTESIAN_POINT('',(-0.85,0.7,0.65));
#14487 = DIRECTION('',(-1.144237745222E-17,-1.,0.));
#14488 = DIRECTION('',(-0.984807753012,1.126854202784E-17,0.173648177667
    ));
#14489 = ADVANCED_FACE('',(#14490),#14503,.F.);
#14490 = FACE_BOUND('',#14491,.F.);
#14491 = EDGE_LOOP('',(#14492,#14493,#14499,#14500,#14501,#14502));
#14492 = ORIENTED_EDGE('',*,*,#13521,.F.);
#14493 = ORIENTED_EDGE('',*,*,#14494,.T.);
#14494 = EDGE_CURVE('',#13513,#13622,#14495,.T.);
#14495 = LINE('',#14496,#14497);
#14496 = CARTESIAN_POINT('',(-0.85,-1.2,0.9));
#14497 = VECTOR('',#14498,1.);
#14498 = DIRECTION('',(1.144237745222E-17,1.,0.));
#14499 = ORIENTED_EDGE('',*,*,#13630,.T.);
#14500 = ORIENTED_EDGE('',*,*,#13652,.T.);
#14501 = ORIENTED_EDGE('',*,*,#13172,.F.);
#14502 = ORIENTED_EDGE('',*,*,#13405,.F.);
#14503 = PLANE('',#14504);
#14504 = AXIS2_PLACEMENT_3D('',#14505,#14506,#14507);
#14505 = CARTESIAN_POINT('',(-0.85,-1.2,0.9));
#14506 = DIRECTION('',(0.,0.,-1.));
#14507 = DIRECTION('',(1.,-1.144237745222E-17,0.));
#14508 = ADVANCED_FACE('',(#14509),#14522,.F.);
#14509 = FACE_BOUND('',#14510,.F.);
#14510 = EDGE_LOOP('',(#14511,#14512,#14518,#14519,#14520,#14521));
#14511 = ORIENTED_EDGE('',*,*,#13744,.F.);
#14512 = ORIENTED_EDGE('',*,*,#14513,.T.);
#14513 = EDGE_CURVE('',#13736,#13845,#14514,.T.);
#14514 = LINE('',#14515,#14516);
#14515 = CARTESIAN_POINT('',(-0.85,-0.25,0.9));
#14516 = VECTOR('',#14517,1.);
#14517 = DIRECTION('',(1.144237745222E-17,1.,0.));
#14518 = ORIENTED_EDGE('',*,*,#13853,.T.);
#14519 = ORIENTED_EDGE('',*,*,#13870,.T.);
#14520 = ORIENTED_EDGE('',*,*,#13188,.F.);
#14521 = ORIENTED_EDGE('',*,*,#13645,.F.);
#14522 = PLANE('',#14523);
#14523 = AXIS2_PLACEMENT_3D('',#14524,#14525,#14526);
#14524 = CARTESIAN_POINT('',(-0.85,-0.25,0.9));
#14525 = DIRECTION('',(0.,0.,-1.));
#14526 = DIRECTION('',(1.,-1.144237745222E-17,0.));
#14527 = ADVANCED_FACE('',(#14528,#14557),#14568,.T.);
#14528 = FACE_BOUND('',#14529,.T.);
#14529 = EDGE_LOOP('',(#14530,#14531,#14532,#14533,#14541,#14549,#14555,
    #14556));
#14530 = ORIENTED_EDGE('',*,*,#13263,.F.);
#14531 = ORIENTED_EDGE('',*,*,#13240,.F.);
#14532 = ORIENTED_EDGE('',*,*,#13211,.F.);
#14533 = ORIENTED_EDGE('',*,*,#14534,.F.);
#14534 = EDGE_CURVE('',#14535,#13212,#14537,.T.);
#14535 = VERTEX_POINT('',#14536);
#14536 = CARTESIAN_POINT('',(-0.646824228722,-1.333648457443,1.55));
#14537 = LINE('',#14538,#14539);
#14538 = CARTESIAN_POINT('',(-0.646824228722,-1.333648457443,1.55));
#14539 = VECTOR('',#14540,1.);
#14540 = DIRECTION('',(-0.707106781187,0.707106781187,0.));
#14541 = ORIENTED_EDGE('',*,*,#14542,.F.);
#14542 = EDGE_CURVE('',#14543,#14535,#14545,.T.);
#14543 = VERTEX_POINT('',#14544);
#14544 = CARTESIAN_POINT('',(0.646824228722,-1.333648457443,1.55));
#14545 = LINE('',#14546,#14547);
#14546 = CARTESIAN_POINT('',(0.646824228722,-1.333648457443,1.55));
#14547 = VECTOR('',#14548,1.);
#14548 = DIRECTION('',(-1.,-1.110223024625E-16,0.));
#14549 = ORIENTED_EDGE('',*,*,#14550,.F.);
#14550 = EDGE_CURVE('',#13335,#14543,#14551,.T.);
#14551 = LINE('',#14552,#14553);
#14552 = CARTESIAN_POINT('',(0.683648457443,-1.296824228722,1.55));
#14553 = VECTOR('',#14554,1.);
#14554 = DIRECTION('',(-0.707106781187,-0.707106781187,0.));
#14555 = ORIENTED_EDGE('',*,*,#13341,.F.);
#14556 = ORIENTED_EDGE('',*,*,#13286,.F.);
#14557 = FACE_BOUND('',#14558,.T.);
#14558 = EDGE_LOOP('',(#14559));
#14559 = ORIENTED_EDGE('',*,*,#14560,.T.);
#14560 = EDGE_CURVE('',#14561,#14561,#14563,.T.);
#14561 = VERTEX_POINT('',#14562);
#14562 = CARTESIAN_POINT('',(-0.483648457443,1.083648457443,1.55));
#14563 = CIRCLE('',#14564,5.E-02);
#14564 = AXIS2_PLACEMENT_3D('',#14565,#14566,#14567);
#14565 = CARTESIAN_POINT('',(-0.483648457443,1.133648457443,1.55));
#14566 = DIRECTION('',(0.,-0.,-1.));
#14567 = DIRECTION('',(1.110223024625E-16,-1.,0.));
#14568 = PLANE('',#14569);
#14569 = AXIS2_PLACEMENT_3D('',#14570,#14571,#14572);
#14570 = CARTESIAN_POINT('',(-0.646824228722,1.333648457443,1.55));
#14571 = DIRECTION('',(0.,0.,1.));
#14572 = DIRECTION('',(0.436386464522,-0.899759330922,0.));
#14573 = ADVANCED_FACE('',(#14574),#14584,.F.);
#14574 = FACE_BOUND('',#14575,.F.);
#14575 = EDGE_LOOP('',(#14576,#14577,#14578,#14579));
#14576 = ORIENTED_EDGE('',*,*,#13412,.T.);
#14577 = ORIENTED_EDGE('',*,*,#13219,.T.);
#14578 = ORIENTED_EDGE('',*,*,#14534,.F.);
#14579 = ORIENTED_EDGE('',*,*,#14580,.F.);
#14580 = EDGE_CURVE('',#13413,#14535,#14581,.T.);
#14581 = B_SPLINE_CURVE_WITH_KNOTS('',1,(#14582,#14583),.UNSPECIFIED.,
  .F.,.F.,(2,2),(0.,1.),.PIECEWISE_BEZIER_KNOTS.);
#14582 = CARTESIAN_POINT('',(-0.6925,-1.425,0.9));
#14583 = CARTESIAN_POINT('',(-0.646824228722,-1.333648457443,1.55));
#14584 = B_SPLINE_SURFACE_WITH_KNOTS('',1,1,(
    (#14585,#14586)
    ,(#14587,#14588
    )),.UNSPECIFIED.,.F.,.F.,.F.,(2,2),(2,2),(0.,0.116672618896),(0.,1.)
  ,.PIECEWISE_BEZIER_KNOTS.);
#14585 = CARTESIAN_POINT('',(-0.6925,-1.425,0.9));
#14586 = CARTESIAN_POINT('',(-0.646824228722,-1.333648457443,1.55));
#14587 = CARTESIAN_POINT('',(-0.775,-1.3425,0.9));
#14588 = CARTESIAN_POINT('',(-0.683648457443,-1.296824228722,1.55));
#14589 = ADVANCED_FACE('',(#14590),#14603,.F.);
#14590 = FACE_BOUND('',#14591,.F.);
#14591 = EDGE_LOOP('',(#14592,#14593,#14599,#14600,#14601,#14602));
#14592 = ORIENTED_EDGE('',*,*,#14353,.F.);
#14593 = ORIENTED_EDGE('',*,*,#14594,.T.);
#14594 = EDGE_CURVE('',#14345,#14454,#14595,.T.);
#14595 = LINE('',#14596,#14597);
#14596 = CARTESIAN_POINT('',(0.85,-0.7,0.9));
#14597 = VECTOR('',#14598,1.);
#14598 = DIRECTION('',(1.110223024625E-16,-1.,0.));
#14599 = ORIENTED_EDGE('',*,*,#14462,.T.);
#14600 = ORIENTED_EDGE('',*,*,#13394,.T.);
#14601 = ORIENTED_EDGE('',*,*,#13318,.F.);
#14602 = ORIENTED_EDGE('',*,*,#14260,.F.);
#14603 = PLANE('',#14604);
#14604 = AXIS2_PLACEMENT_3D('',#14605,#14606,#14607);
#14605 = CARTESIAN_POINT('',(0.85,-0.7,0.9));
#14606 = DIRECTION('',(0.,0.,-1.));
#14607 = DIRECTION('',(-1.,-1.110223024625E-16,-0.));
#14608 = ADVANCED_FACE('',(#14609),#14619,.F.);
#14609 = FACE_BOUND('',#14610,.F.);
#14610 = EDGE_LOOP('',(#14611,#14612,#14617,#14618));
#14611 = ORIENTED_EDGE('',*,*,#13428,.T.);
#14612 = ORIENTED_EDGE('',*,*,#14613,.T.);
#14613 = EDGE_CURVE('',#13421,#14543,#14614,.T.);
#14614 = B_SPLINE_CURVE_WITH_KNOTS('',1,(#14615,#14616),.UNSPECIFIED.,
  .F.,.F.,(2,2),(0.,1.),.PIECEWISE_BEZIER_KNOTS.);
#14615 = CARTESIAN_POINT('',(0.6925,-1.425,0.9));
#14616 = CARTESIAN_POINT('',(0.646824228722,-1.333648457443,1.55));
#14617 = ORIENTED_EDGE('',*,*,#14550,.F.);
#14618 = ORIENTED_EDGE('',*,*,#13334,.F.);
#14619 = B_SPLINE_SURFACE_WITH_KNOTS('',1,1,(
    (#14620,#14621)
    ,(#14622,#14623
    )),.UNSPECIFIED.,.F.,.F.,.F.,(2,2),(2,2),(0.,0.116672618896),(0.,1.)
  ,.PIECEWISE_BEZIER_KNOTS.);
#14620 = CARTESIAN_POINT('',(0.775,-1.3425,0.9));
#14621 = CARTESIAN_POINT('',(0.683648457443,-1.296824228722,1.55));
#14622 = CARTESIAN_POINT('',(0.6925,-1.425,0.9));
#14623 = CARTESIAN_POINT('',(0.646824228722,-1.333648457443,1.55));
#14624 = ADVANCED_FACE('',(#14625),#14636,.T.);
#14625 = FACE_BOUND('',#14626,.T.);
#14626 = EDGE_LOOP('',(#14627,#14628,#14629,#14630));
#14627 = ORIENTED_EDGE('',*,*,#14140,.T.);
#14628 = ORIENTED_EDGE('',*,*,#13364,.T.);
#14629 = ORIENTED_EDGE('',*,*,#14242,.F.);
#14630 = ORIENTED_EDGE('',*,*,#14631,.F.);
#14631 = EDGE_CURVE('',#14133,#14235,#14632,.T.);
#14632 = LINE('',#14633,#14634);
#14633 = CARTESIAN_POINT('',(1.096201938253,1.2,0.693412044417));
#14634 = VECTOR('',#14635,1.);
#14635 = DIRECTION('',(1.110223024625E-16,-1.,0.));
#14636 = CYLINDRICAL_SURFACE('',#14637,0.25);
#14637 = AXIS2_PLACEMENT_3D('',#14638,#14639,#14640);
#14638 = CARTESIAN_POINT('',(0.85,1.2,0.65));
#14639 = DIRECTION('',(-1.110223024625E-16,1.,0.));
#14640 = DIRECTION('',(0.984807753012,1.093356242223E-16,0.173648177667)
  );
#14641 = ADVANCED_FACE('',(#14642),#14648,.F.);
#14642 = FACE_BOUND('',#14643,.F.);
#14643 = EDGE_LOOP('',(#14644,#14645,#14646,#14647));
#14644 = ORIENTED_EDGE('',*,*,#13420,.T.);
#14645 = ORIENTED_EDGE('',*,*,#14580,.T.);
#14646 = ORIENTED_EDGE('',*,*,#14542,.F.);
#14647 = ORIENTED_EDGE('',*,*,#14613,.F.);
#14648 = B_SPLINE_SURFACE_WITH_KNOTS('',1,1,(
    (#14649,#14650)
    ,(#14651,#14652
    )),.UNSPECIFIED.,.F.,.F.,.F.,(2,2),(2,2),(0.,1.385),(0.,1.),
  .PIECEWISE_BEZIER_KNOTS.);
#14649 = CARTESIAN_POINT('',(0.6925,-1.425,0.9));
#14650 = CARTESIAN_POINT('',(0.646824228722,-1.333648457443,1.55));
#14651 = CARTESIAN_POINT('',(-0.6925,-1.425,0.9));
#14652 = CARTESIAN_POINT('',(-0.646824228722,-1.333648457443,1.55));
#14653 = ADVANCED_FACE('',(#14654),#14665,.T.);
#14654 = FACE_BOUND('',#14655,.T.);
#14655 = EDGE_LOOP('',(#14656,#14657,#14658,#14659));
#14656 = ORIENTED_EDGE('',*,*,#13512,.T.);
#14657 = ORIENTED_EDGE('',*,*,#14494,.T.);
#14658 = ORIENTED_EDGE('',*,*,#13621,.F.);
#14659 = ORIENTED_EDGE('',*,*,#14660,.F.);
#14660 = EDGE_CURVE('',#13505,#13614,#14661,.T.);
#14661 = LINE('',#14662,#14663);
#14662 = CARTESIAN_POINT('',(-1.096201938253,-1.2,0.693412044417));
#14663 = VECTOR('',#14664,1.);
#14664 = DIRECTION('',(1.144237745222E-17,1.,0.));
#14665 = CYLINDRICAL_SURFACE('',#14666,0.25);
#14666 = AXIS2_PLACEMENT_3D('',#14667,#14668,#14669);
#14667 = CARTESIAN_POINT('',(-0.85,-1.2,0.65));
#14668 = DIRECTION('',(-1.144237745222E-17,-1.,0.));
#14669 = DIRECTION('',(-0.984807753012,1.126854202784E-17,0.173648177667
    ));
#14670 = ADVANCED_FACE('',(#14671),#14682,.F.);
#14671 = FACE_BOUND('',#14672,.F.);
#14672 = EDGE_LOOP('',(#14673,#14679,#14680,#14681));
#14673 = ORIENTED_EDGE('',*,*,#14674,.T.);
#14674 = EDGE_CURVE('',#13496,#13605,#14675,.T.);
#14675 = LINE('',#14676,#14677);
#14676 = CARTESIAN_POINT('',(-1.172050016982,-1.2,0.232635182233));
#14677 = VECTOR('',#14678,1.);
#14678 = DIRECTION('',(1.144237745222E-17,1.,0.));
#14679 = ORIENTED_EDGE('',*,*,#13613,.T.);
#14680 = ORIENTED_EDGE('',*,*,#14660,.F.);
#14681 = ORIENTED_EDGE('',*,*,#13504,.F.);
#14682 = PLANE('',#14683);
#14683 = AXIS2_PLACEMENT_3D('',#14684,#14685,#14686);
#14684 = CARTESIAN_POINT('',(-1.172050016982,-1.2,0.232635182233));
#14685 = DIRECTION('',(0.986721169868,-1.129043606572E-17,
    -0.162423314012));
#14686 = DIRECTION('',(0.162423314012,-1.858508865964E-18,0.986721169868
    ));
#14687 = ADVANCED_FACE('',(#14688),#14699,.F.);
#14688 = FACE_BOUND('',#14689,.F.);
#14689 = EDGE_LOOP('',(#14690,#14696,#14697,#14698));
#14690 = ORIENTED_EDGE('',*,*,#14691,.T.);
#14691 = EDGE_CURVE('',#13488,#13597,#14692,.T.);
#14692 = LINE('',#14693,#14694);
#14693 = CARTESIAN_POINT('',(-1.270530792283,-1.2,0.15));
#14694 = VECTOR('',#14695,1.);
#14695 = DIRECTION('',(1.144237745222E-17,1.,0.));
#14696 = ORIENTED_EDGE('',*,*,#13604,.T.);
#14697 = ORIENTED_EDGE('',*,*,#14674,.F.);
#14698 = ORIENTED_EDGE('',*,*,#13495,.F.);
#14699 = CYLINDRICAL_SURFACE('',#14700,0.1);
#14700 = AXIS2_PLACEMENT_3D('',#14701,#14702,#14703);
#14701 = CARTESIAN_POINT('',(-1.270530792283,-1.2,0.25));
#14702 = DIRECTION('',(-1.144237745222E-17,-1.,0.));
#14703 = DIRECTION('',(-2.22044604925E-15,2.540718180781E-32,-1.));
#14704 = ADVANCED_FACE('',(#14705),#14716,.F.);
#14705 = FACE_BOUND('',#14706,.F.);
#14706 = EDGE_LOOP('',(#14707,#14713,#14714,#14715));
#14707 = ORIENTED_EDGE('',*,*,#14708,.T.);
#14708 = EDGE_CURVE('',#13480,#13589,#14709,.T.);
#14709 = LINE('',#14710,#14711);
#14710 = CARTESIAN_POINT('',(-1.4,-1.2,0.15));
#14711 = VECTOR('',#14712,1.);
#14712 = DIRECTION('',(1.144237745222E-17,1.,0.));
#14713 = ORIENTED_EDGE('',*,*,#13596,.T.);
#14714 = ORIENTED_EDGE('',*,*,#14691,.F.);
#14715 = ORIENTED_EDGE('',*,*,#13487,.F.);
#14716 = PLANE('',#14717);
#14717 = AXIS2_PLACEMENT_3D('',#14718,#14719,#14720);
#14718 = CARTESIAN_POINT('',(-1.4,-1.2,0.15));
#14719 = DIRECTION('',(0.,0.,-1.));
#14720 = DIRECTION('',(1.,-1.144237745222E-17,0.));
#14721 = ADVANCED_FACE('',(#14722),#14733,.F.);
#14722 = FACE_BOUND('',#14723,.F.);
#14723 = EDGE_LOOP('',(#14724,#14730,#14731,#14732));
#14724 = ORIENTED_EDGE('',*,*,#14725,.T.);
#14725 = EDGE_CURVE('',#13472,#13581,#14726,.T.);
#14726 = LINE('',#14727,#14728);
#14727 = CARTESIAN_POINT('',(-1.4,-1.2,0.));
#14728 = VECTOR('',#14729,1.);
#14729 = DIRECTION('',(1.144237745222E-17,1.,0.));
#14730 = ORIENTED_EDGE('',*,*,#13588,.T.);
#14731 = ORIENTED_EDGE('',*,*,#14708,.F.);
#14732 = ORIENTED_EDGE('',*,*,#13479,.F.);
#14733 = PLANE('',#14734);
#14734 = AXIS2_PLACEMENT_3D('',#14735,#14736,#14737);
#14735 = CARTESIAN_POINT('',(-1.4,-1.2,0.));
#14736 = DIRECTION('',(1.,-1.144237745222E-17,0.));
#14737 = DIRECTION('',(0.,0.,1.));
#14738 = ADVANCED_FACE('',(#14739),#14750,.F.);
#14739 = FACE_BOUND('',#14740,.F.);
#14740 = EDGE_LOOP('',(#14741,#14747,#14748,#14749));
#14741 = ORIENTED_EDGE('',*,*,#14742,.T.);
#14742 = EDGE_CURVE('',#13463,#13572,#14743,.T.);
#14743 = LINE('',#14744,#14745);
#14744 = CARTESIAN_POINT('',(-1.270530792283,-1.2,0.));
#14745 = VECTOR('',#14746,1.);
#14746 = DIRECTION('',(1.144237745222E-17,1.,0.));
#14747 = ORIENTED_EDGE('',*,*,#13580,.T.);
#14748 = ORIENTED_EDGE('',*,*,#14725,.F.);
#14749 = ORIENTED_EDGE('',*,*,#13471,.F.);
#14750 = PLANE('',#14751);
#14751 = AXIS2_PLACEMENT_3D('',#14752,#14753,#14754);
#14752 = CARTESIAN_POINT('',(-1.270530792283,-1.2,0.));
#14753 = DIRECTION('',(0.,0.,1.));
#14754 = DIRECTION('',(-1.,1.144237745222E-17,0.));
#14755 = ADVANCED_FACE('',(#14756),#14767,.T.);
#14756 = FACE_BOUND('',#14757,.T.);
#14757 = EDGE_LOOP('',(#14758,#14759,#14760,#14761));
#14758 = ORIENTED_EDGE('',*,*,#13462,.T.);
#14759 = ORIENTED_EDGE('',*,*,#14742,.T.);
#14760 = ORIENTED_EDGE('',*,*,#13571,.F.);
#14761 = ORIENTED_EDGE('',*,*,#14762,.F.);
#14762 = EDGE_CURVE('',#13455,#13564,#14763,.T.);
#14763 = LINE('',#14764,#14765);
#14764 = CARTESIAN_POINT('',(-1.02432885403,-1.2,0.206587955583));
#14765 = VECTOR('',#14766,1.);
#14766 = DIRECTION('',(1.144237745222E-17,1.,0.));
#14767 = CYLINDRICAL_SURFACE('',#14768,0.25);
#14768 = AXIS2_PLACEMENT_3D('',#14769,#14770,#14771);
#14769 = CARTESIAN_POINT('',(-1.270530792283,-1.2,0.25));
#14770 = DIRECTION('',(-1.144237745222E-17,-1.,0.));
#14771 = DIRECTION('',(0.984807753012,-1.126854202784E-17,
    -0.173648177667));
#14772 = ADVANCED_FACE('',(#14773),#14779,.F.);
#14773 = FACE_BOUND('',#14774,.F.);
#14774 = EDGE_LOOP('',(#14775,#14776,#14777,#14778));
#14775 = ORIENTED_EDGE('',*,*,#13545,.T.);
#14776 = ORIENTED_EDGE('',*,*,#13563,.T.);
#14777 = ORIENTED_EDGE('',*,*,#14762,.F.);
#14778 = ORIENTED_EDGE('',*,*,#13454,.F.);
#14779 = PLANE('',#14780);
#14780 = AXIS2_PLACEMENT_3D('',#14781,#14782,#14783);
#14781 = CARTESIAN_POINT('',(-0.948480775301,-1.2,0.667364817767));
#14782 = DIRECTION('',(-0.986721169868,1.129043606572E-17,0.162423314012
    ));
#14783 = DIRECTION('',(-0.162423314012,1.858508865964E-18,
    -0.986721169868));
#14784 = ADVANCED_FACE('',(#14785),#14796,.T.);
#14785 = FACE_BOUND('',#14786,.T.);
#14786 = EDGE_LOOP('',(#14787,#14788,#14789,#14790));
#14787 = ORIENTED_EDGE('',*,*,#13735,.T.);
#14788 = ORIENTED_EDGE('',*,*,#14513,.T.);
#14789 = ORIENTED_EDGE('',*,*,#13844,.F.);
#14790 = ORIENTED_EDGE('',*,*,#14791,.F.);
#14791 = EDGE_CURVE('',#13728,#13837,#14792,.T.);
#14792 = LINE('',#14793,#14794);
#14793 = CARTESIAN_POINT('',(-1.096201938253,-0.25,0.693412044417));
#14794 = VECTOR('',#14795,1.);
#14795 = DIRECTION('',(1.144237745222E-17,1.,0.));
#14796 = CYLINDRICAL_SURFACE('',#14797,0.25);
#14797 = AXIS2_PLACEMENT_3D('',#14798,#14799,#14800);
#14798 = CARTESIAN_POINT('',(-0.85,-0.25,0.65));
#14799 = DIRECTION('',(-1.144237745222E-17,-1.,0.));
#14800 = DIRECTION('',(-0.984807753012,1.126854202784E-17,0.173648177667
    ));
#14801 = ADVANCED_FACE('',(#14802),#14813,.F.);
#14802 = FACE_BOUND('',#14803,.F.);
#14803 = EDGE_LOOP('',(#14804,#14810,#14811,#14812));
#14804 = ORIENTED_EDGE('',*,*,#14805,.T.);
#14805 = EDGE_CURVE('',#13719,#13828,#14806,.T.);
#14806 = LINE('',#14807,#14808);
#14807 = CARTESIAN_POINT('',(-1.172050016982,-0.25,0.232635182233));
#14808 = VECTOR('',#14809,1.);
#14809 = DIRECTION('',(1.144237745222E-17,1.,0.));
#14810 = ORIENTED_EDGE('',*,*,#13836,.T.);
#14811 = ORIENTED_EDGE('',*,*,#14791,.F.);
#14812 = ORIENTED_EDGE('',*,*,#13727,.F.);
#14813 = PLANE('',#14814);
#14814 = AXIS2_PLACEMENT_3D('',#14815,#14816,#14817);
#14815 = CARTESIAN_POINT('',(-1.172050016982,-0.25,0.232635182233));
#14816 = DIRECTION('',(0.986721169868,-1.129043606572E-17,
    -0.162423314012));
#14817 = DIRECTION('',(0.162423314012,-1.858508865964E-18,0.986721169868
    ));
#14818 = ADVANCED_FACE('',(#14819),#14830,.F.);
#14819 = FACE_BOUND('',#14820,.F.);
#14820 = EDGE_LOOP('',(#14821,#14827,#14828,#14829));
#14821 = ORIENTED_EDGE('',*,*,#14822,.T.);
#14822 = EDGE_CURVE('',#13711,#13820,#14823,.T.);
#14823 = LINE('',#14824,#14825);
#14824 = CARTESIAN_POINT('',(-1.270530792283,-0.25,0.15));
#14825 = VECTOR('',#14826,1.);
#14826 = DIRECTION('',(1.144237745222E-17,1.,0.));
#14827 = ORIENTED_EDGE('',*,*,#13827,.T.);
#14828 = ORIENTED_EDGE('',*,*,#14805,.F.);
#14829 = ORIENTED_EDGE('',*,*,#13718,.F.);
#14830 = CYLINDRICAL_SURFACE('',#14831,0.1);
#14831 = AXIS2_PLACEMENT_3D('',#14832,#14833,#14834);
#14832 = CARTESIAN_POINT('',(-1.270530792283,-0.25,0.25));
#14833 = DIRECTION('',(-1.144237745222E-17,-1.,0.));
#14834 = DIRECTION('',(-2.22044604925E-15,2.540718180781E-32,-1.));
#14835 = ADVANCED_FACE('',(#14836),#14847,.F.);
#14836 = FACE_BOUND('',#14837,.F.);
#14837 = EDGE_LOOP('',(#14838,#14844,#14845,#14846));
#14838 = ORIENTED_EDGE('',*,*,#14839,.T.);
#14839 = EDGE_CURVE('',#13703,#13812,#14840,.T.);
#14840 = LINE('',#14841,#14842);
#14841 = CARTESIAN_POINT('',(-1.4,-0.25,0.15));
#14842 = VECTOR('',#14843,1.);
#14843 = DIRECTION('',(1.144237745222E-17,1.,0.));
#14844 = ORIENTED_EDGE('',*,*,#13819,.T.);
#14845 = ORIENTED_EDGE('',*,*,#14822,.F.);
#14846 = ORIENTED_EDGE('',*,*,#13710,.F.);
#14847 = PLANE('',#14848);
#14848 = AXIS2_PLACEMENT_3D('',#14849,#14850,#14851);
#14849 = CARTESIAN_POINT('',(-1.4,-0.25,0.15));
#14850 = DIRECTION('',(0.,0.,-1.));
#14851 = DIRECTION('',(1.,-1.144237745222E-17,0.));
#14852 = ADVANCED_FACE('',(#14853),#14864,.F.);
#14853 = FACE_BOUND('',#14854,.F.);
#14854 = EDGE_LOOP('',(#14855,#14861,#14862,#14863));
#14855 = ORIENTED_EDGE('',*,*,#14856,.T.);
#14856 = EDGE_CURVE('',#13695,#13804,#14857,.T.);
#14857 = LINE('',#14858,#14859);
#14858 = CARTESIAN_POINT('',(-1.4,-0.25,0.));
#14859 = VECTOR('',#14860,1.);
#14860 = DIRECTION('',(1.144237745222E-17,1.,0.));
#14861 = ORIENTED_EDGE('',*,*,#13811,.T.);
#14862 = ORIENTED_EDGE('',*,*,#14839,.F.);
#14863 = ORIENTED_EDGE('',*,*,#13702,.F.);
#14864 = PLANE('',#14865);
#14865 = AXIS2_PLACEMENT_3D('',#14866,#14867,#14868);
#14866 = CARTESIAN_POINT('',(-1.4,-0.25,0.));
#14867 = DIRECTION('',(1.,-1.144237745222E-17,0.));
#14868 = DIRECTION('',(0.,0.,1.));
#14869 = ADVANCED_FACE('',(#14870),#14881,.F.);
#14870 = FACE_BOUND('',#14871,.F.);
#14871 = EDGE_LOOP('',(#14872,#14878,#14879,#14880));
#14872 = ORIENTED_EDGE('',*,*,#14873,.T.);
#14873 = EDGE_CURVE('',#13686,#13795,#14874,.T.);
#14874 = LINE('',#14875,#14876);
#14875 = CARTESIAN_POINT('',(-1.270530792283,-0.25,0.));
#14876 = VECTOR('',#14877,1.);
#14877 = DIRECTION('',(1.144237745222E-17,1.,0.));
#14878 = ORIENTED_EDGE('',*,*,#13803,.T.);
#14879 = ORIENTED_EDGE('',*,*,#14856,.F.);
#14880 = ORIENTED_EDGE('',*,*,#13694,.F.);
#14881 = PLANE('',#14882);
#14882 = AXIS2_PLACEMENT_3D('',#14883,#14884,#14885);
#14883 = CARTESIAN_POINT('',(-1.270530792283,-0.25,0.));
#14884 = DIRECTION('',(0.,0.,1.));
#14885 = DIRECTION('',(-1.,1.144237745222E-17,0.));
#14886 = ADVANCED_FACE('',(#14887),#14898,.T.);
#14887 = FACE_BOUND('',#14888,.T.);
#14888 = EDGE_LOOP('',(#14889,#14890,#14891,#14892));
#14889 = ORIENTED_EDGE('',*,*,#13685,.T.);
#14890 = ORIENTED_EDGE('',*,*,#14873,.T.);
#14891 = ORIENTED_EDGE('',*,*,#13794,.F.);
#14892 = ORIENTED_EDGE('',*,*,#14893,.F.);
#14893 = EDGE_CURVE('',#13678,#13787,#14894,.T.);
#14894 = LINE('',#14895,#14896);
#14895 = CARTESIAN_POINT('',(-1.02432885403,-0.25,0.206587955583));
#14896 = VECTOR('',#14897,1.);
#14897 = DIRECTION('',(1.144237745222E-17,1.,0.));
#14898 = CYLINDRICAL_SURFACE('',#14899,0.25);
#14899 = AXIS2_PLACEMENT_3D('',#14900,#14901,#14902);
#14900 = CARTESIAN_POINT('',(-1.270530792283,-0.25,0.25));
#14901 = DIRECTION('',(-1.144237745222E-17,-1.,0.));
#14902 = DIRECTION('',(0.984807753012,-1.126854202784E-17,
    -0.173648177667));
#14903 = ADVANCED_FACE('',(#14904),#14910,.F.);
#14904 = FACE_BOUND('',#14905,.F.);
#14905 = EDGE_LOOP('',(#14906,#14907,#14908,#14909));
#14906 = ORIENTED_EDGE('',*,*,#13768,.T.);
#14907 = ORIENTED_EDGE('',*,*,#13786,.T.);
#14908 = ORIENTED_EDGE('',*,*,#14893,.F.);
#14909 = ORIENTED_EDGE('',*,*,#13677,.F.);
#14910 = PLANE('',#14911);
#14911 = AXIS2_PLACEMENT_3D('',#14912,#14913,#14914);
#14912 = CARTESIAN_POINT('',(-0.948480775301,-0.25,0.667364817767));
#14913 = DIRECTION('',(-0.986721169868,1.129043606572E-17,0.162423314012
    ));
#14914 = DIRECTION('',(-0.162423314012,1.858508865964E-18,
    -0.986721169868));
#14915 = ADVANCED_FACE('',(#14916),#14927,.F.);
#14916 = FACE_BOUND('',#14917,.F.);
#14917 = EDGE_LOOP('',(#14918,#14924,#14925,#14926));
#14918 = ORIENTED_EDGE('',*,*,#14919,.T.);
#14919 = EDGE_CURVE('',#13937,#14039,#14920,.T.);
#14920 = LINE('',#14921,#14922);
#14921 = CARTESIAN_POINT('',(-1.172050016982,0.7,0.232635182233));
#14922 = VECTOR('',#14923,1.);
#14923 = DIRECTION('',(1.144237745222E-17,1.,0.));
#14924 = ORIENTED_EDGE('',*,*,#14047,.T.);
#14925 = ORIENTED_EDGE('',*,*,#14479,.F.);
#14926 = ORIENTED_EDGE('',*,*,#13945,.F.);
#14927 = PLANE('',#14928);
#14928 = AXIS2_PLACEMENT_3D('',#14929,#14930,#14931);
#14929 = CARTESIAN_POINT('',(-1.172050016982,0.7,0.232635182233));
#14930 = DIRECTION('',(0.986721169868,-1.129043606572E-17,
    -0.162423314012));
#14931 = DIRECTION('',(0.162423314012,-1.858508865964E-18,0.986721169868
    ));
#14932 = ADVANCED_FACE('',(#14933),#14944,.F.);
#14933 = FACE_BOUND('',#14934,.F.);
#14934 = EDGE_LOOP('',(#14935,#14941,#14942,#14943));
#14935 = ORIENTED_EDGE('',*,*,#14936,.T.);
#14936 = EDGE_CURVE('',#13929,#14031,#14937,.T.);
#14937 = LINE('',#14938,#14939);
#14938 = CARTESIAN_POINT('',(-1.270530792283,0.7,0.15));
#14939 = VECTOR('',#14940,1.);
#14940 = DIRECTION('',(1.144237745222E-17,1.,0.));
#14941 = ORIENTED_EDGE('',*,*,#14038,.T.);
#14942 = ORIENTED_EDGE('',*,*,#14919,.F.);
#14943 = ORIENTED_EDGE('',*,*,#13936,.F.);
#14944 = CYLINDRICAL_SURFACE('',#14945,0.1);
#14945 = AXIS2_PLACEMENT_3D('',#14946,#14947,#14948);
#14946 = CARTESIAN_POINT('',(-1.270530792283,0.7,0.25));
#14947 = DIRECTION('',(-1.144237745222E-17,-1.,0.));
#14948 = DIRECTION('',(-2.22044604925E-15,2.540718180781E-32,-1.));
#14949 = ADVANCED_FACE('',(#14950),#14961,.F.);
#14950 = FACE_BOUND('',#14951,.F.);
#14951 = EDGE_LOOP('',(#14952,#14958,#14959,#14960));
#14952 = ORIENTED_EDGE('',*,*,#14953,.T.);
#14953 = EDGE_CURVE('',#13921,#14023,#14954,.T.);
#14954 = LINE('',#14955,#14956);
#14955 = CARTESIAN_POINT('',(-1.4,0.7,0.15));
#14956 = VECTOR('',#14957,1.);
#14957 = DIRECTION('',(1.144237745222E-17,1.,0.));
#14958 = ORIENTED_EDGE('',*,*,#14030,.T.);
#14959 = ORIENTED_EDGE('',*,*,#14936,.F.);
#14960 = ORIENTED_EDGE('',*,*,#13928,.F.);
#14961 = PLANE('',#14962);
#14962 = AXIS2_PLACEMENT_3D('',#14963,#14964,#14965);
#14963 = CARTESIAN_POINT('',(-1.4,0.7,0.15));
#14964 = DIRECTION('',(0.,0.,-1.));
#14965 = DIRECTION('',(1.,-1.144237745222E-17,0.));
#14966 = ADVANCED_FACE('',(#14967),#14978,.F.);
#14967 = FACE_BOUND('',#14968,.F.);
#14968 = EDGE_LOOP('',(#14969,#14975,#14976,#14977));
#14969 = ORIENTED_EDGE('',*,*,#14970,.T.);
#14970 = EDGE_CURVE('',#13913,#14015,#14971,.T.);
#14971 = LINE('',#14972,#14973);
#14972 = CARTESIAN_POINT('',(-1.4,0.7,0.));
#14973 = VECTOR('',#14974,1.);
#14974 = DIRECTION('',(1.144237745222E-17,1.,0.));
#14975 = ORIENTED_EDGE('',*,*,#14022,.T.);
#14976 = ORIENTED_EDGE('',*,*,#14953,.F.);
#14977 = ORIENTED_EDGE('',*,*,#13920,.F.);
#14978 = PLANE('',#14979);
#14979 = AXIS2_PLACEMENT_3D('',#14980,#14981,#14982);
#14980 = CARTESIAN_POINT('',(-1.4,0.7,0.));
#14981 = DIRECTION('',(1.,-1.144237745222E-17,0.));
#14982 = DIRECTION('',(0.,0.,1.));
#14983 = ADVANCED_FACE('',(#14984),#14995,.F.);
#14984 = FACE_BOUND('',#14985,.F.);
#14985 = EDGE_LOOP('',(#14986,#14992,#14993,#14994));
#14986 = ORIENTED_EDGE('',*,*,#14987,.T.);
#14987 = EDGE_CURVE('',#13904,#14006,#14988,.T.);
#14988 = LINE('',#14989,#14990);
#14989 = CARTESIAN_POINT('',(-1.270530792283,0.7,0.));
#14990 = VECTOR('',#14991,1.);
#14991 = DIRECTION('',(1.144237745222E-17,1.,0.));
#14992 = ORIENTED_EDGE('',*,*,#14014,.T.);
#14993 = ORIENTED_EDGE('',*,*,#14970,.F.);
#14994 = ORIENTED_EDGE('',*,*,#13912,.F.);
#14995 = PLANE('',#14996);
#14996 = AXIS2_PLACEMENT_3D('',#14997,#14998,#14999);
#14997 = CARTESIAN_POINT('',(-1.270530792283,0.7,0.));
#14998 = DIRECTION('',(0.,0.,1.));
#14999 = DIRECTION('',(-1.,1.144237745222E-17,0.));
#15000 = ADVANCED_FACE('',(#15001),#15012,.T.);
#15001 = FACE_BOUND('',#15002,.T.);
#15002 = EDGE_LOOP('',(#15003,#15004,#15005,#15006));
#15003 = ORIENTED_EDGE('',*,*,#13903,.T.);
#15004 = ORIENTED_EDGE('',*,*,#14987,.T.);
#15005 = ORIENTED_EDGE('',*,*,#14005,.F.);
#15006 = ORIENTED_EDGE('',*,*,#15007,.F.);
#15007 = EDGE_CURVE('',#13896,#13998,#15008,.T.);
#15008 = LINE('',#15009,#15010);
#15009 = CARTESIAN_POINT('',(-1.02432885403,0.7,0.206587955583));
#15010 = VECTOR('',#15011,1.);
#15011 = DIRECTION('',(1.144237745222E-17,1.,0.));
#15012 = CYLINDRICAL_SURFACE('',#15013,0.25);
#15013 = AXIS2_PLACEMENT_3D('',#15014,#15015,#15016);
#15014 = CARTESIAN_POINT('',(-1.270530792283,0.7,0.25));
#15015 = DIRECTION('',(-1.144237745222E-17,-1.,0.));
#15016 = DIRECTION('',(0.984807753012,-1.126854202784E-17,
    -0.173648177667));
#15017 = ADVANCED_FACE('',(#15018),#15024,.F.);
#15018 = FACE_BOUND('',#15019,.F.);
#15019 = EDGE_LOOP('',(#15020,#15021,#15022,#15023));
#15020 = ORIENTED_EDGE('',*,*,#13979,.T.);
#15021 = ORIENTED_EDGE('',*,*,#13997,.T.);
#15022 = ORIENTED_EDGE('',*,*,#15007,.F.);
#15023 = ORIENTED_EDGE('',*,*,#13895,.F.);
#15024 = PLANE('',#15025);
#15025 = AXIS2_PLACEMENT_3D('',#15026,#15027,#15028);
#15026 = CARTESIAN_POINT('',(-0.948480775301,0.7,0.667364817767));
#15027 = DIRECTION('',(-0.986721169868,1.129043606572E-17,0.162423314012
    ));
#15028 = DIRECTION('',(-0.162423314012,1.858508865964E-18,
    -0.986721169868));
#15029 = ADVANCED_FACE('',(#15030),#15041,.F.);
#15030 = FACE_BOUND('',#15031,.F.);
#15031 = EDGE_LOOP('',(#15032,#15038,#15039,#15040));
#15032 = ORIENTED_EDGE('',*,*,#15033,.T.);
#15033 = EDGE_CURVE('',#14124,#14226,#15034,.T.);
#15034 = LINE('',#15035,#15036);
#15035 = CARTESIAN_POINT('',(1.172050016982,1.2,0.232635182233));
#15036 = VECTOR('',#15037,1.);
#15037 = DIRECTION('',(1.110223024625E-16,-1.,0.));
#15038 = ORIENTED_EDGE('',*,*,#14234,.T.);
#15039 = ORIENTED_EDGE('',*,*,#14631,.F.);
#15040 = ORIENTED_EDGE('',*,*,#14132,.F.);
#15041 = PLANE('',#15042);
#15042 = AXIS2_PLACEMENT_3D('',#15043,#15044,#15045);
#15043 = CARTESIAN_POINT('',(1.172050016982,1.2,0.232635182233));
#15044 = DIRECTION('',(-0.986721169868,-1.095480561672E-16,
    -0.162423314012));
#15045 = DIRECTION('',(-0.162423314012,-1.803261029519E-17,
    0.986721169868));
#15046 = ADVANCED_FACE('',(#15047),#15058,.F.);
#15047 = FACE_BOUND('',#15048,.F.);
#15048 = EDGE_LOOP('',(#15049,#15055,#15056,#15057));
#15049 = ORIENTED_EDGE('',*,*,#15050,.T.);
#15050 = EDGE_CURVE('',#14116,#14218,#15051,.T.);
#15051 = LINE('',#15052,#15053);
#15052 = CARTESIAN_POINT('',(1.270530792283,1.2,0.15));
#15053 = VECTOR('',#15054,1.);
#15054 = DIRECTION('',(1.110223024625E-16,-1.,0.));
#15055 = ORIENTED_EDGE('',*,*,#14225,.T.);
#15056 = ORIENTED_EDGE('',*,*,#15033,.F.);
#15057 = ORIENTED_EDGE('',*,*,#14123,.F.);
#15058 = CYLINDRICAL_SURFACE('',#15059,0.1);
#15059 = AXIS2_PLACEMENT_3D('',#15060,#15061,#15062);
#15060 = CARTESIAN_POINT('',(1.270530792283,1.2,0.25));
#15061 = DIRECTION('',(-1.110223024625E-16,1.,0.));
#15062 = DIRECTION('',(2.22044604925E-15,2.465190328815E-31,-1.));
#15063 = ADVANCED_FACE('',(#15064),#15075,.F.);
#15064 = FACE_BOUND('',#15065,.F.);
#15065 = EDGE_LOOP('',(#15066,#15072,#15073,#15074));
#15066 = ORIENTED_EDGE('',*,*,#15067,.T.);
#15067 = EDGE_CURVE('',#14108,#14210,#15068,.T.);
#15068 = LINE('',#15069,#15070);
#15069 = CARTESIAN_POINT('',(1.4,1.2,0.15));
#15070 = VECTOR('',#15071,1.);
#15071 = DIRECTION('',(1.110223024625E-16,-1.,0.));
#15072 = ORIENTED_EDGE('',*,*,#14217,.T.);
#15073 = ORIENTED_EDGE('',*,*,#15050,.F.);
#15074 = ORIENTED_EDGE('',*,*,#14115,.F.);
#15075 = PLANE('',#15076);
#15076 = AXIS2_PLACEMENT_3D('',#15077,#15078,#15079);
#15077 = CARTESIAN_POINT('',(1.4,1.2,0.15));
#15078 = DIRECTION('',(0.,0.,-1.));
#15079 = DIRECTION('',(-1.,-1.110223024625E-16,-0.));
#15080 = ADVANCED_FACE('',(#15081),#15092,.F.);
#15081 = FACE_BOUND('',#15082,.F.);
#15082 = EDGE_LOOP('',(#15083,#15089,#15090,#15091));
#15083 = ORIENTED_EDGE('',*,*,#15084,.T.);
#15084 = EDGE_CURVE('',#14100,#14202,#15085,.T.);
#15085 = LINE('',#15086,#15087);
#15086 = CARTESIAN_POINT('',(1.4,1.2,0.));
#15087 = VECTOR('',#15088,1.);
#15088 = DIRECTION('',(1.110223024625E-16,-1.,0.));
#15089 = ORIENTED_EDGE('',*,*,#14209,.T.);
#15090 = ORIENTED_EDGE('',*,*,#15067,.F.);
#15091 = ORIENTED_EDGE('',*,*,#14107,.F.);
#15092 = PLANE('',#15093);
#15093 = AXIS2_PLACEMENT_3D('',#15094,#15095,#15096);
#15094 = CARTESIAN_POINT('',(1.4,1.2,0.));
#15095 = DIRECTION('',(-1.,-1.110223024625E-16,0.));
#15096 = DIRECTION('',(0.,0.,1.));
#15097 = ADVANCED_FACE('',(#15098),#15109,.F.);
#15098 = FACE_BOUND('',#15099,.F.);
#15099 = EDGE_LOOP('',(#15100,#15106,#15107,#15108));
#15100 = ORIENTED_EDGE('',*,*,#15101,.T.);
#15101 = EDGE_CURVE('',#14091,#14193,#15102,.T.);
#15102 = LINE('',#15103,#15104);
#15103 = CARTESIAN_POINT('',(1.270530792283,1.2,0.));
#15104 = VECTOR('',#15105,1.);
#15105 = DIRECTION('',(1.110223024625E-16,-1.,0.));
#15106 = ORIENTED_EDGE('',*,*,#14201,.T.);
#15107 = ORIENTED_EDGE('',*,*,#15084,.F.);
#15108 = ORIENTED_EDGE('',*,*,#14099,.F.);
#15109 = PLANE('',#15110);
#15110 = AXIS2_PLACEMENT_3D('',#15111,#15112,#15113);
#15111 = CARTESIAN_POINT('',(1.270530792283,1.2,0.));
#15112 = DIRECTION('',(0.,0.,1.));
#15113 = DIRECTION('',(1.,1.110223024625E-16,-0.));
#15114 = ADVANCED_FACE('',(#15115),#15126,.T.);
#15115 = FACE_BOUND('',#15116,.T.);
#15116 = EDGE_LOOP('',(#15117,#15118,#15119,#15120));
#15117 = ORIENTED_EDGE('',*,*,#14090,.T.);
#15118 = ORIENTED_EDGE('',*,*,#15101,.T.);
#15119 = ORIENTED_EDGE('',*,*,#14192,.F.);
#15120 = ORIENTED_EDGE('',*,*,#15121,.F.);
#15121 = EDGE_CURVE('',#14083,#14185,#15122,.T.);
#15122 = LINE('',#15123,#15124);
#15123 = CARTESIAN_POINT('',(1.02432885403,1.2,0.206587955583));
#15124 = VECTOR('',#15125,1.);
#15125 = DIRECTION('',(1.110223024625E-16,-1.,0.));
#15126 = CYLINDRICAL_SURFACE('',#15127,0.25);
#15127 = AXIS2_PLACEMENT_3D('',#15128,#15129,#15130);
#15128 = CARTESIAN_POINT('',(1.270530792283,1.2,0.25));
#15129 = DIRECTION('',(-1.110223024625E-16,1.,0.));
#15130 = DIRECTION('',(-0.984807753012,-1.093356242223E-16,
    -0.173648177667));
#15131 = ADVANCED_FACE('',(#15132),#15138,.F.);
#15132 = FACE_BOUND('',#15133,.F.);
#15133 = EDGE_LOOP('',(#15134,#15135,#15136,#15137));
#15134 = ORIENTED_EDGE('',*,*,#14166,.T.);
#15135 = ORIENTED_EDGE('',*,*,#14184,.T.);
#15136 = ORIENTED_EDGE('',*,*,#15121,.F.);
#15137 = ORIENTED_EDGE('',*,*,#14082,.F.);
#15138 = PLANE('',#15139);
#15139 = AXIS2_PLACEMENT_3D('',#15140,#15141,#15142);
#15140 = CARTESIAN_POINT('',(0.948480775301,1.2,0.667364817767));
#15141 = DIRECTION('',(0.986721169868,1.095480561672E-16,0.162423314012)
  );
#15142 = DIRECTION('',(0.162423314012,1.803261029519E-17,-0.986721169868
    ));
#15143 = ADVANCED_FACE('',(#15144),#15155,.T.);
#15144 = FACE_BOUND('',#15145,.T.);
#15145 = EDGE_LOOP('',(#15146,#15147,#15148,#15149));
#15146 = ORIENTED_EDGE('',*,*,#14344,.T.);
#15147 = ORIENTED_EDGE('',*,*,#14594,.T.);
#15148 = ORIENTED_EDGE('',*,*,#14453,.F.);
#15149 = ORIENTED_EDGE('',*,*,#15150,.F.);
#15150 = EDGE_CURVE('',#14337,#14446,#15151,.T.);
#15151 = LINE('',#15152,#15153);
#15152 = CARTESIAN_POINT('',(1.096201938253,-0.7,0.693412044417));
#15153 = VECTOR('',#15154,1.);
#15154 = DIRECTION('',(1.110223024625E-16,-1.,0.));
#15155 = CYLINDRICAL_SURFACE('',#15156,0.25);
#15156 = AXIS2_PLACEMENT_3D('',#15157,#15158,#15159);
#15157 = CARTESIAN_POINT('',(0.85,-0.7,0.65));
#15158 = DIRECTION('',(-1.110223024625E-16,1.,0.));
#15159 = DIRECTION('',(0.984807753012,1.093356242223E-16,0.173648177667)
  );
#15160 = ADVANCED_FACE('',(#15161),#15172,.F.);
#15161 = FACE_BOUND('',#15162,.F.);
#15162 = EDGE_LOOP('',(#15163,#15169,#15170,#15171));
#15163 = ORIENTED_EDGE('',*,*,#15164,.T.);
#15164 = EDGE_CURVE('',#14328,#14437,#15165,.T.);
#15165 = LINE('',#15166,#15167);
#15166 = CARTESIAN_POINT('',(1.172050016982,-0.7,0.232635182233));
#15167 = VECTOR('',#15168,1.);
#15168 = DIRECTION('',(1.110223024625E-16,-1.,0.));
#15169 = ORIENTED_EDGE('',*,*,#14445,.T.);
#15170 = ORIENTED_EDGE('',*,*,#15150,.F.);
#15171 = ORIENTED_EDGE('',*,*,#14336,.F.);
#15172 = PLANE('',#15173);
#15173 = AXIS2_PLACEMENT_3D('',#15174,#15175,#15176);
#15174 = CARTESIAN_POINT('',(1.172050016982,-0.7,0.232635182233));
#15175 = DIRECTION('',(-0.986721169868,-1.095480561672E-16,
    -0.162423314012));
#15176 = DIRECTION('',(-0.162423314012,-1.803261029519E-17,
    0.986721169868));
#15177 = ADVANCED_FACE('',(#15178),#15189,.F.);
#15178 = FACE_BOUND('',#15179,.F.);
#15179 = EDGE_LOOP('',(#15180,#15186,#15187,#15188));
#15180 = ORIENTED_EDGE('',*,*,#15181,.T.);
#15181 = EDGE_CURVE('',#14320,#14429,#15182,.T.);
#15182 = LINE('',#15183,#15184);
#15183 = CARTESIAN_POINT('',(1.270530792283,-0.7,0.15));
#15184 = VECTOR('',#15185,1.);
#15185 = DIRECTION('',(1.110223024625E-16,-1.,0.));
#15186 = ORIENTED_EDGE('',*,*,#14436,.T.);
#15187 = ORIENTED_EDGE('',*,*,#15164,.F.);
#15188 = ORIENTED_EDGE('',*,*,#14327,.F.);
#15189 = CYLINDRICAL_SURFACE('',#15190,0.1);
#15190 = AXIS2_PLACEMENT_3D('',#15191,#15192,#15193);
#15191 = CARTESIAN_POINT('',(1.270530792283,-0.7,0.25));
#15192 = DIRECTION('',(-1.110223024625E-16,1.,0.));
#15193 = DIRECTION('',(2.22044604925E-15,2.465190328815E-31,-1.));
#15194 = ADVANCED_FACE('',(#15195),#15206,.F.);
#15195 = FACE_BOUND('',#15196,.F.);
#15196 = EDGE_LOOP('',(#15197,#15203,#15204,#15205));
#15197 = ORIENTED_EDGE('',*,*,#15198,.T.);
#15198 = EDGE_CURVE('',#14312,#14421,#15199,.T.);
#15199 = LINE('',#15200,#15201);
#15200 = CARTESIAN_POINT('',(1.4,-0.7,0.15));
#15201 = VECTOR('',#15202,1.);
#15202 = DIRECTION('',(1.110223024625E-16,-1.,0.));
#15203 = ORIENTED_EDGE('',*,*,#14428,.T.);
#15204 = ORIENTED_EDGE('',*,*,#15181,.F.);
#15205 = ORIENTED_EDGE('',*,*,#14319,.F.);
#15206 = PLANE('',#15207);
#15207 = AXIS2_PLACEMENT_3D('',#15208,#15209,#15210);
#15208 = CARTESIAN_POINT('',(1.4,-0.7,0.15));
#15209 = DIRECTION('',(0.,0.,-1.));
#15210 = DIRECTION('',(-1.,-1.110223024625E-16,-0.));
#15211 = ADVANCED_FACE('',(#15212),#15223,.F.);
#15212 = FACE_BOUND('',#15213,.F.);
#15213 = EDGE_LOOP('',(#15214,#15220,#15221,#15222));
#15214 = ORIENTED_EDGE('',*,*,#15215,.T.);
#15215 = EDGE_CURVE('',#14304,#14413,#15216,.T.);
#15216 = LINE('',#15217,#15218);
#15217 = CARTESIAN_POINT('',(1.4,-0.7,0.));
#15218 = VECTOR('',#15219,1.);
#15219 = DIRECTION('',(1.110223024625E-16,-1.,0.));
#15220 = ORIENTED_EDGE('',*,*,#14420,.T.);
#15221 = ORIENTED_EDGE('',*,*,#15198,.F.);
#15222 = ORIENTED_EDGE('',*,*,#14311,.F.);
#15223 = PLANE('',#15224);
#15224 = AXIS2_PLACEMENT_3D('',#15225,#15226,#15227);
#15225 = CARTESIAN_POINT('',(1.4,-0.7,0.));
#15226 = DIRECTION('',(-1.,-1.110223024625E-16,0.));
#15227 = DIRECTION('',(0.,0.,1.));
#15228 = ADVANCED_FACE('',(#15229),#15240,.F.);
#15229 = FACE_BOUND('',#15230,.F.);
#15230 = EDGE_LOOP('',(#15231,#15237,#15238,#15239));
#15231 = ORIENTED_EDGE('',*,*,#15232,.T.);
#15232 = EDGE_CURVE('',#14295,#14404,#15233,.T.);
#15233 = LINE('',#15234,#15235);
#15234 = CARTESIAN_POINT('',(1.270530792283,-0.7,0.));
#15235 = VECTOR('',#15236,1.);
#15236 = DIRECTION('',(1.110223024625E-16,-1.,0.));
#15237 = ORIENTED_EDGE('',*,*,#14412,.T.);
#15238 = ORIENTED_EDGE('',*,*,#15215,.F.);
#15239 = ORIENTED_EDGE('',*,*,#14303,.F.);
#15240 = PLANE('',#15241);
#15241 = AXIS2_PLACEMENT_3D('',#15242,#15243,#15244);
#15242 = CARTESIAN_POINT('',(1.270530792283,-0.7,0.));
#15243 = DIRECTION('',(0.,0.,1.));
#15244 = DIRECTION('',(1.,1.110223024625E-16,-0.));
#15245 = ADVANCED_FACE('',(#15246),#15257,.T.);
#15246 = FACE_BOUND('',#15247,.T.);
#15247 = EDGE_LOOP('',(#15248,#15249,#15250,#15251));
#15248 = ORIENTED_EDGE('',*,*,#14294,.T.);
#15249 = ORIENTED_EDGE('',*,*,#15232,.T.);
#15250 = ORIENTED_EDGE('',*,*,#14403,.F.);
#15251 = ORIENTED_EDGE('',*,*,#15252,.F.);
#15252 = EDGE_CURVE('',#14287,#14396,#15253,.T.);
#15253 = LINE('',#15254,#15255);
#15254 = CARTESIAN_POINT('',(1.02432885403,-0.7,0.206587955583));
#15255 = VECTOR('',#15256,1.);
#15256 = DIRECTION('',(1.110223024625E-16,-1.,0.));
#15257 = CYLINDRICAL_SURFACE('',#15258,0.25);
#15258 = AXIS2_PLACEMENT_3D('',#15259,#15260,#15261);
#15259 = CARTESIAN_POINT('',(1.270530792283,-0.7,0.25));
#15260 = DIRECTION('',(-1.110223024625E-16,1.,0.));
#15261 = DIRECTION('',(-0.984807753012,-1.093356242223E-16,
    -0.173648177667));
#15262 = ADVANCED_FACE('',(#15263),#15269,.F.);
#15263 = FACE_BOUND('',#15264,.F.);
#15264 = EDGE_LOOP('',(#15265,#15266,#15267,#15268));
#15265 = ORIENTED_EDGE('',*,*,#14377,.T.);
#15266 = ORIENTED_EDGE('',*,*,#14395,.T.);
#15267 = ORIENTED_EDGE('',*,*,#15252,.F.);
#15268 = ORIENTED_EDGE('',*,*,#14286,.F.);
#15269 = PLANE('',#15270);
#15270 = AXIS2_PLACEMENT_3D('',#15271,#15272,#15273);
#15271 = CARTESIAN_POINT('',(0.948480775301,-0.7,0.667364817767));
#15272 = DIRECTION('',(0.986721169868,1.095480561672E-16,0.162423314012)
  );
#15273 = DIRECTION('',(0.162423314012,1.803261029519E-17,-0.986721169868
    ));
#15274 = ADVANCED_FACE('',(#15275),#15278,.F.);
#15275 = FACE_BOUND('',#15276,.T.);
#15276 = EDGE_LOOP('',(#15277));
#15277 = ORIENTED_EDGE('',*,*,#14560,.F.);
#15278 = PLANE('',#15279);
#15279 = AXIS2_PLACEMENT_3D('',#15280,#15281,#15282);
#15280 = CARTESIAN_POINT('',(-0.483648457443,1.133648457443,1.55));
#15281 = DIRECTION('',(0.,0.,-1.));
#15282 = DIRECTION('',(1.110223024625E-16,-1.,0.));
#15283 = ( GEOMETRIC_REPRESENTATION_CONTEXT(3) 
GLOBAL_UNCERTAINTY_ASSIGNED_CONTEXT((#15287)) 
GLOBAL_UNIT_ASSIGNED_CONTEXT((#15284,#15285,#15286)) 
REPRESENTATION_CONTEXT('Context #1',
  '3D Context with UNIT and UNCERTAINTY') );
#15284 = ( LENGTH_UNIT() NAMED_UNIT(*) SI_UNIT(.MILLI.,.METRE.) );
#15285 = ( NAMED_UNIT(*) PLANE_ANGLE_UNIT() SI_UNIT($,.RADIAN.) );
#15286 = ( NAMED_UNIT(*) SI_UNIT($,.STERADIAN.) SOLID_ANGLE_UNIT() );
#15287 = UNCERTAINTY_MEASURE_WITH_UNIT(LENGTH_MEASURE(1.E-07),#15284,
  'distance_accuracy_value','confusion accuracy');
#15288 = CONTEXT_DEPENDENT_SHAPE_REPRESENTATION(#15289,#15291);
#15289 = ( REPRESENTATION_RELATIONSHIP('','',#12213,#12190) 
REPRESENTATION_RELATIONSHIP_WITH_TRANSFORMATION(#15290) 
SHAPE_REPRESENTATION_RELATIONSHIP() );
#15290 = ITEM_DEFINED_TRANSFORMATION('','',#11,#12191);
#15291 = PRODUCT_DEFINITION_SHAPE('Placement','Placement of an item',
  #15292);
#15292 = NEXT_ASSEMBLY_USAGE_OCCURRENCE('18','=>[0:1:1:20]','',#12185,
  #12208,$);
#15293 = PRODUCT_RELATED_PRODUCT_CATEGORY('part',$,(#12210));
#15294 = SHAPE_DEFINITION_REPRESENTATION(#15295,#15301);
#15295 = PRODUCT_DEFINITION_SHAPE('','',#15296);
#15296 = PRODUCT_DEFINITION('design','',#15297,#15300);
#15297 = PRODUCT_DEFINITION_FORMATION('','',#15298);
#15298 = PRODUCT('C_0805_2012Metric','C_0805_2012Metric','',(#15299));
#15299 = PRODUCT_CONTEXT('',#2,'mechanical');
#15300 = PRODUCT_DEFINITION_CONTEXT('part definition',#2,'design');
#15301 = SHAPE_REPRESENTATION('',(#11,#15302),#15306);
#15302 = AXIS2_PLACEMENT_3D('',#15303,#15304,#15305);
#15303 = CARTESIAN_POINT('',(0.,0.,0.));
#15304 = DIRECTION('',(0.,0.,1.));
#15305 = DIRECTION('',(1.,0.,-0.));
#15306 = ( GEOMETRIC_REPRESENTATION_CONTEXT(3) 
GLOBAL_UNCERTAINTY_ASSIGNED_CONTEXT((#15310)) 
GLOBAL_UNIT_ASSIGNED_CONTEXT((#15307,#15308,#15309)) 
REPRESENTATION_CONTEXT('Context #1',
  '3D Context with UNIT and UNCERTAINTY') );
#15307 = ( LENGTH_UNIT() NAMED_UNIT(*) SI_UNIT(.MILLI.,.METRE.) );
#15308 = ( NAMED_UNIT(*) PLANE_ANGLE_UNIT() SI_UNIT($,.RADIAN.) );
#15309 = ( NAMED_UNIT(*) SI_UNIT($,.STERADIAN.) SOLID_ANGLE_UNIT() );
#15310 = UNCERTAINTY_MEASURE_WITH_UNIT(LENGTH_MEASURE(1.E-07),#15307,
  'distance_accuracy_value','confusion accuracy');
#15311 = CONTEXT_DEPENDENT_SHAPE_REPRESENTATION(#15312,#15314);
#15312 = ( REPRESENTATION_RELATIONSHIP('','',#15301,#10) 
REPRESENTATION_RELATIONSHIP_WITH_TRANSFORMATION(#15313) 
SHAPE_REPRESENTATION_RELATIONSHIP() );
#15313 = ITEM_DEFINED_TRANSFORMATION('','',#11,#47);
#15314 = PRODUCT_DEFINITION_SHAPE('Placement','Placement of an item',
  #15315);
#15315 = NEXT_ASSEMBLY_USAGE_OCCURRENCE('21','C1','',#5,#15296,$);
#15316 = PRODUCT_RELATED_PRODUCT_CATEGORY('part',$,(#15298));
#15317 = SHAPE_DEFINITION_REPRESENTATION(#15318,#15324);
#15318 = PRODUCT_DEFINITION_SHAPE('','',#15319);
#15319 = PRODUCT_DEFINITION('design','',#15320,#15323);
#15320 = PRODUCT_DEFINITION_FORMATION('','',#15321);
#15321 = PRODUCT('C_0805_2012Metric','C_0805_2012Metric','',(#15322));
#15322 = PRODUCT_CONTEXT('',#2,'mechanical');
#15323 = PRODUCT_DEFINITION_CONTEXT('part definition',#2,'design');
#15324 = ADVANCED_BREP_SHAPE_REPRESENTATION('',(#11,#15325),#16179);
#15325 = MANIFOLD_SOLID_BREP('',#15326);
#15326 = CLOSED_SHELL('',(#15327,#15403,#15434,#15459,#15484,#15508,
    #15532,#15557,#15582,#15599,#15685,#15717,#15741,#15766,#15790,
    #15815,#15839,#15864,#15881,#15967,#15998,#16023,#16048,#16072,
    #16096,#16121,#16146,#16163));
#15327 = ADVANCED_FACE('',(#15328),#15398,.F.);
#15328 = FACE_BOUND('',#15329,.F.);
#15329 = EDGE_LOOP('',(#15330,#15340,#15349,#15357,#15366,#15374,#15383,
    #15391));
#15330 = ORIENTED_EDGE('',*,*,#15331,.F.);
#15331 = EDGE_CURVE('',#15332,#15334,#15336,.T.);
#15332 = VERTEX_POINT('',#15333);
#15333 = CARTESIAN_POINT('',(-1.,-0.625,4.E-02));
#15334 = VERTEX_POINT('',#15335);
#15335 = CARTESIAN_POINT('',(-1.,-0.625,1.21));
#15336 = LINE('',#15337,#15338);
#15337 = CARTESIAN_POINT('',(-1.,-0.625,0.));
#15338 = VECTOR('',#15339,1.);
#15339 = DIRECTION('',(0.,0.,1.));
#15340 = ORIENTED_EDGE('',*,*,#15341,.T.);
#15341 = EDGE_CURVE('',#15332,#15342,#15344,.T.);
#15342 = VERTEX_POINT('',#15343);
#15343 = CARTESIAN_POINT('',(-1.,-0.585,0.));
#15344 = CIRCLE('',#15345,4.E-02);
#15345 = AXIS2_PLACEMENT_3D('',#15346,#15347,#15348);
#15346 = CARTESIAN_POINT('',(-1.,-0.585,4.E-02));
#15347 = DIRECTION('',(1.,0.,-0.));
#15348 = DIRECTION('',(0.,0.,1.));
#15349 = ORIENTED_EDGE('',*,*,#15350,.T.);
#15350 = EDGE_CURVE('',#15342,#15351,#15353,.T.);
#15351 = VERTEX_POINT('',#15352);
#15352 = CARTESIAN_POINT('',(-1.,0.585,0.));
#15353 = LINE('',#15354,#15355);
#15354 = CARTESIAN_POINT('',(-1.,-0.625,0.));
#15355 = VECTOR('',#15356,1.);
#15356 = DIRECTION('',(0.,1.,0.));
#15357 = ORIENTED_EDGE('',*,*,#15358,.F.);
#15358 = EDGE_CURVE('',#15359,#15351,#15361,.T.);
#15359 = VERTEX_POINT('',#15360);
#15360 = CARTESIAN_POINT('',(-1.,0.625,4.E-02));
#15361 = CIRCLE('',#15362,4.E-02);
#15362 = AXIS2_PLACEMENT_3D('',#15363,#15364,#15365);
#15363 = CARTESIAN_POINT('',(-1.,0.585,4.E-02));
#15364 = DIRECTION('',(-1.,0.,0.));
#15365 = DIRECTION('',(0.,0.,1.));
#15366 = ORIENTED_EDGE('',*,*,#15367,.T.);
#15367 = EDGE_CURVE('',#15359,#15368,#15370,.T.);
#15368 = VERTEX_POINT('',#15369);
#15369 = CARTESIAN_POINT('',(-1.,0.625,1.21));
#15370 = LINE('',#15371,#15372);
#15371 = CARTESIAN_POINT('',(-1.,0.625,0.));
#15372 = VECTOR('',#15373,1.);
#15373 = DIRECTION('',(0.,0.,1.));
#15374 = ORIENTED_EDGE('',*,*,#15375,.T.);
#15375 = EDGE_CURVE('',#15368,#15376,#15378,.T.);
#15376 = VERTEX_POINT('',#15377);
#15377 = CARTESIAN_POINT('',(-1.,0.585,1.25));
#15378 = CIRCLE('',#15379,4.E-02);
#15379 = AXIS2_PLACEMENT_3D('',#15380,#15381,#15382);
#15380 = CARTESIAN_POINT('',(-1.,0.585,1.21));
#15381 = DIRECTION('',(1.,0.,-0.));
#15382 = DIRECTION('',(0.,0.,1.));
#15383 = ORIENTED_EDGE('',*,*,#15384,.F.);
#15384 = EDGE_CURVE('',#15385,#15376,#15387,.T.);
#15385 = VERTEX_POINT('',#15386);
#15386 = CARTESIAN_POINT('',(-1.,-0.585,1.25));
#15387 = LINE('',#15388,#15389);
#15388 = CARTESIAN_POINT('',(-1.,-0.625,1.25));
#15389 = VECTOR('',#15390,1.);
#15390 = DIRECTION('',(0.,1.,0.));
#15391 = ORIENTED_EDGE('',*,*,#15392,.F.);
#15392 = EDGE_CURVE('',#15334,#15385,#15393,.T.);
#15393 = CIRCLE('',#15394,4.E-02);
#15394 = AXIS2_PLACEMENT_3D('',#15395,#15396,#15397);
#15395 = CARTESIAN_POINT('',(-1.,-0.585,1.21));
#15396 = DIRECTION('',(-1.,0.,0.));
#15397 = DIRECTION('',(0.,0.,1.));
#15398 = PLANE('',#15399);
#15399 = AXIS2_PLACEMENT_3D('',#15400,#15401,#15402);
#15400 = CARTESIAN_POINT('',(-1.,-0.625,0.));
#15401 = DIRECTION('',(1.,0.,0.));
#15402 = DIRECTION('',(0.,0.,1.));
#15403 = ADVANCED_FACE('',(#15404),#15429,.F.);
#15404 = FACE_BOUND('',#15405,.F.);
#15405 = EDGE_LOOP('',(#15406,#15416,#15422,#15423));
#15406 = ORIENTED_EDGE('',*,*,#15407,.F.);
#15407 = EDGE_CURVE('',#15408,#15410,#15412,.T.);
#15408 = VERTEX_POINT('',#15409);
#15409 = CARTESIAN_POINT('',(-0.6,-0.625,4.E-02));
#15410 = VERTEX_POINT('',#15411);
#15411 = CARTESIAN_POINT('',(-0.6,-0.625,1.21));
#15412 = LINE('',#15413,#15414);
#15413 = CARTESIAN_POINT('',(-0.6,-0.625,0.));
#15414 = VECTOR('',#15415,1.);
#15415 = DIRECTION('',(0.,0.,1.));
#15416 = ORIENTED_EDGE('',*,*,#15417,.F.);
#15417 = EDGE_CURVE('',#15332,#15408,#15418,.T.);
#15418 = LINE('',#15419,#15420);
#15419 = CARTESIAN_POINT('',(-1.,-0.625,4.E-02));
#15420 = VECTOR('',#15421,1.);
#15421 = DIRECTION('',(1.,0.,0.));
#15422 = ORIENTED_EDGE('',*,*,#15331,.T.);
#15423 = ORIENTED_EDGE('',*,*,#15424,.T.);
#15424 = EDGE_CURVE('',#15334,#15410,#15425,.T.);
#15425 = LINE('',#15426,#15427);
#15426 = CARTESIAN_POINT('',(-1.,-0.625,1.21));
#15427 = VECTOR('',#15428,1.);
#15428 = DIRECTION('',(1.,0.,0.));
#15429 = PLANE('',#15430);
#15430 = AXIS2_PLACEMENT_3D('',#15431,#15432,#15433);
#15431 = CARTESIAN_POINT('',(-1.,-0.625,0.));
#15432 = DIRECTION('',(0.,1.,0.));
#15433 = DIRECTION('',(0.,-0.,1.));
#15434 = ADVANCED_FACE('',(#15435),#15454,.T.);
#15435 = FACE_BOUND('',#15436,.T.);
#15436 = EDGE_LOOP('',(#15437,#15438,#15446,#15453));
#15437 = ORIENTED_EDGE('',*,*,#15341,.T.);
#15438 = ORIENTED_EDGE('',*,*,#15439,.T.);
#15439 = EDGE_CURVE('',#15342,#15440,#15442,.T.);
#15440 = VERTEX_POINT('',#15441);
#15441 = CARTESIAN_POINT('',(-0.6,-0.585,0.));
#15442 = LINE('',#15443,#15444);
#15443 = CARTESIAN_POINT('',(-1.,-0.585,0.));
#15444 = VECTOR('',#15445,1.);
#15445 = DIRECTION('',(1.,0.,0.));
#15446 = ORIENTED_EDGE('',*,*,#15447,.F.);
#15447 = EDGE_CURVE('',#15408,#15440,#15448,.T.);
#15448 = CIRCLE('',#15449,4.E-02);
#15449 = AXIS2_PLACEMENT_3D('',#15450,#15451,#15452);
#15450 = CARTESIAN_POINT('',(-0.6,-0.585,4.E-02));
#15451 = DIRECTION('',(1.,0.,-0.));
#15452 = DIRECTION('',(0.,0.,1.));
#15453 = ORIENTED_EDGE('',*,*,#15417,.F.);
#15454 = CYLINDRICAL_SURFACE('',#15455,4.E-02);
#15455 = AXIS2_PLACEMENT_3D('',#15456,#15457,#15458);
#15456 = CARTESIAN_POINT('',(-1.,-0.585,4.E-02));
#15457 = DIRECTION('',(1.,0.,0.));
#15458 = DIRECTION('',(0.,-1.,0.));
#15459 = ADVANCED_FACE('',(#15460),#15479,.T.);
#15460 = FACE_BOUND('',#15461,.T.);
#15461 = EDGE_LOOP('',(#15462,#15463,#15472,#15478));
#15462 = ORIENTED_EDGE('',*,*,#15424,.T.);
#15463 = ORIENTED_EDGE('',*,*,#15464,.T.);
#15464 = EDGE_CURVE('',#15410,#15465,#15467,.T.);
#15465 = VERTEX_POINT('',#15466);
#15466 = CARTESIAN_POINT('',(-0.6,-0.585,1.25));
#15467 = CIRCLE('',#15468,4.E-02);
#15468 = AXIS2_PLACEMENT_3D('',#15469,#15470,#15471);
#15469 = CARTESIAN_POINT('',(-0.6,-0.585,1.21));
#15470 = DIRECTION('',(-1.,0.,0.));
#15471 = DIRECTION('',(0.,0.,1.));
#15472 = ORIENTED_EDGE('',*,*,#15473,.F.);
#15473 = EDGE_CURVE('',#15385,#15465,#15474,.T.);
#15474 = LINE('',#15475,#15476);
#15475 = CARTESIAN_POINT('',(-1.,-0.585,1.25));
#15476 = VECTOR('',#15477,1.);
#15477 = DIRECTION('',(1.,0.,0.));
#15478 = ORIENTED_EDGE('',*,*,#15392,.F.);
#15479 = CYLINDRICAL_SURFACE('',#15480,4.E-02);
#15480 = AXIS2_PLACEMENT_3D('',#15481,#15482,#15483);
#15481 = CARTESIAN_POINT('',(-1.,-0.585,1.21));
#15482 = DIRECTION('',(1.,0.,0.));
#15483 = DIRECTION('',(0.,-1.,0.));
#15484 = ADVANCED_FACE('',(#15485),#15503,.F.);
#15485 = FACE_BOUND('',#15486,.F.);
#15486 = EDGE_LOOP('',(#15487,#15488,#15489,#15497));
#15487 = ORIENTED_EDGE('',*,*,#15350,.F.);
#15488 = ORIENTED_EDGE('',*,*,#15439,.T.);
#15489 = ORIENTED_EDGE('',*,*,#15490,.T.);
#15490 = EDGE_CURVE('',#15440,#15491,#15493,.T.);
#15491 = VERTEX_POINT('',#15492);
#15492 = CARTESIAN_POINT('',(-0.6,0.585,0.));
#15493 = LINE('',#15494,#15495);
#15494 = CARTESIAN_POINT('',(-0.6,-0.625,0.));
#15495 = VECTOR('',#15496,1.);
#15496 = DIRECTION('',(0.,1.,0.));
#15497 = ORIENTED_EDGE('',*,*,#15498,.F.);
#15498 = EDGE_CURVE('',#15351,#15491,#15499,.T.);
#15499 = LINE('',#15500,#15501);
#15500 = CARTESIAN_POINT('',(-1.,0.585,0.));
#15501 = VECTOR('',#15502,1.);
#15502 = DIRECTION('',(1.,0.,0.));
#15503 = PLANE('',#15504);
#15504 = AXIS2_PLACEMENT_3D('',#15505,#15506,#15507);
#15505 = CARTESIAN_POINT('',(-1.,-0.625,0.));
#15506 = DIRECTION('',(0.,0.,1.));
#15507 = DIRECTION('',(1.,0.,-0.));
#15508 = ADVANCED_FACE('',(#15509),#15527,.T.);
#15509 = FACE_BOUND('',#15510,.T.);
#15510 = EDGE_LOOP('',(#15511,#15512,#15513,#15521));
#15511 = ORIENTED_EDGE('',*,*,#15384,.F.);
#15512 = ORIENTED_EDGE('',*,*,#15473,.T.);
#15513 = ORIENTED_EDGE('',*,*,#15514,.T.);
#15514 = EDGE_CURVE('',#15465,#15515,#15517,.T.);
#15515 = VERTEX_POINT('',#15516);
#15516 = CARTESIAN_POINT('',(-0.6,0.585,1.25));
#15517 = LINE('',#15518,#15519);
#15518 = CARTESIAN_POINT('',(-0.6,-0.625,1.25));
#15519 = VECTOR('',#15520,1.);
#15520 = DIRECTION('',(0.,1.,0.));
#15521 = ORIENTED_EDGE('',*,*,#15522,.F.);
#15522 = EDGE_CURVE('',#15376,#15515,#15523,.T.);
#15523 = LINE('',#15524,#15525);
#15524 = CARTESIAN_POINT('',(-1.,0.585,1.25));
#15525 = VECTOR('',#15526,1.);
#15526 = DIRECTION('',(1.,0.,0.));
#15527 = PLANE('',#15528);
#15528 = AXIS2_PLACEMENT_3D('',#15529,#15530,#15531);
#15529 = CARTESIAN_POINT('',(-1.,-0.625,1.25));
#15530 = DIRECTION('',(0.,0.,1.));
#15531 = DIRECTION('',(1.,0.,-0.));
#15532 = ADVANCED_FACE('',(#15533),#15552,.T.);
#15533 = FACE_BOUND('',#15534,.T.);
#15534 = EDGE_LOOP('',(#15535,#15543,#15550,#15551));
#15535 = ORIENTED_EDGE('',*,*,#15536,.T.);
#15536 = EDGE_CURVE('',#15359,#15537,#15539,.T.);
#15537 = VERTEX_POINT('',#15538);
#15538 = CARTESIAN_POINT('',(-0.6,0.625,4.E-02));
#15539 = LINE('',#15540,#15541);
#15540 = CARTESIAN_POINT('',(-1.,0.625,4.E-02));
#15541 = VECTOR('',#15542,1.);
#15542 = DIRECTION('',(1.,0.,0.));
#15543 = ORIENTED_EDGE('',*,*,#15544,.T.);
#15544 = EDGE_CURVE('',#15537,#15491,#15545,.T.);
#15545 = CIRCLE('',#15546,4.E-02);
#15546 = AXIS2_PLACEMENT_3D('',#15547,#15548,#15549);
#15547 = CARTESIAN_POINT('',(-0.6,0.585,4.E-02));
#15548 = DIRECTION('',(-1.,0.,0.));
#15549 = DIRECTION('',(0.,0.,1.));
#15550 = ORIENTED_EDGE('',*,*,#15498,.F.);
#15551 = ORIENTED_EDGE('',*,*,#15358,.F.);
#15552 = CYLINDRICAL_SURFACE('',#15553,4.E-02);
#15553 = AXIS2_PLACEMENT_3D('',#15554,#15555,#15556);
#15554 = CARTESIAN_POINT('',(-1.,0.585,4.E-02));
#15555 = DIRECTION('',(1.,0.,0.));
#15556 = DIRECTION('',(-0.,1.,0.));
#15557 = ADVANCED_FACE('',(#15558),#15577,.T.);
#15558 = FACE_BOUND('',#15559,.T.);
#15559 = EDGE_LOOP('',(#15560,#15561,#15562,#15571));
#15560 = ORIENTED_EDGE('',*,*,#15375,.T.);
#15561 = ORIENTED_EDGE('',*,*,#15522,.T.);
#15562 = ORIENTED_EDGE('',*,*,#15563,.F.);
#15563 = EDGE_CURVE('',#15564,#15515,#15566,.T.);
#15564 = VERTEX_POINT('',#15565);
#15565 = CARTESIAN_POINT('',(-0.6,0.625,1.21));
#15566 = CIRCLE('',#15567,4.E-02);
#15567 = AXIS2_PLACEMENT_3D('',#15568,#15569,#15570);
#15568 = CARTESIAN_POINT('',(-0.6,0.585,1.21));
#15569 = DIRECTION('',(1.,0.,-0.));
#15570 = DIRECTION('',(0.,0.,1.));
#15571 = ORIENTED_EDGE('',*,*,#15572,.F.);
#15572 = EDGE_CURVE('',#15368,#15564,#15573,.T.);
#15573 = LINE('',#15574,#15575);
#15574 = CARTESIAN_POINT('',(-1.,0.625,1.21));
#15575 = VECTOR('',#15576,1.);
#15576 = DIRECTION('',(1.,0.,0.));
#15577 = CYLINDRICAL_SURFACE('',#15578,4.E-02);
#15578 = AXIS2_PLACEMENT_3D('',#15579,#15580,#15581);
#15579 = CARTESIAN_POINT('',(-1.,0.585,1.21));
#15580 = DIRECTION('',(1.,0.,0.));
#15581 = DIRECTION('',(-0.,1.,0.));
#15582 = ADVANCED_FACE('',(#15583),#15594,.T.);
#15583 = FACE_BOUND('',#15584,.T.);
#15584 = EDGE_LOOP('',(#15585,#15591,#15592,#15593));
#15585 = ORIENTED_EDGE('',*,*,#15586,.F.);
#15586 = EDGE_CURVE('',#15537,#15564,#15587,.T.);
#15587 = LINE('',#15588,#15589);
#15588 = CARTESIAN_POINT('',(-0.6,0.625,0.));
#15589 = VECTOR('',#15590,1.);
#15590 = DIRECTION('',(0.,0.,1.));
#15591 = ORIENTED_EDGE('',*,*,#15536,.F.);
#15592 = ORIENTED_EDGE('',*,*,#15367,.T.);
#15593 = ORIENTED_EDGE('',*,*,#15572,.T.);
#15594 = PLANE('',#15595);
#15595 = AXIS2_PLACEMENT_3D('',#15596,#15597,#15598);
#15596 = CARTESIAN_POINT('',(-1.,0.625,0.));
#15597 = DIRECTION('',(0.,1.,0.));
#15598 = DIRECTION('',(0.,-0.,1.));
#15599 = ADVANCED_FACE('',(#15600,#15610),#15680,.T.);
#15600 = FACE_BOUND('',#15601,.T.);
#15601 = EDGE_LOOP('',(#15602,#15603,#15604,#15605,#15606,#15607,#15608,
    #15609));
#15602 = ORIENTED_EDGE('',*,*,#15407,.F.);
#15603 = ORIENTED_EDGE('',*,*,#15447,.T.);
#15604 = ORIENTED_EDGE('',*,*,#15490,.T.);
#15605 = ORIENTED_EDGE('',*,*,#15544,.F.);
#15606 = ORIENTED_EDGE('',*,*,#15586,.T.);
#15607 = ORIENTED_EDGE('',*,*,#15563,.T.);
#15608 = ORIENTED_EDGE('',*,*,#15514,.F.);
#15609 = ORIENTED_EDGE('',*,*,#15464,.F.);
#15610 = FACE_BOUND('',#15611,.T.);
#15611 = EDGE_LOOP('',(#15612,#15623,#15631,#15640,#15648,#15657,#15665,
    #15674));
#15612 = ORIENTED_EDGE('',*,*,#15613,.F.);
#15613 = EDGE_CURVE('',#15614,#15616,#15618,.T.);
#15614 = VERTEX_POINT('',#15615);
#15615 = CARTESIAN_POINT('',(-0.6,-0.585,8.E-02));
#15616 = VERTEX_POINT('',#15617);
#15617 = CARTESIAN_POINT('',(-0.6,-0.545,4.E-02));
#15618 = CIRCLE('',#15619,4.E-02);
#15619 = AXIS2_PLACEMENT_3D('',#15620,#15621,#15622);
#15620 = CARTESIAN_POINT('',(-0.6,-0.545,8.E-02));
#15621 = DIRECTION('',(1.,0.,-0.));
#15622 = DIRECTION('',(0.,0.,1.));
#15623 = ORIENTED_EDGE('',*,*,#15624,.T.);
#15624 = EDGE_CURVE('',#15614,#15625,#15627,.T.);
#15625 = VERTEX_POINT('',#15626);
#15626 = CARTESIAN_POINT('',(-0.6,-0.585,1.17));
#15627 = LINE('',#15628,#15629);
#15628 = CARTESIAN_POINT('',(-0.6,-0.585,4.E-02));
#15629 = VECTOR('',#15630,1.);
#15630 = DIRECTION('',(0.,0.,1.));
#15631 = ORIENTED_EDGE('',*,*,#15632,.T.);
#15632 = EDGE_CURVE('',#15625,#15633,#15635,.T.);
#15633 = VERTEX_POINT('',#15634);
#15634 = CARTESIAN_POINT('',(-0.6,-0.545,1.21));
#15635 = CIRCLE('',#15636,4.E-02);
#15636 = AXIS2_PLACEMENT_3D('',#15637,#15638,#15639);
#15637 = CARTESIAN_POINT('',(-0.6,-0.545,1.17));
#15638 = DIRECTION('',(-1.,0.,0.));
#15639 = DIRECTION('',(0.,0.,1.));
#15640 = ORIENTED_EDGE('',*,*,#15641,.T.);
#15641 = EDGE_CURVE('',#15633,#15642,#15644,.T.);
#15642 = VERTEX_POINT('',#15643);
#15643 = CARTESIAN_POINT('',(-0.6,0.545,1.21));
#15644 = LINE('',#15645,#15646);
#15645 = CARTESIAN_POINT('',(-0.6,-0.585,1.21));
#15646 = VECTOR('',#15647,1.);
#15647 = DIRECTION('',(0.,1.,0.));
#15648 = ORIENTED_EDGE('',*,*,#15649,.F.);
#15649 = EDGE_CURVE('',#15650,#15642,#15652,.T.);
#15650 = VERTEX_POINT('',#15651);
#15651 = CARTESIAN_POINT('',(-0.6,0.585,1.17));
#15652 = CIRCLE('',#15653,4.E-02);
#15653 = AXIS2_PLACEMENT_3D('',#15654,#15655,#15656);
#15654 = CARTESIAN_POINT('',(-0.6,0.545,1.17));
#15655 = DIRECTION('',(1.,0.,-0.));
#15656 = DIRECTION('',(0.,0.,1.));
#15657 = ORIENTED_EDGE('',*,*,#15658,.F.);
#15658 = EDGE_CURVE('',#15659,#15650,#15661,.T.);
#15659 = VERTEX_POINT('',#15660);
#15660 = CARTESIAN_POINT('',(-0.6,0.585,8.E-02));
#15661 = LINE('',#15662,#15663);
#15662 = CARTESIAN_POINT('',(-0.6,0.585,4.E-02));
#15663 = VECTOR('',#15664,1.);
#15664 = DIRECTION('',(0.,0.,1.));
#15665 = ORIENTED_EDGE('',*,*,#15666,.T.);
#15666 = EDGE_CURVE('',#15659,#15667,#15669,.T.);
#15667 = VERTEX_POINT('',#15668);
#15668 = CARTESIAN_POINT('',(-0.6,0.545,4.E-02));
#15669 = CIRCLE('',#15670,4.E-02);
#15670 = AXIS2_PLACEMENT_3D('',#15671,#15672,#15673);
#15671 = CARTESIAN_POINT('',(-0.6,0.545,8.E-02));
#15672 = DIRECTION('',(-1.,0.,0.));
#15673 = DIRECTION('',(0.,0.,1.));
#15674 = ORIENTED_EDGE('',*,*,#15675,.F.);
#15675 = EDGE_CURVE('',#15616,#15667,#15676,.T.);
#15676 = LINE('',#15677,#15678);
#15677 = CARTESIAN_POINT('',(-0.6,-0.585,4.E-02));
#15678 = VECTOR('',#15679,1.);
#15679 = DIRECTION('',(0.,1.,0.));
#15680 = PLANE('',#15681);
#15681 = AXIS2_PLACEMENT_3D('',#15682,#15683,#15684);
#15682 = CARTESIAN_POINT('',(-0.6,-0.625,0.));
#15683 = DIRECTION('',(1.,0.,0.));
#15684 = DIRECTION('',(0.,0.,1.));
#15685 = ADVANCED_FACE('',(#15686),#15712,.T.);
#15686 = FACE_BOUND('',#15687,.T.);
#15687 = EDGE_LOOP('',(#15688,#15689,#15697,#15706));
#15688 = ORIENTED_EDGE('',*,*,#15613,.T.);
#15689 = ORIENTED_EDGE('',*,*,#15690,.T.);
#15690 = EDGE_CURVE('',#15616,#15691,#15693,.T.);
#15691 = VERTEX_POINT('',#15692);
#15692 = CARTESIAN_POINT('',(0.6,-0.545,4.E-02));
#15693 = LINE('',#15694,#15695);
#15694 = CARTESIAN_POINT('',(-0.6,-0.545,4.E-02));
#15695 = VECTOR('',#15696,1.);
#15696 = DIRECTION('',(1.,0.,0.));
#15697 = ORIENTED_EDGE('',*,*,#15698,.F.);
#15698 = EDGE_CURVE('',#15699,#15691,#15701,.T.);
#15699 = VERTEX_POINT('',#15700);
#15700 = CARTESIAN_POINT('',(0.6,-0.585,8.E-02));
#15701 = CIRCLE('',#15702,4.E-02);
#15702 = AXIS2_PLACEMENT_3D('',#15703,#15704,#15705);
#15703 = CARTESIAN_POINT('',(0.6,-0.545,8.E-02));
#15704 = DIRECTION('',(1.,0.,-0.));
#15705 = DIRECTION('',(0.,0.,1.));
#15706 = ORIENTED_EDGE('',*,*,#15707,.F.);
#15707 = EDGE_CURVE('',#15614,#15699,#15708,.T.);
#15708 = LINE('',#15709,#15710);
#15709 = CARTESIAN_POINT('',(-0.6,-0.585,8.E-02));
#15710 = VECTOR('',#15711,1.);
#15711 = DIRECTION('',(1.,0.,0.));
#15712 = CYLINDRICAL_SURFACE('',#15713,4.E-02);
#15713 = AXIS2_PLACEMENT_3D('',#15714,#15715,#15716);
#15714 = CARTESIAN_POINT('',(-0.6,-0.545,8.E-02));
#15715 = DIRECTION('',(1.,0.,0.));
#15716 = DIRECTION('',(0.,-1.,0.));
#15717 = ADVANCED_FACE('',(#15718),#15736,.F.);
#15718 = FACE_BOUND('',#15719,.F.);
#15719 = EDGE_LOOP('',(#15720,#15721,#15722,#15730));
#15720 = ORIENTED_EDGE('',*,*,#15675,.F.);
#15721 = ORIENTED_EDGE('',*,*,#15690,.T.);
#15722 = ORIENTED_EDGE('',*,*,#15723,.T.);
#15723 = EDGE_CURVE('',#15691,#15724,#15726,.T.);
#15724 = VERTEX_POINT('',#15725);
#15725 = CARTESIAN_POINT('',(0.6,0.545,4.E-02));
#15726 = LINE('',#15727,#15728);
#15727 = CARTESIAN_POINT('',(0.6,-0.585,4.E-02));
#15728 = VECTOR('',#15729,1.);
#15729 = DIRECTION('',(0.,1.,0.));
#15730 = ORIENTED_EDGE('',*,*,#15731,.F.);
#15731 = EDGE_CURVE('',#15667,#15724,#15732,.T.);
#15732 = LINE('',#15733,#15734);
#15733 = CARTESIAN_POINT('',(-0.6,0.545,4.E-02));
#15734 = VECTOR('',#15735,1.);
#15735 = DIRECTION('',(1.,0.,0.));
#15736 = PLANE('',#15737);
#15737 = AXIS2_PLACEMENT_3D('',#15738,#15739,#15740);
#15738 = CARTESIAN_POINT('',(-0.6,-0.585,4.E-02));
#15739 = DIRECTION('',(0.,0.,1.));
#15740 = DIRECTION('',(1.,0.,-0.));
#15741 = ADVANCED_FACE('',(#15742),#15761,.T.);
#15742 = FACE_BOUND('',#15743,.T.);
#15743 = EDGE_LOOP('',(#15744,#15752,#15759,#15760));
#15744 = ORIENTED_EDGE('',*,*,#15745,.T.);
#15745 = EDGE_CURVE('',#15659,#15746,#15748,.T.);
#15746 = VERTEX_POINT('',#15747);
#15747 = CARTESIAN_POINT('',(0.6,0.585,8.E-02));
#15748 = LINE('',#15749,#15750);
#15749 = CARTESIAN_POINT('',(-0.6,0.585,8.E-02));
#15750 = VECTOR('',#15751,1.);
#15751 = DIRECTION('',(1.,0.,0.));
#15752 = ORIENTED_EDGE('',*,*,#15753,.T.);
#15753 = EDGE_CURVE('',#15746,#15724,#15754,.T.);
#15754 = CIRCLE('',#15755,4.E-02);
#15755 = AXIS2_PLACEMENT_3D('',#15756,#15757,#15758);
#15756 = CARTESIAN_POINT('',(0.6,0.545,8.E-02));
#15757 = DIRECTION('',(-1.,0.,0.));
#15758 = DIRECTION('',(0.,0.,1.));
#15759 = ORIENTED_EDGE('',*,*,#15731,.F.);
#15760 = ORIENTED_EDGE('',*,*,#15666,.F.);
#15761 = CYLINDRICAL_SURFACE('',#15762,4.E-02);
#15762 = AXIS2_PLACEMENT_3D('',#15763,#15764,#15765);
#15763 = CARTESIAN_POINT('',(-0.6,0.545,8.E-02));
#15764 = DIRECTION('',(1.,0.,0.));
#15765 = DIRECTION('',(-0.,1.,0.));
#15766 = ADVANCED_FACE('',(#15767),#15785,.T.);
#15767 = FACE_BOUND('',#15768,.T.);
#15768 = EDGE_LOOP('',(#15769,#15777,#15778,#15779));
#15769 = ORIENTED_EDGE('',*,*,#15770,.F.);
#15770 = EDGE_CURVE('',#15746,#15771,#15773,.T.);
#15771 = VERTEX_POINT('',#15772);
#15772 = CARTESIAN_POINT('',(0.6,0.585,1.17));
#15773 = LINE('',#15774,#15775);
#15774 = CARTESIAN_POINT('',(0.6,0.585,4.E-02));
#15775 = VECTOR('',#15776,1.);
#15776 = DIRECTION('',(0.,0.,1.));
#15777 = ORIENTED_EDGE('',*,*,#15745,.F.);
#15778 = ORIENTED_EDGE('',*,*,#15658,.T.);
#15779 = ORIENTED_EDGE('',*,*,#15780,.T.);
#15780 = EDGE_CURVE('',#15650,#15771,#15781,.T.);
#15781 = LINE('',#15782,#15783);
#15782 = CARTESIAN_POINT('',(-0.6,0.585,1.17));
#15783 = VECTOR('',#15784,1.);
#15784 = DIRECTION('',(1.,0.,0.));
#15785 = PLANE('',#15786);
#15786 = AXIS2_PLACEMENT_3D('',#15787,#15788,#15789);
#15787 = CARTESIAN_POINT('',(-0.6,0.585,4.E-02));
#15788 = DIRECTION('',(0.,1.,0.));
#15789 = DIRECTION('',(0.,-0.,1.));
#15790 = ADVANCED_FACE('',(#15791),#15810,.T.);
#15791 = FACE_BOUND('',#15792,.T.);
#15792 = EDGE_LOOP('',(#15793,#15794,#15802,#15809));
#15793 = ORIENTED_EDGE('',*,*,#15649,.T.);
#15794 = ORIENTED_EDGE('',*,*,#15795,.T.);
#15795 = EDGE_CURVE('',#15642,#15796,#15798,.T.);
#15796 = VERTEX_POINT('',#15797);
#15797 = CARTESIAN_POINT('',(0.6,0.545,1.21));
#15798 = LINE('',#15799,#15800);
#15799 = CARTESIAN_POINT('',(-0.6,0.545,1.21));
#15800 = VECTOR('',#15801,1.);
#15801 = DIRECTION('',(1.,0.,0.));
#15802 = ORIENTED_EDGE('',*,*,#15803,.F.);
#15803 = EDGE_CURVE('',#15771,#15796,#15804,.T.);
#15804 = CIRCLE('',#15805,4.E-02);
#15805 = AXIS2_PLACEMENT_3D('',#15806,#15807,#15808);
#15806 = CARTESIAN_POINT('',(0.6,0.545,1.17));
#15807 = DIRECTION('',(1.,0.,-0.));
#15808 = DIRECTION('',(0.,0.,1.));
#15809 = ORIENTED_EDGE('',*,*,#15780,.F.);
#15810 = CYLINDRICAL_SURFACE('',#15811,4.E-02);
#15811 = AXIS2_PLACEMENT_3D('',#15812,#15813,#15814);
#15812 = CARTESIAN_POINT('',(-0.6,0.545,1.17));
#15813 = DIRECTION('',(1.,0.,0.));
#15814 = DIRECTION('',(-0.,1.,0.));
#15815 = ADVANCED_FACE('',(#15816),#15834,.T.);
#15816 = FACE_BOUND('',#15817,.T.);
#15817 = EDGE_LOOP('',(#15818,#15819,#15827,#15833));
#15818 = ORIENTED_EDGE('',*,*,#15641,.F.);
#15819 = ORIENTED_EDGE('',*,*,#15820,.T.);
#15820 = EDGE_CURVE('',#15633,#15821,#15823,.T.);
#15821 = VERTEX_POINT('',#15822);
#15822 = CARTESIAN_POINT('',(0.6,-0.545,1.21));
#15823 = LINE('',#15824,#15825);
#15824 = CARTESIAN_POINT('',(-0.6,-0.545,1.21));
#15825 = VECTOR('',#15826,1.);
#15826 = DIRECTION('',(1.,0.,0.));
#15827 = ORIENTED_EDGE('',*,*,#15828,.T.);
#15828 = EDGE_CURVE('',#15821,#15796,#15829,.T.);
#15829 = LINE('',#15830,#15831);
#15830 = CARTESIAN_POINT('',(0.6,-0.585,1.21));
#15831 = VECTOR('',#15832,1.);
#15832 = DIRECTION('',(0.,1.,0.));
#15833 = ORIENTED_EDGE('',*,*,#15795,.F.);
#15834 = PLANE('',#15835);
#15835 = AXIS2_PLACEMENT_3D('',#15836,#15837,#15838);
#15836 = CARTESIAN_POINT('',(-0.6,-0.585,1.21));
#15837 = DIRECTION('',(0.,0.,1.));
#15838 = DIRECTION('',(1.,0.,-0.));
#15839 = ADVANCED_FACE('',(#15840),#15859,.T.);
#15840 = FACE_BOUND('',#15841,.T.);
#15841 = EDGE_LOOP('',(#15842,#15850,#15857,#15858));
#15842 = ORIENTED_EDGE('',*,*,#15843,.T.);
#15843 = EDGE_CURVE('',#15625,#15844,#15846,.T.);
#15844 = VERTEX_POINT('',#15845);
#15845 = CARTESIAN_POINT('',(0.6,-0.585,1.17));
#15846 = LINE('',#15847,#15848);
#15847 = CARTESIAN_POINT('',(-0.6,-0.585,1.17));
#15848 = VECTOR('',#15849,1.);
#15849 = DIRECTION('',(1.,0.,0.));
#15850 = ORIENTED_EDGE('',*,*,#15851,.T.);
#15851 = EDGE_CURVE('',#15844,#15821,#15852,.T.);
#15852 = CIRCLE('',#15853,4.E-02);
#15853 = AXIS2_PLACEMENT_3D('',#15854,#15855,#15856);
#15854 = CARTESIAN_POINT('',(0.6,-0.545,1.17));
#15855 = DIRECTION('',(-1.,0.,0.));
#15856 = DIRECTION('',(0.,0.,1.));
#15857 = ORIENTED_EDGE('',*,*,#15820,.F.);
#15858 = ORIENTED_EDGE('',*,*,#15632,.F.);
#15859 = CYLINDRICAL_SURFACE('',#15860,4.E-02);
#15860 = AXIS2_PLACEMENT_3D('',#15861,#15862,#15863);
#15861 = CARTESIAN_POINT('',(-0.6,-0.545,1.17));
#15862 = DIRECTION('',(1.,0.,0.));
#15863 = DIRECTION('',(0.,-1.,0.));
#15864 = ADVANCED_FACE('',(#15865),#15876,.F.);
#15865 = FACE_BOUND('',#15866,.F.);
#15866 = EDGE_LOOP('',(#15867,#15873,#15874,#15875));
#15867 = ORIENTED_EDGE('',*,*,#15868,.F.);
#15868 = EDGE_CURVE('',#15699,#15844,#15869,.T.);
#15869 = LINE('',#15870,#15871);
#15870 = CARTESIAN_POINT('',(0.6,-0.585,4.E-02));
#15871 = VECTOR('',#15872,1.);
#15872 = DIRECTION('',(0.,0.,1.));
#15873 = ORIENTED_EDGE('',*,*,#15707,.F.);
#15874 = ORIENTED_EDGE('',*,*,#15624,.T.);
#15875 = ORIENTED_EDGE('',*,*,#15843,.T.);
#15876 = PLANE('',#15877);
#15877 = AXIS2_PLACEMENT_3D('',#15878,#15879,#15880);
#15878 = CARTESIAN_POINT('',(-0.6,-0.585,4.E-02));
#15879 = DIRECTION('',(0.,1.,0.));
#15880 = DIRECTION('',(0.,-0.,1.));
#15881 = ADVANCED_FACE('',(#15882,#15952),#15962,.F.);
#15882 = FACE_BOUND('',#15883,.F.);
#15883 = EDGE_LOOP('',(#15884,#15894,#15903,#15911,#15920,#15928,#15937,
    #15945));
#15884 = ORIENTED_EDGE('',*,*,#15885,.F.);
#15885 = EDGE_CURVE('',#15886,#15888,#15890,.T.);
#15886 = VERTEX_POINT('',#15887);
#15887 = CARTESIAN_POINT('',(0.6,-0.625,4.E-02));
#15888 = VERTEX_POINT('',#15889);
#15889 = CARTESIAN_POINT('',(0.6,-0.625,1.21));
#15890 = LINE('',#15891,#15892);
#15891 = CARTESIAN_POINT('',(0.6,-0.625,0.));
#15892 = VECTOR('',#15893,1.);
#15893 = DIRECTION('',(0.,0.,1.));
#15894 = ORIENTED_EDGE('',*,*,#15895,.T.);
#15895 = EDGE_CURVE('',#15886,#15896,#15898,.T.);
#15896 = VERTEX_POINT('',#15897);
#15897 = CARTESIAN_POINT('',(0.6,-0.585,0.));
#15898 = CIRCLE('',#15899,4.E-02);
#15899 = AXIS2_PLACEMENT_3D('',#15900,#15901,#15902);
#15900 = CARTESIAN_POINT('',(0.6,-0.585,4.E-02));
#15901 = DIRECTION('',(1.,0.,-0.));
#15902 = DIRECTION('',(0.,0.,1.));
#15903 = ORIENTED_EDGE('',*,*,#15904,.T.);
#15904 = EDGE_CURVE('',#15896,#15905,#15907,.T.);
#15905 = VERTEX_POINT('',#15906);
#15906 = CARTESIAN_POINT('',(0.6,0.585,0.));
#15907 = LINE('',#15908,#15909);
#15908 = CARTESIAN_POINT('',(0.6,-0.625,0.));
#15909 = VECTOR('',#15910,1.);
#15910 = DIRECTION('',(0.,1.,0.));
#15911 = ORIENTED_EDGE('',*,*,#15912,.F.);
#15912 = EDGE_CURVE('',#15913,#15905,#15915,.T.);
#15913 = VERTEX_POINT('',#15914);
#15914 = CARTESIAN_POINT('',(0.6,0.625,4.E-02));
#15915 = CIRCLE('',#15916,4.E-02);
#15916 = AXIS2_PLACEMENT_3D('',#15917,#15918,#15919);
#15917 = CARTESIAN_POINT('',(0.6,0.585,4.E-02));
#15918 = DIRECTION('',(-1.,0.,0.));
#15919 = DIRECTION('',(0.,0.,1.));
#15920 = ORIENTED_EDGE('',*,*,#15921,.T.);
#15921 = EDGE_CURVE('',#15913,#15922,#15924,.T.);
#15922 = VERTEX_POINT('',#15923);
#15923 = CARTESIAN_POINT('',(0.6,0.625,1.21));
#15924 = LINE('',#15925,#15926);
#15925 = CARTESIAN_POINT('',(0.6,0.625,0.));
#15926 = VECTOR('',#15927,1.);
#15927 = DIRECTION('',(0.,0.,1.));
#15928 = ORIENTED_EDGE('',*,*,#15929,.T.);
#15929 = EDGE_CURVE('',#15922,#15930,#15932,.T.);
#15930 = VERTEX_POINT('',#15931);
#15931 = CARTESIAN_POINT('',(0.6,0.585,1.25));
#15932 = CIRCLE('',#15933,4.E-02);
#15933 = AXIS2_PLACEMENT_3D('',#15934,#15935,#15936);
#15934 = CARTESIAN_POINT('',(0.6,0.585,1.21));
#15935 = DIRECTION('',(1.,0.,-0.));
#15936 = DIRECTION('',(0.,0.,1.));
#15937 = ORIENTED_EDGE('',*,*,#15938,.F.);
#15938 = EDGE_CURVE('',#15939,#15930,#15941,.T.);
#15939 = VERTEX_POINT('',#15940);
#15940 = CARTESIAN_POINT('',(0.6,-0.585,1.25));
#15941 = LINE('',#15942,#15943);
#15942 = CARTESIAN_POINT('',(0.6,-0.625,1.25));
#15943 = VECTOR('',#15944,1.);
#15944 = DIRECTION('',(0.,1.,0.));
#15945 = ORIENTED_EDGE('',*,*,#15946,.F.);
#15946 = EDGE_CURVE('',#15888,#15939,#15947,.T.);
#15947 = CIRCLE('',#15948,4.E-02);
#15948 = AXIS2_PLACEMENT_3D('',#15949,#15950,#15951);
#15949 = CARTESIAN_POINT('',(0.6,-0.585,1.21));
#15950 = DIRECTION('',(-1.,0.,0.));
#15951 = DIRECTION('',(0.,0.,1.));
#15952 = FACE_BOUND('',#15953,.F.);
#15953 = EDGE_LOOP('',(#15954,#15955,#15956,#15957,#15958,#15959,#15960,
    #15961));
#15954 = ORIENTED_EDGE('',*,*,#15698,.F.);
#15955 = ORIENTED_EDGE('',*,*,#15868,.T.);
#15956 = ORIENTED_EDGE('',*,*,#15851,.T.);
#15957 = ORIENTED_EDGE('',*,*,#15828,.T.);
#15958 = ORIENTED_EDGE('',*,*,#15803,.F.);
#15959 = ORIENTED_EDGE('',*,*,#15770,.F.);
#15960 = ORIENTED_EDGE('',*,*,#15753,.T.);
#15961 = ORIENTED_EDGE('',*,*,#15723,.F.);
#15962 = PLANE('',#15963);
#15963 = AXIS2_PLACEMENT_3D('',#15964,#15965,#15966);
#15964 = CARTESIAN_POINT('',(0.6,-0.625,0.));
#15965 = DIRECTION('',(1.,0.,0.));
#15966 = DIRECTION('',(0.,0.,1.));
#15967 = ADVANCED_FACE('',(#15968),#15993,.F.);
#15968 = FACE_BOUND('',#15969,.F.);
#15969 = EDGE_LOOP('',(#15970,#15980,#15986,#15987));
#15970 = ORIENTED_EDGE('',*,*,#15971,.F.);
#15971 = EDGE_CURVE('',#15972,#15974,#15976,.T.);
#15972 = VERTEX_POINT('',#15973);
#15973 = CARTESIAN_POINT('',(1.,-0.625,4.E-02));
#15974 = VERTEX_POINT('',#15975);
#15975 = CARTESIAN_POINT('',(1.,-0.625,1.21));
#15976 = LINE('',#15977,#15978);
#15977 = CARTESIAN_POINT('',(1.,-0.625,0.));
#15978 = VECTOR('',#15979,1.);
#15979 = DIRECTION('',(0.,0.,1.));
#15980 = ORIENTED_EDGE('',*,*,#15981,.F.);
#15981 = EDGE_CURVE('',#15886,#15972,#15982,.T.);
#15982 = LINE('',#15983,#15984);
#15983 = CARTESIAN_POINT('',(0.6,-0.625,4.E-02));
#15984 = VECTOR('',#15985,1.);
#15985 = DIRECTION('',(1.,0.,0.));
#15986 = ORIENTED_EDGE('',*,*,#15885,.T.);
#15987 = ORIENTED_EDGE('',*,*,#15988,.T.);
#15988 = EDGE_CURVE('',#15888,#15974,#15989,.T.);
#15989 = LINE('',#15990,#15991);
#15990 = CARTESIAN_POINT('',(0.6,-0.625,1.21));
#15991 = VECTOR('',#15992,1.);
#15992 = DIRECTION('',(1.,0.,0.));
#15993 = PLANE('',#15994);
#15994 = AXIS2_PLACEMENT_3D('',#15995,#15996,#15997);
#15995 = CARTESIAN_POINT('',(0.6,-0.625,0.));
#15996 = DIRECTION('',(0.,1.,0.));
#15997 = DIRECTION('',(0.,-0.,1.));
#15998 = ADVANCED_FACE('',(#15999),#16018,.T.);
#15999 = FACE_BOUND('',#16000,.T.);
#16000 = EDGE_LOOP('',(#16001,#16002,#16010,#16017));
#16001 = ORIENTED_EDGE('',*,*,#15895,.T.);
#16002 = ORIENTED_EDGE('',*,*,#16003,.T.);
#16003 = EDGE_CURVE('',#15896,#16004,#16006,.T.);
#16004 = VERTEX_POINT('',#16005);
#16005 = CARTESIAN_POINT('',(1.,-0.585,0.));
#16006 = LINE('',#16007,#16008);
#16007 = CARTESIAN_POINT('',(0.6,-0.585,0.));
#16008 = VECTOR('',#16009,1.);
#16009 = DIRECTION('',(1.,0.,0.));
#16010 = ORIENTED_EDGE('',*,*,#16011,.F.);
#16011 = EDGE_CURVE('',#15972,#16004,#16012,.T.);
#16012 = CIRCLE('',#16013,4.E-02);
#16013 = AXIS2_PLACEMENT_3D('',#16014,#16015,#16016);
#16014 = CARTESIAN_POINT('',(1.,-0.585,4.E-02));
#16015 = DIRECTION('',(1.,0.,-0.));
#16016 = DIRECTION('',(0.,0.,1.));
#16017 = ORIENTED_EDGE('',*,*,#15981,.F.);
#16018 = CYLINDRICAL_SURFACE('',#16019,4.E-02);
#16019 = AXIS2_PLACEMENT_3D('',#16020,#16021,#16022);
#16020 = CARTESIAN_POINT('',(0.6,-0.585,4.E-02));
#16021 = DIRECTION('',(1.,0.,0.));
#16022 = DIRECTION('',(0.,-1.,0.));
#16023 = ADVANCED_FACE('',(#16024),#16043,.T.);
#16024 = FACE_BOUND('',#16025,.T.);
#16025 = EDGE_LOOP('',(#16026,#16027,#16036,#16042));
#16026 = ORIENTED_EDGE('',*,*,#15988,.T.);
#16027 = ORIENTED_EDGE('',*,*,#16028,.T.);
#16028 = EDGE_CURVE('',#15974,#16029,#16031,.T.);
#16029 = VERTEX_POINT('',#16030);
#16030 = CARTESIAN_POINT('',(1.,-0.585,1.25));
#16031 = CIRCLE('',#16032,4.E-02);
#16032 = AXIS2_PLACEMENT_3D('',#16033,#16034,#16035);
#16033 = CARTESIAN_POINT('',(1.,-0.585,1.21));
#16034 = DIRECTION('',(-1.,0.,0.));
#16035 = DIRECTION('',(0.,0.,1.));
#16036 = ORIENTED_EDGE('',*,*,#16037,.F.);
#16037 = EDGE_CURVE('',#15939,#16029,#16038,.T.);
#16038 = LINE('',#16039,#16040);
#16039 = CARTESIAN_POINT('',(0.6,-0.585,1.25));
#16040 = VECTOR('',#16041,1.);
#16041 = DIRECTION('',(1.,0.,0.));
#16042 = ORIENTED_EDGE('',*,*,#15946,.F.);
#16043 = CYLINDRICAL_SURFACE('',#16044,4.E-02);
#16044 = AXIS2_PLACEMENT_3D('',#16045,#16046,#16047);
#16045 = CARTESIAN_POINT('',(0.6,-0.585,1.21));
#16046 = DIRECTION('',(1.,0.,0.));
#16047 = DIRECTION('',(0.,-1.,0.));
#16048 = ADVANCED_FACE('',(#16049),#16067,.F.);
#16049 = FACE_BOUND('',#16050,.F.);
#16050 = EDGE_LOOP('',(#16051,#16052,#16053,#16061));
#16051 = ORIENTED_EDGE('',*,*,#15904,.F.);
#16052 = ORIENTED_EDGE('',*,*,#16003,.T.);
#16053 = ORIENTED_EDGE('',*,*,#16054,.T.);
#16054 = EDGE_CURVE('',#16004,#16055,#16057,.T.);
#16055 = VERTEX_POINT('',#16056);
#16056 = CARTESIAN_POINT('',(1.,0.585,0.));
#16057 = LINE('',#16058,#16059);
#16058 = CARTESIAN_POINT('',(1.,-0.625,0.));
#16059 = VECTOR('',#16060,1.);
#16060 = DIRECTION('',(0.,1.,0.));
#16061 = ORIENTED_EDGE('',*,*,#16062,.F.);
#16062 = EDGE_CURVE('',#15905,#16055,#16063,.T.);
#16063 = LINE('',#16064,#16065);
#16064 = CARTESIAN_POINT('',(0.6,0.585,0.));
#16065 = VECTOR('',#16066,1.);
#16066 = DIRECTION('',(1.,0.,0.));
#16067 = PLANE('',#16068);
#16068 = AXIS2_PLACEMENT_3D('',#16069,#16070,#16071);
#16069 = CARTESIAN_POINT('',(0.6,-0.625,0.));
#16070 = DIRECTION('',(0.,0.,1.));
#16071 = DIRECTION('',(1.,0.,-0.));
#16072 = ADVANCED_FACE('',(#16073),#16091,.T.);
#16073 = FACE_BOUND('',#16074,.T.);
#16074 = EDGE_LOOP('',(#16075,#16076,#16077,#16085));
#16075 = ORIENTED_EDGE('',*,*,#15938,.F.);
#16076 = ORIENTED_EDGE('',*,*,#16037,.T.);
#16077 = ORIENTED_EDGE('',*,*,#16078,.T.);
#16078 = EDGE_CURVE('',#16029,#16079,#16081,.T.);
#16079 = VERTEX_POINT('',#16080);
#16080 = CARTESIAN_POINT('',(1.,0.585,1.25));
#16081 = LINE('',#16082,#16083);
#16082 = CARTESIAN_POINT('',(1.,-0.625,1.25));
#16083 = VECTOR('',#16084,1.);
#16084 = DIRECTION('',(0.,1.,0.));
#16085 = ORIENTED_EDGE('',*,*,#16086,.F.);
#16086 = EDGE_CURVE('',#15930,#16079,#16087,.T.);
#16087 = LINE('',#16088,#16089);
#16088 = CARTESIAN_POINT('',(0.6,0.585,1.25));
#16089 = VECTOR('',#16090,1.);
#16090 = DIRECTION('',(1.,0.,0.));
#16091 = PLANE('',#16092);
#16092 = AXIS2_PLACEMENT_3D('',#16093,#16094,#16095);
#16093 = CARTESIAN_POINT('',(0.6,-0.625,1.25));
#16094 = DIRECTION('',(0.,0.,1.));
#16095 = DIRECTION('',(1.,0.,-0.));
#16096 = ADVANCED_FACE('',(#16097),#16116,.T.);
#16097 = FACE_BOUND('',#16098,.T.);
#16098 = EDGE_LOOP('',(#16099,#16107,#16114,#16115));
#16099 = ORIENTED_EDGE('',*,*,#16100,.T.);
#16100 = EDGE_CURVE('',#15913,#16101,#16103,.T.);
#16101 = VERTEX_POINT('',#16102);
#16102 = CARTESIAN_POINT('',(1.,0.625,4.E-02));
#16103 = LINE('',#16104,#16105);
#16104 = CARTESIAN_POINT('',(0.6,0.625,4.E-02));
#16105 = VECTOR('',#16106,1.);
#16106 = DIRECTION('',(1.,0.,0.));
#16107 = ORIENTED_EDGE('',*,*,#16108,.T.);
#16108 = EDGE_CURVE('',#16101,#16055,#16109,.T.);
#16109 = CIRCLE('',#16110,4.E-02);
#16110 = AXIS2_PLACEMENT_3D('',#16111,#16112,#16113);
#16111 = CARTESIAN_POINT('',(1.,0.585,4.E-02));
#16112 = DIRECTION('',(-1.,0.,0.));
#16113 = DIRECTION('',(0.,0.,1.));
#16114 = ORIENTED_EDGE('',*,*,#16062,.F.);
#16115 = ORIENTED_EDGE('',*,*,#15912,.F.);
#16116 = CYLINDRICAL_SURFACE('',#16117,4.E-02);
#16117 = AXIS2_PLACEMENT_3D('',#16118,#16119,#16120);
#16118 = CARTESIAN_POINT('',(0.6,0.585,4.E-02));
#16119 = DIRECTION('',(1.,0.,0.));
#16120 = DIRECTION('',(-0.,1.,0.));
#16121 = ADVANCED_FACE('',(#16122),#16141,.T.);
#16122 = FACE_BOUND('',#16123,.T.);
#16123 = EDGE_LOOP('',(#16124,#16125,#16126,#16135));
#16124 = ORIENTED_EDGE('',*,*,#15929,.T.);
#16125 = ORIENTED_EDGE('',*,*,#16086,.T.);
#16126 = ORIENTED_EDGE('',*,*,#16127,.F.);
#16127 = EDGE_CURVE('',#16128,#16079,#16130,.T.);
#16128 = VERTEX_POINT('',#16129);
#16129 = CARTESIAN_POINT('',(1.,0.625,1.21));
#16130 = CIRCLE('',#16131,4.E-02);
#16131 = AXIS2_PLACEMENT_3D('',#16132,#16133,#16134);
#16132 = CARTESIAN_POINT('',(1.,0.585,1.21));
#16133 = DIRECTION('',(1.,0.,-0.));
#16134 = DIRECTION('',(0.,0.,1.));
#16135 = ORIENTED_EDGE('',*,*,#16136,.F.);
#16136 = EDGE_CURVE('',#15922,#16128,#16137,.T.);
#16137 = LINE('',#16138,#16139);
#16138 = CARTESIAN_POINT('',(0.6,0.625,1.21));
#16139 = VECTOR('',#16140,1.);
#16140 = DIRECTION('',(1.,0.,0.));
#16141 = CYLINDRICAL_SURFACE('',#16142,4.E-02);
#16142 = AXIS2_PLACEMENT_3D('',#16143,#16144,#16145);
#16143 = CARTESIAN_POINT('',(0.6,0.585,1.21));
#16144 = DIRECTION('',(1.,0.,0.));
#16145 = DIRECTION('',(-0.,1.,0.));
#16146 = ADVANCED_FACE('',(#16147),#16158,.T.);
#16147 = FACE_BOUND('',#16148,.T.);
#16148 = EDGE_LOOP('',(#16149,#16155,#16156,#16157));
#16149 = ORIENTED_EDGE('',*,*,#16150,.F.);
#16150 = EDGE_CURVE('',#16101,#16128,#16151,.T.);
#16151 = LINE('',#16152,#16153);
#16152 = CARTESIAN_POINT('',(1.,0.625,0.));
#16153 = VECTOR('',#16154,1.);
#16154 = DIRECTION('',(0.,0.,1.));
#16155 = ORIENTED_EDGE('',*,*,#16100,.F.);
#16156 = ORIENTED_EDGE('',*,*,#15921,.T.);
#16157 = ORIENTED_EDGE('',*,*,#16136,.T.);
#16158 = PLANE('',#16159);
#16159 = AXIS2_PLACEMENT_3D('',#16160,#16161,#16162);
#16160 = CARTESIAN_POINT('',(0.6,0.625,0.));
#16161 = DIRECTION('',(0.,1.,0.));
#16162 = DIRECTION('',(0.,-0.,1.));
#16163 = ADVANCED_FACE('',(#16164),#16174,.T.);
#16164 = FACE_BOUND('',#16165,.T.);
#16165 = EDGE_LOOP('',(#16166,#16167,#16168,#16169,#16170,#16171,#16172,
    #16173));
#16166 = ORIENTED_EDGE('',*,*,#15971,.F.);
#16167 = ORIENTED_EDGE('',*,*,#16011,.T.);
#16168 = ORIENTED_EDGE('',*,*,#16054,.T.);
#16169 = ORIENTED_EDGE('',*,*,#16108,.F.);
#16170 = ORIENTED_EDGE('',*,*,#16150,.T.);
#16171 = ORIENTED_EDGE('',*,*,#16127,.T.);
#16172 = ORIENTED_EDGE('',*,*,#16078,.F.);
#16173 = ORIENTED_EDGE('',*,*,#16028,.F.);
#16174 = PLANE('',#16175);
#16175 = AXIS2_PLACEMENT_3D('',#16176,#16177,#16178);
#16176 = CARTESIAN_POINT('',(1.,-0.625,0.));
#16177 = DIRECTION('',(1.,0.,0.));
#16178 = DIRECTION('',(0.,0.,1.));
#16179 = ( GEOMETRIC_REPRESENTATION_CONTEXT(3) 
GLOBAL_UNCERTAINTY_ASSIGNED_CONTEXT((#16183)) 
GLOBAL_UNIT_ASSIGNED_CONTEXT((#16180,#16181,#16182)) 
REPRESENTATION_CONTEXT('Context #1',
  '3D Context with UNIT and UNCERTAINTY') );
#16180 = ( LENGTH_UNIT() NAMED_UNIT(*) SI_UNIT(.MILLI.,.METRE.) );
#16181 = ( NAMED_UNIT(*) PLANE_ANGLE_UNIT() SI_UNIT($,.RADIAN.) );
#16182 = ( NAMED_UNIT(*) SI_UNIT($,.STERADIAN.) SOLID_ANGLE_UNIT() );
#16183 = UNCERTAINTY_MEASURE_WITH_UNIT(LENGTH_MEASURE(1.E-07),#16180,
  'distance_accuracy_value','confusion accuracy');
#16184 = CONTEXT_DEPENDENT_SHAPE_REPRESENTATION(#16185,#16187);
#16185 = ( REPRESENTATION_RELATIONSHIP('','',#15324,#15301) 
REPRESENTATION_RELATIONSHIP_WITH_TRANSFORMATION(#16186) 
SHAPE_REPRESENTATION_RELATIONSHIP() );
#16186 = ITEM_DEFINED_TRANSFORMATION('','',#11,#15302);
#16187 = PRODUCT_DEFINITION_SHAPE('Placement','Placement of an item',
  #16188);
#16188 = NEXT_ASSEMBLY_USAGE_OCCURRENCE('20','=>[0:1:1:22]','',#15296,
  #15319,$);
#16189 = PRODUCT_RELATED_PRODUCT_CATEGORY('part',$,(#15321));
#16190 = CONTEXT_DEPENDENT_SHAPE_REPRESENTATION(#16191,#16193);
#16191 = ( REPRESENTATION_RELATIONSHIP('','',#5663,#10) 
REPRESENTATION_RELATIONSHIP_WITH_TRANSFORMATION(#16192) 
SHAPE_REPRESENTATION_RELATIONSHIP() );
#16192 = ITEM_DEFINED_TRANSFORMATION('','',#11,#51);
#16193 = PRODUCT_DEFINITION_SHAPE('Placement','Placement of an item',
  #16194);
#16194 = NEXT_ASSEMBLY_USAGE_OCCURRENCE('22','R4','',#5,#5658,$);
#16195 = CONTEXT_DEPENDENT_SHAPE_REPRESENTATION(#16196,#16198);
#16196 = ( REPRESENTATION_RELATIONSHIP('','',#5663,#10) 
REPRESENTATION_RELATIONSHIP_WITH_TRANSFORMATION(#16197) 
SHAPE_REPRESENTATION_RELATIONSHIP() );
#16197 = ITEM_DEFINED_TRANSFORMATION('','',#11,#55);
#16198 = PRODUCT_DEFINITION_SHAPE('Placement','Placement of an item',
  #16199);
#16199 = NEXT_ASSEMBLY_USAGE_OCCURRENCE('23','R2','',#5,#5658,$);
#16200 = CONTEXT_DEPENDENT_SHAPE_REPRESENTATION(#16201,#16203);
#16201 = ( REPRESENTATION_RELATIONSHIP('','',#5663,#10) 
REPRESENTATION_RELATIONSHIP_WITH_TRANSFORMATION(#16202) 
SHAPE_REPRESENTATION_RELATIONSHIP() );
#16202 = ITEM_DEFINED_TRANSFORMATION('','',#11,#59);
#16203 = PRODUCT_DEFINITION_SHAPE('Placement','Placement of an item',
  #16204);
#16204 = NEXT_ASSEMBLY_USAGE_OCCURRENCE('24','R5','',#5,#5658,$);
#16205 = CONTEXT_DEPENDENT_SHAPE_REPRESENTATION(#16206,#16208);
#16206 = ( REPRESENTATION_RELATIONSHIP('','',#5663,#10) 
REPRESENTATION_RELATIONSHIP_WITH_TRANSFORMATION(#16207) 
SHAPE_REPRESENTATION_RELATIONSHIP() );
#16207 = ITEM_DEFINED_TRANSFORMATION('','',#11,#63);
#16208 = PRODUCT_DEFINITION_SHAPE('Placement','Placement of an item',
  #16209);
#16209 = NEXT_ASSEMBLY_USAGE_OCCURRENCE('25','R3','',#5,#5658,$);
#16210 = SHAPE_DEFINITION_REPRESENTATION(#16211,#16217);
#16211 = PRODUCT_DEFINITION_SHAPE('','',#16212);
#16212 = PRODUCT_DEFINITION('design','',#16213,#16216);
#16213 = PRODUCT_DEFINITION_FORMATION('','',#16214);
#16214 = PRODUCT('DR-8-VCNT2030_PCB','DR-8-VCNT2030_PCB','',(#16215));
#16215 = PRODUCT_CONTEXT('',#2,'mechanical');
#16216 = PRODUCT_DEFINITION_CONTEXT('part definition',#2,'design');
#16217 = ADVANCED_BREP_SHAPE_REPRESENTATION('',(#11,#16218),#16781);
#16218 = MANIFOLD_SOLID_BREP('',#16219);
#16219 = CLOSED_SHELL('',(#16220,#16262,#16293,#16324,#16453,#16582,
    #16599,#16616,#16633,#16650,#16662,#16679,#16696,#16713,#16730,
    #16747,#16764));
#16220 = ADVANCED_FACE('',(#16221),#16257,.T.);
#16221 = FACE_BOUND('',#16222,.T.);
#16222 = EDGE_LOOP('',(#16223,#16233,#16242,#16250));
#16223 = ORIENTED_EDGE('',*,*,#16224,.T.);
#16224 = EDGE_CURVE('',#16225,#16227,#16229,.T.);
#16225 = VERTEX_POINT('',#16226);
#16226 = CARTESIAN_POINT('',(13.75,6.,0.));
#16227 = VERTEX_POINT('',#16228);
#16228 = CARTESIAN_POINT('',(13.75,6.,0.748));
#16229 = LINE('',#16230,#16231);
#16230 = CARTESIAN_POINT('',(13.75,6.,0.));
#16231 = VECTOR('',#16232,1.);
#16232 = DIRECTION('',(0.,0.,1.));
#16233 = ORIENTED_EDGE('',*,*,#16234,.T.);
#16234 = EDGE_CURVE('',#16227,#16235,#16237,.T.);
#16235 = VERTEX_POINT('',#16236);
#16236 = CARTESIAN_POINT('',(14.25,5.5,0.748));
#16237 = CIRCLE('',#16238,0.500001333575);
#16238 = AXIS2_PLACEMENT_3D('',#16239,#16240,#16241);
#16239 = CARTESIAN_POINT('',(13.749998666427,5.499998666427,0.748));
#16240 = DIRECTION('',(0.,0.,-1.));
#16241 = DIRECTION('',(2.667139180384E-06,0.999999999996,0.));
#16242 = ORIENTED_EDGE('',*,*,#16243,.F.);
#16243 = EDGE_CURVE('',#16244,#16235,#16246,.T.);
#16244 = VERTEX_POINT('',#16245);
#16245 = CARTESIAN_POINT('',(14.25,5.5,0.));
#16246 = LINE('',#16247,#16248);
#16247 = CARTESIAN_POINT('',(14.25,5.5,0.));
#16248 = VECTOR('',#16249,1.);
#16249 = DIRECTION('',(0.,0.,1.));
#16250 = ORIENTED_EDGE('',*,*,#16251,.F.);
#16251 = EDGE_CURVE('',#16225,#16244,#16252,.T.);
#16252 = CIRCLE('',#16253,0.500001333575);
#16253 = AXIS2_PLACEMENT_3D('',#16254,#16255,#16256);
#16254 = CARTESIAN_POINT('',(13.749998666427,5.499998666427,0.));
#16255 = DIRECTION('',(0.,0.,-1.));
#16256 = DIRECTION('',(2.667139180384E-06,0.999999999996,0.));
#16257 = CYLINDRICAL_SURFACE('',#16258,0.500001333575);
#16258 = AXIS2_PLACEMENT_3D('',#16259,#16260,#16261);
#16259 = CARTESIAN_POINT('',(13.749998666427,5.499998666427,0.));
#16260 = DIRECTION('',(0.,0.,-1.));
#16261 = DIRECTION('',(2.667139180384E-06,0.999999999996,0.));
#16262 = ADVANCED_FACE('',(#16263),#16288,.T.);
#16263 = FACE_BOUND('',#16264,.T.);
#16264 = EDGE_LOOP('',(#16265,#16275,#16281,#16282));
#16265 = ORIENTED_EDGE('',*,*,#16266,.T.);
#16266 = EDGE_CURVE('',#16267,#16269,#16271,.T.);
#16267 = VERTEX_POINT('',#16268);
#16268 = CARTESIAN_POINT('',(-13.75,6.,0.));
#16269 = VERTEX_POINT('',#16270);
#16270 = CARTESIAN_POINT('',(-13.75,6.,0.748));
#16271 = LINE('',#16272,#16273);
#16272 = CARTESIAN_POINT('',(-13.75,6.,0.));
#16273 = VECTOR('',#16274,1.);
#16274 = DIRECTION('',(0.,0.,1.));
#16275 = ORIENTED_EDGE('',*,*,#16276,.T.);
#16276 = EDGE_CURVE('',#16269,#16227,#16277,.T.);
#16277 = LINE('',#16278,#16279);
#16278 = CARTESIAN_POINT('',(-13.75,6.,0.748));
#16279 = VECTOR('',#16280,1.);
#16280 = DIRECTION('',(1.,0.,0.));
#16281 = ORIENTED_EDGE('',*,*,#16224,.F.);
#16282 = ORIENTED_EDGE('',*,*,#16283,.F.);
#16283 = EDGE_CURVE('',#16267,#16225,#16284,.T.);
#16284 = LINE('',#16285,#16286);
#16285 = CARTESIAN_POINT('',(-13.75,6.,0.));
#16286 = VECTOR('',#16287,1.);
#16287 = DIRECTION('',(1.,0.,0.));
#16288 = PLANE('',#16289);
#16289 = AXIS2_PLACEMENT_3D('',#16290,#16291,#16292);
#16290 = CARTESIAN_POINT('',(-13.75,6.,0.));
#16291 = DIRECTION('',(0.,1.,0.));
#16292 = DIRECTION('',(1.,0.,0.));
#16293 = ADVANCED_FACE('',(#16294),#16319,.T.);
#16294 = FACE_BOUND('',#16295,.T.);
#16295 = EDGE_LOOP('',(#16296,#16297,#16305,#16313));
#16296 = ORIENTED_EDGE('',*,*,#16243,.T.);
#16297 = ORIENTED_EDGE('',*,*,#16298,.T.);
#16298 = EDGE_CURVE('',#16235,#16299,#16301,.T.);
#16299 = VERTEX_POINT('',#16300);
#16300 = CARTESIAN_POINT('',(14.25,-5.5,0.748));
#16301 = LINE('',#16302,#16303);
#16302 = CARTESIAN_POINT('',(14.25,5.5,0.748));
#16303 = VECTOR('',#16304,1.);
#16304 = DIRECTION('',(0.,-1.,0.));
#16305 = ORIENTED_EDGE('',*,*,#16306,.F.);
#16306 = EDGE_CURVE('',#16307,#16299,#16309,.T.);
#16307 = VERTEX_POINT('',#16308);
#16308 = CARTESIAN_POINT('',(14.25,-5.5,0.));
#16309 = LINE('',#16310,#16311);
#16310 = CARTESIAN_POINT('',(14.25,-5.5,0.));
#16311 = VECTOR('',#16312,1.);
#16312 = DIRECTION('',(0.,0.,1.));
#16313 = ORIENTED_EDGE('',*,*,#16314,.F.);
#16314 = EDGE_CURVE('',#16244,#16307,#16315,.T.);
#16315 = LINE('',#16316,#16317);
#16316 = CARTESIAN_POINT('',(14.25,5.5,0.));
#16317 = VECTOR('',#16318,1.);
#16318 = DIRECTION('',(0.,-1.,0.));
#16319 = PLANE('',#16320);
#16320 = AXIS2_PLACEMENT_3D('',#16321,#16322,#16323);
#16321 = CARTESIAN_POINT('',(14.25,5.5,0.));
#16322 = DIRECTION('',(1.,0.,-0.));
#16323 = DIRECTION('',(0.,-1.,0.));
#16324 = ADVANCED_FACE('',(#16325,#16371,#16382,#16393,#16404,#16415,
    #16426,#16437),#16448,.F.);
#16325 = FACE_BOUND('',#16326,.F.);
#16326 = EDGE_LOOP('',(#16327,#16328,#16329,#16338,#16346,#16355,#16363,
    #16370));
#16327 = ORIENTED_EDGE('',*,*,#16251,.F.);
#16328 = ORIENTED_EDGE('',*,*,#16283,.F.);
#16329 = ORIENTED_EDGE('',*,*,#16330,.F.);
#16330 = EDGE_CURVE('',#16331,#16267,#16333,.T.);
#16331 = VERTEX_POINT('',#16332);
#16332 = CARTESIAN_POINT('',(-14.25,5.5,0.));
#16333 = CIRCLE('',#16334,0.500001333575);
#16334 = AXIS2_PLACEMENT_3D('',#16335,#16336,#16337);
#16335 = CARTESIAN_POINT('',(-13.74999866642,5.499998666427,0.));
#16336 = DIRECTION('',(0.,0.,-1.));
#16337 = DIRECTION('',(-0.999999999996,2.667139180384E-06,0.));
#16338 = ORIENTED_EDGE('',*,*,#16339,.F.);
#16339 = EDGE_CURVE('',#16340,#16331,#16342,.T.);
#16340 = VERTEX_POINT('',#16341);
#16341 = CARTESIAN_POINT('',(-14.25,-5.5,0.));
#16342 = LINE('',#16343,#16344);
#16343 = CARTESIAN_POINT('',(-14.25,-5.5,0.));
#16344 = VECTOR('',#16345,1.);
#16345 = DIRECTION('',(0.,1.,0.));
#16346 = ORIENTED_EDGE('',*,*,#16347,.F.);
#16347 = EDGE_CURVE('',#16348,#16340,#16350,.T.);
#16348 = VERTEX_POINT('',#16349);
#16349 = CARTESIAN_POINT('',(-13.75,-6.,0.));
#16350 = CIRCLE('',#16351,0.500001333575);
#16351 = AXIS2_PLACEMENT_3D('',#16352,#16353,#16354);
#16352 = CARTESIAN_POINT('',(-13.74999866642,-5.499998666427,0.));
#16353 = DIRECTION('',(0.,0.,-1.));
#16354 = DIRECTION('',(-2.667139180384E-06,-0.999999999996,-0.));
#16355 = ORIENTED_EDGE('',*,*,#16356,.F.);
#16356 = EDGE_CURVE('',#16357,#16348,#16359,.T.);
#16357 = VERTEX_POINT('',#16358);
#16358 = CARTESIAN_POINT('',(13.75,-6.,0.));
#16359 = LINE('',#16360,#16361);
#16360 = CARTESIAN_POINT('',(13.75,-6.,0.));
#16361 = VECTOR('',#16362,1.);
#16362 = DIRECTION('',(-1.,0.,0.));
#16363 = ORIENTED_EDGE('',*,*,#16364,.F.);
#16364 = EDGE_CURVE('',#16307,#16357,#16365,.T.);
#16365 = CIRCLE('',#16366,0.500001333575);
#16366 = AXIS2_PLACEMENT_3D('',#16367,#16368,#16369);
#16367 = CARTESIAN_POINT('',(13.749998666427,-5.499998666427,0.));
#16368 = DIRECTION('',(0.,0.,-1.));
#16369 = DIRECTION('',(0.999999999996,-2.667139180384E-06,0.));
#16370 = ORIENTED_EDGE('',*,*,#16314,.F.);
#16371 = FACE_BOUND('',#16372,.F.);
#16372 = EDGE_LOOP('',(#16373));
#16373 = ORIENTED_EDGE('',*,*,#16374,.T.);
#16374 = EDGE_CURVE('',#16375,#16375,#16377,.T.);
#16375 = VERTEX_POINT('',#16376);
#16376 = CARTESIAN_POINT('',(-12.25,-4.33,0.));
#16377 = CIRCLE('',#16378,0.5);
#16378 = AXIS2_PLACEMENT_3D('',#16379,#16380,#16381);
#16379 = CARTESIAN_POINT('',(-12.25,-3.83,0.));
#16380 = DIRECTION('',(-0.,0.,-1.));
#16381 = DIRECTION('',(-0.,-1.,0.));
#16382 = FACE_BOUND('',#16383,.F.);
#16383 = EDGE_LOOP('',(#16384));
#16384 = ORIENTED_EDGE('',*,*,#16385,.T.);
#16385 = EDGE_CURVE('',#16386,#16386,#16388,.T.);
#16386 = VERTEX_POINT('',#16387);
#16387 = CARTESIAN_POINT('',(-12.25,-1.79,0.));
#16388 = CIRCLE('',#16389,0.5);
#16389 = AXIS2_PLACEMENT_3D('',#16390,#16391,#16392);
#16390 = CARTESIAN_POINT('',(-12.25,-1.29,0.));
#16391 = DIRECTION('',(-0.,0.,-1.));
#16392 = DIRECTION('',(-0.,-1.,0.));
#16393 = FACE_BOUND('',#16394,.F.);
#16394 = EDGE_LOOP('',(#16395));
#16395 = ORIENTED_EDGE('',*,*,#16396,.T.);
#16396 = EDGE_CURVE('',#16397,#16397,#16399,.T.);
#16397 = VERTEX_POINT('',#16398);
#16398 = CARTESIAN_POINT('',(10.45,-3.9,0.));
#16399 = CIRCLE('',#16400,1.1);
#16400 = AXIS2_PLACEMENT_3D('',#16401,#16402,#16403);
#16401 = CARTESIAN_POINT('',(10.45,-2.8,0.));
#16402 = DIRECTION('',(-0.,0.,-1.));
#16403 = DIRECTION('',(-0.,-1.,0.));
#16404 = FACE_BOUND('',#16405,.F.);
#16405 = EDGE_LOOP('',(#16406));
#16406 = ORIENTED_EDGE('',*,*,#16407,.T.);
#16407 = EDGE_CURVE('',#16408,#16408,#16410,.T.);
#16408 = VERTEX_POINT('',#16409);
#16409 = CARTESIAN_POINT('',(-12.25,0.75,0.));
#16410 = CIRCLE('',#16411,0.5);
#16411 = AXIS2_PLACEMENT_3D('',#16412,#16413,#16414);
#16412 = CARTESIAN_POINT('',(-12.25,1.25,0.));
#16413 = DIRECTION('',(-0.,0.,-1.));
#16414 = DIRECTION('',(-0.,-1.,0.));
#16415 = FACE_BOUND('',#16416,.F.);
#16416 = EDGE_LOOP('',(#16417));
#16417 = ORIENTED_EDGE('',*,*,#16418,.T.);
#16418 = EDGE_CURVE('',#16419,#16419,#16421,.T.);
#16419 = VERTEX_POINT('',#16420);
#16420 = CARTESIAN_POINT('',(-12.25,3.29,0.));
#16421 = CIRCLE('',#16422,0.5);
#16422 = AXIS2_PLACEMENT_3D('',#16423,#16424,#16425);
#16423 = CARTESIAN_POINT('',(-12.25,3.79,0.));
#16424 = DIRECTION('',(-0.,0.,-1.));
#16425 = DIRECTION('',(-0.,-1.,0.));
#16426 = FACE_BOUND('',#16427,.F.);
#16427 = EDGE_LOOP('',(#16428));
#16428 = ORIENTED_EDGE('',*,*,#16429,.T.);
#16429 = EDGE_CURVE('',#16430,#16430,#16432,.T.);
#16430 = VERTEX_POINT('',#16431);
#16431 = CARTESIAN_POINT('',(-5.85,2.3,0.));
#16432 = CIRCLE('',#16433,1.1);
#16433 = AXIS2_PLACEMENT_3D('',#16434,#16435,#16436);
#16434 = CARTESIAN_POINT('',(-5.85,3.4,0.));
#16435 = DIRECTION('',(-0.,0.,-1.));
#16436 = DIRECTION('',(-0.,-1.,0.));
#16437 = FACE_BOUND('',#16438,.F.);
#16438 = EDGE_LOOP('',(#16439));
#16439 = ORIENTED_EDGE('',*,*,#16440,.T.);
#16440 = EDGE_CURVE('',#16441,#16441,#16443,.T.);
#16441 = VERTEX_POINT('',#16442);
#16442 = CARTESIAN_POINT('',(3.325,3.35,0.));
#16443 = CIRCLE('',#16444,0.5);
#16444 = AXIS2_PLACEMENT_3D('',#16445,#16446,#16447);
#16445 = CARTESIAN_POINT('',(3.325,3.85,0.));
#16446 = DIRECTION('',(-0.,0.,-1.));
#16447 = DIRECTION('',(-0.,-1.,0.));
#16448 = PLANE('',#16449);
#16449 = AXIS2_PLACEMENT_3D('',#16450,#16451,#16452);
#16450 = CARTESIAN_POINT('',(0.,0.,0.));
#16451 = DIRECTION('',(0.,0.,1.));
#16452 = DIRECTION('',(1.,0.,-0.));
#16453 = ADVANCED_FACE('',(#16454,#16500,#16511,#16522,#16533,#16544,
    #16555,#16566),#16577,.T.);
#16454 = FACE_BOUND('',#16455,.T.);
#16455 = EDGE_LOOP('',(#16456,#16457,#16458,#16467,#16475,#16484,#16492,
    #16499));
#16456 = ORIENTED_EDGE('',*,*,#16234,.F.);
#16457 = ORIENTED_EDGE('',*,*,#16276,.F.);
#16458 = ORIENTED_EDGE('',*,*,#16459,.F.);
#16459 = EDGE_CURVE('',#16460,#16269,#16462,.T.);
#16460 = VERTEX_POINT('',#16461);
#16461 = CARTESIAN_POINT('',(-14.25,5.5,0.748));
#16462 = CIRCLE('',#16463,0.500001333575);
#16463 = AXIS2_PLACEMENT_3D('',#16464,#16465,#16466);
#16464 = CARTESIAN_POINT('',(-13.74999866642,5.499998666427,0.748));
#16465 = DIRECTION('',(0.,0.,-1.));
#16466 = DIRECTION('',(-0.999999999996,2.667139180384E-06,0.));
#16467 = ORIENTED_EDGE('',*,*,#16468,.F.);
#16468 = EDGE_CURVE('',#16469,#16460,#16471,.T.);
#16469 = VERTEX_POINT('',#16470);
#16470 = CARTESIAN_POINT('',(-14.25,-5.5,0.748));
#16471 = LINE('',#16472,#16473);
#16472 = CARTESIAN_POINT('',(-14.25,-5.5,0.748));
#16473 = VECTOR('',#16474,1.);
#16474 = DIRECTION('',(0.,1.,0.));
#16475 = ORIENTED_EDGE('',*,*,#16476,.F.);
#16476 = EDGE_CURVE('',#16477,#16469,#16479,.T.);
#16477 = VERTEX_POINT('',#16478);
#16478 = CARTESIAN_POINT('',(-13.75,-6.,0.748));
#16479 = CIRCLE('',#16480,0.500001333575);
#16480 = AXIS2_PLACEMENT_3D('',#16481,#16482,#16483);
#16481 = CARTESIAN_POINT('',(-13.74999866642,-5.499998666427,0.748));
#16482 = DIRECTION('',(0.,0.,-1.));
#16483 = DIRECTION('',(-2.667139180384E-06,-0.999999999996,-0.));
#16484 = ORIENTED_EDGE('',*,*,#16485,.F.);
#16485 = EDGE_CURVE('',#16486,#16477,#16488,.T.);
#16486 = VERTEX_POINT('',#16487);
#16487 = CARTESIAN_POINT('',(13.75,-6.,0.748));
#16488 = LINE('',#16489,#16490);
#16489 = CARTESIAN_POINT('',(13.75,-6.,0.748));
#16490 = VECTOR('',#16491,1.);
#16491 = DIRECTION('',(-1.,0.,0.));
#16492 = ORIENTED_EDGE('',*,*,#16493,.F.);
#16493 = EDGE_CURVE('',#16299,#16486,#16494,.T.);
#16494 = CIRCLE('',#16495,0.500001333575);
#16495 = AXIS2_PLACEMENT_3D('',#16496,#16497,#16498);
#16496 = CARTESIAN_POINT('',(13.749998666427,-5.499998666427,0.748));
#16497 = DIRECTION('',(0.,0.,-1.));
#16498 = DIRECTION('',(0.999999999996,-2.667139180384E-06,0.));
#16499 = ORIENTED_EDGE('',*,*,#16298,.F.);
#16500 = FACE_BOUND('',#16501,.T.);
#16501 = EDGE_LOOP('',(#16502));
#16502 = ORIENTED_EDGE('',*,*,#16503,.T.);
#16503 = EDGE_CURVE('',#16504,#16504,#16506,.T.);
#16504 = VERTEX_POINT('',#16505);
#16505 = CARTESIAN_POINT('',(-12.25,-4.33,0.748));
#16506 = CIRCLE('',#16507,0.5);
#16507 = AXIS2_PLACEMENT_3D('',#16508,#16509,#16510);
#16508 = CARTESIAN_POINT('',(-12.25,-3.83,0.748));
#16509 = DIRECTION('',(-0.,0.,-1.));
#16510 = DIRECTION('',(-0.,-1.,0.));
#16511 = FACE_BOUND('',#16512,.T.);
#16512 = EDGE_LOOP('',(#16513));
#16513 = ORIENTED_EDGE('',*,*,#16514,.T.);
#16514 = EDGE_CURVE('',#16515,#16515,#16517,.T.);
#16515 = VERTEX_POINT('',#16516);
#16516 = CARTESIAN_POINT('',(-12.25,-1.79,0.748));
#16517 = CIRCLE('',#16518,0.5);
#16518 = AXIS2_PLACEMENT_3D('',#16519,#16520,#16521);
#16519 = CARTESIAN_POINT('',(-12.25,-1.29,0.748));
#16520 = DIRECTION('',(-0.,0.,-1.));
#16521 = DIRECTION('',(-0.,-1.,0.));
#16522 = FACE_BOUND('',#16523,.T.);
#16523 = EDGE_LOOP('',(#16524));
#16524 = ORIENTED_EDGE('',*,*,#16525,.T.);
#16525 = EDGE_CURVE('',#16526,#16526,#16528,.T.);
#16526 = VERTEX_POINT('',#16527);
#16527 = CARTESIAN_POINT('',(10.45,-3.9,0.748));
#16528 = CIRCLE('',#16529,1.1);
#16529 = AXIS2_PLACEMENT_3D('',#16530,#16531,#16532);
#16530 = CARTESIAN_POINT('',(10.45,-2.8,0.748));
#16531 = DIRECTION('',(-0.,0.,-1.));
#16532 = DIRECTION('',(-0.,-1.,0.));
#16533 = FACE_BOUND('',#16534,.T.);
#16534 = EDGE_LOOP('',(#16535));
#16535 = ORIENTED_EDGE('',*,*,#16536,.T.);
#16536 = EDGE_CURVE('',#16537,#16537,#16539,.T.);
#16537 = VERTEX_POINT('',#16538);
#16538 = CARTESIAN_POINT('',(-12.25,0.75,0.748));
#16539 = CIRCLE('',#16540,0.5);
#16540 = AXIS2_PLACEMENT_3D('',#16541,#16542,#16543);
#16541 = CARTESIAN_POINT('',(-12.25,1.25,0.748));
#16542 = DIRECTION('',(-0.,0.,-1.));
#16543 = DIRECTION('',(-0.,-1.,0.));
#16544 = FACE_BOUND('',#16545,.T.);
#16545 = EDGE_LOOP('',(#16546));
#16546 = ORIENTED_EDGE('',*,*,#16547,.T.);
#16547 = EDGE_CURVE('',#16548,#16548,#16550,.T.);
#16548 = VERTEX_POINT('',#16549);
#16549 = CARTESIAN_POINT('',(-12.25,3.29,0.748));
#16550 = CIRCLE('',#16551,0.5);
#16551 = AXIS2_PLACEMENT_3D('',#16552,#16553,#16554);
#16552 = CARTESIAN_POINT('',(-12.25,3.79,0.748));
#16553 = DIRECTION('',(-0.,0.,-1.));
#16554 = DIRECTION('',(-0.,-1.,0.));
#16555 = FACE_BOUND('',#16556,.T.);
#16556 = EDGE_LOOP('',(#16557));
#16557 = ORIENTED_EDGE('',*,*,#16558,.T.);
#16558 = EDGE_CURVE('',#16559,#16559,#16561,.T.);
#16559 = VERTEX_POINT('',#16560);
#16560 = CARTESIAN_POINT('',(-5.85,2.3,0.748));
#16561 = CIRCLE('',#16562,1.1);
#16562 = AXIS2_PLACEMENT_3D('',#16563,#16564,#16565);
#16563 = CARTESIAN_POINT('',(-5.85,3.4,0.748));
#16564 = DIRECTION('',(-0.,0.,-1.));
#16565 = DIRECTION('',(-0.,-1.,0.));
#16566 = FACE_BOUND('',#16567,.T.);
#16567 = EDGE_LOOP('',(#16568));
#16568 = ORIENTED_EDGE('',*,*,#16569,.T.);
#16569 = EDGE_CURVE('',#16570,#16570,#16572,.T.);
#16570 = VERTEX_POINT('',#16571);
#16571 = CARTESIAN_POINT('',(3.325,3.35,0.748));
#16572 = CIRCLE('',#16573,0.5);
#16573 = AXIS2_PLACEMENT_3D('',#16574,#16575,#16576);
#16574 = CARTESIAN_POINT('',(3.325,3.85,0.748));
#16575 = DIRECTION('',(-0.,0.,-1.));
#16576 = DIRECTION('',(-0.,-1.,0.));
#16577 = PLANE('',#16578);
#16578 = AXIS2_PLACEMENT_3D('',#16579,#16580,#16581);
#16579 = CARTESIAN_POINT('',(0.,0.,0.748));
#16580 = DIRECTION('',(0.,0.,1.));
#16581 = DIRECTION('',(1.,0.,-0.));
#16582 = ADVANCED_FACE('',(#16583),#16594,.T.);
#16583 = FACE_BOUND('',#16584,.T.);
#16584 = EDGE_LOOP('',(#16585,#16591,#16592,#16593));
#16585 = ORIENTED_EDGE('',*,*,#16586,.T.);
#16586 = EDGE_CURVE('',#16331,#16460,#16587,.T.);
#16587 = LINE('',#16588,#16589);
#16588 = CARTESIAN_POINT('',(-14.25,5.5,0.));
#16589 = VECTOR('',#16590,1.);
#16590 = DIRECTION('',(0.,0.,1.));
#16591 = ORIENTED_EDGE('',*,*,#16459,.T.);
#16592 = ORIENTED_EDGE('',*,*,#16266,.F.);
#16593 = ORIENTED_EDGE('',*,*,#16330,.F.);
#16594 = CYLINDRICAL_SURFACE('',#16595,0.500001333575);
#16595 = AXIS2_PLACEMENT_3D('',#16596,#16597,#16598);
#16596 = CARTESIAN_POINT('',(-13.74999866642,5.499998666427,0.));
#16597 = DIRECTION('',(0.,0.,-1.));
#16598 = DIRECTION('',(-0.999999999996,2.667139180384E-06,0.));
#16599 = ADVANCED_FACE('',(#16600),#16611,.T.);
#16600 = FACE_BOUND('',#16601,.T.);
#16601 = EDGE_LOOP('',(#16602,#16603,#16604,#16610));
#16602 = ORIENTED_EDGE('',*,*,#16306,.T.);
#16603 = ORIENTED_EDGE('',*,*,#16493,.T.);
#16604 = ORIENTED_EDGE('',*,*,#16605,.F.);
#16605 = EDGE_CURVE('',#16357,#16486,#16606,.T.);
#16606 = LINE('',#16607,#16608);
#16607 = CARTESIAN_POINT('',(13.75,-6.,0.));
#16608 = VECTOR('',#16609,1.);
#16609 = DIRECTION('',(0.,0.,1.));
#16610 = ORIENTED_EDGE('',*,*,#16364,.F.);
#16611 = CYLINDRICAL_SURFACE('',#16612,0.500001333575);
#16612 = AXIS2_PLACEMENT_3D('',#16613,#16614,#16615);
#16613 = CARTESIAN_POINT('',(13.749998666427,-5.499998666427,0.));
#16614 = DIRECTION('',(0.,0.,-1.));
#16615 = DIRECTION('',(0.999999999996,-2.667139180384E-06,0.));
#16616 = ADVANCED_FACE('',(#16617),#16628,.T.);
#16617 = FACE_BOUND('',#16618,.T.);
#16618 = EDGE_LOOP('',(#16619,#16625,#16626,#16627));
#16619 = ORIENTED_EDGE('',*,*,#16620,.T.);
#16620 = EDGE_CURVE('',#16340,#16469,#16621,.T.);
#16621 = LINE('',#16622,#16623);
#16622 = CARTESIAN_POINT('',(-14.25,-5.5,0.));
#16623 = VECTOR('',#16624,1.);
#16624 = DIRECTION('',(0.,0.,1.));
#16625 = ORIENTED_EDGE('',*,*,#16468,.T.);
#16626 = ORIENTED_EDGE('',*,*,#16586,.F.);
#16627 = ORIENTED_EDGE('',*,*,#16339,.F.);
#16628 = PLANE('',#16629);
#16629 = AXIS2_PLACEMENT_3D('',#16630,#16631,#16632);
#16630 = CARTESIAN_POINT('',(-14.25,-5.5,0.));
#16631 = DIRECTION('',(-1.,0.,0.));
#16632 = DIRECTION('',(0.,1.,0.));
#16633 = ADVANCED_FACE('',(#16634),#16645,.T.);
#16634 = FACE_BOUND('',#16635,.T.);
#16635 = EDGE_LOOP('',(#16636,#16637,#16638,#16644));
#16636 = ORIENTED_EDGE('',*,*,#16605,.T.);
#16637 = ORIENTED_EDGE('',*,*,#16485,.T.);
#16638 = ORIENTED_EDGE('',*,*,#16639,.F.);
#16639 = EDGE_CURVE('',#16348,#16477,#16640,.T.);
#16640 = LINE('',#16641,#16642);
#16641 = CARTESIAN_POINT('',(-13.75,-6.,0.));
#16642 = VECTOR('',#16643,1.);
#16643 = DIRECTION('',(0.,0.,1.));
#16644 = ORIENTED_EDGE('',*,*,#16356,.F.);
#16645 = PLANE('',#16646);
#16646 = AXIS2_PLACEMENT_3D('',#16647,#16648,#16649);
#16647 = CARTESIAN_POINT('',(13.75,-6.,0.));
#16648 = DIRECTION('',(0.,-1.,0.));
#16649 = DIRECTION('',(-1.,0.,0.));
#16650 = ADVANCED_FACE('',(#16651),#16657,.T.);
#16651 = FACE_BOUND('',#16652,.T.);
#16652 = EDGE_LOOP('',(#16653,#16654,#16655,#16656));
#16653 = ORIENTED_EDGE('',*,*,#16639,.T.);
#16654 = ORIENTED_EDGE('',*,*,#16476,.T.);
#16655 = ORIENTED_EDGE('',*,*,#16620,.F.);
#16656 = ORIENTED_EDGE('',*,*,#16347,.F.);
#16657 = CYLINDRICAL_SURFACE('',#16658,0.500001333575);
#16658 = AXIS2_PLACEMENT_3D('',#16659,#16660,#16661);
#16659 = CARTESIAN_POINT('',(-13.74999866642,-5.499998666427,0.));
#16660 = DIRECTION('',(0.,0.,-1.));
#16661 = DIRECTION('',(-2.667139180384E-06,-0.999999999996,-0.));
#16662 = ADVANCED_FACE('',(#16663),#16674,.F.);
#16663 = FACE_BOUND('',#16664,.T.);
#16664 = EDGE_LOOP('',(#16665,#16666,#16672,#16673));
#16665 = ORIENTED_EDGE('',*,*,#16374,.T.);
#16666 = ORIENTED_EDGE('',*,*,#16667,.T.);
#16667 = EDGE_CURVE('',#16375,#16504,#16668,.T.);
#16668 = LINE('',#16669,#16670);
#16669 = CARTESIAN_POINT('',(-12.25,-4.33,-4.6E-02));
#16670 = VECTOR('',#16671,1.);
#16671 = DIRECTION('',(0.,0.,1.));
#16672 = ORIENTED_EDGE('',*,*,#16503,.F.);
#16673 = ORIENTED_EDGE('',*,*,#16667,.F.);
#16674 = CYLINDRICAL_SURFACE('',#16675,0.5);
#16675 = AXIS2_PLACEMENT_3D('',#16676,#16677,#16678);
#16676 = CARTESIAN_POINT('',(-12.25,-3.83,-4.6E-02));
#16677 = DIRECTION('',(-0.,-0.,-1.));
#16678 = DIRECTION('',(-0.,-1.,0.));
#16679 = ADVANCED_FACE('',(#16680),#16691,.F.);
#16680 = FACE_BOUND('',#16681,.T.);
#16681 = EDGE_LOOP('',(#16682,#16683,#16689,#16690));
#16682 = ORIENTED_EDGE('',*,*,#16385,.T.);
#16683 = ORIENTED_EDGE('',*,*,#16684,.T.);
#16684 = EDGE_CURVE('',#16386,#16515,#16685,.T.);
#16685 = LINE('',#16686,#16687);
#16686 = CARTESIAN_POINT('',(-12.25,-1.79,-4.6E-02));
#16687 = VECTOR('',#16688,1.);
#16688 = DIRECTION('',(0.,0.,1.));
#16689 = ORIENTED_EDGE('',*,*,#16514,.F.);
#16690 = ORIENTED_EDGE('',*,*,#16684,.F.);
#16691 = CYLINDRICAL_SURFACE('',#16692,0.5);
#16692 = AXIS2_PLACEMENT_3D('',#16693,#16694,#16695);
#16693 = CARTESIAN_POINT('',(-12.25,-1.29,-4.6E-02));
#16694 = DIRECTION('',(-0.,-0.,-1.));
#16695 = DIRECTION('',(-0.,-1.,0.));
#16696 = ADVANCED_FACE('',(#16697),#16708,.F.);
#16697 = FACE_BOUND('',#16698,.T.);
#16698 = EDGE_LOOP('',(#16699,#16700,#16706,#16707));
#16699 = ORIENTED_EDGE('',*,*,#16396,.T.);
#16700 = ORIENTED_EDGE('',*,*,#16701,.T.);
#16701 = EDGE_CURVE('',#16397,#16526,#16702,.T.);
#16702 = LINE('',#16703,#16704);
#16703 = CARTESIAN_POINT('',(10.45,-3.9,-4.6E-02));
#16704 = VECTOR('',#16705,1.);
#16705 = DIRECTION('',(0.,0.,1.));
#16706 = ORIENTED_EDGE('',*,*,#16525,.F.);
#16707 = ORIENTED_EDGE('',*,*,#16701,.F.);
#16708 = CYLINDRICAL_SURFACE('',#16709,1.1);
#16709 = AXIS2_PLACEMENT_3D('',#16710,#16711,#16712);
#16710 = CARTESIAN_POINT('',(10.45,-2.8,-4.6E-02));
#16711 = DIRECTION('',(-0.,-0.,-1.));
#16712 = DIRECTION('',(-0.,-1.,0.));
#16713 = ADVANCED_FACE('',(#16714),#16725,.F.);
#16714 = FACE_BOUND('',#16715,.T.);
#16715 = EDGE_LOOP('',(#16716,#16717,#16723,#16724));
#16716 = ORIENTED_EDGE('',*,*,#16407,.T.);
#16717 = ORIENTED_EDGE('',*,*,#16718,.T.);
#16718 = EDGE_CURVE('',#16408,#16537,#16719,.T.);
#16719 = LINE('',#16720,#16721);
#16720 = CARTESIAN_POINT('',(-12.25,0.75,-4.6E-02));
#16721 = VECTOR('',#16722,1.);
#16722 = DIRECTION('',(0.,0.,1.));
#16723 = ORIENTED_EDGE('',*,*,#16536,.F.);
#16724 = ORIENTED_EDGE('',*,*,#16718,.F.);
#16725 = CYLINDRICAL_SURFACE('',#16726,0.5);
#16726 = AXIS2_PLACEMENT_3D('',#16727,#16728,#16729);
#16727 = CARTESIAN_POINT('',(-12.25,1.25,-4.6E-02));
#16728 = DIRECTION('',(-0.,-0.,-1.));
#16729 = DIRECTION('',(-0.,-1.,0.));
#16730 = ADVANCED_FACE('',(#16731),#16742,.F.);
#16731 = FACE_BOUND('',#16732,.T.);
#16732 = EDGE_LOOP('',(#16733,#16734,#16740,#16741));
#16733 = ORIENTED_EDGE('',*,*,#16418,.T.);
#16734 = ORIENTED_EDGE('',*,*,#16735,.T.);
#16735 = EDGE_CURVE('',#16419,#16548,#16736,.T.);
#16736 = LINE('',#16737,#16738);
#16737 = CARTESIAN_POINT('',(-12.25,3.29,-4.6E-02));
#16738 = VECTOR('',#16739,1.);
#16739 = DIRECTION('',(0.,0.,1.));
#16740 = ORIENTED_EDGE('',*,*,#16547,.F.);
#16741 = ORIENTED_EDGE('',*,*,#16735,.F.);
#16742 = CYLINDRICAL_SURFACE('',#16743,0.5);
#16743 = AXIS2_PLACEMENT_3D('',#16744,#16745,#16746);
#16744 = CARTESIAN_POINT('',(-12.25,3.79,-4.6E-02));
#16745 = DIRECTION('',(-0.,-0.,-1.));
#16746 = DIRECTION('',(-0.,-1.,0.));
#16747 = ADVANCED_FACE('',(#16748),#16759,.F.);
#16748 = FACE_BOUND('',#16749,.T.);
#16749 = EDGE_LOOP('',(#16750,#16751,#16757,#16758));
#16750 = ORIENTED_EDGE('',*,*,#16429,.T.);
#16751 = ORIENTED_EDGE('',*,*,#16752,.T.);
#16752 = EDGE_CURVE('',#16430,#16559,#16753,.T.);
#16753 = LINE('',#16754,#16755);
#16754 = CARTESIAN_POINT('',(-5.85,2.3,-4.6E-02));
#16755 = VECTOR('',#16756,1.);
#16756 = DIRECTION('',(0.,0.,1.));
#16757 = ORIENTED_EDGE('',*,*,#16558,.F.);
#16758 = ORIENTED_EDGE('',*,*,#16752,.F.);
#16759 = CYLINDRICAL_SURFACE('',#16760,1.1);
#16760 = AXIS2_PLACEMENT_3D('',#16761,#16762,#16763);
#16761 = CARTESIAN_POINT('',(-5.85,3.4,-4.6E-02));
#16762 = DIRECTION('',(-0.,-0.,-1.));
#16763 = DIRECTION('',(-0.,-1.,0.));
#16764 = ADVANCED_FACE('',(#16765),#16776,.F.);
#16765 = FACE_BOUND('',#16766,.T.);
#16766 = EDGE_LOOP('',(#16767,#16768,#16774,#16775));
#16767 = ORIENTED_EDGE('',*,*,#16440,.T.);
#16768 = ORIENTED_EDGE('',*,*,#16769,.T.);
#16769 = EDGE_CURVE('',#16441,#16570,#16770,.T.);
#16770 = LINE('',#16771,#16772);
#16771 = CARTESIAN_POINT('',(3.325,3.35,-4.6E-02));
#16772 = VECTOR('',#16773,1.);
#16773 = DIRECTION('',(0.,0.,1.));
#16774 = ORIENTED_EDGE('',*,*,#16569,.F.);
#16775 = ORIENTED_EDGE('',*,*,#16769,.F.);
#16776 = CYLINDRICAL_SURFACE('',#16777,0.5);
#16777 = AXIS2_PLACEMENT_3D('',#16778,#16779,#16780);
#16778 = CARTESIAN_POINT('',(3.325,3.85,-4.6E-02));
#16779 = DIRECTION('',(-0.,-0.,-1.));
#16780 = DIRECTION('',(-0.,-1.,0.));
#16781 = ( GEOMETRIC_REPRESENTATION_CONTEXT(3) 
GLOBAL_UNCERTAINTY_ASSIGNED_CONTEXT((#16785)) 
GLOBAL_UNIT_ASSIGNED_CONTEXT((#16782,#16783,#16784)) 
REPRESENTATION_CONTEXT('Context #1',
  '3D Context with UNIT and UNCERTAINTY') );
#16782 = ( LENGTH_UNIT() NAMED_UNIT(*) SI_UNIT(.MILLI.,.METRE.) );
#16783 = ( NAMED_UNIT(*) PLANE_ANGLE_UNIT() SI_UNIT($,.RADIAN.) );
#16784 = ( NAMED_UNIT(*) SI_UNIT($,.STERADIAN.) SOLID_ANGLE_UNIT() );
#16785 = UNCERTAINTY_MEASURE_WITH_UNIT(LENGTH_MEASURE(1.E-07),#16782,
  'distance_accuracy_value','confusion accuracy');
#16786 = CONTEXT_DEPENDENT_SHAPE_REPRESENTATION(#16787,#16789);
#16787 = ( REPRESENTATION_RELATIONSHIP('','',#16217,#10) 
REPRESENTATION_RELATIONSHIP_WITH_TRANSFORMATION(#16788) 
SHAPE_REPRESENTATION_RELATIONSHIP() );
#16788 = ITEM_DEFINED_TRANSFORMATION('','',#11,#67);
#16789 = PRODUCT_DEFINITION_SHAPE('Placement','Placement of an item',
  #16790);
#16790 = NEXT_ASSEMBLY_USAGE_OCCURRENCE('26','=>[0:1:1:23]','',#5,#16212
  ,$);
#16791 = PRODUCT_RELATED_PRODUCT_CATEGORY('part',$,(#16214));
#16792 = MECHANICAL_DESIGN_GEOMETRIC_PRESENTATION_REPRESENTATION('',(
    #16793,#16801,#16808,#16815,#16822,#16829,#16836,#16843,#16850,
    #16857,#16864,#16872,#16879,#16886,#16893,#16900,#16907,#16914,
    #16921,#16928,#16935,#16942,#16949,#16956,#16963,#16970,#16977,
    #16984),#16179);
#16793 = STYLED_ITEM('color',(#16794),#15327);
#16794 = PRESENTATION_STYLE_ASSIGNMENT((#16795));
#16795 = SURFACE_STYLE_USAGE(.BOTH.,#16796);
#16796 = SURFACE_SIDE_STYLE('',(#16797));
#16797 = SURFACE_STYLE_FILL_AREA(#16798);
#16798 = FILL_AREA_STYLE('',(#16799));
#16799 = FILL_AREA_STYLE_COLOUR('',#16800);
#16800 = COLOUR_RGB('',0.823999987314,0.819999987296,0.781000009244);
#16801 = STYLED_ITEM('color',(#16802),#15403);
#16802 = PRESENTATION_STYLE_ASSIGNMENT((#16803));
#16803 = SURFACE_STYLE_USAGE(.BOTH.,#16804);
#16804 = SURFACE_SIDE_STYLE('',(#16805));
#16805 = SURFACE_STYLE_FILL_AREA(#16806);
#16806 = FILL_AREA_STYLE('',(#16807));
#16807 = FILL_AREA_STYLE_COLOUR('',#16800);
#16808 = STYLED_ITEM('color',(#16809),#15434);
#16809 = PRESENTATION_STYLE_ASSIGNMENT((#16810));
#16810 = SURFACE_STYLE_USAGE(.BOTH.,#16811);
#16811 = SURFACE_SIDE_STYLE('',(#16812));
#16812 = SURFACE_STYLE_FILL_AREA(#16813);
#16813 = FILL_AREA_STYLE('',(#16814));
#16814 = FILL_AREA_STYLE_COLOUR('',#16800);
#16815 = STYLED_ITEM('color',(#16816),#15459);
#16816 = PRESENTATION_STYLE_ASSIGNMENT((#16817));
#16817 = SURFACE_STYLE_USAGE(.BOTH.,#16818);
#16818 = SURFACE_SIDE_STYLE('',(#16819));
#16819 = SURFACE_STYLE_FILL_AREA(#16820);
#16820 = FILL_AREA_STYLE('',(#16821));
#16821 = FILL_AREA_STYLE_COLOUR('',#16800);
#16822 = STYLED_ITEM('color',(#16823),#15484);
#16823 = PRESENTATION_STYLE_ASSIGNMENT((#16824));
#16824 = SURFACE_STYLE_USAGE(.BOTH.,#16825);
#16825 = SURFACE_SIDE_STYLE('',(#16826));
#16826 = SURFACE_STYLE_FILL_AREA(#16827);
#16827 = FILL_AREA_STYLE('',(#16828));
#16828 = FILL_AREA_STYLE_COLOUR('',#16800);
#16829 = STYLED_ITEM('color',(#16830),#15508);
#16830 = PRESENTATION_STYLE_ASSIGNMENT((#16831));
#16831 = SURFACE_STYLE_USAGE(.BOTH.,#16832);
#16832 = SURFACE_SIDE_STYLE('',(#16833));
#16833 = SURFACE_STYLE_FILL_AREA(#16834);
#16834 = FILL_AREA_STYLE('',(#16835));
#16835 = FILL_AREA_STYLE_COLOUR('',#16800);
#16836 = STYLED_ITEM('color',(#16837),#15532);
#16837 = PRESENTATION_STYLE_ASSIGNMENT((#16838));
#16838 = SURFACE_STYLE_USAGE(.BOTH.,#16839);
#16839 = SURFACE_SIDE_STYLE('',(#16840));
#16840 = SURFACE_STYLE_FILL_AREA(#16841);
#16841 = FILL_AREA_STYLE('',(#16842));
#16842 = FILL_AREA_STYLE_COLOUR('',#16800);
#16843 = STYLED_ITEM('color',(#16844),#15557);
#16844 = PRESENTATION_STYLE_ASSIGNMENT((#16845));
#16845 = SURFACE_STYLE_USAGE(.BOTH.,#16846);
#16846 = SURFACE_SIDE_STYLE('',(#16847));
#16847 = SURFACE_STYLE_FILL_AREA(#16848);
#16848 = FILL_AREA_STYLE('',(#16849));
#16849 = FILL_AREA_STYLE_COLOUR('',#16800);
#16850 = STYLED_ITEM('color',(#16851),#15582);
#16851 = PRESENTATION_STYLE_ASSIGNMENT((#16852));
#16852 = SURFACE_STYLE_USAGE(.BOTH.,#16853);
#16853 = SURFACE_SIDE_STYLE('',(#16854));
#16854 = SURFACE_STYLE_FILL_AREA(#16855);
#16855 = FILL_AREA_STYLE('',(#16856));
#16856 = FILL_AREA_STYLE_COLOUR('',#16800);
#16857 = STYLED_ITEM('color',(#16858),#15599);
#16858 = PRESENTATION_STYLE_ASSIGNMENT((#16859));
#16859 = SURFACE_STYLE_USAGE(.BOTH.,#16860);
#16860 = SURFACE_SIDE_STYLE('',(#16861));
#16861 = SURFACE_STYLE_FILL_AREA(#16862);
#16862 = FILL_AREA_STYLE('',(#16863));
#16863 = FILL_AREA_STYLE_COLOUR('',#16800);
#16864 = STYLED_ITEM('color',(#16865),#15685);
#16865 = PRESENTATION_STYLE_ASSIGNMENT((#16866));
#16866 = SURFACE_STYLE_USAGE(.BOTH.,#16867);
#16867 = SURFACE_SIDE_STYLE('',(#16868));
#16868 = SURFACE_STYLE_FILL_AREA(#16869);
#16869 = FILL_AREA_STYLE('',(#16870));
#16870 = FILL_AREA_STYLE_COLOUR('',#16871);
#16871 = COLOUR_RGB('',0.379000005575,0.270000008848,0.214999999939);
#16872 = STYLED_ITEM('color',(#16873),#15717);
#16873 = PRESENTATION_STYLE_ASSIGNMENT((#16874));
#16874 = SURFACE_STYLE_USAGE(.BOTH.,#16875);
#16875 = SURFACE_SIDE_STYLE('',(#16876));
#16876 = SURFACE_STYLE_FILL_AREA(#16877);
#16877 = FILL_AREA_STYLE('',(#16878));
#16878 = FILL_AREA_STYLE_COLOUR('',#16871);
#16879 = STYLED_ITEM('color',(#16880),#15741);
#16880 = PRESENTATION_STYLE_ASSIGNMENT((#16881));
#16881 = SURFACE_STYLE_USAGE(.BOTH.,#16882);
#16882 = SURFACE_SIDE_STYLE('',(#16883));
#16883 = SURFACE_STYLE_FILL_AREA(#16884);
#16884 = FILL_AREA_STYLE('',(#16885));
#16885 = FILL_AREA_STYLE_COLOUR('',#16871);
#16886 = STYLED_ITEM('color',(#16887),#15766);
#16887 = PRESENTATION_STYLE_ASSIGNMENT((#16888));
#16888 = SURFACE_STYLE_USAGE(.BOTH.,#16889);
#16889 = SURFACE_SIDE_STYLE('',(#16890));
#16890 = SURFACE_STYLE_FILL_AREA(#16891);
#16891 = FILL_AREA_STYLE('',(#16892));
#16892 = FILL_AREA_STYLE_COLOUR('',#16871);
#16893 = STYLED_ITEM('color',(#16894),#15790);
#16894 = PRESENTATION_STYLE_ASSIGNMENT((#16895));
#16895 = SURFACE_STYLE_USAGE(.BOTH.,#16896);
#16896 = SURFACE_SIDE_STYLE('',(#16897));
#16897 = SURFACE_STYLE_FILL_AREA(#16898);
#16898 = FILL_AREA_STYLE('',(#16899));
#16899 = FILL_AREA_STYLE_COLOUR('',#16871);
#16900 = STYLED_ITEM('color',(#16901),#15815);
#16901 = PRESENTATION_STYLE_ASSIGNMENT((#16902));
#16902 = SURFACE_STYLE_USAGE(.BOTH.,#16903);
#16903 = SURFACE_SIDE_STYLE('',(#16904));
#16904 = SURFACE_STYLE_FILL_AREA(#16905);
#16905 = FILL_AREA_STYLE('',(#16906));
#16906 = FILL_AREA_STYLE_COLOUR('',#16871);
#16907 = STYLED_ITEM('color',(#16908),#15839);
#16908 = PRESENTATION_STYLE_ASSIGNMENT((#16909));
#16909 = SURFACE_STYLE_USAGE(.BOTH.,#16910);
#16910 = SURFACE_SIDE_STYLE('',(#16911));
#16911 = SURFACE_STYLE_FILL_AREA(#16912);
#16912 = FILL_AREA_STYLE('',(#16913));
#16913 = FILL_AREA_STYLE_COLOUR('',#16871);
#16914 = STYLED_ITEM('color',(#16915),#15864);
#16915 = PRESENTATION_STYLE_ASSIGNMENT((#16916));
#16916 = SURFACE_STYLE_USAGE(.BOTH.,#16917);
#16917 = SURFACE_SIDE_STYLE('',(#16918));
#16918 = SURFACE_STYLE_FILL_AREA(#16919);
#16919 = FILL_AREA_STYLE('',(#16920));
#16920 = FILL_AREA_STYLE_COLOUR('',#16871);
#16921 = STYLED_ITEM('color',(#16922),#15881);
#16922 = PRESENTATION_STYLE_ASSIGNMENT((#16923));
#16923 = SURFACE_STYLE_USAGE(.BOTH.,#16924);
#16924 = SURFACE_SIDE_STYLE('',(#16925));
#16925 = SURFACE_STYLE_FILL_AREA(#16926);
#16926 = FILL_AREA_STYLE('',(#16927));
#16927 = FILL_AREA_STYLE_COLOUR('',#16800);
#16928 = STYLED_ITEM('color',(#16929),#15967);
#16929 = PRESENTATION_STYLE_ASSIGNMENT((#16930));
#16930 = SURFACE_STYLE_USAGE(.BOTH.,#16931);
#16931 = SURFACE_SIDE_STYLE('',(#16932));
#16932 = SURFACE_STYLE_FILL_AREA(#16933);
#16933 = FILL_AREA_STYLE('',(#16934));
#16934 = FILL_AREA_STYLE_COLOUR('',#16800);
#16935 = STYLED_ITEM('color',(#16936),#15998);
#16936 = PRESENTATION_STYLE_ASSIGNMENT((#16937));
#16937 = SURFACE_STYLE_USAGE(.BOTH.,#16938);
#16938 = SURFACE_SIDE_STYLE('',(#16939));
#16939 = SURFACE_STYLE_FILL_AREA(#16940);
#16940 = FILL_AREA_STYLE('',(#16941));
#16941 = FILL_AREA_STYLE_COLOUR('',#16800);
#16942 = STYLED_ITEM('color',(#16943),#16023);
#16943 = PRESENTATION_STYLE_ASSIGNMENT((#16944));
#16944 = SURFACE_STYLE_USAGE(.BOTH.,#16945);
#16945 = SURFACE_SIDE_STYLE('',(#16946));
#16946 = SURFACE_STYLE_FILL_AREA(#16947);
#16947 = FILL_AREA_STYLE('',(#16948));
#16948 = FILL_AREA_STYLE_COLOUR('',#16800);
#16949 = STYLED_ITEM('color',(#16950),#16048);
#16950 = PRESENTATION_STYLE_ASSIGNMENT((#16951));
#16951 = SURFACE_STYLE_USAGE(.BOTH.,#16952);
#16952 = SURFACE_SIDE_STYLE('',(#16953));
#16953 = SURFACE_STYLE_FILL_AREA(#16954);
#16954 = FILL_AREA_STYLE('',(#16955));
#16955 = FILL_AREA_STYLE_COLOUR('',#16800);
#16956 = STYLED_ITEM('color',(#16957),#16072);
#16957 = PRESENTATION_STYLE_ASSIGNMENT((#16958));
#16958 = SURFACE_STYLE_USAGE(.BOTH.,#16959);
#16959 = SURFACE_SIDE_STYLE('',(#16960));
#16960 = SURFACE_STYLE_FILL_AREA(#16961);
#16961 = FILL_AREA_STYLE('',(#16962));
#16962 = FILL_AREA_STYLE_COLOUR('',#16800);
#16963 = STYLED_ITEM('color',(#16964),#16096);
#16964 = PRESENTATION_STYLE_ASSIGNMENT((#16965));
#16965 = SURFACE_STYLE_USAGE(.BOTH.,#16966);
#16966 = SURFACE_SIDE_STYLE('',(#16967));
#16967 = SURFACE_STYLE_FILL_AREA(#16968);
#16968 = FILL_AREA_STYLE('',(#16969));
#16969 = FILL_AREA_STYLE_COLOUR('',#16800);
#16970 = STYLED_ITEM('color',(#16971),#16121);
#16971 = PRESENTATION_STYLE_ASSIGNMENT((#16972));
#16972 = SURFACE_STYLE_USAGE(.BOTH.,#16973);
#16973 = SURFACE_SIDE_STYLE('',(#16974));
#16974 = SURFACE_STYLE_FILL_AREA(#16975);
#16975 = FILL_AREA_STYLE('',(#16976));
#16976 = FILL_AREA_STYLE_COLOUR('',#16800);
#16977 = STYLED_ITEM('color',(#16978),#16146);
#16978 = PRESENTATION_STYLE_ASSIGNMENT((#16979));
#16979 = SURFACE_STYLE_USAGE(.BOTH.,#16980);
#16980 = SURFACE_SIDE_STYLE('',(#16981));
#16981 = SURFACE_STYLE_FILL_AREA(#16982);
#16982 = FILL_AREA_STYLE('',(#16983));
#16983 = FILL_AREA_STYLE_COLOUR('',#16800);
#16984 = STYLED_ITEM('color',(#16985),#16163);
#16985 = PRESENTATION_STYLE_ASSIGNMENT((#16986));
#16986 = SURFACE_STYLE_USAGE(.BOTH.,#16987);
#16987 = SURFACE_SIDE_STYLE('',(#16988));
#16988 = SURFACE_STYLE_FILL_AREA(#16989);
#16989 = FILL_AREA_STYLE('',(#16990));
#16990 = FILL_AREA_STYLE_COLOUR('',#16800);
#16991 = MECHANICAL_DESIGN_GEOMETRIC_PRESENTATION_REPRESENTATION('',(
    #16992,#17002,#17011,#17020,#17029,#17038,#17047,#17056,#17065,
    #17074,#17083,#17092,#17101,#17110,#17119,#17128,#17137,#17146,
    #17155,#17164,#17173,#17182,#17191,#17200,#17209,#17218,#17227,
    #17236,#17245,#17254,#17263,#17272,#17281,#17290,#17299,#17308,
    #17317,#17326,#17335,#17344,#17353,#17362,#17371,#17380,#17389,
    #17398,#17407,#17416,#17425,#17434,#17443,#17452,#17461,#17470,
    #17479,#17488,#17497,#17506,#17515,#17524,#17533,#17542,#17551,
    #17560,#17569,#17578,#17587,#17596,#17605),#3949);
#16992 = STYLED_ITEM('color',(#16993),#1969);
#16993 = PRESENTATION_STYLE_ASSIGNMENT((#16994,#17000));
#16994 = SURFACE_STYLE_USAGE(.BOTH.,#16995);
#16995 = SURFACE_SIDE_STYLE('',(#16996));
#16996 = SURFACE_STYLE_FILL_AREA(#16997);
#16997 = FILL_AREA_STYLE('',(#16998));
#16998 = FILL_AREA_STYLE_COLOUR('',#16999);
#16999 = COLOUR_RGB('',0.147999998088,0.145000001626,0.145000001626);
#17000 = CURVE_STYLE('',#17001,POSITIVE_LENGTH_MEASURE(0.1),#16999);
#17001 = DRAUGHTING_PRE_DEFINED_CURVE_FONT('continuous');
#17002 = STYLED_ITEM('color',(#17003),#2007);
#17003 = PRESENTATION_STYLE_ASSIGNMENT((#17004,#17009));
#17004 = SURFACE_STYLE_USAGE(.BOTH.,#17005);
#17005 = SURFACE_SIDE_STYLE('',(#17006));
#17006 = SURFACE_STYLE_FILL_AREA(#17007);
#17007 = FILL_AREA_STYLE('',(#17008));
#17008 = FILL_AREA_STYLE_COLOUR('',#16999);
#17009 = CURVE_STYLE('',#17010,POSITIVE_LENGTH_MEASURE(0.1),#16999);
#17010 = DRAUGHTING_PRE_DEFINED_CURVE_FONT('continuous');
#17011 = STYLED_ITEM('color',(#17012),#2070);
#17012 = PRESENTATION_STYLE_ASSIGNMENT((#17013,#17018));
#17013 = SURFACE_STYLE_USAGE(.BOTH.,#17014);
#17014 = SURFACE_SIDE_STYLE('',(#17015));
#17015 = SURFACE_STYLE_FILL_AREA(#17016);
#17016 = FILL_AREA_STYLE('',(#17017));
#17017 = FILL_AREA_STYLE_COLOUR('',#16999);
#17018 = CURVE_STYLE('',#17019,POSITIVE_LENGTH_MEASURE(0.1),#16999);
#17019 = DRAUGHTING_PRE_DEFINED_CURVE_FONT('continuous');
#17020 = STYLED_ITEM('color',(#17021),#2093);
#17021 = PRESENTATION_STYLE_ASSIGNMENT((#17022,#17027));
#17022 = SURFACE_STYLE_USAGE(.BOTH.,#17023);
#17023 = SURFACE_SIDE_STYLE('',(#17024));
#17024 = SURFACE_STYLE_FILL_AREA(#17025);
#17025 = FILL_AREA_STYLE('',(#17026));
#17026 = FILL_AREA_STYLE_COLOUR('',#16999);
#17027 = CURVE_STYLE('',#17028,POSITIVE_LENGTH_MEASURE(0.1),#16999);
#17028 = DRAUGHTING_PRE_DEFINED_CURVE_FONT('continuous');
#17029 = STYLED_ITEM('color',(#17030),#2122);
#17030 = PRESENTATION_STYLE_ASSIGNMENT((#17031,#17036));
#17031 = SURFACE_STYLE_USAGE(.BOTH.,#17032);
#17032 = SURFACE_SIDE_STYLE('',(#17033));
#17033 = SURFACE_STYLE_FILL_AREA(#17034);
#17034 = FILL_AREA_STYLE('',(#17035));
#17035 = FILL_AREA_STYLE_COLOUR('',#16999);
#17036 = CURVE_STYLE('',#17037,POSITIVE_LENGTH_MEASURE(0.1),#16999);
#17037 = DRAUGHTING_PRE_DEFINED_CURVE_FONT('continuous');
#17038 = STYLED_ITEM('color',(#17039),#2145);
#17039 = PRESENTATION_STYLE_ASSIGNMENT((#17040,#17045));
#17040 = SURFACE_STYLE_USAGE(.BOTH.,#17041);
#17041 = SURFACE_SIDE_STYLE('',(#17042));
#17042 = SURFACE_STYLE_FILL_AREA(#17043);
#17043 = FILL_AREA_STYLE('',(#17044));
#17044 = FILL_AREA_STYLE_COLOUR('',#16999);
#17045 = CURVE_STYLE('',#17046,POSITIVE_LENGTH_MEASURE(0.1),#16999);
#17046 = DRAUGHTING_PRE_DEFINED_CURVE_FONT('continuous');
#17047 = STYLED_ITEM('color',(#17048),#2200);
#17048 = PRESENTATION_STYLE_ASSIGNMENT((#17049,#17054));
#17049 = SURFACE_STYLE_USAGE(.BOTH.,#17050);
#17050 = SURFACE_SIDE_STYLE('',(#17051));
#17051 = SURFACE_STYLE_FILL_AREA(#17052);
#17052 = FILL_AREA_STYLE('',(#17053));
#17053 = FILL_AREA_STYLE_COLOUR('',#16999);
#17054 = CURVE_STYLE('',#17055,POSITIVE_LENGTH_MEASURE(0.1),#16999);
#17055 = DRAUGHTING_PRE_DEFINED_CURVE_FONT('continuous');
#17056 = STYLED_ITEM('color',(#17057),#2239);
#17057 = PRESENTATION_STYLE_ASSIGNMENT((#17058,#17063));
#17058 = SURFACE_STYLE_USAGE(.BOTH.,#17059);
#17059 = SURFACE_SIDE_STYLE('',(#17060));
#17060 = SURFACE_STYLE_FILL_AREA(#17061);
#17061 = FILL_AREA_STYLE('',(#17062));
#17062 = FILL_AREA_STYLE_COLOUR('',#16999);
#17063 = CURVE_STYLE('',#17064,POSITIVE_LENGTH_MEASURE(0.1),#16999);
#17064 = DRAUGHTING_PRE_DEFINED_CURVE_FONT('continuous');
#17065 = STYLED_ITEM('color',(#17066),#2262);
#17066 = PRESENTATION_STYLE_ASSIGNMENT((#17067,#17072));
#17067 = SURFACE_STYLE_USAGE(.BOTH.,#17068);
#17068 = SURFACE_SIDE_STYLE('',(#17069));
#17069 = SURFACE_STYLE_FILL_AREA(#17070);
#17070 = FILL_AREA_STYLE('',(#17071));
#17071 = FILL_AREA_STYLE_COLOUR('',#16999);
#17072 = CURVE_STYLE('',#17073,POSITIVE_LENGTH_MEASURE(0.1),#16999);
#17073 = DRAUGHTING_PRE_DEFINED_CURVE_FONT('continuous');
#17074 = STYLED_ITEM('color',(#17075),#2285);
#17075 = PRESENTATION_STYLE_ASSIGNMENT((#17076,#17081));
#17076 = SURFACE_STYLE_USAGE(.BOTH.,#17077);
#17077 = SURFACE_SIDE_STYLE('',(#17078));
#17078 = SURFACE_STYLE_FILL_AREA(#17079);
#17079 = FILL_AREA_STYLE('',(#17080));
#17080 = FILL_AREA_STYLE_COLOUR('',#16999);
#17081 = CURVE_STYLE('',#17082,POSITIVE_LENGTH_MEASURE(0.1),#16999);
#17082 = DRAUGHTING_PRE_DEFINED_CURVE_FONT('continuous');
#17083 = STYLED_ITEM('color',(#17084),#2302);
#17084 = PRESENTATION_STYLE_ASSIGNMENT((#17085,#17090));
#17085 = SURFACE_STYLE_USAGE(.BOTH.,#17086);
#17086 = SURFACE_SIDE_STYLE('',(#17087));
#17087 = SURFACE_STYLE_FILL_AREA(#17088);
#17088 = FILL_AREA_STYLE('',(#17089));
#17089 = FILL_AREA_STYLE_COLOUR('',#16999);
#17090 = CURVE_STYLE('',#17091,POSITIVE_LENGTH_MEASURE(0.1),#16999);
#17091 = DRAUGHTING_PRE_DEFINED_CURVE_FONT('continuous');
#17092 = STYLED_ITEM('color',(#17093),#2325);
#17093 = PRESENTATION_STYLE_ASSIGNMENT((#17094,#17099));
#17094 = SURFACE_STYLE_USAGE(.BOTH.,#17095);
#17095 = SURFACE_SIDE_STYLE('',(#17096));
#17096 = SURFACE_STYLE_FILL_AREA(#17097);
#17097 = FILL_AREA_STYLE('',(#17098));
#17098 = FILL_AREA_STYLE_COLOUR('',#16999);
#17099 = CURVE_STYLE('',#17100,POSITIVE_LENGTH_MEASURE(0.1),#16999);
#17100 = DRAUGHTING_PRE_DEFINED_CURVE_FONT('continuous');
#17101 = STYLED_ITEM('color',(#17102),#2413);
#17102 = PRESENTATION_STYLE_ASSIGNMENT((#17103,#17108));
#17103 = SURFACE_STYLE_USAGE(.BOTH.,#17104);
#17104 = SURFACE_SIDE_STYLE('',(#17105));
#17105 = SURFACE_STYLE_FILL_AREA(#17106);
#17106 = FILL_AREA_STYLE('',(#17107));
#17107 = FILL_AREA_STYLE_COLOUR('',#16999);
#17108 = CURVE_STYLE('',#17109,POSITIVE_LENGTH_MEASURE(0.1),#16999);
#17109 = DRAUGHTING_PRE_DEFINED_CURVE_FONT('continuous');
#17110 = STYLED_ITEM('color',(#17111),#2429);
#17111 = PRESENTATION_STYLE_ASSIGNMENT((#17112,#17117));
#17112 = SURFACE_STYLE_USAGE(.BOTH.,#17113);
#17113 = SURFACE_SIDE_STYLE('',(#17114));
#17114 = SURFACE_STYLE_FILL_AREA(#17115);
#17115 = FILL_AREA_STYLE('',(#17116));
#17116 = FILL_AREA_STYLE_COLOUR('',#16999);
#17117 = CURVE_STYLE('',#17118,POSITIVE_LENGTH_MEASURE(0.1),#16999);
#17118 = DRAUGHTING_PRE_DEFINED_CURVE_FONT('continuous');
#17119 = STYLED_ITEM('color',(#17120),#2459);
#17120 = PRESENTATION_STYLE_ASSIGNMENT((#17121,#17126));
#17121 = SURFACE_STYLE_USAGE(.BOTH.,#17122);
#17122 = SURFACE_SIDE_STYLE('',(#17123));
#17123 = SURFACE_STYLE_FILL_AREA(#17124);
#17124 = FILL_AREA_STYLE('',(#17125));
#17125 = FILL_AREA_STYLE_COLOUR('',#16800);
#17126 = CURVE_STYLE('',#17127,POSITIVE_LENGTH_MEASURE(0.1),#16800);
#17127 = DRAUGHTING_PRE_DEFINED_CURVE_FONT('continuous');
#17128 = STYLED_ITEM('color',(#17129),#2492);
#17129 = PRESENTATION_STYLE_ASSIGNMENT((#17130,#17135));
#17130 = SURFACE_STYLE_USAGE(.BOTH.,#17131);
#17131 = SURFACE_SIDE_STYLE('',(#17132));
#17132 = SURFACE_STYLE_FILL_AREA(#17133);
#17133 = FILL_AREA_STYLE('',(#17134));
#17134 = FILL_AREA_STYLE_COLOUR('',#16999);
#17135 = CURVE_STYLE('',#17136,POSITIVE_LENGTH_MEASURE(0.1),#16999);
#17136 = DRAUGHTING_PRE_DEFINED_CURVE_FONT('continuous');
#17137 = STYLED_ITEM('color',(#17138),#2523);
#17138 = PRESENTATION_STYLE_ASSIGNMENT((#17139,#17144));
#17139 = SURFACE_STYLE_USAGE(.BOTH.,#17140);
#17140 = SURFACE_SIDE_STYLE('',(#17141));
#17141 = SURFACE_STYLE_FILL_AREA(#17142);
#17142 = FILL_AREA_STYLE('',(#17143));
#17143 = FILL_AREA_STYLE_COLOUR('',#16800);
#17144 = CURVE_STYLE('',#17145,POSITIVE_LENGTH_MEASURE(0.1),#16800);
#17145 = DRAUGHTING_PRE_DEFINED_CURVE_FONT('continuous');
#17146 = STYLED_ITEM('color',(#17147),#2556);
#17147 = PRESENTATION_STYLE_ASSIGNMENT((#17148,#17153));
#17148 = SURFACE_STYLE_USAGE(.BOTH.,#17149);
#17149 = SURFACE_SIDE_STYLE('',(#17150));
#17150 = SURFACE_STYLE_FILL_AREA(#17151);
#17151 = FILL_AREA_STYLE('',(#17152));
#17152 = FILL_AREA_STYLE_COLOUR('',#16999);
#17153 = CURVE_STYLE('',#17154,POSITIVE_LENGTH_MEASURE(0.1),#16999);
#17154 = DRAUGHTING_PRE_DEFINED_CURVE_FONT('continuous');
#17155 = STYLED_ITEM('color',(#17156),#2573);
#17156 = PRESENTATION_STYLE_ASSIGNMENT((#17157,#17162));
#17157 = SURFACE_STYLE_USAGE(.BOTH.,#17158);
#17158 = SURFACE_SIDE_STYLE('',(#17159));
#17159 = SURFACE_STYLE_FILL_AREA(#17160);
#17160 = FILL_AREA_STYLE('',(#17161));
#17161 = FILL_AREA_STYLE_COLOUR('',#16999);
#17162 = CURVE_STYLE('',#17163,POSITIVE_LENGTH_MEASURE(0.1),#16999);
#17163 = DRAUGHTING_PRE_DEFINED_CURVE_FONT('continuous');
#17164 = STYLED_ITEM('color',(#17165),#2590);
#17165 = PRESENTATION_STYLE_ASSIGNMENT((#17166,#17171));
#17166 = SURFACE_STYLE_USAGE(.BOTH.,#17167);
#17167 = SURFACE_SIDE_STYLE('',(#17168));
#17168 = SURFACE_STYLE_FILL_AREA(#17169);
#17169 = FILL_AREA_STYLE('',(#17170));
#17170 = FILL_AREA_STYLE_COLOUR('',#16800);
#17171 = CURVE_STYLE('',#17172,POSITIVE_LENGTH_MEASURE(0.1),#16800);
#17172 = DRAUGHTING_PRE_DEFINED_CURVE_FONT('continuous');
#17173 = STYLED_ITEM('color',(#17174),#2623);
#17174 = PRESENTATION_STYLE_ASSIGNMENT((#17175,#17180));
#17175 = SURFACE_STYLE_USAGE(.BOTH.,#17176);
#17176 = SURFACE_SIDE_STYLE('',(#17177));
#17177 = SURFACE_STYLE_FILL_AREA(#17178);
#17178 = FILL_AREA_STYLE('',(#17179));
#17179 = FILL_AREA_STYLE_COLOUR('',#16999);
#17180 = CURVE_STYLE('',#17181,POSITIVE_LENGTH_MEASURE(0.1),#16999);
#17181 = DRAUGHTING_PRE_DEFINED_CURVE_FONT('continuous');
#17182 = STYLED_ITEM('color',(#17183),#2653);
#17183 = PRESENTATION_STYLE_ASSIGNMENT((#17184,#17189));
#17184 = SURFACE_STYLE_USAGE(.BOTH.,#17185);
#17185 = SURFACE_SIDE_STYLE('',(#17186));
#17186 = SURFACE_STYLE_FILL_AREA(#17187);
#17187 = FILL_AREA_STYLE('',(#17188));
#17188 = FILL_AREA_STYLE_COLOUR('',#16999);
#17189 = CURVE_STYLE('',#17190,POSITIVE_LENGTH_MEASURE(0.1),#16999);
#17190 = DRAUGHTING_PRE_DEFINED_CURVE_FONT('continuous');
#17191 = STYLED_ITEM('color',(#17192),#2676);
#17192 = PRESENTATION_STYLE_ASSIGNMENT((#17193,#17198));
#17193 = SURFACE_STYLE_USAGE(.BOTH.,#17194);
#17194 = SURFACE_SIDE_STYLE('',(#17195));
#17195 = SURFACE_STYLE_FILL_AREA(#17196);
#17196 = FILL_AREA_STYLE('',(#17197));
#17197 = FILL_AREA_STYLE_COLOUR('',#16999);
#17198 = CURVE_STYLE('',#17199,POSITIVE_LENGTH_MEASURE(0.1),#16999);
#17199 = DRAUGHTING_PRE_DEFINED_CURVE_FONT('continuous');
#17200 = STYLED_ITEM('color',(#17201),#2699);
#17201 = PRESENTATION_STYLE_ASSIGNMENT((#17202,#17207));
#17202 = SURFACE_STYLE_USAGE(.BOTH.,#17203);
#17203 = SURFACE_SIDE_STYLE('',(#17204));
#17204 = SURFACE_STYLE_FILL_AREA(#17205);
#17205 = FILL_AREA_STYLE('',(#17206));
#17206 = FILL_AREA_STYLE_COLOUR('',#16999);
#17207 = CURVE_STYLE('',#17208,POSITIVE_LENGTH_MEASURE(0.1),#16999);
#17208 = DRAUGHTING_PRE_DEFINED_CURVE_FONT('continuous');
#17209 = STYLED_ITEM('color',(#17210),#2716);
#17210 = PRESENTATION_STYLE_ASSIGNMENT((#17211,#17216));
#17211 = SURFACE_STYLE_USAGE(.BOTH.,#17212);
#17212 = SURFACE_SIDE_STYLE('',(#17213));
#17213 = SURFACE_STYLE_FILL_AREA(#17214);
#17214 = FILL_AREA_STYLE('',(#17215));
#17215 = FILL_AREA_STYLE_COLOUR('',#16800);
#17216 = CURVE_STYLE('',#17217,POSITIVE_LENGTH_MEASURE(0.1),#16800);
#17217 = DRAUGHTING_PRE_DEFINED_CURVE_FONT('continuous');
#17218 = STYLED_ITEM('color',(#17219),#2745);
#17219 = PRESENTATION_STYLE_ASSIGNMENT((#17220,#17225));
#17220 = SURFACE_STYLE_USAGE(.BOTH.,#17221);
#17221 = SURFACE_SIDE_STYLE('',(#17222));
#17222 = SURFACE_STYLE_FILL_AREA(#17223);
#17223 = FILL_AREA_STYLE('',(#17224));
#17224 = FILL_AREA_STYLE_COLOUR('',#16999);
#17225 = CURVE_STYLE('',#17226,POSITIVE_LENGTH_MEASURE(0.1),#16999);
#17226 = DRAUGHTING_PRE_DEFINED_CURVE_FONT('continuous');
#17227 = STYLED_ITEM('color',(#17228),#2799);
#17228 = PRESENTATION_STYLE_ASSIGNMENT((#17229,#17234));
#17229 = SURFACE_STYLE_USAGE(.BOTH.,#17230);
#17230 = SURFACE_SIDE_STYLE('',(#17231));
#17231 = SURFACE_STYLE_FILL_AREA(#17232);
#17232 = FILL_AREA_STYLE('',(#17233));
#17233 = FILL_AREA_STYLE_COLOUR('',#16999);
#17234 = CURVE_STYLE('',#17235,POSITIVE_LENGTH_MEASURE(0.1),#16999);
#17235 = DRAUGHTING_PRE_DEFINED_CURVE_FONT('continuous');
#17236 = STYLED_ITEM('color',(#17237),#2822);
#17237 = PRESENTATION_STYLE_ASSIGNMENT((#17238,#17243));
#17238 = SURFACE_STYLE_USAGE(.BOTH.,#17239);
#17239 = SURFACE_SIDE_STYLE('',(#17240));
#17240 = SURFACE_STYLE_FILL_AREA(#17241);
#17241 = FILL_AREA_STYLE('',(#17242));
#17242 = FILL_AREA_STYLE_COLOUR('',#16999);
#17243 = CURVE_STYLE('',#17244,POSITIVE_LENGTH_MEASURE(0.1),#16999);
#17244 = DRAUGHTING_PRE_DEFINED_CURVE_FONT('continuous');
#17245 = STYLED_ITEM('color',(#17246),#2845);
#17246 = PRESENTATION_STYLE_ASSIGNMENT((#17247,#17252));
#17247 = SURFACE_STYLE_USAGE(.BOTH.,#17248);
#17248 = SURFACE_SIDE_STYLE('',(#17249));
#17249 = SURFACE_STYLE_FILL_AREA(#17250);
#17250 = FILL_AREA_STYLE('',(#17251));
#17251 = FILL_AREA_STYLE_COLOUR('',#16999);
#17252 = CURVE_STYLE('',#17253,POSITIVE_LENGTH_MEASURE(0.1),#16999);
#17253 = DRAUGHTING_PRE_DEFINED_CURVE_FONT('continuous');
#17254 = STYLED_ITEM('color',(#17255),#2868);
#17255 = PRESENTATION_STYLE_ASSIGNMENT((#17256,#17261));
#17256 = SURFACE_STYLE_USAGE(.BOTH.,#17257);
#17257 = SURFACE_SIDE_STYLE('',(#17258));
#17258 = SURFACE_STYLE_FILL_AREA(#17259);
#17259 = FILL_AREA_STYLE('',(#17260));
#17260 = FILL_AREA_STYLE_COLOUR('',#16999);
#17261 = CURVE_STYLE('',#17262,POSITIVE_LENGTH_MEASURE(0.1),#16999);
#17262 = DRAUGHTING_PRE_DEFINED_CURVE_FONT('continuous');
#17263 = STYLED_ITEM('color',(#17264),#2907);
#17264 = PRESENTATION_STYLE_ASSIGNMENT((#17265,#17270));
#17265 = SURFACE_STYLE_USAGE(.BOTH.,#17266);
#17266 = SURFACE_SIDE_STYLE('',(#17267));
#17267 = SURFACE_STYLE_FILL_AREA(#17268);
#17268 = FILL_AREA_STYLE('',(#17269));
#17269 = FILL_AREA_STYLE_COLOUR('',#16800);
#17270 = CURVE_STYLE('',#17271,POSITIVE_LENGTH_MEASURE(0.1),#16800);
#17271 = DRAUGHTING_PRE_DEFINED_CURVE_FONT('continuous');
#17272 = STYLED_ITEM('color',(#17273),#2929);
#17273 = PRESENTATION_STYLE_ASSIGNMENT((#17274,#17279));
#17274 = SURFACE_STYLE_USAGE(.BOTH.,#17275);
#17275 = SURFACE_SIDE_STYLE('',(#17276));
#17276 = SURFACE_STYLE_FILL_AREA(#17277);
#17277 = FILL_AREA_STYLE('',(#17278));
#17278 = FILL_AREA_STYLE_COLOUR('',#16999);
#17279 = CURVE_STYLE('',#17280,POSITIVE_LENGTH_MEASURE(0.1),#16999);
#17280 = DRAUGHTING_PRE_DEFINED_CURVE_FONT('continuous');
#17281 = STYLED_ITEM('color',(#17282),#2973);
#17282 = PRESENTATION_STYLE_ASSIGNMENT((#17283,#17288));
#17283 = SURFACE_STYLE_USAGE(.BOTH.,#17284);
#17284 = SURFACE_SIDE_STYLE('',(#17285));
#17285 = SURFACE_STYLE_FILL_AREA(#17286);
#17286 = FILL_AREA_STYLE('',(#17287));
#17287 = FILL_AREA_STYLE_COLOUR('',#16800);
#17288 = CURVE_STYLE('',#17289,POSITIVE_LENGTH_MEASURE(0.1),#16800);
#17289 = DRAUGHTING_PRE_DEFINED_CURVE_FONT('continuous');
#17290 = STYLED_ITEM('color',(#17291),#3048);
#17291 = PRESENTATION_STYLE_ASSIGNMENT((#17292,#17297));
#17292 = SURFACE_STYLE_USAGE(.BOTH.,#17293);
#17293 = SURFACE_SIDE_STYLE('',(#17294));
#17294 = SURFACE_STYLE_FILL_AREA(#17295);
#17295 = FILL_AREA_STYLE('',(#17296));
#17296 = FILL_AREA_STYLE_COLOUR('',#16800);
#17297 = CURVE_STYLE('',#17298,POSITIVE_LENGTH_MEASURE(0.1),#16800);
#17298 = DRAUGHTING_PRE_DEFINED_CURVE_FONT('continuous');
#17299 = STYLED_ITEM('color',(#17300),#3072);
#17300 = PRESENTATION_STYLE_ASSIGNMENT((#17301,#17306));
#17301 = SURFACE_STYLE_USAGE(.BOTH.,#17302);
#17302 = SURFACE_SIDE_STYLE('',(#17303));
#17303 = SURFACE_STYLE_FILL_AREA(#17304);
#17304 = FILL_AREA_STYLE('',(#17305));
#17305 = FILL_AREA_STYLE_COLOUR('',#16800);
#17306 = CURVE_STYLE('',#17307,POSITIVE_LENGTH_MEASURE(0.1),#16800);
#17307 = DRAUGHTING_PRE_DEFINED_CURVE_FONT('continuous');
#17308 = STYLED_ITEM('color',(#17309),#3140);
#17309 = PRESENTATION_STYLE_ASSIGNMENT((#17310,#17315));
#17310 = SURFACE_STYLE_USAGE(.BOTH.,#17311);
#17311 = SURFACE_SIDE_STYLE('',(#17312));
#17312 = SURFACE_STYLE_FILL_AREA(#17313);
#17313 = FILL_AREA_STYLE('',(#17314));
#17314 = FILL_AREA_STYLE_COLOUR('',#16999);
#17315 = CURVE_STYLE('',#17316,POSITIVE_LENGTH_MEASURE(0.1),#16999);
#17316 = DRAUGHTING_PRE_DEFINED_CURVE_FONT('continuous');
#17317 = STYLED_ITEM('color',(#17318),#3157);
#17318 = PRESENTATION_STYLE_ASSIGNMENT((#17319,#17324));
#17319 = SURFACE_STYLE_USAGE(.BOTH.,#17320);
#17320 = SURFACE_SIDE_STYLE('',(#17321));
#17321 = SURFACE_STYLE_FILL_AREA(#17322);
#17322 = FILL_AREA_STYLE('',(#17323));
#17323 = FILL_AREA_STYLE_COLOUR('',#16800);
#17324 = CURVE_STYLE('',#17325,POSITIVE_LENGTH_MEASURE(0.1),#16800);
#17325 = DRAUGHTING_PRE_DEFINED_CURVE_FONT('continuous');
#17326 = STYLED_ITEM('color',(#17327),#3232);
#17327 = PRESENTATION_STYLE_ASSIGNMENT((#17328,#17333));
#17328 = SURFACE_STYLE_USAGE(.BOTH.,#17329);
#17329 = SURFACE_SIDE_STYLE('',(#17330));
#17330 = SURFACE_STYLE_FILL_AREA(#17331);
#17331 = FILL_AREA_STYLE('',(#17332));
#17332 = FILL_AREA_STYLE_COLOUR('',#16800);
#17333 = CURVE_STYLE('',#17334,POSITIVE_LENGTH_MEASURE(0.1),#16800);
#17334 = DRAUGHTING_PRE_DEFINED_CURVE_FONT('continuous');
#17335 = STYLED_ITEM('color',(#17336),#3256);
#17336 = PRESENTATION_STYLE_ASSIGNMENT((#17337,#17342));
#17337 = SURFACE_STYLE_USAGE(.BOTH.,#17338);
#17338 = SURFACE_SIDE_STYLE('',(#17339));
#17339 = SURFACE_STYLE_FILL_AREA(#17340);
#17340 = FILL_AREA_STYLE('',(#17341));
#17341 = FILL_AREA_STYLE_COLOUR('',#16800);
#17342 = CURVE_STYLE('',#17343,POSITIVE_LENGTH_MEASURE(0.1),#16800);
#17343 = DRAUGHTING_PRE_DEFINED_CURVE_FONT('continuous');
#17344 = STYLED_ITEM('color',(#17345),#3324);
#17345 = PRESENTATION_STYLE_ASSIGNMENT((#17346,#17351));
#17346 = SURFACE_STYLE_USAGE(.BOTH.,#17347);
#17347 = SURFACE_SIDE_STYLE('',(#17348));
#17348 = SURFACE_STYLE_FILL_AREA(#17349);
#17349 = FILL_AREA_STYLE('',(#17350));
#17350 = FILL_AREA_STYLE_COLOUR('',#16800);
#17351 = CURVE_STYLE('',#17352,POSITIVE_LENGTH_MEASURE(0.1),#16800);
#17352 = DRAUGHTING_PRE_DEFINED_CURVE_FONT('continuous');
#17353 = STYLED_ITEM('color',(#17354),#3399);
#17354 = PRESENTATION_STYLE_ASSIGNMENT((#17355,#17360));
#17355 = SURFACE_STYLE_USAGE(.BOTH.,#17356);
#17356 = SURFACE_SIDE_STYLE('',(#17357));
#17357 = SURFACE_STYLE_FILL_AREA(#17358);
#17358 = FILL_AREA_STYLE('',(#17359));
#17359 = FILL_AREA_STYLE_COLOUR('',#16800);
#17360 = CURVE_STYLE('',#17361,POSITIVE_LENGTH_MEASURE(0.1),#16800);
#17361 = DRAUGHTING_PRE_DEFINED_CURVE_FONT('continuous');
#17362 = STYLED_ITEM('color',(#17363),#3423);
#17363 = PRESENTATION_STYLE_ASSIGNMENT((#17364,#17369));
#17364 = SURFACE_STYLE_USAGE(.BOTH.,#17365);
#17365 = SURFACE_SIDE_STYLE('',(#17366));
#17366 = SURFACE_STYLE_FILL_AREA(#17367);
#17367 = FILL_AREA_STYLE('',(#17368));
#17368 = FILL_AREA_STYLE_COLOUR('',#16800);
#17369 = CURVE_STYLE('',#17370,POSITIVE_LENGTH_MEASURE(0.1),#16800);
#17370 = DRAUGHTING_PRE_DEFINED_CURVE_FONT('continuous');
#17371 = STYLED_ITEM('color',(#17372),#3491);
#17372 = PRESENTATION_STYLE_ASSIGNMENT((#17373,#17378));
#17373 = SURFACE_STYLE_USAGE(.BOTH.,#17374);
#17374 = SURFACE_SIDE_STYLE('',(#17375));
#17375 = SURFACE_STYLE_FILL_AREA(#17376);
#17376 = FILL_AREA_STYLE('',(#17377));
#17377 = FILL_AREA_STYLE_COLOUR('',#16800);
#17378 = CURVE_STYLE('',#17379,POSITIVE_LENGTH_MEASURE(0.1),#16800);
#17379 = DRAUGHTING_PRE_DEFINED_CURVE_FONT('continuous');
#17380 = STYLED_ITEM('color',(#17381),#3508);
#17381 = PRESENTATION_STYLE_ASSIGNMENT((#17382,#17387));
#17382 = SURFACE_STYLE_USAGE(.BOTH.,#17383);
#17383 = SURFACE_SIDE_STYLE('',(#17384));
#17384 = SURFACE_STYLE_FILL_AREA(#17385);
#17385 = FILL_AREA_STYLE('',(#17386));
#17386 = FILL_AREA_STYLE_COLOUR('',#16800);
#17387 = CURVE_STYLE('',#17388,POSITIVE_LENGTH_MEASURE(0.1),#16800);
#17388 = DRAUGHTING_PRE_DEFINED_CURVE_FONT('continuous');
#17389 = STYLED_ITEM('color',(#17390),#3525);
#17390 = PRESENTATION_STYLE_ASSIGNMENT((#17391,#17396));
#17391 = SURFACE_STYLE_USAGE(.BOTH.,#17392);
#17392 = SURFACE_SIDE_STYLE('',(#17393));
#17393 = SURFACE_STYLE_FILL_AREA(#17394);
#17394 = FILL_AREA_STYLE('',(#17395));
#17395 = FILL_AREA_STYLE_COLOUR('',#16999);
#17396 = CURVE_STYLE('',#17397,POSITIVE_LENGTH_MEASURE(0.1),#16999);
#17397 = DRAUGHTING_PRE_DEFINED_CURVE_FONT('continuous');
#17398 = STYLED_ITEM('color',(#17399),#3571);
#17399 = PRESENTATION_STYLE_ASSIGNMENT((#17400,#17405));
#17400 = SURFACE_STYLE_USAGE(.BOTH.,#17401);
#17401 = SURFACE_SIDE_STYLE('',(#17402));
#17402 = SURFACE_STYLE_FILL_AREA(#17403);
#17403 = FILL_AREA_STYLE('',(#17404));
#17404 = FILL_AREA_STYLE_COLOUR('',#16999);
#17405 = CURVE_STYLE('',#17406,POSITIVE_LENGTH_MEASURE(0.1),#16999);
#17406 = DRAUGHTING_PRE_DEFINED_CURVE_FONT('continuous');
#17407 = STYLED_ITEM('color',(#17408),#3587);
#17408 = PRESENTATION_STYLE_ASSIGNMENT((#17409,#17414));
#17409 = SURFACE_STYLE_USAGE(.BOTH.,#17410);
#17410 = SURFACE_SIDE_STYLE('',(#17411));
#17411 = SURFACE_STYLE_FILL_AREA(#17412);
#17412 = FILL_AREA_STYLE('',(#17413));
#17413 = FILL_AREA_STYLE_COLOUR('',#16999);
#17414 = CURVE_STYLE('',#17415,POSITIVE_LENGTH_MEASURE(0.1),#16999);
#17415 = DRAUGHTING_PRE_DEFINED_CURVE_FONT('continuous');
#17416 = STYLED_ITEM('color',(#17417),#3603);
#17417 = PRESENTATION_STYLE_ASSIGNMENT((#17418,#17423));
#17418 = SURFACE_STYLE_USAGE(.BOTH.,#17419);
#17419 = SURFACE_SIDE_STYLE('',(#17420));
#17420 = SURFACE_STYLE_FILL_AREA(#17421);
#17421 = FILL_AREA_STYLE('',(#17422));
#17422 = FILL_AREA_STYLE_COLOUR('',#16800);
#17423 = CURVE_STYLE('',#17424,POSITIVE_LENGTH_MEASURE(0.1),#16800);
#17424 = DRAUGHTING_PRE_DEFINED_CURVE_FONT('continuous');
#17425 = STYLED_ITEM('color',(#17426),#3620);
#17426 = PRESENTATION_STYLE_ASSIGNMENT((#17427,#17432));
#17427 = SURFACE_STYLE_USAGE(.BOTH.,#17428);
#17428 = SURFACE_SIDE_STYLE('',(#17429));
#17429 = SURFACE_STYLE_FILL_AREA(#17430);
#17430 = FILL_AREA_STYLE('',(#17431));
#17431 = FILL_AREA_STYLE_COLOUR('',#16999);
#17432 = CURVE_STYLE('',#17433,POSITIVE_LENGTH_MEASURE(0.1),#16999);
#17433 = DRAUGHTING_PRE_DEFINED_CURVE_FONT('continuous');
#17434 = STYLED_ITEM('color',(#17435),#3632);
#17435 = PRESENTATION_STYLE_ASSIGNMENT((#17436,#17441));
#17436 = SURFACE_STYLE_USAGE(.BOTH.,#17437);
#17437 = SURFACE_SIDE_STYLE('',(#17438));
#17438 = SURFACE_STYLE_FILL_AREA(#17439);
#17439 = FILL_AREA_STYLE('',(#17440));
#17440 = FILL_AREA_STYLE_COLOUR('',#16800);
#17441 = CURVE_STYLE('',#17442,POSITIVE_LENGTH_MEASURE(0.1),#16800);
#17442 = DRAUGHTING_PRE_DEFINED_CURVE_FONT('continuous');
#17443 = STYLED_ITEM('color',(#17444),#3649);
#17444 = PRESENTATION_STYLE_ASSIGNMENT((#17445,#17450));
#17445 = SURFACE_STYLE_USAGE(.BOTH.,#17446);
#17446 = SURFACE_SIDE_STYLE('',(#17447));
#17447 = SURFACE_STYLE_FILL_AREA(#17448);
#17448 = FILL_AREA_STYLE('',(#17449));
#17449 = FILL_AREA_STYLE_COLOUR('',#16800);
#17450 = CURVE_STYLE('',#17451,POSITIVE_LENGTH_MEASURE(0.1),#16800);
#17451 = DRAUGHTING_PRE_DEFINED_CURVE_FONT('continuous');
#17452 = STYLED_ITEM('color',(#17453),#3666);
#17453 = PRESENTATION_STYLE_ASSIGNMENT((#17454,#17459));
#17454 = SURFACE_STYLE_USAGE(.BOTH.,#17455);
#17455 = SURFACE_SIDE_STYLE('',(#17456));
#17456 = SURFACE_STYLE_FILL_AREA(#17457);
#17457 = FILL_AREA_STYLE('',(#17458));
#17458 = FILL_AREA_STYLE_COLOUR('',#16800);
#17459 = CURVE_STYLE('',#17460,POSITIVE_LENGTH_MEASURE(0.1),#16800);
#17460 = DRAUGHTING_PRE_DEFINED_CURVE_FONT('continuous');
#17461 = STYLED_ITEM('color',(#17462),#3683);
#17462 = PRESENTATION_STYLE_ASSIGNMENT((#17463,#17468));
#17463 = SURFACE_STYLE_USAGE(.BOTH.,#17464);
#17464 = SURFACE_SIDE_STYLE('',(#17465));
#17465 = SURFACE_STYLE_FILL_AREA(#17466);
#17466 = FILL_AREA_STYLE('',(#17467));
#17467 = FILL_AREA_STYLE_COLOUR('',#16800);
#17468 = CURVE_STYLE('',#17469,POSITIVE_LENGTH_MEASURE(0.1),#16800);
#17469 = DRAUGHTING_PRE_DEFINED_CURVE_FONT('continuous');
#17470 = STYLED_ITEM('color',(#17471),#3700);
#17471 = PRESENTATION_STYLE_ASSIGNMENT((#17472,#17477));
#17472 = SURFACE_STYLE_USAGE(.BOTH.,#17473);
#17473 = SURFACE_SIDE_STYLE('',(#17474));
#17474 = SURFACE_STYLE_FILL_AREA(#17475);
#17475 = FILL_AREA_STYLE('',(#17476));
#17476 = FILL_AREA_STYLE_COLOUR('',#16800);
#17477 = CURVE_STYLE('',#17478,POSITIVE_LENGTH_MEASURE(0.1),#16800);
#17478 = DRAUGHTING_PRE_DEFINED_CURVE_FONT('continuous');
#17479 = STYLED_ITEM('color',(#17480),#3717);
#17480 = PRESENTATION_STYLE_ASSIGNMENT((#17481,#17486));
#17481 = SURFACE_STYLE_USAGE(.BOTH.,#17482);
#17482 = SURFACE_SIDE_STYLE('',(#17483));
#17483 = SURFACE_STYLE_FILL_AREA(#17484);
#17484 = FILL_AREA_STYLE('',(#17485));
#17485 = FILL_AREA_STYLE_COLOUR('',#16800);
#17486 = CURVE_STYLE('',#17487,POSITIVE_LENGTH_MEASURE(0.1),#16800);
#17487 = DRAUGHTING_PRE_DEFINED_CURVE_FONT('continuous');
#17488 = STYLED_ITEM('color',(#17489),#3734);
#17489 = PRESENTATION_STYLE_ASSIGNMENT((#17490,#17495));
#17490 = SURFACE_STYLE_USAGE(.BOTH.,#17491);
#17491 = SURFACE_SIDE_STYLE('',(#17492));
#17492 = SURFACE_STYLE_FILL_AREA(#17493);
#17493 = FILL_AREA_STYLE('',(#17494));
#17494 = FILL_AREA_STYLE_COLOUR('',#16800);
#17495 = CURVE_STYLE('',#17496,POSITIVE_LENGTH_MEASURE(0.1),#16800);
#17496 = DRAUGHTING_PRE_DEFINED_CURVE_FONT('continuous');
#17497 = STYLED_ITEM('color',(#17498),#3746);
#17498 = PRESENTATION_STYLE_ASSIGNMENT((#17499,#17504));
#17499 = SURFACE_STYLE_USAGE(.BOTH.,#17500);
#17500 = SURFACE_SIDE_STYLE('',(#17501));
#17501 = SURFACE_STYLE_FILL_AREA(#17502);
#17502 = FILL_AREA_STYLE('',(#17503));
#17503 = FILL_AREA_STYLE_COLOUR('',#16800);
#17504 = CURVE_STYLE('',#17505,POSITIVE_LENGTH_MEASURE(0.1),#16800);
#17505 = DRAUGHTING_PRE_DEFINED_CURVE_FONT('continuous');
#17506 = STYLED_ITEM('color',(#17507),#3763);
#17507 = PRESENTATION_STYLE_ASSIGNMENT((#17508,#17513));
#17508 = SURFACE_STYLE_USAGE(.BOTH.,#17509);
#17509 = SURFACE_SIDE_STYLE('',(#17510));
#17510 = SURFACE_STYLE_FILL_AREA(#17511);
#17511 = FILL_AREA_STYLE('',(#17512));
#17512 = FILL_AREA_STYLE_COLOUR('',#16800);
#17513 = CURVE_STYLE('',#17514,POSITIVE_LENGTH_MEASURE(0.1),#16800);
#17514 = DRAUGHTING_PRE_DEFINED_CURVE_FONT('continuous');
#17515 = STYLED_ITEM('color',(#17516),#3780);
#17516 = PRESENTATION_STYLE_ASSIGNMENT((#17517,#17522));
#17517 = SURFACE_STYLE_USAGE(.BOTH.,#17518);
#17518 = SURFACE_SIDE_STYLE('',(#17519));
#17519 = SURFACE_STYLE_FILL_AREA(#17520);
#17520 = FILL_AREA_STYLE('',(#17521));
#17521 = FILL_AREA_STYLE_COLOUR('',#16800);
#17522 = CURVE_STYLE('',#17523,POSITIVE_LENGTH_MEASURE(0.1),#16800);
#17523 = DRAUGHTING_PRE_DEFINED_CURVE_FONT('continuous');
#17524 = STYLED_ITEM('color',(#17525),#3797);
#17525 = PRESENTATION_STYLE_ASSIGNMENT((#17526,#17531));
#17526 = SURFACE_STYLE_USAGE(.BOTH.,#17527);
#17527 = SURFACE_SIDE_STYLE('',(#17528));
#17528 = SURFACE_STYLE_FILL_AREA(#17529);
#17529 = FILL_AREA_STYLE('',(#17530));
#17530 = FILL_AREA_STYLE_COLOUR('',#16800);
#17531 = CURVE_STYLE('',#17532,POSITIVE_LENGTH_MEASURE(0.1),#16800);
#17532 = DRAUGHTING_PRE_DEFINED_CURVE_FONT('continuous');
#17533 = STYLED_ITEM('color',(#17534),#3814);
#17534 = PRESENTATION_STYLE_ASSIGNMENT((#17535,#17540));
#17535 = SURFACE_STYLE_USAGE(.BOTH.,#17536);
#17536 = SURFACE_SIDE_STYLE('',(#17537));
#17537 = SURFACE_STYLE_FILL_AREA(#17538);
#17538 = FILL_AREA_STYLE('',(#17539));
#17539 = FILL_AREA_STYLE_COLOUR('',#16800);
#17540 = CURVE_STYLE('',#17541,POSITIVE_LENGTH_MEASURE(0.1),#16800);
#17541 = DRAUGHTING_PRE_DEFINED_CURVE_FONT('continuous');
#17542 = STYLED_ITEM('color',(#17543),#3831);
#17543 = PRESENTATION_STYLE_ASSIGNMENT((#17544,#17549));
#17544 = SURFACE_STYLE_USAGE(.BOTH.,#17545);
#17545 = SURFACE_SIDE_STYLE('',(#17546));
#17546 = SURFACE_STYLE_FILL_AREA(#17547);
#17547 = FILL_AREA_STYLE('',(#17548));
#17548 = FILL_AREA_STYLE_COLOUR('',#16800);
#17549 = CURVE_STYLE('',#17550,POSITIVE_LENGTH_MEASURE(0.1),#16800);
#17550 = DRAUGHTING_PRE_DEFINED_CURVE_FONT('continuous');
#17551 = STYLED_ITEM('color',(#17552),#3843);
#17552 = PRESENTATION_STYLE_ASSIGNMENT((#17553,#17558));
#17553 = SURFACE_STYLE_USAGE(.BOTH.,#17554);
#17554 = SURFACE_SIDE_STYLE('',(#17555));
#17555 = SURFACE_STYLE_FILL_AREA(#17556);
#17556 = FILL_AREA_STYLE('',(#17557));
#17557 = FILL_AREA_STYLE_COLOUR('',#16800);
#17558 = CURVE_STYLE('',#17559,POSITIVE_LENGTH_MEASURE(0.1),#16800);
#17559 = DRAUGHTING_PRE_DEFINED_CURVE_FONT('continuous');
#17560 = STYLED_ITEM('color',(#17561),#3860);
#17561 = PRESENTATION_STYLE_ASSIGNMENT((#17562,#17567));
#17562 = SURFACE_STYLE_USAGE(.BOTH.,#17563);
#17563 = SURFACE_SIDE_STYLE('',(#17564));
#17564 = SURFACE_STYLE_FILL_AREA(#17565);
#17565 = FILL_AREA_STYLE('',(#17566));
#17566 = FILL_AREA_STYLE_COLOUR('',#16800);
#17567 = CURVE_STYLE('',#17568,POSITIVE_LENGTH_MEASURE(0.1),#16800);
#17568 = DRAUGHTING_PRE_DEFINED_CURVE_FONT('continuous');
#17569 = STYLED_ITEM('color',(#17570),#3877);
#17570 = PRESENTATION_STYLE_ASSIGNMENT((#17571,#17576));
#17571 = SURFACE_STYLE_USAGE(.BOTH.,#17572);
#17572 = SURFACE_SIDE_STYLE('',(#17573));
#17573 = SURFACE_STYLE_FILL_AREA(#17574);
#17574 = FILL_AREA_STYLE('',(#17575));
#17575 = FILL_AREA_STYLE_COLOUR('',#16800);
#17576 = CURVE_STYLE('',#17577,POSITIVE_LENGTH_MEASURE(0.1),#16800);
#17577 = DRAUGHTING_PRE_DEFINED_CURVE_FONT('continuous');
#17578 = STYLED_ITEM('color',(#17579),#3894);
#17579 = PRESENTATION_STYLE_ASSIGNMENT((#17580,#17585));
#17580 = SURFACE_STYLE_USAGE(.BOTH.,#17581);
#17581 = SURFACE_SIDE_STYLE('',(#17582));
#17582 = SURFACE_STYLE_FILL_AREA(#17583);
#17583 = FILL_AREA_STYLE('',(#17584));
#17584 = FILL_AREA_STYLE_COLOUR('',#16800);
#17585 = CURVE_STYLE('',#17586,POSITIVE_LENGTH_MEASURE(0.1),#16800);
#17586 = DRAUGHTING_PRE_DEFINED_CURVE_FONT('continuous');
#17587 = STYLED_ITEM('color',(#17588),#3911);
#17588 = PRESENTATION_STYLE_ASSIGNMENT((#17589,#17594));
#17589 = SURFACE_STYLE_USAGE(.BOTH.,#17590);
#17590 = SURFACE_SIDE_STYLE('',(#17591));
#17591 = SURFACE_STYLE_FILL_AREA(#17592);
#17592 = FILL_AREA_STYLE('',(#17593));
#17593 = FILL_AREA_STYLE_COLOUR('',#16800);
#17594 = CURVE_STYLE('',#17595,POSITIVE_LENGTH_MEASURE(0.1),#16800);
#17595 = DRAUGHTING_PRE_DEFINED_CURVE_FONT('continuous');
#17596 = STYLED_ITEM('color',(#17597),#3928);
#17597 = PRESENTATION_STYLE_ASSIGNMENT((#17598,#17603));
#17598 = SURFACE_STYLE_USAGE(.BOTH.,#17599);
#17599 = SURFACE_SIDE_STYLE('',(#17600));
#17600 = SURFACE_STYLE_FILL_AREA(#17601);
#17601 = FILL_AREA_STYLE('',(#17602));
#17602 = FILL_AREA_STYLE_COLOUR('',#16800);
#17603 = CURVE_STYLE('',#17604,POSITIVE_LENGTH_MEASURE(0.1),#16800);
#17604 = DRAUGHTING_PRE_DEFINED_CURVE_FONT('continuous');
#17605 = STYLED_ITEM('color',(#17606),#3940);
#17606 = PRESENTATION_STYLE_ASSIGNMENT((#17607,#17613));
#17607 = SURFACE_STYLE_USAGE(.BOTH.,#17608);
#17608 = SURFACE_SIDE_STYLE('',(#17609));
#17609 = SURFACE_STYLE_FILL_AREA(#17610);
#17610 = FILL_AREA_STYLE('',(#17611));
#17611 = FILL_AREA_STYLE_COLOUR('',#17612);
#17612 = COLOUR_RGB('',0.690999998585,0.664000007176,0.597999987832);
#17613 = CURVE_STYLE('',#17614,POSITIVE_LENGTH_MEASURE(0.1),#17612);
#17614 = DRAUGHTING_PRE_DEFINED_CURVE_FONT('continuous');
#17615 = MECHANICAL_DESIGN_GEOMETRIC_PRESENTATION_REPRESENTATION('',(
    #17616,#17623,#17630,#17637,#17644,#17651,#17658,#17665,#17673,
    #17680,#17687,#17694,#17701,#17708,#17716,#17723,#17730,#17737,
    #17744,#17751,#17758,#17765,#17772,#17779,#17786,#17793),#6477);
#17616 = STYLED_ITEM('color',(#17617),#5689);
#17617 = PRESENTATION_STYLE_ASSIGNMENT((#17618));
#17618 = SURFACE_STYLE_USAGE(.BOTH.,#17619);
#17619 = SURFACE_SIDE_STYLE('',(#17620));
#17620 = SURFACE_STYLE_FILL_AREA(#17621);
#17621 = FILL_AREA_STYLE('',(#17622));
#17622 = FILL_AREA_STYLE_COLOUR('',#16800);
#17623 = STYLED_ITEM('color',(#17624),#5729);
#17624 = PRESENTATION_STYLE_ASSIGNMENT((#17625));
#17625 = SURFACE_STYLE_USAGE(.BOTH.,#17626);
#17626 = SURFACE_SIDE_STYLE('',(#17627));
#17627 = SURFACE_STYLE_FILL_AREA(#17628);
#17628 = FILL_AREA_STYLE('',(#17629));
#17629 = FILL_AREA_STYLE_COLOUR('',#16800);
#17630 = STYLED_ITEM('color',(#17631),#5812);
#17631 = PRESENTATION_STYLE_ASSIGNMENT((#17632));
#17632 = SURFACE_STYLE_USAGE(.BOTH.,#17633);
#17633 = SURFACE_SIDE_STYLE('',(#17634));
#17634 = SURFACE_STYLE_FILL_AREA(#17635);
#17635 = FILL_AREA_STYLE('',(#17636));
#17636 = FILL_AREA_STYLE_COLOUR('',#16800);
#17637 = STYLED_ITEM('color',(#17638),#5837);
#17638 = PRESENTATION_STYLE_ASSIGNMENT((#17639));
#17639 = SURFACE_STYLE_USAGE(.BOTH.,#17640);
#17640 = SURFACE_SIDE_STYLE('',(#17641));
#17641 = SURFACE_STYLE_FILL_AREA(#17642);
#17642 = FILL_AREA_STYLE('',(#17643));
#17643 = FILL_AREA_STYLE_COLOUR('',#16800);
#17644 = STYLED_ITEM('color',(#17645),#5862);
#17645 = PRESENTATION_STYLE_ASSIGNMENT((#17646));
#17646 = SURFACE_STYLE_USAGE(.BOTH.,#17647);
#17647 = SURFACE_SIDE_STYLE('',(#17648));
#17648 = SURFACE_STYLE_FILL_AREA(#17649);
#17649 = FILL_AREA_STYLE('',(#17650));
#17650 = FILL_AREA_STYLE_COLOUR('',#16800);
#17651 = STYLED_ITEM('color',(#17652),#5929);
#17652 = PRESENTATION_STYLE_ASSIGNMENT((#17653));
#17653 = SURFACE_STYLE_USAGE(.BOTH.,#17654);
#17654 = SURFACE_SIDE_STYLE('',(#17655));
#17655 = SURFACE_STYLE_FILL_AREA(#17656);
#17656 = FILL_AREA_STYLE('',(#17657));
#17657 = FILL_AREA_STYLE_COLOUR('',#16800);
#17658 = STYLED_ITEM('color',(#17659),#5946);
#17659 = PRESENTATION_STYLE_ASSIGNMENT((#17660));
#17660 = SURFACE_STYLE_USAGE(.BOTH.,#17661);
#17661 = SURFACE_SIDE_STYLE('',(#17662));
#17662 = SURFACE_STYLE_FILL_AREA(#17663);
#17663 = FILL_AREA_STYLE('',(#17664));
#17664 = FILL_AREA_STYLE_COLOUR('',#16800);
#17665 = STYLED_ITEM('color',(#17666),#5963);
#17666 = PRESENTATION_STYLE_ASSIGNMENT((#17667));
#17667 = SURFACE_STYLE_USAGE(.BOTH.,#17668);
#17668 = SURFACE_SIDE_STYLE('',(#17669));
#17669 = SURFACE_STYLE_FILL_AREA(#17670);
#17670 = FILL_AREA_STYLE('',(#17671));
#17671 = FILL_AREA_STYLE_COLOUR('',#17672);
#17672 = COLOUR_RGB('',0.894999966383,0.890999961016,0.813000030345);
#17673 = STYLED_ITEM('color',(#17674),#6012);
#17674 = PRESENTATION_STYLE_ASSIGNMENT((#17675));
#17675 = SURFACE_STYLE_USAGE(.BOTH.,#17676);
#17676 = SURFACE_SIDE_STYLE('',(#17677));
#17677 = SURFACE_STYLE_FILL_AREA(#17678);
#17678 = FILL_AREA_STYLE('',(#17679));
#17679 = FILL_AREA_STYLE_COLOUR('',#16800);
#17680 = STYLED_ITEM('color',(#17681),#6029);
#17681 = PRESENTATION_STYLE_ASSIGNMENT((#17682));
#17682 = SURFACE_STYLE_USAGE(.BOTH.,#17683);
#17683 = SURFACE_SIDE_STYLE('',(#17684));
#17684 = SURFACE_STYLE_FILL_AREA(#17685);
#17685 = FILL_AREA_STYLE('',(#17686));
#17686 = FILL_AREA_STYLE_COLOUR('',#16800);
#17687 = STYLED_ITEM('color',(#17688),#6046);
#17688 = PRESENTATION_STYLE_ASSIGNMENT((#17689));
#17689 = SURFACE_STYLE_USAGE(.BOTH.,#17690);
#17690 = SURFACE_SIDE_STYLE('',(#17691));
#17691 = SURFACE_STYLE_FILL_AREA(#17692);
#17692 = FILL_AREA_STYLE('',(#17693));
#17693 = FILL_AREA_STYLE_COLOUR('',#17672);
#17694 = STYLED_ITEM('color',(#17695),#6095);
#17695 = PRESENTATION_STYLE_ASSIGNMENT((#17696));
#17696 = SURFACE_STYLE_USAGE(.BOTH.,#17697);
#17697 = SURFACE_SIDE_STYLE('',(#17698));
#17698 = SURFACE_STYLE_FILL_AREA(#17699);
#17699 = FILL_AREA_STYLE('',(#17700));
#17700 = FILL_AREA_STYLE_COLOUR('',#17672);
#17701 = STYLED_ITEM('color',(#17702),#6112);
#17702 = PRESENTATION_STYLE_ASSIGNMENT((#17703));
#17703 = SURFACE_STYLE_USAGE(.BOTH.,#17704);
#17704 = SURFACE_SIDE_STYLE('',(#17705));
#17705 = SURFACE_STYLE_FILL_AREA(#17706);
#17706 = FILL_AREA_STYLE('',(#17707));
#17707 = FILL_AREA_STYLE_COLOUR('',#16800);
#17708 = STYLED_ITEM('color',(#17709),#6181);
#17709 = PRESENTATION_STYLE_ASSIGNMENT((#17710));
#17710 = SURFACE_STYLE_USAGE(.BOTH.,#17711);
#17711 = SURFACE_SIDE_STYLE('',(#17712));
#17712 = SURFACE_STYLE_FILL_AREA(#17713);
#17713 = FILL_AREA_STYLE('',(#17714));
#17714 = FILL_AREA_STYLE_COLOUR('',#17715);
#17715 = COLOUR_RGB('',8.200000279077E-02,8.600000121357E-02,
  9.399999706163E-02);
#17716 = STYLED_ITEM('color',(#17717),#6212);
#17717 = PRESENTATION_STYLE_ASSIGNMENT((#17718));
#17718 = SURFACE_STYLE_USAGE(.BOTH.,#17719);
#17719 = SURFACE_SIDE_STYLE('',(#17720));
#17720 = SURFACE_STYLE_FILL_AREA(#17721);
#17721 = FILL_AREA_STYLE('',(#17722));
#17722 = FILL_AREA_STYLE_COLOUR('',#17715);
#17723 = STYLED_ITEM('color',(#17724),#6236);
#17724 = PRESENTATION_STYLE_ASSIGNMENT((#17725));
#17725 = SURFACE_STYLE_USAGE(.BOTH.,#17726);
#17726 = SURFACE_SIDE_STYLE('',(#17727));
#17727 = SURFACE_STYLE_FILL_AREA(#17728);
#17728 = FILL_AREA_STYLE('',(#17729));
#17729 = FILL_AREA_STYLE_COLOUR('',#16800);
#17730 = STYLED_ITEM('color',(#17731),#6305);
#17731 = PRESENTATION_STYLE_ASSIGNMENT((#17732));
#17732 = SURFACE_STYLE_USAGE(.BOTH.,#17733);
#17733 = SURFACE_SIDE_STYLE('',(#17734));
#17734 = SURFACE_STYLE_FILL_AREA(#17735);
#17735 = FILL_AREA_STYLE('',(#17736));
#17736 = FILL_AREA_STYLE_COLOUR('',#17715);
#17737 = STYLED_ITEM('color',(#17738),#6329);
#17738 = PRESENTATION_STYLE_ASSIGNMENT((#17739));
#17739 = SURFACE_STYLE_USAGE(.BOTH.,#17740);
#17740 = SURFACE_SIDE_STYLE('',(#17741));
#17741 = SURFACE_STYLE_FILL_AREA(#17742);
#17742 = FILL_AREA_STYLE('',(#17743));
#17743 = FILL_AREA_STYLE_COLOUR('',#16800);
#17744 = STYLED_ITEM('color',(#17745),#6346);
#17745 = PRESENTATION_STYLE_ASSIGNMENT((#17746));
#17746 = SURFACE_STYLE_USAGE(.BOTH.,#17747);
#17747 = SURFACE_SIDE_STYLE('',(#17748));
#17748 = SURFACE_STYLE_FILL_AREA(#17749);
#17749 = FILL_AREA_STYLE('',(#17750));
#17750 = FILL_AREA_STYLE_COLOUR('',#16800);
#17751 = STYLED_ITEM('color',(#17752),#6363);
#17752 = PRESENTATION_STYLE_ASSIGNMENT((#17753));
#17753 = SURFACE_STYLE_USAGE(.BOTH.,#17754);
#17754 = SURFACE_SIDE_STYLE('',(#17755));
#17755 = SURFACE_STYLE_FILL_AREA(#17756);
#17756 = FILL_AREA_STYLE('',(#17757));
#17757 = FILL_AREA_STYLE_COLOUR('',#16800);
#17758 = STYLED_ITEM('color',(#17759),#6380);
#17759 = PRESENTATION_STYLE_ASSIGNMENT((#17760));
#17760 = SURFACE_STYLE_USAGE(.BOTH.,#17761);
#17761 = SURFACE_SIDE_STYLE('',(#17762));
#17762 = SURFACE_STYLE_FILL_AREA(#17763);
#17763 = FILL_AREA_STYLE('',(#17764));
#17764 = FILL_AREA_STYLE_COLOUR('',#16800);
#17765 = STYLED_ITEM('color',(#17766),#6397);
#17766 = PRESENTATION_STYLE_ASSIGNMENT((#17767));
#17767 = SURFACE_STYLE_USAGE(.BOTH.,#17768);
#17768 = SURFACE_SIDE_STYLE('',(#17769));
#17769 = SURFACE_STYLE_FILL_AREA(#17770);
#17770 = FILL_AREA_STYLE('',(#17771));
#17771 = FILL_AREA_STYLE_COLOUR('',#16800);
#17772 = STYLED_ITEM('color',(#17773),#6414);
#17773 = PRESENTATION_STYLE_ASSIGNMENT((#17774));
#17774 = SURFACE_STYLE_USAGE(.BOTH.,#17775);
#17775 = SURFACE_SIDE_STYLE('',(#17776));
#17776 = SURFACE_STYLE_FILL_AREA(#17777);
#17777 = FILL_AREA_STYLE('',(#17778));
#17778 = FILL_AREA_STYLE_COLOUR('',#16800);
#17779 = STYLED_ITEM('color',(#17780),#6431);
#17780 = PRESENTATION_STYLE_ASSIGNMENT((#17781));
#17781 = SURFACE_STYLE_USAGE(.BOTH.,#17782);
#17782 = SURFACE_SIDE_STYLE('',(#17783));
#17783 = SURFACE_STYLE_FILL_AREA(#17784);
#17784 = FILL_AREA_STYLE('',(#17785));
#17785 = FILL_AREA_STYLE_COLOUR('',#16800);
#17786 = STYLED_ITEM('color',(#17787),#6448);
#17787 = PRESENTATION_STYLE_ASSIGNMENT((#17788));
#17788 = SURFACE_STYLE_USAGE(.BOTH.,#17789);
#17789 = SURFACE_SIDE_STYLE('',(#17790));
#17790 = SURFACE_STYLE_FILL_AREA(#17791);
#17791 = FILL_AREA_STYLE('',(#17792));
#17792 = FILL_AREA_STYLE_COLOUR('',#17715);
#17793 = STYLED_ITEM('color',(#17794),#6465);
#17794 = PRESENTATION_STYLE_ASSIGNMENT((#17795));
#17795 = SURFACE_STYLE_USAGE(.BOTH.,#17796);
#17796 = SURFACE_SIDE_STYLE('',(#17797));
#17797 = SURFACE_STYLE_FILL_AREA(#17798);
#17798 = FILL_AREA_STYLE('',(#17799));
#17799 = FILL_AREA_STYLE_COLOUR('',#17715);
#17800 = MECHANICAL_DESIGN_GEOMETRIC_PRESENTATION_REPRESENTATION('',(
    #17801,#17808,#17815,#17822,#17829,#17836,#17843,#17850,#17857,
    #17864,#17871,#17878,#17885,#17892,#17899,#17906,#17913,#17920,
    #17927,#17934,#17941,#17948,#17955,#17962,#17969,#17976,#17983,
    #17990,#17997,#18005,#18012,#18019,#18026,#18033,#18040,#18047,
    #18054,#18061,#18068,#18075,#18082,#18089,#18096,#18103,#18110,
    #18117,#18124,#18131,#18138,#18145,#18152,#18159,#18166,#18173,
    #18180,#18187,#18194,#18201,#18208,#18215,#18222,#18229,#18236,
    #18243,#18250,#18257,#18264,#18271,#18278,#18285,#18292,#18299,
    #18306,#18313,#18320,#18327,#18334,#18341,#18348,#18355,#18362,
    #18369,#18376,#18383,#18390,#18397,#18404,#18411,#18418,#18425,
    #18432,#18439,#18446,#18453,#18460,#18467,#18474,#18481,#18488,
    #18495),#9299);
#17801 = STYLED_ITEM('color',(#17802),#6521);
#17802 = PRESENTATION_STYLE_ASSIGNMENT((#17803));
#17803 = SURFACE_STYLE_USAGE(.BOTH.,#17804);
#17804 = SURFACE_SIDE_STYLE('',(#17805));
#17805 = SURFACE_STYLE_FILL_AREA(#17806);
#17806 = FILL_AREA_STYLE('',(#17807));
#17807 = FILL_AREA_STYLE_COLOUR('',#16999);
#17808 = STYLED_ITEM('color',(#17809),#6561);
#17809 = PRESENTATION_STYLE_ASSIGNMENT((#17810));
#17810 = SURFACE_STYLE_USAGE(.BOTH.,#17811);
#17811 = SURFACE_SIDE_STYLE('',(#17812));
#17812 = SURFACE_STYLE_FILL_AREA(#17813);
#17813 = FILL_AREA_STYLE('',(#17814));
#17814 = FILL_AREA_STYLE_COLOUR('',#16999);
#17815 = STYLED_ITEM('color',(#17816),#6592);
#17816 = PRESENTATION_STYLE_ASSIGNMENT((#17817));
#17817 = SURFACE_STYLE_USAGE(.BOTH.,#17818);
#17818 = SURFACE_SIDE_STYLE('',(#17819));
#17819 = SURFACE_STYLE_FILL_AREA(#17820);
#17820 = FILL_AREA_STYLE('',(#17821));
#17821 = FILL_AREA_STYLE_COLOUR('',#16999);
#17822 = STYLED_ITEM('color',(#17823),#6623);
#17823 = PRESENTATION_STYLE_ASSIGNMENT((#17824));
#17824 = SURFACE_STYLE_USAGE(.BOTH.,#17825);
#17825 = SURFACE_SIDE_STYLE('',(#17826));
#17826 = SURFACE_STYLE_FILL_AREA(#17827);
#17827 = FILL_AREA_STYLE('',(#17828));
#17828 = FILL_AREA_STYLE_COLOUR('',#16999);
#17829 = STYLED_ITEM('color',(#17830),#6952);
#17830 = PRESENTATION_STYLE_ASSIGNMENT((#17831));
#17831 = SURFACE_STYLE_USAGE(.BOTH.,#17832);
#17832 = SURFACE_SIDE_STYLE('',(#17833));
#17833 = SURFACE_STYLE_FILL_AREA(#17834);
#17834 = FILL_AREA_STYLE('',(#17835));
#17835 = FILL_AREA_STYLE_COLOUR('',#16999);
#17836 = STYLED_ITEM('color',(#17837),#7281);
#17837 = PRESENTATION_STYLE_ASSIGNMENT((#17838));
#17838 = SURFACE_STYLE_USAGE(.BOTH.,#17839);
#17839 = SURFACE_SIDE_STYLE('',(#17840));
#17840 = SURFACE_STYLE_FILL_AREA(#17841);
#17841 = FILL_AREA_STYLE('',(#17842));
#17842 = FILL_AREA_STYLE_COLOUR('',#16999);
#17843 = STYLED_ITEM('color',(#17844),#7298);
#17844 = PRESENTATION_STYLE_ASSIGNMENT((#17845));
#17845 = SURFACE_STYLE_USAGE(.BOTH.,#17846);
#17846 = SURFACE_SIDE_STYLE('',(#17847));
#17847 = SURFACE_STYLE_FILL_AREA(#17848);
#17848 = FILL_AREA_STYLE('',(#17849));
#17849 = FILL_AREA_STYLE_COLOUR('',#16999);
#17850 = STYLED_ITEM('color',(#17851),#7315);
#17851 = PRESENTATION_STYLE_ASSIGNMENT((#17852));
#17852 = SURFACE_STYLE_USAGE(.BOTH.,#17853);
#17853 = SURFACE_SIDE_STYLE('',(#17854));
#17854 = SURFACE_STYLE_FILL_AREA(#17855);
#17855 = FILL_AREA_STYLE('',(#17856));
#17856 = FILL_AREA_STYLE_COLOUR('',#16999);
#17857 = STYLED_ITEM('color',(#17858),#7332);
#17858 = PRESENTATION_STYLE_ASSIGNMENT((#17859));
#17859 = SURFACE_STYLE_USAGE(.BOTH.,#17860);
#17860 = SURFACE_SIDE_STYLE('',(#17861));
#17861 = SURFACE_STYLE_FILL_AREA(#17862);
#17862 = FILL_AREA_STYLE('',(#17863));
#17863 = FILL_AREA_STYLE_COLOUR('',#16999);
#17864 = STYLED_ITEM('color',(#17865),#7349);
#17865 = PRESENTATION_STYLE_ASSIGNMENT((#17866));
#17866 = SURFACE_STYLE_USAGE(.BOTH.,#17867);
#17867 = SURFACE_SIDE_STYLE('',(#17868));
#17868 = SURFACE_STYLE_FILL_AREA(#17869);
#17869 = FILL_AREA_STYLE('',(#17870));
#17870 = FILL_AREA_STYLE_COLOUR('',#16999);
#17871 = STYLED_ITEM('color',(#17872),#7366);
#17872 = PRESENTATION_STYLE_ASSIGNMENT((#17873));
#17873 = SURFACE_STYLE_USAGE(.BOTH.,#17874);
#17874 = SURFACE_SIDE_STYLE('',(#17875));
#17875 = SURFACE_STYLE_FILL_AREA(#17876);
#17876 = FILL_AREA_STYLE('',(#17877));
#17877 = FILL_AREA_STYLE_COLOUR('',#16999);
#17878 = STYLED_ITEM('color',(#17879),#7383);
#17879 = PRESENTATION_STYLE_ASSIGNMENT((#17880));
#17880 = SURFACE_STYLE_USAGE(.BOTH.,#17881);
#17881 = SURFACE_SIDE_STYLE('',(#17882));
#17882 = SURFACE_STYLE_FILL_AREA(#17883);
#17883 = FILL_AREA_STYLE('',(#17884));
#17884 = FILL_AREA_STYLE_COLOUR('',#16999);
#17885 = STYLED_ITEM('color',(#17886),#7400);
#17886 = PRESENTATION_STYLE_ASSIGNMENT((#17887));
#17887 = SURFACE_STYLE_USAGE(.BOTH.,#17888);
#17888 = SURFACE_SIDE_STYLE('',(#17889));
#17889 = SURFACE_STYLE_FILL_AREA(#17890);
#17890 = FILL_AREA_STYLE('',(#17891));
#17891 = FILL_AREA_STYLE_COLOUR('',#16999);
#17892 = STYLED_ITEM('color',(#17893),#7417);
#17893 = PRESENTATION_STYLE_ASSIGNMENT((#17894));
#17894 = SURFACE_STYLE_USAGE(.BOTH.,#17895);
#17895 = SURFACE_SIDE_STYLE('',(#17896));
#17896 = SURFACE_STYLE_FILL_AREA(#17897);
#17897 = FILL_AREA_STYLE('',(#17898));
#17898 = FILL_AREA_STYLE_COLOUR('',#16999);
#17899 = STYLED_ITEM('color',(#17900),#7434);
#17900 = PRESENTATION_STYLE_ASSIGNMENT((#17901));
#17901 = SURFACE_STYLE_USAGE(.BOTH.,#17902);
#17902 = SURFACE_SIDE_STYLE('',(#17903));
#17903 = SURFACE_STYLE_FILL_AREA(#17904);
#17904 = FILL_AREA_STYLE('',(#17905));
#17905 = FILL_AREA_STYLE_COLOUR('',#16999);
#17906 = STYLED_ITEM('color',(#17907),#7451);
#17907 = PRESENTATION_STYLE_ASSIGNMENT((#17908));
#17908 = SURFACE_STYLE_USAGE(.BOTH.,#17909);
#17909 = SURFACE_SIDE_STYLE('',(#17910));
#17910 = SURFACE_STYLE_FILL_AREA(#17911);
#17911 = FILL_AREA_STYLE('',(#17912));
#17912 = FILL_AREA_STYLE_COLOUR('',#16999);
#17913 = STYLED_ITEM('color',(#17914),#7468);
#17914 = PRESENTATION_STYLE_ASSIGNMENT((#17915));
#17915 = SURFACE_STYLE_USAGE(.BOTH.,#17916);
#17916 = SURFACE_SIDE_STYLE('',(#17917));
#17917 = SURFACE_STYLE_FILL_AREA(#17918);
#17918 = FILL_AREA_STYLE('',(#17919));
#17919 = FILL_AREA_STYLE_COLOUR('',#16999);
#17920 = STYLED_ITEM('color',(#17921),#7485);
#17921 = PRESENTATION_STYLE_ASSIGNMENT((#17922));
#17922 = SURFACE_STYLE_USAGE(.BOTH.,#17923);
#17923 = SURFACE_SIDE_STYLE('',(#17924));
#17924 = SURFACE_STYLE_FILL_AREA(#17925);
#17925 = FILL_AREA_STYLE('',(#17926));
#17926 = FILL_AREA_STYLE_COLOUR('',#16999);
#17927 = STYLED_ITEM('color',(#17928),#7502);
#17928 = PRESENTATION_STYLE_ASSIGNMENT((#17929));
#17929 = SURFACE_STYLE_USAGE(.BOTH.,#17930);
#17930 = SURFACE_SIDE_STYLE('',(#17931));
#17931 = SURFACE_STYLE_FILL_AREA(#17932);
#17932 = FILL_AREA_STYLE('',(#17933));
#17933 = FILL_AREA_STYLE_COLOUR('',#16999);
#17934 = STYLED_ITEM('color',(#17935),#7519);
#17935 = PRESENTATION_STYLE_ASSIGNMENT((#17936));
#17936 = SURFACE_STYLE_USAGE(.BOTH.,#17937);
#17937 = SURFACE_SIDE_STYLE('',(#17938));
#17938 = SURFACE_STYLE_FILL_AREA(#17939);
#17939 = FILL_AREA_STYLE('',(#17940));
#17940 = FILL_AREA_STYLE_COLOUR('',#16999);
#17941 = STYLED_ITEM('color',(#17942),#7536);
#17942 = PRESENTATION_STYLE_ASSIGNMENT((#17943));
#17943 = SURFACE_STYLE_USAGE(.BOTH.,#17944);
#17944 = SURFACE_SIDE_STYLE('',(#17945));
#17945 = SURFACE_STYLE_FILL_AREA(#17946);
#17946 = FILL_AREA_STYLE('',(#17947));
#17947 = FILL_AREA_STYLE_COLOUR('',#16999);
#17948 = STYLED_ITEM('color',(#17949),#7553);
#17949 = PRESENTATION_STYLE_ASSIGNMENT((#17950));
#17950 = SURFACE_STYLE_USAGE(.BOTH.,#17951);
#17951 = SURFACE_SIDE_STYLE('',(#17952));
#17952 = SURFACE_STYLE_FILL_AREA(#17953);
#17953 = FILL_AREA_STYLE('',(#17954));
#17954 = FILL_AREA_STYLE_COLOUR('',#16999);
#17955 = STYLED_ITEM('color',(#17956),#7570);
#17956 = PRESENTATION_STYLE_ASSIGNMENT((#17957));
#17957 = SURFACE_STYLE_USAGE(.BOTH.,#17958);
#17958 = SURFACE_SIDE_STYLE('',(#17959));
#17959 = SURFACE_STYLE_FILL_AREA(#17960);
#17960 = FILL_AREA_STYLE('',(#17961));
#17961 = FILL_AREA_STYLE_COLOUR('',#16999);
#17962 = STYLED_ITEM('color',(#17963),#7587);
#17963 = PRESENTATION_STYLE_ASSIGNMENT((#17964));
#17964 = SURFACE_STYLE_USAGE(.BOTH.,#17965);
#17965 = SURFACE_SIDE_STYLE('',(#17966));
#17966 = SURFACE_STYLE_FILL_AREA(#17967);
#17967 = FILL_AREA_STYLE('',(#17968));
#17968 = FILL_AREA_STYLE_COLOUR('',#16999);
#17969 = STYLED_ITEM('color',(#17970),#7604);
#17970 = PRESENTATION_STYLE_ASSIGNMENT((#17971));
#17971 = SURFACE_STYLE_USAGE(.BOTH.,#17972);
#17972 = SURFACE_SIDE_STYLE('',(#17973));
#17973 = SURFACE_STYLE_FILL_AREA(#17974);
#17974 = FILL_AREA_STYLE('',(#17975));
#17975 = FILL_AREA_STYLE_COLOUR('',#16999);
#17976 = STYLED_ITEM('color',(#17977),#7621);
#17977 = PRESENTATION_STYLE_ASSIGNMENT((#17978));
#17978 = SURFACE_STYLE_USAGE(.BOTH.,#17979);
#17979 = SURFACE_SIDE_STYLE('',(#17980));
#17980 = SURFACE_STYLE_FILL_AREA(#17981);
#17981 = FILL_AREA_STYLE('',(#17982));
#17982 = FILL_AREA_STYLE_COLOUR('',#16999);
#17983 = STYLED_ITEM('color',(#17984),#7638);
#17984 = PRESENTATION_STYLE_ASSIGNMENT((#17985));
#17985 = SURFACE_STYLE_USAGE(.BOTH.,#17986);
#17986 = SURFACE_SIDE_STYLE('',(#17987));
#17987 = SURFACE_STYLE_FILL_AREA(#17988);
#17988 = FILL_AREA_STYLE('',(#17989));
#17989 = FILL_AREA_STYLE_COLOUR('',#16999);
#17990 = STYLED_ITEM('color',(#17991),#7655);
#17991 = PRESENTATION_STYLE_ASSIGNMENT((#17992));
#17992 = SURFACE_STYLE_USAGE(.BOTH.,#17993);
#17993 = SURFACE_SIDE_STYLE('',(#17994));
#17994 = SURFACE_STYLE_FILL_AREA(#17995);
#17995 = FILL_AREA_STYLE('',(#17996));
#17996 = FILL_AREA_STYLE_COLOUR('',#16999);
#17997 = STYLED_ITEM('color',(#17998),#7667);
#17998 = PRESENTATION_STYLE_ASSIGNMENT((#17999));
#17999 = SURFACE_STYLE_USAGE(.BOTH.,#18000);
#18000 = SURFACE_SIDE_STYLE('',(#18001));
#18001 = SURFACE_STYLE_FILL_AREA(#18002);
#18002 = FILL_AREA_STYLE('',(#18003));
#18003 = FILL_AREA_STYLE_COLOUR('',#18004);
#18004 = COLOUR_RGB('',0.859000020776,0.737999965183,0.495999988746);
#18005 = STYLED_ITEM('color',(#18006),#7698);
#18006 = PRESENTATION_STYLE_ASSIGNMENT((#18007));
#18007 = SURFACE_STYLE_USAGE(.BOTH.,#18008);
#18008 = SURFACE_SIDE_STYLE('',(#18009));
#18009 = SURFACE_STYLE_FILL_AREA(#18010);
#18010 = FILL_AREA_STYLE('',(#18011));
#18011 = FILL_AREA_STYLE_COLOUR('',#18004);
#18012 = STYLED_ITEM('color',(#18013),#7722);
#18013 = PRESENTATION_STYLE_ASSIGNMENT((#18014));
#18014 = SURFACE_STYLE_USAGE(.BOTH.,#18015);
#18015 = SURFACE_SIDE_STYLE('',(#18016));
#18016 = SURFACE_STYLE_FILL_AREA(#18017);
#18017 = FILL_AREA_STYLE('',(#18018));
#18018 = FILL_AREA_STYLE_COLOUR('',#18004);
#18019 = STYLED_ITEM('color',(#18020),#7746);
#18020 = PRESENTATION_STYLE_ASSIGNMENT((#18021));
#18021 = SURFACE_STYLE_USAGE(.BOTH.,#18022);
#18022 = SURFACE_SIDE_STYLE('',(#18023));
#18023 = SURFACE_STYLE_FILL_AREA(#18024);
#18024 = FILL_AREA_STYLE('',(#18025));
#18025 = FILL_AREA_STYLE_COLOUR('',#18004);
#18026 = STYLED_ITEM('color',(#18027),#7763);
#18027 = PRESENTATION_STYLE_ASSIGNMENT((#18028));
#18028 = SURFACE_STYLE_USAGE(.BOTH.,#18029);
#18029 = SURFACE_SIDE_STYLE('',(#18030));
#18030 = SURFACE_STYLE_FILL_AREA(#18031);
#18031 = FILL_AREA_STYLE('',(#18032));
#18032 = FILL_AREA_STYLE_COLOUR('',#18004);
#18033 = STYLED_ITEM('color',(#18034),#7794);
#18034 = PRESENTATION_STYLE_ASSIGNMENT((#18035));
#18035 = SURFACE_STYLE_USAGE(.BOTH.,#18036);
#18036 = SURFACE_SIDE_STYLE('',(#18037));
#18037 = SURFACE_STYLE_FILL_AREA(#18038);
#18038 = FILL_AREA_STYLE('',(#18039));
#18039 = FILL_AREA_STYLE_COLOUR('',#18004);
#18040 = STYLED_ITEM('color',(#18041),#7818);
#18041 = PRESENTATION_STYLE_ASSIGNMENT((#18042));
#18042 = SURFACE_STYLE_USAGE(.BOTH.,#18043);
#18043 = SURFACE_SIDE_STYLE('',(#18044));
#18044 = SURFACE_STYLE_FILL_AREA(#18045);
#18045 = FILL_AREA_STYLE('',(#18046));
#18046 = FILL_AREA_STYLE_COLOUR('',#18004);
#18047 = STYLED_ITEM('color',(#18048),#7842);
#18048 = PRESENTATION_STYLE_ASSIGNMENT((#18049));
#18049 = SURFACE_STYLE_USAGE(.BOTH.,#18050);
#18050 = SURFACE_SIDE_STYLE('',(#18051));
#18051 = SURFACE_STYLE_FILL_AREA(#18052);
#18052 = FILL_AREA_STYLE('',(#18053));
#18053 = FILL_AREA_STYLE_COLOUR('',#18004);
#18054 = STYLED_ITEM('color',(#18055),#7859);
#18055 = PRESENTATION_STYLE_ASSIGNMENT((#18056));
#18056 = SURFACE_STYLE_USAGE(.BOTH.,#18057);
#18057 = SURFACE_SIDE_STYLE('',(#18058));
#18058 = SURFACE_STYLE_FILL_AREA(#18059);
#18059 = FILL_AREA_STYLE('',(#18060));
#18060 = FILL_AREA_STYLE_COLOUR('',#18004);
#18061 = STYLED_ITEM('color',(#18062),#7890);
#18062 = PRESENTATION_STYLE_ASSIGNMENT((#18063));
#18063 = SURFACE_STYLE_USAGE(.BOTH.,#18064);
#18064 = SURFACE_SIDE_STYLE('',(#18065));
#18065 = SURFACE_STYLE_FILL_AREA(#18066);
#18066 = FILL_AREA_STYLE('',(#18067));
#18067 = FILL_AREA_STYLE_COLOUR('',#18004);
#18068 = STYLED_ITEM('color',(#18069),#7914);
#18069 = PRESENTATION_STYLE_ASSIGNMENT((#18070));
#18070 = SURFACE_STYLE_USAGE(.BOTH.,#18071);
#18071 = SURFACE_SIDE_STYLE('',(#18072));
#18072 = SURFACE_STYLE_FILL_AREA(#18073);
#18073 = FILL_AREA_STYLE('',(#18074));
#18074 = FILL_AREA_STYLE_COLOUR('',#18004);
#18075 = STYLED_ITEM('color',(#18076),#7938);
#18076 = PRESENTATION_STYLE_ASSIGNMENT((#18077));
#18077 = SURFACE_STYLE_USAGE(.BOTH.,#18078);
#18078 = SURFACE_SIDE_STYLE('',(#18079));
#18079 = SURFACE_STYLE_FILL_AREA(#18080);
#18080 = FILL_AREA_STYLE('',(#18081));
#18081 = FILL_AREA_STYLE_COLOUR('',#18004);
#18082 = STYLED_ITEM('color',(#18083),#7955);
#18083 = PRESENTATION_STYLE_ASSIGNMENT((#18084));
#18084 = SURFACE_STYLE_USAGE(.BOTH.,#18085);
#18085 = SURFACE_SIDE_STYLE('',(#18086));
#18086 = SURFACE_STYLE_FILL_AREA(#18087);
#18087 = FILL_AREA_STYLE('',(#18088));
#18088 = FILL_AREA_STYLE_COLOUR('',#18004);
#18089 = STYLED_ITEM('color',(#18090),#7986);
#18090 = PRESENTATION_STYLE_ASSIGNMENT((#18091));
#18091 = SURFACE_STYLE_USAGE(.BOTH.,#18092);
#18092 = SURFACE_SIDE_STYLE('',(#18093));
#18093 = SURFACE_STYLE_FILL_AREA(#18094);
#18094 = FILL_AREA_STYLE('',(#18095));
#18095 = FILL_AREA_STYLE_COLOUR('',#18004);
#18096 = STYLED_ITEM('color',(#18097),#8010);
#18097 = PRESENTATION_STYLE_ASSIGNMENT((#18098));
#18098 = SURFACE_STYLE_USAGE(.BOTH.,#18099);
#18099 = SURFACE_SIDE_STYLE('',(#18100));
#18100 = SURFACE_STYLE_FILL_AREA(#18101);
#18101 = FILL_AREA_STYLE('',(#18102));
#18102 = FILL_AREA_STYLE_COLOUR('',#18004);
#18103 = STYLED_ITEM('color',(#18104),#8034);
#18104 = PRESENTATION_STYLE_ASSIGNMENT((#18105));
#18105 = SURFACE_STYLE_USAGE(.BOTH.,#18106);
#18106 = SURFACE_SIDE_STYLE('',(#18107));
#18107 = SURFACE_STYLE_FILL_AREA(#18108);
#18108 = FILL_AREA_STYLE('',(#18109));
#18109 = FILL_AREA_STYLE_COLOUR('',#18004);
#18110 = STYLED_ITEM('color',(#18111),#8051);
#18111 = PRESENTATION_STYLE_ASSIGNMENT((#18112));
#18112 = SURFACE_STYLE_USAGE(.BOTH.,#18113);
#18113 = SURFACE_SIDE_STYLE('',(#18114));
#18114 = SURFACE_STYLE_FILL_AREA(#18115);
#18115 = FILL_AREA_STYLE('',(#18116));
#18116 = FILL_AREA_STYLE_COLOUR('',#18004);
#18117 = STYLED_ITEM('color',(#18118),#8082);
#18118 = PRESENTATION_STYLE_ASSIGNMENT((#18119));
#18119 = SURFACE_STYLE_USAGE(.BOTH.,#18120);
#18120 = SURFACE_SIDE_STYLE('',(#18121));
#18121 = SURFACE_STYLE_FILL_AREA(#18122);
#18122 = FILL_AREA_STYLE('',(#18123));
#18123 = FILL_AREA_STYLE_COLOUR('',#18004);
#18124 = STYLED_ITEM('color',(#18125),#8106);
#18125 = PRESENTATION_STYLE_ASSIGNMENT((#18126));
#18126 = SURFACE_STYLE_USAGE(.BOTH.,#18127);
#18127 = SURFACE_SIDE_STYLE('',(#18128));
#18128 = SURFACE_STYLE_FILL_AREA(#18129);
#18129 = FILL_AREA_STYLE('',(#18130));
#18130 = FILL_AREA_STYLE_COLOUR('',#18004);
#18131 = STYLED_ITEM('color',(#18132),#8130);
#18132 = PRESENTATION_STYLE_ASSIGNMENT((#18133));
#18133 = SURFACE_STYLE_USAGE(.BOTH.,#18134);
#18134 = SURFACE_SIDE_STYLE('',(#18135));
#18135 = SURFACE_STYLE_FILL_AREA(#18136);
#18136 = FILL_AREA_STYLE('',(#18137));
#18137 = FILL_AREA_STYLE_COLOUR('',#18004);
#18138 = STYLED_ITEM('color',(#18139),#8147);
#18139 = PRESENTATION_STYLE_ASSIGNMENT((#18140));
#18140 = SURFACE_STYLE_USAGE(.BOTH.,#18141);
#18141 = SURFACE_SIDE_STYLE('',(#18142));
#18142 = SURFACE_STYLE_FILL_AREA(#18143);
#18143 = FILL_AREA_STYLE('',(#18144));
#18144 = FILL_AREA_STYLE_COLOUR('',#18004);
#18145 = STYLED_ITEM('color',(#18146),#8178);
#18146 = PRESENTATION_STYLE_ASSIGNMENT((#18147));
#18147 = SURFACE_STYLE_USAGE(.BOTH.,#18148);
#18148 = SURFACE_SIDE_STYLE('',(#18149));
#18149 = SURFACE_STYLE_FILL_AREA(#18150);
#18150 = FILL_AREA_STYLE('',(#18151));
#18151 = FILL_AREA_STYLE_COLOUR('',#18004);
#18152 = STYLED_ITEM('color',(#18153),#8202);
#18153 = PRESENTATION_STYLE_ASSIGNMENT((#18154));
#18154 = SURFACE_STYLE_USAGE(.BOTH.,#18155);
#18155 = SURFACE_SIDE_STYLE('',(#18156));
#18156 = SURFACE_STYLE_FILL_AREA(#18157);
#18157 = FILL_AREA_STYLE('',(#18158));
#18158 = FILL_AREA_STYLE_COLOUR('',#18004);
#18159 = STYLED_ITEM('color',(#18160),#8226);
#18160 = PRESENTATION_STYLE_ASSIGNMENT((#18161));
#18161 = SURFACE_STYLE_USAGE(.BOTH.,#18162);
#18162 = SURFACE_SIDE_STYLE('',(#18163));
#18163 = SURFACE_STYLE_FILL_AREA(#18164);
#18164 = FILL_AREA_STYLE('',(#18165));
#18165 = FILL_AREA_STYLE_COLOUR('',#18004);
#18166 = STYLED_ITEM('color',(#18167),#8243);
#18167 = PRESENTATION_STYLE_ASSIGNMENT((#18168));
#18168 = SURFACE_STYLE_USAGE(.BOTH.,#18169);
#18169 = SURFACE_SIDE_STYLE('',(#18170));
#18170 = SURFACE_STYLE_FILL_AREA(#18171);
#18171 = FILL_AREA_STYLE('',(#18172));
#18172 = FILL_AREA_STYLE_COLOUR('',#18004);
#18173 = STYLED_ITEM('color',(#18174),#8274);
#18174 = PRESENTATION_STYLE_ASSIGNMENT((#18175));
#18175 = SURFACE_STYLE_USAGE(.BOTH.,#18176);
#18176 = SURFACE_SIDE_STYLE('',(#18177));
#18177 = SURFACE_STYLE_FILL_AREA(#18178);
#18178 = FILL_AREA_STYLE('',(#18179));
#18179 = FILL_AREA_STYLE_COLOUR('',#18004);
#18180 = STYLED_ITEM('color',(#18181),#8298);
#18181 = PRESENTATION_STYLE_ASSIGNMENT((#18182));
#18182 = SURFACE_STYLE_USAGE(.BOTH.,#18183);
#18183 = SURFACE_SIDE_STYLE('',(#18184));
#18184 = SURFACE_STYLE_FILL_AREA(#18185);
#18185 = FILL_AREA_STYLE('',(#18186));
#18186 = FILL_AREA_STYLE_COLOUR('',#18004);
#18187 = STYLED_ITEM('color',(#18188),#8322);
#18188 = PRESENTATION_STYLE_ASSIGNMENT((#18189));
#18189 = SURFACE_STYLE_USAGE(.BOTH.,#18190);
#18190 = SURFACE_SIDE_STYLE('',(#18191));
#18191 = SURFACE_STYLE_FILL_AREA(#18192);
#18192 = FILL_AREA_STYLE('',(#18193));
#18193 = FILL_AREA_STYLE_COLOUR('',#18004);
#18194 = STYLED_ITEM('color',(#18195),#8339);
#18195 = PRESENTATION_STYLE_ASSIGNMENT((#18196));
#18196 = SURFACE_STYLE_USAGE(.BOTH.,#18197);
#18197 = SURFACE_SIDE_STYLE('',(#18198));
#18198 = SURFACE_STYLE_FILL_AREA(#18199);
#18199 = FILL_AREA_STYLE('',(#18200));
#18200 = FILL_AREA_STYLE_COLOUR('',#18004);
#18201 = STYLED_ITEM('color',(#18202),#8370);
#18202 = PRESENTATION_STYLE_ASSIGNMENT((#18203));
#18203 = SURFACE_STYLE_USAGE(.BOTH.,#18204);
#18204 = SURFACE_SIDE_STYLE('',(#18205));
#18205 = SURFACE_STYLE_FILL_AREA(#18206);
#18206 = FILL_AREA_STYLE('',(#18207));
#18207 = FILL_AREA_STYLE_COLOUR('',#18004);
#18208 = STYLED_ITEM('color',(#18209),#8394);
#18209 = PRESENTATION_STYLE_ASSIGNMENT((#18210));
#18210 = SURFACE_STYLE_USAGE(.BOTH.,#18211);
#18211 = SURFACE_SIDE_STYLE('',(#18212));
#18212 = SURFACE_STYLE_FILL_AREA(#18213);
#18213 = FILL_AREA_STYLE('',(#18214));
#18214 = FILL_AREA_STYLE_COLOUR('',#18004);
#18215 = STYLED_ITEM('color',(#18216),#8418);
#18216 = PRESENTATION_STYLE_ASSIGNMENT((#18217));
#18217 = SURFACE_STYLE_USAGE(.BOTH.,#18218);
#18218 = SURFACE_SIDE_STYLE('',(#18219));
#18219 = SURFACE_STYLE_FILL_AREA(#18220);
#18220 = FILL_AREA_STYLE('',(#18221));
#18221 = FILL_AREA_STYLE_COLOUR('',#18004);
#18222 = STYLED_ITEM('color',(#18223),#8435);
#18223 = PRESENTATION_STYLE_ASSIGNMENT((#18224));
#18224 = SURFACE_STYLE_USAGE(.BOTH.,#18225);
#18225 = SURFACE_SIDE_STYLE('',(#18226));
#18226 = SURFACE_STYLE_FILL_AREA(#18227);
#18227 = FILL_AREA_STYLE('',(#18228));
#18228 = FILL_AREA_STYLE_COLOUR('',#18004);
#18229 = STYLED_ITEM('color',(#18230),#8466);
#18230 = PRESENTATION_STYLE_ASSIGNMENT((#18231));
#18231 = SURFACE_STYLE_USAGE(.BOTH.,#18232);
#18232 = SURFACE_SIDE_STYLE('',(#18233));
#18233 = SURFACE_STYLE_FILL_AREA(#18234);
#18234 = FILL_AREA_STYLE('',(#18235));
#18235 = FILL_AREA_STYLE_COLOUR('',#18004);
#18236 = STYLED_ITEM('color',(#18237),#8490);
#18237 = PRESENTATION_STYLE_ASSIGNMENT((#18238));
#18238 = SURFACE_STYLE_USAGE(.BOTH.,#18239);
#18239 = SURFACE_SIDE_STYLE('',(#18240));
#18240 = SURFACE_STYLE_FILL_AREA(#18241);
#18241 = FILL_AREA_STYLE('',(#18242));
#18242 = FILL_AREA_STYLE_COLOUR('',#18004);
#18243 = STYLED_ITEM('color',(#18244),#8514);
#18244 = PRESENTATION_STYLE_ASSIGNMENT((#18245));
#18245 = SURFACE_STYLE_USAGE(.BOTH.,#18246);
#18246 = SURFACE_SIDE_STYLE('',(#18247));
#18247 = SURFACE_STYLE_FILL_AREA(#18248);
#18248 = FILL_AREA_STYLE('',(#18249));
#18249 = FILL_AREA_STYLE_COLOUR('',#18004);
#18250 = STYLED_ITEM('color',(#18251),#8531);
#18251 = PRESENTATION_STYLE_ASSIGNMENT((#18252));
#18252 = SURFACE_STYLE_USAGE(.BOTH.,#18253);
#18253 = SURFACE_SIDE_STYLE('',(#18254));
#18254 = SURFACE_STYLE_FILL_AREA(#18255);
#18255 = FILL_AREA_STYLE('',(#18256));
#18256 = FILL_AREA_STYLE_COLOUR('',#18004);
#18257 = STYLED_ITEM('color',(#18258),#8562);
#18258 = PRESENTATION_STYLE_ASSIGNMENT((#18259));
#18259 = SURFACE_STYLE_USAGE(.BOTH.,#18260);
#18260 = SURFACE_SIDE_STYLE('',(#18261));
#18261 = SURFACE_STYLE_FILL_AREA(#18262);
#18262 = FILL_AREA_STYLE('',(#18263));
#18263 = FILL_AREA_STYLE_COLOUR('',#18004);
#18264 = STYLED_ITEM('color',(#18265),#8586);
#18265 = PRESENTATION_STYLE_ASSIGNMENT((#18266));
#18266 = SURFACE_STYLE_USAGE(.BOTH.,#18267);
#18267 = SURFACE_SIDE_STYLE('',(#18268));
#18268 = SURFACE_STYLE_FILL_AREA(#18269);
#18269 = FILL_AREA_STYLE('',(#18270));
#18270 = FILL_AREA_STYLE_COLOUR('',#18004);
#18271 = STYLED_ITEM('color',(#18272),#8610);
#18272 = PRESENTATION_STYLE_ASSIGNMENT((#18273));
#18273 = SURFACE_STYLE_USAGE(.BOTH.,#18274);
#18274 = SURFACE_SIDE_STYLE('',(#18275));
#18275 = SURFACE_STYLE_FILL_AREA(#18276);
#18276 = FILL_AREA_STYLE('',(#18277));
#18277 = FILL_AREA_STYLE_COLOUR('',#18004);
#18278 = STYLED_ITEM('color',(#18279),#8627);
#18279 = PRESENTATION_STYLE_ASSIGNMENT((#18280));
#18280 = SURFACE_STYLE_USAGE(.BOTH.,#18281);
#18281 = SURFACE_SIDE_STYLE('',(#18282));
#18282 = SURFACE_STYLE_FILL_AREA(#18283);
#18283 = FILL_AREA_STYLE('',(#18284));
#18284 = FILL_AREA_STYLE_COLOUR('',#18004);
#18285 = STYLED_ITEM('color',(#18286),#8658);
#18286 = PRESENTATION_STYLE_ASSIGNMENT((#18287));
#18287 = SURFACE_STYLE_USAGE(.BOTH.,#18288);
#18288 = SURFACE_SIDE_STYLE('',(#18289));
#18289 = SURFACE_STYLE_FILL_AREA(#18290);
#18290 = FILL_AREA_STYLE('',(#18291));
#18291 = FILL_AREA_STYLE_COLOUR('',#18004);
#18292 = STYLED_ITEM('color',(#18293),#8682);
#18293 = PRESENTATION_STYLE_ASSIGNMENT((#18294));
#18294 = SURFACE_STYLE_USAGE(.BOTH.,#18295);
#18295 = SURFACE_SIDE_STYLE('',(#18296));
#18296 = SURFACE_STYLE_FILL_AREA(#18297);
#18297 = FILL_AREA_STYLE('',(#18298));
#18298 = FILL_AREA_STYLE_COLOUR('',#18004);
#18299 = STYLED_ITEM('color',(#18300),#8706);
#18300 = PRESENTATION_STYLE_ASSIGNMENT((#18301));
#18301 = SURFACE_STYLE_USAGE(.BOTH.,#18302);
#18302 = SURFACE_SIDE_STYLE('',(#18303));
#18303 = SURFACE_STYLE_FILL_AREA(#18304);
#18304 = FILL_AREA_STYLE('',(#18305));
#18305 = FILL_AREA_STYLE_COLOUR('',#18004);
#18306 = STYLED_ITEM('color',(#18307),#8723);
#18307 = PRESENTATION_STYLE_ASSIGNMENT((#18308));
#18308 = SURFACE_STYLE_USAGE(.BOTH.,#18309);
#18309 = SURFACE_SIDE_STYLE('',(#18310));
#18310 = SURFACE_STYLE_FILL_AREA(#18311);
#18311 = FILL_AREA_STYLE('',(#18312));
#18312 = FILL_AREA_STYLE_COLOUR('',#18004);
#18313 = STYLED_ITEM('color',(#18314),#8754);
#18314 = PRESENTATION_STYLE_ASSIGNMENT((#18315));
#18315 = SURFACE_STYLE_USAGE(.BOTH.,#18316);
#18316 = SURFACE_SIDE_STYLE('',(#18317));
#18317 = SURFACE_STYLE_FILL_AREA(#18318);
#18318 = FILL_AREA_STYLE('',(#18319));
#18319 = FILL_AREA_STYLE_COLOUR('',#18004);
#18320 = STYLED_ITEM('color',(#18321),#8778);
#18321 = PRESENTATION_STYLE_ASSIGNMENT((#18322));
#18322 = SURFACE_STYLE_USAGE(.BOTH.,#18323);
#18323 = SURFACE_SIDE_STYLE('',(#18324));
#18324 = SURFACE_STYLE_FILL_AREA(#18325);
#18325 = FILL_AREA_STYLE('',(#18326));
#18326 = FILL_AREA_STYLE_COLOUR('',#18004);
#18327 = STYLED_ITEM('color',(#18328),#8802);
#18328 = PRESENTATION_STYLE_ASSIGNMENT((#18329));
#18329 = SURFACE_STYLE_USAGE(.BOTH.,#18330);
#18330 = SURFACE_SIDE_STYLE('',(#18331));
#18331 = SURFACE_STYLE_FILL_AREA(#18332);
#18332 = FILL_AREA_STYLE('',(#18333));
#18333 = FILL_AREA_STYLE_COLOUR('',#18004);
#18334 = STYLED_ITEM('color',(#18335),#8819);
#18335 = PRESENTATION_STYLE_ASSIGNMENT((#18336));
#18336 = SURFACE_STYLE_USAGE(.BOTH.,#18337);
#18337 = SURFACE_SIDE_STYLE('',(#18338));
#18338 = SURFACE_STYLE_FILL_AREA(#18339);
#18339 = FILL_AREA_STYLE('',(#18340));
#18340 = FILL_AREA_STYLE_COLOUR('',#18004);
#18341 = STYLED_ITEM('color',(#18342),#8850);
#18342 = PRESENTATION_STYLE_ASSIGNMENT((#18343));
#18343 = SURFACE_STYLE_USAGE(.BOTH.,#18344);
#18344 = SURFACE_SIDE_STYLE('',(#18345));
#18345 = SURFACE_STYLE_FILL_AREA(#18346);
#18346 = FILL_AREA_STYLE('',(#18347));
#18347 = FILL_AREA_STYLE_COLOUR('',#18004);
#18348 = STYLED_ITEM('color',(#18349),#8874);
#18349 = PRESENTATION_STYLE_ASSIGNMENT((#18350));
#18350 = SURFACE_STYLE_USAGE(.BOTH.,#18351);
#18351 = SURFACE_SIDE_STYLE('',(#18352));
#18352 = SURFACE_STYLE_FILL_AREA(#18353);
#18353 = FILL_AREA_STYLE('',(#18354));
#18354 = FILL_AREA_STYLE_COLOUR('',#18004);
#18355 = STYLED_ITEM('color',(#18356),#8898);
#18356 = PRESENTATION_STYLE_ASSIGNMENT((#18357));
#18357 = SURFACE_STYLE_USAGE(.BOTH.,#18358);
#18358 = SURFACE_SIDE_STYLE('',(#18359));
#18359 = SURFACE_STYLE_FILL_AREA(#18360);
#18360 = FILL_AREA_STYLE('',(#18361));
#18361 = FILL_AREA_STYLE_COLOUR('',#18004);
#18362 = STYLED_ITEM('color',(#18363),#8915);
#18363 = PRESENTATION_STYLE_ASSIGNMENT((#18364));
#18364 = SURFACE_STYLE_USAGE(.BOTH.,#18365);
#18365 = SURFACE_SIDE_STYLE('',(#18366));
#18366 = SURFACE_STYLE_FILL_AREA(#18367);
#18367 = FILL_AREA_STYLE('',(#18368));
#18368 = FILL_AREA_STYLE_COLOUR('',#18004);
#18369 = STYLED_ITEM('color',(#18370),#8946);
#18370 = PRESENTATION_STYLE_ASSIGNMENT((#18371));
#18371 = SURFACE_STYLE_USAGE(.BOTH.,#18372);
#18372 = SURFACE_SIDE_STYLE('',(#18373));
#18373 = SURFACE_STYLE_FILL_AREA(#18374);
#18374 = FILL_AREA_STYLE('',(#18375));
#18375 = FILL_AREA_STYLE_COLOUR('',#18004);
#18376 = STYLED_ITEM('color',(#18377),#8970);
#18377 = PRESENTATION_STYLE_ASSIGNMENT((#18378));
#18378 = SURFACE_STYLE_USAGE(.BOTH.,#18379);
#18379 = SURFACE_SIDE_STYLE('',(#18380));
#18380 = SURFACE_STYLE_FILL_AREA(#18381);
#18381 = FILL_AREA_STYLE('',(#18382));
#18382 = FILL_AREA_STYLE_COLOUR('',#18004);
#18383 = STYLED_ITEM('color',(#18384),#8994);
#18384 = PRESENTATION_STYLE_ASSIGNMENT((#18385));
#18385 = SURFACE_STYLE_USAGE(.BOTH.,#18386);
#18386 = SURFACE_SIDE_STYLE('',(#18387));
#18387 = SURFACE_STYLE_FILL_AREA(#18388);
#18388 = FILL_AREA_STYLE('',(#18389));
#18389 = FILL_AREA_STYLE_COLOUR('',#18004);
#18390 = STYLED_ITEM('color',(#18391),#9011);
#18391 = PRESENTATION_STYLE_ASSIGNMENT((#18392));
#18392 = SURFACE_STYLE_USAGE(.BOTH.,#18393);
#18393 = SURFACE_SIDE_STYLE('',(#18394));
#18394 = SURFACE_STYLE_FILL_AREA(#18395);
#18395 = FILL_AREA_STYLE('',(#18396));
#18396 = FILL_AREA_STYLE_COLOUR('',#18004);
#18397 = STYLED_ITEM('color',(#18398),#9042);
#18398 = PRESENTATION_STYLE_ASSIGNMENT((#18399));
#18399 = SURFACE_STYLE_USAGE(.BOTH.,#18400);
#18400 = SURFACE_SIDE_STYLE('',(#18401));
#18401 = SURFACE_STYLE_FILL_AREA(#18402);
#18402 = FILL_AREA_STYLE('',(#18403));
#18403 = FILL_AREA_STYLE_COLOUR('',#18004);
#18404 = STYLED_ITEM('color',(#18405),#9066);
#18405 = PRESENTATION_STYLE_ASSIGNMENT((#18406));
#18406 = SURFACE_STYLE_USAGE(.BOTH.,#18407);
#18407 = SURFACE_SIDE_STYLE('',(#18408));
#18408 = SURFACE_STYLE_FILL_AREA(#18409);
#18409 = FILL_AREA_STYLE('',(#18410));
#18410 = FILL_AREA_STYLE_COLOUR('',#18004);
#18411 = STYLED_ITEM('color',(#18412),#9090);
#18412 = PRESENTATION_STYLE_ASSIGNMENT((#18413));
#18413 = SURFACE_STYLE_USAGE(.BOTH.,#18414);
#18414 = SURFACE_SIDE_STYLE('',(#18415));
#18415 = SURFACE_STYLE_FILL_AREA(#18416);
#18416 = FILL_AREA_STYLE('',(#18417));
#18417 = FILL_AREA_STYLE_COLOUR('',#18004);
#18418 = STYLED_ITEM('color',(#18419),#9107);
#18419 = PRESENTATION_STYLE_ASSIGNMENT((#18420));
#18420 = SURFACE_STYLE_USAGE(.BOTH.,#18421);
#18421 = SURFACE_SIDE_STYLE('',(#18422));
#18422 = SURFACE_STYLE_FILL_AREA(#18423);
#18423 = FILL_AREA_STYLE('',(#18424));
#18424 = FILL_AREA_STYLE_COLOUR('',#18004);
#18425 = STYLED_ITEM('color',(#18426),#9138);
#18426 = PRESENTATION_STYLE_ASSIGNMENT((#18427));
#18427 = SURFACE_STYLE_USAGE(.BOTH.,#18428);
#18428 = SURFACE_SIDE_STYLE('',(#18429));
#18429 = SURFACE_STYLE_FILL_AREA(#18430);
#18430 = FILL_AREA_STYLE('',(#18431));
#18431 = FILL_AREA_STYLE_COLOUR('',#18004);
#18432 = STYLED_ITEM('color',(#18433),#9162);
#18433 = PRESENTATION_STYLE_ASSIGNMENT((#18434));
#18434 = SURFACE_STYLE_USAGE(.BOTH.,#18435);
#18435 = SURFACE_SIDE_STYLE('',(#18436));
#18436 = SURFACE_STYLE_FILL_AREA(#18437);
#18437 = FILL_AREA_STYLE('',(#18438));
#18438 = FILL_AREA_STYLE_COLOUR('',#18004);
#18439 = STYLED_ITEM('color',(#18440),#9186);
#18440 = PRESENTATION_STYLE_ASSIGNMENT((#18441));
#18441 = SURFACE_STYLE_USAGE(.BOTH.,#18442);
#18442 = SURFACE_SIDE_STYLE('',(#18443));
#18443 = SURFACE_STYLE_FILL_AREA(#18444);
#18444 = FILL_AREA_STYLE('',(#18445));
#18445 = FILL_AREA_STYLE_COLOUR('',#18004);
#18446 = STYLED_ITEM('color',(#18447),#9203);
#18447 = PRESENTATION_STYLE_ASSIGNMENT((#18448));
#18448 = SURFACE_STYLE_USAGE(.BOTH.,#18449);
#18449 = SURFACE_SIDE_STYLE('',(#18450));
#18450 = SURFACE_STYLE_FILL_AREA(#18451);
#18451 = FILL_AREA_STYLE('',(#18452));
#18452 = FILL_AREA_STYLE_COLOUR('',#18004);
#18453 = STYLED_ITEM('color',(#18454),#9215);
#18454 = PRESENTATION_STYLE_ASSIGNMENT((#18455));
#18455 = SURFACE_STYLE_USAGE(.BOTH.,#18456);
#18456 = SURFACE_SIDE_STYLE('',(#18457));
#18457 = SURFACE_STYLE_FILL_AREA(#18458);
#18458 = FILL_AREA_STYLE('',(#18459));
#18459 = FILL_AREA_STYLE_COLOUR('',#18004);
#18460 = STYLED_ITEM('color',(#18461),#9227);
#18461 = PRESENTATION_STYLE_ASSIGNMENT((#18462));
#18462 = SURFACE_STYLE_USAGE(.BOTH.,#18463);
#18463 = SURFACE_SIDE_STYLE('',(#18464));
#18464 = SURFACE_STYLE_FILL_AREA(#18465);
#18465 = FILL_AREA_STYLE('',(#18466));
#18466 = FILL_AREA_STYLE_COLOUR('',#18004);
#18467 = STYLED_ITEM('color',(#18468),#9239);
#18468 = PRESENTATION_STYLE_ASSIGNMENT((#18469));
#18469 = SURFACE_STYLE_USAGE(.BOTH.,#18470);
#18470 = SURFACE_SIDE_STYLE('',(#18471));
#18471 = SURFACE_STYLE_FILL_AREA(#18472);
#18472 = FILL_AREA_STYLE('',(#18473));
#18473 = FILL_AREA_STYLE_COLOUR('',#18004);
#18474 = STYLED_ITEM('color',(#18475),#9251);
#18475 = PRESENTATION_STYLE_ASSIGNMENT((#18476));
#18476 = SURFACE_STYLE_USAGE(.BOTH.,#18477);
#18477 = SURFACE_SIDE_STYLE('',(#18478));
#18478 = SURFACE_STYLE_FILL_AREA(#18479);
#18479 = FILL_AREA_STYLE('',(#18480));
#18480 = FILL_AREA_STYLE_COLOUR('',#18004);
#18481 = STYLED_ITEM('color',(#18482),#9263);
#18482 = PRESENTATION_STYLE_ASSIGNMENT((#18483));
#18483 = SURFACE_STYLE_USAGE(.BOTH.,#18484);
#18484 = SURFACE_SIDE_STYLE('',(#18485));
#18485 = SURFACE_STYLE_FILL_AREA(#18486);
#18486 = FILL_AREA_STYLE('',(#18487));
#18487 = FILL_AREA_STYLE_COLOUR('',#18004);
#18488 = STYLED_ITEM('color',(#18489),#9275);
#18489 = PRESENTATION_STYLE_ASSIGNMENT((#18490));
#18490 = SURFACE_STYLE_USAGE(.BOTH.,#18491);
#18491 = SURFACE_SIDE_STYLE('',(#18492));
#18492 = SURFACE_STYLE_FILL_AREA(#18493);
#18493 = FILL_AREA_STYLE('',(#18494));
#18494 = FILL_AREA_STYLE_COLOUR('',#18004);
#18495 = STYLED_ITEM('color',(#18496),#9287);
#18496 = PRESENTATION_STYLE_ASSIGNMENT((#18497));
#18497 = SURFACE_STYLE_USAGE(.BOTH.,#18498);
#18498 = SURFACE_SIDE_STYLE('',(#18499));
#18499 = SURFACE_STYLE_FILL_AREA(#18500);
#18500 = FILL_AREA_STYLE('',(#18501));
#18501 = FILL_AREA_STYLE_COLOUR('',#18004);
#18502 = MECHANICAL_DESIGN_GEOMETRIC_PRESENTATION_REPRESENTATION('',(
    #18503,#18512,#18521,#18530,#18539,#18548,#18557,#18566,#18575,
    #18584,#18593,#18602,#18611,#18620,#18629,#18638,#18647,#18656,
    #18665,#18674,#18683,#18692,#18701,#18710,#18719,#18728,#18737,
    #18746,#18755,#18764,#18773,#18782,#18791,#18800,#18809,#18818,
    #18827,#18836,#18845,#18854,#18863,#18872,#18881,#18890,#18899,
    #18908,#18917,#18926,#18935,#18944,#18953,#18962,#18971,#18980,
    #18989,#18998,#19007,#19016,#19025,#19034,#19043,#19052,#19061,
    #19070,#19079,#19088,#19097,#19106,#19115,#19124,#19133,#19142,
    #19151,#19160,#19169,#19178,#19187,#19196,#19205,#19214,#19223,
    #19232,#19241,#19250,#19259,#19268,#19277,#19286,#19295,#19304,
    #19313,#19322,#19331,#19340,#19349,#19358,#19367,#19376,#19385,
    #19394,#19403,#19412),#15283);
#18503 = STYLED_ITEM('color',(#18504),#12216);
#18504 = PRESENTATION_STYLE_ASSIGNMENT((#18505,#18510));
#18505 = SURFACE_STYLE_USAGE(.BOTH.,#18506);
#18506 = SURFACE_SIDE_STYLE('',(#18507));
#18507 = SURFACE_STYLE_FILL_AREA(#18508);
#18508 = FILL_AREA_STYLE('',(#18509));
#18509 = FILL_AREA_STYLE_COLOUR('',#16999);
#18510 = CURVE_STYLE('',#18511,POSITIVE_LENGTH_MEASURE(0.1),#16999);
#18511 = DRAUGHTING_PRE_DEFINED_CURVE_FONT('continuous');
#18512 = STYLED_ITEM('color',(#18513),#12254);
#18513 = PRESENTATION_STYLE_ASSIGNMENT((#18514,#18519));
#18514 = SURFACE_STYLE_USAGE(.BOTH.,#18515);
#18515 = SURFACE_SIDE_STYLE('',(#18516));
#18516 = SURFACE_STYLE_FILL_AREA(#18517);
#18517 = FILL_AREA_STYLE('',(#18518));
#18518 = FILL_AREA_STYLE_COLOUR('',#16999);
#18519 = CURVE_STYLE('',#18520,POSITIVE_LENGTH_MEASURE(0.1),#16999);
#18520 = DRAUGHTING_PRE_DEFINED_CURVE_FONT('continuous');
#18521 = STYLED_ITEM('color',(#18522),#12317);
#18522 = PRESENTATION_STYLE_ASSIGNMENT((#18523,#18528));
#18523 = SURFACE_STYLE_USAGE(.BOTH.,#18524);
#18524 = SURFACE_SIDE_STYLE('',(#18525));
#18525 = SURFACE_STYLE_FILL_AREA(#18526);
#18526 = FILL_AREA_STYLE('',(#18527));
#18527 = FILL_AREA_STYLE_COLOUR('',#16999);
#18528 = CURVE_STYLE('',#18529,POSITIVE_LENGTH_MEASURE(0.1),#16999);
#18529 = DRAUGHTING_PRE_DEFINED_CURVE_FONT('continuous');
#18530 = STYLED_ITEM('color',(#18531),#12340);
#18531 = PRESENTATION_STYLE_ASSIGNMENT((#18532,#18537));
#18532 = SURFACE_STYLE_USAGE(.BOTH.,#18533);
#18533 = SURFACE_SIDE_STYLE('',(#18534));
#18534 = SURFACE_STYLE_FILL_AREA(#18535);
#18535 = FILL_AREA_STYLE('',(#18536));
#18536 = FILL_AREA_STYLE_COLOUR('',#16999);
#18537 = CURVE_STYLE('',#18538,POSITIVE_LENGTH_MEASURE(0.1),#16999);
#18538 = DRAUGHTING_PRE_DEFINED_CURVE_FONT('continuous');
#18539 = STYLED_ITEM('color',(#18540),#12369);
#18540 = PRESENTATION_STYLE_ASSIGNMENT((#18541,#18546));
#18541 = SURFACE_STYLE_USAGE(.BOTH.,#18542);
#18542 = SURFACE_SIDE_STYLE('',(#18543));
#18543 = SURFACE_STYLE_FILL_AREA(#18544);
#18544 = FILL_AREA_STYLE('',(#18545));
#18545 = FILL_AREA_STYLE_COLOUR('',#16999);
#18546 = CURVE_STYLE('',#18547,POSITIVE_LENGTH_MEASURE(0.1),#16999);
#18547 = DRAUGHTING_PRE_DEFINED_CURVE_FONT('continuous');
#18548 = STYLED_ITEM('color',(#18549),#12392);
#18549 = PRESENTATION_STYLE_ASSIGNMENT((#18550,#18555));
#18550 = SURFACE_STYLE_USAGE(.BOTH.,#18551);
#18551 = SURFACE_SIDE_STYLE('',(#18552));
#18552 = SURFACE_STYLE_FILL_AREA(#18553);
#18553 = FILL_AREA_STYLE('',(#18554));
#18554 = FILL_AREA_STYLE_COLOUR('',#16999);
#18555 = CURVE_STYLE('',#18556,POSITIVE_LENGTH_MEASURE(0.1),#16999);
#18556 = DRAUGHTING_PRE_DEFINED_CURVE_FONT('continuous');
#18557 = STYLED_ITEM('color',(#18558),#12463);
#18558 = PRESENTATION_STYLE_ASSIGNMENT((#18559,#18564));
#18559 = SURFACE_STYLE_USAGE(.BOTH.,#18560);
#18560 = SURFACE_SIDE_STYLE('',(#18561));
#18561 = SURFACE_STYLE_FILL_AREA(#18562);
#18562 = FILL_AREA_STYLE('',(#18563));
#18563 = FILL_AREA_STYLE_COLOUR('',#16999);
#18564 = CURVE_STYLE('',#18565,POSITIVE_LENGTH_MEASURE(0.1),#16999);
#18565 = DRAUGHTING_PRE_DEFINED_CURVE_FONT('continuous');
#18566 = STYLED_ITEM('color',(#18567),#12518);
#18567 = PRESENTATION_STYLE_ASSIGNMENT((#18568,#18573));
#18568 = SURFACE_STYLE_USAGE(.BOTH.,#18569);
#18569 = SURFACE_SIDE_STYLE('',(#18570));
#18570 = SURFACE_STYLE_FILL_AREA(#18571);
#18571 = FILL_AREA_STYLE('',(#18572));
#18572 = FILL_AREA_STYLE_COLOUR('',#16999);
#18573 = CURVE_STYLE('',#18574,POSITIVE_LENGTH_MEASURE(0.1),#16999);
#18574 = DRAUGHTING_PRE_DEFINED_CURVE_FONT('continuous');
#18575 = STYLED_ITEM('color',(#18576),#12541);
#18576 = PRESENTATION_STYLE_ASSIGNMENT((#18577,#18582));
#18577 = SURFACE_STYLE_USAGE(.BOTH.,#18578);
#18578 = SURFACE_SIDE_STYLE('',(#18579));
#18579 = SURFACE_STYLE_FILL_AREA(#18580);
#18580 = FILL_AREA_STYLE('',(#18581));
#18581 = FILL_AREA_STYLE_COLOUR('',#16999);
#18582 = CURVE_STYLE('',#18583,POSITIVE_LENGTH_MEASURE(0.1),#16999);
#18583 = DRAUGHTING_PRE_DEFINED_CURVE_FONT('continuous');
#18584 = STYLED_ITEM('color',(#18585),#12564);
#18585 = PRESENTATION_STYLE_ASSIGNMENT((#18586,#18591));
#18586 = SURFACE_STYLE_USAGE(.BOTH.,#18587);
#18587 = SURFACE_SIDE_STYLE('',(#18588));
#18588 = SURFACE_STYLE_FILL_AREA(#18589);
#18589 = FILL_AREA_STYLE('',(#18590));
#18590 = FILL_AREA_STYLE_COLOUR('',#16999);
#18591 = CURVE_STYLE('',#18592,POSITIVE_LENGTH_MEASURE(0.1),#16999);
#18592 = DRAUGHTING_PRE_DEFINED_CURVE_FONT('continuous');
#18593 = STYLED_ITEM('color',(#18594),#12581);
#18594 = PRESENTATION_STYLE_ASSIGNMENT((#18595,#18600));
#18595 = SURFACE_STYLE_USAGE(.BOTH.,#18596);
#18596 = SURFACE_SIDE_STYLE('',(#18597));
#18597 = SURFACE_STYLE_FILL_AREA(#18598);
#18598 = FILL_AREA_STYLE('',(#18599));
#18599 = FILL_AREA_STYLE_COLOUR('',#16999);
#18600 = CURVE_STYLE('',#18601,POSITIVE_LENGTH_MEASURE(0.1),#16999);
#18601 = DRAUGHTING_PRE_DEFINED_CURVE_FONT('continuous');
#18602 = STYLED_ITEM('color',(#18603),#12604);
#18603 = PRESENTATION_STYLE_ASSIGNMENT((#18604,#18609));
#18604 = SURFACE_STYLE_USAGE(.BOTH.,#18605);
#18605 = SURFACE_SIDE_STYLE('',(#18606));
#18606 = SURFACE_STYLE_FILL_AREA(#18607);
#18607 = FILL_AREA_STYLE('',(#18608));
#18608 = FILL_AREA_STYLE_COLOUR('',#16999);
#18609 = CURVE_STYLE('',#18610,POSITIVE_LENGTH_MEASURE(0.1),#16999);
#18610 = DRAUGHTING_PRE_DEFINED_CURVE_FONT('continuous');
#18611 = STYLED_ITEM('color',(#18612),#12692);
#18612 = PRESENTATION_STYLE_ASSIGNMENT((#18613,#18618));
#18613 = SURFACE_STYLE_USAGE(.BOTH.,#18614);
#18614 = SURFACE_SIDE_STYLE('',(#18615));
#18615 = SURFACE_STYLE_FILL_AREA(#18616);
#18616 = FILL_AREA_STYLE('',(#18617));
#18617 = FILL_AREA_STYLE_COLOUR('',#16999);
#18618 = CURVE_STYLE('',#18619,POSITIVE_LENGTH_MEASURE(0.1),#16999);
#18619 = DRAUGHTING_PRE_DEFINED_CURVE_FONT('continuous');
#18620 = STYLED_ITEM('color',(#18621),#12708);
#18621 = PRESENTATION_STYLE_ASSIGNMENT((#18622,#18627));
#18622 = SURFACE_STYLE_USAGE(.BOTH.,#18623);
#18623 = SURFACE_SIDE_STYLE('',(#18624));
#18624 = SURFACE_STYLE_FILL_AREA(#18625);
#18625 = FILL_AREA_STYLE('',(#18626));
#18626 = FILL_AREA_STYLE_COLOUR('',#16999);
#18627 = CURVE_STYLE('',#18628,POSITIVE_LENGTH_MEASURE(0.1),#16999);
#18628 = DRAUGHTING_PRE_DEFINED_CURVE_FONT('continuous');
#18629 = STYLED_ITEM('color',(#18630),#12738);
#18630 = PRESENTATION_STYLE_ASSIGNMENT((#18631,#18636));
#18631 = SURFACE_STYLE_USAGE(.BOTH.,#18632);
#18632 = SURFACE_SIDE_STYLE('',(#18633));
#18633 = SURFACE_STYLE_FILL_AREA(#18634);
#18634 = FILL_AREA_STYLE('',(#18635));
#18635 = FILL_AREA_STYLE_COLOUR('',#16800);
#18636 = CURVE_STYLE('',#18637,POSITIVE_LENGTH_MEASURE(0.1),#16800);
#18637 = DRAUGHTING_PRE_DEFINED_CURVE_FONT('continuous');
#18638 = STYLED_ITEM('color',(#18639),#12769);
#18639 = PRESENTATION_STYLE_ASSIGNMENT((#18640,#18645));
#18640 = SURFACE_STYLE_USAGE(.BOTH.,#18641);
#18641 = SURFACE_SIDE_STYLE('',(#18642));
#18642 = SURFACE_STYLE_FILL_AREA(#18643);
#18643 = FILL_AREA_STYLE('',(#18644));
#18644 = FILL_AREA_STYLE_COLOUR('',#16999);
#18645 = CURVE_STYLE('',#18646,POSITIVE_LENGTH_MEASURE(0.1),#16999);
#18646 = DRAUGHTING_PRE_DEFINED_CURVE_FONT('continuous');
#18647 = STYLED_ITEM('color',(#18648),#12800);
#18648 = PRESENTATION_STYLE_ASSIGNMENT((#18649,#18654));
#18649 = SURFACE_STYLE_USAGE(.BOTH.,#18650);
#18650 = SURFACE_SIDE_STYLE('',(#18651));
#18651 = SURFACE_STYLE_FILL_AREA(#18652);
#18652 = FILL_AREA_STYLE('',(#18653));
#18653 = FILL_AREA_STYLE_COLOUR('',#16800);
#18654 = CURVE_STYLE('',#18655,POSITIVE_LENGTH_MEASURE(0.1),#16800);
#18655 = DRAUGHTING_PRE_DEFINED_CURVE_FONT('continuous');
#18656 = STYLED_ITEM('color',(#18657),#12831);
#18657 = PRESENTATION_STYLE_ASSIGNMENT((#18658,#18663));
#18658 = SURFACE_STYLE_USAGE(.BOTH.,#18659);
#18659 = SURFACE_SIDE_STYLE('',(#18660));
#18660 = SURFACE_STYLE_FILL_AREA(#18661);
#18661 = FILL_AREA_STYLE('',(#18662));
#18662 = FILL_AREA_STYLE_COLOUR('',#16999);
#18663 = CURVE_STYLE('',#18664,POSITIVE_LENGTH_MEASURE(0.1),#16999);
#18664 = DRAUGHTING_PRE_DEFINED_CURVE_FONT('continuous');
#18665 = STYLED_ITEM('color',(#18666),#12862);
#18666 = PRESENTATION_STYLE_ASSIGNMENT((#18667,#18672));
#18667 = SURFACE_STYLE_USAGE(.BOTH.,#18668);
#18668 = SURFACE_SIDE_STYLE('',(#18669));
#18669 = SURFACE_STYLE_FILL_AREA(#18670);
#18670 = FILL_AREA_STYLE('',(#18671));
#18671 = FILL_AREA_STYLE_COLOUR('',#16800);
#18672 = CURVE_STYLE('',#18673,POSITIVE_LENGTH_MEASURE(0.1),#16800);
#18673 = DRAUGHTING_PRE_DEFINED_CURVE_FONT('continuous');
#18674 = STYLED_ITEM('color',(#18675),#12893);
#18675 = PRESENTATION_STYLE_ASSIGNMENT((#18676,#18681));
#18676 = SURFACE_STYLE_USAGE(.BOTH.,#18677);
#18677 = SURFACE_SIDE_STYLE('',(#18678));
#18678 = SURFACE_STYLE_FILL_AREA(#18679);
#18679 = FILL_AREA_STYLE('',(#18680));
#18680 = FILL_AREA_STYLE_COLOUR('',#16999);
#18681 = CURVE_STYLE('',#18682,POSITIVE_LENGTH_MEASURE(0.1),#16999);
#18682 = DRAUGHTING_PRE_DEFINED_CURVE_FONT('continuous');
#18683 = STYLED_ITEM('color',(#18684),#12910);
#18684 = PRESENTATION_STYLE_ASSIGNMENT((#18685,#18690));
#18685 = SURFACE_STYLE_USAGE(.BOTH.,#18686);
#18686 = SURFACE_SIDE_STYLE('',(#18687));
#18687 = SURFACE_STYLE_FILL_AREA(#18688);
#18688 = FILL_AREA_STYLE('',(#18689));
#18689 = FILL_AREA_STYLE_COLOUR('',#16999);
#18690 = CURVE_STYLE('',#18691,POSITIVE_LENGTH_MEASURE(0.1),#16999);
#18691 = DRAUGHTING_PRE_DEFINED_CURVE_FONT('continuous');
#18692 = STYLED_ITEM('color',(#18693),#12927);
#18693 = PRESENTATION_STYLE_ASSIGNMENT((#18694,#18699));
#18694 = SURFACE_STYLE_USAGE(.BOTH.,#18695);
#18695 = SURFACE_SIDE_STYLE('',(#18696));
#18696 = SURFACE_STYLE_FILL_AREA(#18697);
#18697 = FILL_AREA_STYLE('',(#18698));
#18698 = FILL_AREA_STYLE_COLOUR('',#16800);
#18699 = CURVE_STYLE('',#18700,POSITIVE_LENGTH_MEASURE(0.1),#16800);
#18700 = DRAUGHTING_PRE_DEFINED_CURVE_FONT('continuous');
#18701 = STYLED_ITEM('color',(#18702),#12958);
#18702 = PRESENTATION_STYLE_ASSIGNMENT((#18703,#18708));
#18703 = SURFACE_STYLE_USAGE(.BOTH.,#18704);
#18704 = SURFACE_SIDE_STYLE('',(#18705));
#18705 = SURFACE_STYLE_FILL_AREA(#18706);
#18706 = FILL_AREA_STYLE('',(#18707));
#18707 = FILL_AREA_STYLE_COLOUR('',#16999);
#18708 = CURVE_STYLE('',#18709,POSITIVE_LENGTH_MEASURE(0.1),#16999);
#18709 = DRAUGHTING_PRE_DEFINED_CURVE_FONT('continuous');
#18710 = STYLED_ITEM('color',(#18711),#12989);
#18711 = PRESENTATION_STYLE_ASSIGNMENT((#18712,#18717));
#18712 = SURFACE_STYLE_USAGE(.BOTH.,#18713);
#18713 = SURFACE_SIDE_STYLE('',(#18714));
#18714 = SURFACE_STYLE_FILL_AREA(#18715);
#18715 = FILL_AREA_STYLE('',(#18716));
#18716 = FILL_AREA_STYLE_COLOUR('',#16800);
#18717 = CURVE_STYLE('',#18718,POSITIVE_LENGTH_MEASURE(0.1),#16800);
#18718 = DRAUGHTING_PRE_DEFINED_CURVE_FONT('continuous');
#18719 = STYLED_ITEM('color',(#18720),#13020);
#18720 = PRESENTATION_STYLE_ASSIGNMENT((#18721,#18726));
#18721 = SURFACE_STYLE_USAGE(.BOTH.,#18722);
#18722 = SURFACE_SIDE_STYLE('',(#18723));
#18723 = SURFACE_STYLE_FILL_AREA(#18724);
#18724 = FILL_AREA_STYLE('',(#18725));
#18725 = FILL_AREA_STYLE_COLOUR('',#16999);
#18726 = CURVE_STYLE('',#18727,POSITIVE_LENGTH_MEASURE(0.1),#16999);
#18727 = DRAUGHTING_PRE_DEFINED_CURVE_FONT('continuous');
#18728 = STYLED_ITEM('color',(#18729),#13050);
#18729 = PRESENTATION_STYLE_ASSIGNMENT((#18730,#18735));
#18730 = SURFACE_STYLE_USAGE(.BOTH.,#18731);
#18731 = SURFACE_SIDE_STYLE('',(#18732));
#18732 = SURFACE_STYLE_FILL_AREA(#18733);
#18733 = FILL_AREA_STYLE('',(#18734));
#18734 = FILL_AREA_STYLE_COLOUR('',#16999);
#18735 = CURVE_STYLE('',#18736,POSITIVE_LENGTH_MEASURE(0.1),#16999);
#18736 = DRAUGHTING_PRE_DEFINED_CURVE_FONT('continuous');
#18737 = STYLED_ITEM('color',(#18738),#13073);
#18738 = PRESENTATION_STYLE_ASSIGNMENT((#18739,#18744));
#18739 = SURFACE_STYLE_USAGE(.BOTH.,#18740);
#18740 = SURFACE_SIDE_STYLE('',(#18741));
#18741 = SURFACE_STYLE_FILL_AREA(#18742);
#18742 = FILL_AREA_STYLE('',(#18743));
#18743 = FILL_AREA_STYLE_COLOUR('',#16999);
#18744 = CURVE_STYLE('',#18745,POSITIVE_LENGTH_MEASURE(0.1),#16999);
#18745 = DRAUGHTING_PRE_DEFINED_CURVE_FONT('continuous');
#18746 = STYLED_ITEM('color',(#18747),#13096);
#18747 = PRESENTATION_STYLE_ASSIGNMENT((#18748,#18753));
#18748 = SURFACE_STYLE_USAGE(.BOTH.,#18749);
#18749 = SURFACE_SIDE_STYLE('',(#18750));
#18750 = SURFACE_STYLE_FILL_AREA(#18751);
#18751 = FILL_AREA_STYLE('',(#18752));
#18752 = FILL_AREA_STYLE_COLOUR('',#16999);
#18753 = CURVE_STYLE('',#18754,POSITIVE_LENGTH_MEASURE(0.1),#16999);
#18754 = DRAUGHTING_PRE_DEFINED_CURVE_FONT('continuous');
#18755 = STYLED_ITEM('color',(#18756),#13113);
#18756 = PRESENTATION_STYLE_ASSIGNMENT((#18757,#18762));
#18757 = SURFACE_STYLE_USAGE(.BOTH.,#18758);
#18758 = SURFACE_SIDE_STYLE('',(#18759));
#18759 = SURFACE_STYLE_FILL_AREA(#18760);
#18760 = FILL_AREA_STYLE('',(#18761));
#18761 = FILL_AREA_STYLE_COLOUR('',#16800);
#18762 = CURVE_STYLE('',#18763,POSITIVE_LENGTH_MEASURE(0.1),#16800);
#18763 = DRAUGHTING_PRE_DEFINED_CURVE_FONT('continuous');
#18764 = STYLED_ITEM('color',(#18765),#13158);
#18765 = PRESENTATION_STYLE_ASSIGNMENT((#18766,#18771));
#18766 = SURFACE_STYLE_USAGE(.BOTH.,#18767);
#18767 = SURFACE_SIDE_STYLE('',(#18768));
#18768 = SURFACE_STYLE_FILL_AREA(#18769);
#18769 = FILL_AREA_STYLE('',(#18770));
#18770 = FILL_AREA_STYLE_COLOUR('',#16999);
#18771 = CURVE_STYLE('',#18772,POSITIVE_LENGTH_MEASURE(0.1),#16999);
#18772 = DRAUGHTING_PRE_DEFINED_CURVE_FONT('continuous');
#18773 = STYLED_ITEM('color',(#18774),#13228);
#18774 = PRESENTATION_STYLE_ASSIGNMENT((#18775,#18780));
#18775 = SURFACE_STYLE_USAGE(.BOTH.,#18776);
#18776 = SURFACE_SIDE_STYLE('',(#18777));
#18777 = SURFACE_STYLE_FILL_AREA(#18778);
#18778 = FILL_AREA_STYLE('',(#18779));
#18779 = FILL_AREA_STYLE_COLOUR('',#16999);
#18780 = CURVE_STYLE('',#18781,POSITIVE_LENGTH_MEASURE(0.1),#16999);
#18781 = DRAUGHTING_PRE_DEFINED_CURVE_FONT('continuous');
#18782 = STYLED_ITEM('color',(#18783),#13251);
#18783 = PRESENTATION_STYLE_ASSIGNMENT((#18784,#18789));
#18784 = SURFACE_STYLE_USAGE(.BOTH.,#18785);
#18785 = SURFACE_SIDE_STYLE('',(#18786));
#18786 = SURFACE_STYLE_FILL_AREA(#18787);
#18787 = FILL_AREA_STYLE('',(#18788));
#18788 = FILL_AREA_STYLE_COLOUR('',#16999);
#18789 = CURVE_STYLE('',#18790,POSITIVE_LENGTH_MEASURE(0.1),#16999);
#18790 = DRAUGHTING_PRE_DEFINED_CURVE_FONT('continuous');
#18791 = STYLED_ITEM('color',(#18792),#13274);
#18792 = PRESENTATION_STYLE_ASSIGNMENT((#18793,#18798));
#18793 = SURFACE_STYLE_USAGE(.BOTH.,#18794);
#18794 = SURFACE_SIDE_STYLE('',(#18795));
#18795 = SURFACE_STYLE_FILL_AREA(#18796);
#18796 = FILL_AREA_STYLE('',(#18797));
#18797 = FILL_AREA_STYLE_COLOUR('',#16999);
#18798 = CURVE_STYLE('',#18799,POSITIVE_LENGTH_MEASURE(0.1),#16999);
#18799 = DRAUGHTING_PRE_DEFINED_CURVE_FONT('continuous');
#18800 = STYLED_ITEM('color',(#18801),#13297);
#18801 = PRESENTATION_STYLE_ASSIGNMENT((#18802,#18807));
#18802 = SURFACE_STYLE_USAGE(.BOTH.,#18803);
#18803 = SURFACE_SIDE_STYLE('',(#18804));
#18804 = SURFACE_STYLE_FILL_AREA(#18805);
#18805 = FILL_AREA_STYLE('',(#18806));
#18806 = FILL_AREA_STYLE_COLOUR('',#16999);
#18807 = CURVE_STYLE('',#18808,POSITIVE_LENGTH_MEASURE(0.1),#16999);
#18808 = DRAUGHTING_PRE_DEFINED_CURVE_FONT('continuous');
#18809 = STYLED_ITEM('color',(#18810),#13352);
#18810 = PRESENTATION_STYLE_ASSIGNMENT((#18811,#18816));
#18811 = SURFACE_STYLE_USAGE(.BOTH.,#18812);
#18812 = SURFACE_SIDE_STYLE('',(#18813));
#18813 = SURFACE_STYLE_FILL_AREA(#18814);
#18814 = FILL_AREA_STYLE('',(#18815));
#18815 = FILL_AREA_STYLE_COLOUR('',#16800);
#18816 = CURVE_STYLE('',#18817,POSITIVE_LENGTH_MEASURE(0.1),#16800);
#18817 = DRAUGHTING_PRE_DEFINED_CURVE_FONT('continuous');
#18818 = STYLED_ITEM('color',(#18819),#13390);
#18819 = PRESENTATION_STYLE_ASSIGNMENT((#18820,#18825));
#18820 = SURFACE_STYLE_USAGE(.BOTH.,#18821);
#18821 = SURFACE_SIDE_STYLE('',(#18822));
#18822 = SURFACE_STYLE_FILL_AREA(#18823);
#18823 = FILL_AREA_STYLE('',(#18824));
#18824 = FILL_AREA_STYLE_COLOUR('',#16999);
#18825 = CURVE_STYLE('',#18826,POSITIVE_LENGTH_MEASURE(0.1),#16999);
#18826 = DRAUGHTING_PRE_DEFINED_CURVE_FONT('continuous');
#18827 = STYLED_ITEM('color',(#18828),#13439);
#18828 = PRESENTATION_STYLE_ASSIGNMENT((#18829,#18834));
#18829 = SURFACE_STYLE_USAGE(.BOTH.,#18830);
#18830 = SURFACE_SIDE_STYLE('',(#18831));
#18831 = SURFACE_STYLE_FILL_AREA(#18832);
#18832 = FILL_AREA_STYLE('',(#18833));
#18833 = FILL_AREA_STYLE_COLOUR('',#16800);
#18834 = CURVE_STYLE('',#18835,POSITIVE_LENGTH_MEASURE(0.1),#16800);
#18835 = DRAUGHTING_PRE_DEFINED_CURVE_FONT('continuous');
#18836 = STYLED_ITEM('color',(#18837),#13531);
#18837 = PRESENTATION_STYLE_ASSIGNMENT((#18838,#18843));
#18838 = SURFACE_STYLE_USAGE(.BOTH.,#18839);
#18839 = SURFACE_SIDE_STYLE('',(#18840));
#18840 = SURFACE_STYLE_FILL_AREA(#18841);
#18841 = FILL_AREA_STYLE('',(#18842));
#18842 = FILL_AREA_STYLE_COLOUR('',#16800);
#18843 = CURVE_STYLE('',#18844,POSITIVE_LENGTH_MEASURE(0.1),#16800);
#18844 = DRAUGHTING_PRE_DEFINED_CURVE_FONT('continuous');
#18845 = STYLED_ITEM('color',(#18846),#13556);
#18846 = PRESENTATION_STYLE_ASSIGNMENT((#18847,#18852));
#18847 = SURFACE_STYLE_USAGE(.BOTH.,#18848);
#18848 = SURFACE_SIDE_STYLE('',(#18849));
#18849 = SURFACE_STYLE_FILL_AREA(#18850);
#18850 = FILL_AREA_STYLE('',(#18851));
#18851 = FILL_AREA_STYLE_COLOUR('',#16800);
#18852 = CURVE_STYLE('',#18853,POSITIVE_LENGTH_MEASURE(0.1),#16800);
#18853 = DRAUGHTING_PRE_DEFINED_CURVE_FONT('continuous');
#18854 = STYLED_ITEM('color',(#18855),#13640);
#18855 = PRESENTATION_STYLE_ASSIGNMENT((#18856,#18861));
#18856 = SURFACE_STYLE_USAGE(.BOTH.,#18857);
#18857 = SURFACE_SIDE_STYLE('',(#18858));
#18858 = SURFACE_STYLE_FILL_AREA(#18859);
#18859 = FILL_AREA_STYLE('',(#18860));
#18860 = FILL_AREA_STYLE_COLOUR('',#16999);
#18861 = CURVE_STYLE('',#18862,POSITIVE_LENGTH_MEASURE(0.1),#16999);
#18862 = DRAUGHTING_PRE_DEFINED_CURVE_FONT('continuous');
#18863 = STYLED_ITEM('color',(#18864),#13662);
#18864 = PRESENTATION_STYLE_ASSIGNMENT((#18865,#18870));
#18865 = SURFACE_STYLE_USAGE(.BOTH.,#18866);
#18866 = SURFACE_SIDE_STYLE('',(#18867));
#18867 = SURFACE_STYLE_FILL_AREA(#18868);
#18868 = FILL_AREA_STYLE('',(#18869));
#18869 = FILL_AREA_STYLE_COLOUR('',#16800);
#18870 = CURVE_STYLE('',#18871,POSITIVE_LENGTH_MEASURE(0.1),#16800);
#18871 = DRAUGHTING_PRE_DEFINED_CURVE_FONT('continuous');
#18872 = STYLED_ITEM('color',(#18873),#13754);
#18873 = PRESENTATION_STYLE_ASSIGNMENT((#18874,#18879));
#18874 = SURFACE_STYLE_USAGE(.BOTH.,#18875);
#18875 = SURFACE_SIDE_STYLE('',(#18876));
#18876 = SURFACE_STYLE_FILL_AREA(#18877);
#18877 = FILL_AREA_STYLE('',(#18878));
#18878 = FILL_AREA_STYLE_COLOUR('',#16800);
#18879 = CURVE_STYLE('',#18880,POSITIVE_LENGTH_MEASURE(0.1),#16800);
#18880 = DRAUGHTING_PRE_DEFINED_CURVE_FONT('continuous');
#18881 = STYLED_ITEM('color',(#18882),#13779);
#18882 = PRESENTATION_STYLE_ASSIGNMENT((#18883,#18888));
#18883 = SURFACE_STYLE_USAGE(.BOTH.,#18884);
#18884 = SURFACE_SIDE_STYLE('',(#18885));
#18885 = SURFACE_STYLE_FILL_AREA(#18886);
#18886 = FILL_AREA_STYLE('',(#18887));
#18887 = FILL_AREA_STYLE_COLOUR('',#16800);
#18888 = CURVE_STYLE('',#18889,POSITIVE_LENGTH_MEASURE(0.1),#16800);
#18889 = DRAUGHTING_PRE_DEFINED_CURVE_FONT('continuous');
#18890 = STYLED_ITEM('color',(#18891),#13863);
#18891 = PRESENTATION_STYLE_ASSIGNMENT((#18892,#18897));
#18892 = SURFACE_STYLE_USAGE(.BOTH.,#18893);
#18893 = SURFACE_SIDE_STYLE('',(#18894));
#18894 = SURFACE_STYLE_FILL_AREA(#18895);
#18895 = FILL_AREA_STYLE('',(#18896));
#18896 = FILL_AREA_STYLE_COLOUR('',#16999);
#18897 = CURVE_STYLE('',#18898,POSITIVE_LENGTH_MEASURE(0.1),#16999);
#18898 = DRAUGHTING_PRE_DEFINED_CURVE_FONT('continuous');
#18899 = STYLED_ITEM('color',(#18900),#13880);
#18900 = PRESENTATION_STYLE_ASSIGNMENT((#18901,#18906));
#18901 = SURFACE_STYLE_USAGE(.BOTH.,#18902);
#18902 = SURFACE_SIDE_STYLE('',(#18903));
#18903 = SURFACE_STYLE_FILL_AREA(#18904);
#18904 = FILL_AREA_STYLE('',(#18905));
#18905 = FILL_AREA_STYLE_COLOUR('',#16800);
#18906 = CURVE_STYLE('',#18907,POSITIVE_LENGTH_MEASURE(0.1),#16800);
#18907 = DRAUGHTING_PRE_DEFINED_CURVE_FONT('continuous');
#18908 = STYLED_ITEM('color',(#18909),#13965);
#18909 = PRESENTATION_STYLE_ASSIGNMENT((#18910,#18915));
#18910 = SURFACE_STYLE_USAGE(.BOTH.,#18911);
#18911 = SURFACE_SIDE_STYLE('',(#18912));
#18912 = SURFACE_STYLE_FILL_AREA(#18913);
#18913 = FILL_AREA_STYLE('',(#18914));
#18914 = FILL_AREA_STYLE_COLOUR('',#16800);
#18915 = CURVE_STYLE('',#18916,POSITIVE_LENGTH_MEASURE(0.1),#16800);
#18916 = DRAUGHTING_PRE_DEFINED_CURVE_FONT('continuous');
#18917 = STYLED_ITEM('color',(#18918),#13990);
#18918 = PRESENTATION_STYLE_ASSIGNMENT((#18919,#18924));
#18919 = SURFACE_STYLE_USAGE(.BOTH.,#18920);
#18920 = SURFACE_SIDE_STYLE('',(#18921));
#18921 = SURFACE_STYLE_FILL_AREA(#18922);
#18922 = FILL_AREA_STYLE('',(#18923));
#18923 = FILL_AREA_STYLE_COLOUR('',#16800);
#18924 = CURVE_STYLE('',#18925,POSITIVE_LENGTH_MEASURE(0.1),#16800);
#18925 = DRAUGHTING_PRE_DEFINED_CURVE_FONT('continuous');
#18926 = STYLED_ITEM('color',(#18927),#14067);
#18927 = PRESENTATION_STYLE_ASSIGNMENT((#18928,#18933));
#18928 = SURFACE_STYLE_USAGE(.BOTH.,#18929);
#18929 = SURFACE_SIDE_STYLE('',(#18930));
#18930 = SURFACE_STYLE_FILL_AREA(#18931);
#18931 = FILL_AREA_STYLE('',(#18932));
#18932 = FILL_AREA_STYLE_COLOUR('',#16800);
#18933 = CURVE_STYLE('',#18934,POSITIVE_LENGTH_MEASURE(0.1),#16800);
#18934 = DRAUGHTING_PRE_DEFINED_CURVE_FONT('continuous');
#18935 = STYLED_ITEM('color',(#18936),#14152);
#18936 = PRESENTATION_STYLE_ASSIGNMENT((#18937,#18942));
#18937 = SURFACE_STYLE_USAGE(.BOTH.,#18938);
#18938 = SURFACE_SIDE_STYLE('',(#18939));
#18939 = SURFACE_STYLE_FILL_AREA(#18940);
#18940 = FILL_AREA_STYLE('',(#18941));
#18941 = FILL_AREA_STYLE_COLOUR('',#16800);
#18942 = CURVE_STYLE('',#18943,POSITIVE_LENGTH_MEASURE(0.1),#16800);
#18943 = DRAUGHTING_PRE_DEFINED_CURVE_FONT('continuous');
#18944 = STYLED_ITEM('color',(#18945),#14177);
#18945 = PRESENTATION_STYLE_ASSIGNMENT((#18946,#18951));
#18946 = SURFACE_STYLE_USAGE(.BOTH.,#18947);
#18947 = SURFACE_SIDE_STYLE('',(#18948));
#18948 = SURFACE_STYLE_FILL_AREA(#18949);
#18949 = FILL_AREA_STYLE('',(#18950));
#18950 = FILL_AREA_STYLE_COLOUR('',#16800);
#18951 = CURVE_STYLE('',#18952,POSITIVE_LENGTH_MEASURE(0.1),#16800);
#18952 = DRAUGHTING_PRE_DEFINED_CURVE_FONT('continuous');
#18953 = STYLED_ITEM('color',(#18954),#14254);
#18954 = PRESENTATION_STYLE_ASSIGNMENT((#18955,#18960));
#18955 = SURFACE_STYLE_USAGE(.BOTH.,#18956);
#18956 = SURFACE_SIDE_STYLE('',(#18957));
#18957 = SURFACE_STYLE_FILL_AREA(#18958);
#18958 = FILL_AREA_STYLE('',(#18959));
#18959 = FILL_AREA_STYLE_COLOUR('',#16999);
#18960 = CURVE_STYLE('',#18961,POSITIVE_LENGTH_MEASURE(0.1),#16999);
#18961 = DRAUGHTING_PRE_DEFINED_CURVE_FONT('continuous');
#18962 = STYLED_ITEM('color',(#18963),#14271);
#18963 = PRESENTATION_STYLE_ASSIGNMENT((#18964,#18969));
#18964 = SURFACE_STYLE_USAGE(.BOTH.,#18965);
#18965 = SURFACE_SIDE_STYLE('',(#18966));
#18966 = SURFACE_STYLE_FILL_AREA(#18967);
#18967 = FILL_AREA_STYLE('',(#18968));
#18968 = FILL_AREA_STYLE_COLOUR('',#16800);
#18969 = CURVE_STYLE('',#18970,POSITIVE_LENGTH_MEASURE(0.1),#16800);
#18970 = DRAUGHTING_PRE_DEFINED_CURVE_FONT('continuous');
#18971 = STYLED_ITEM('color',(#18972),#14363);
#18972 = PRESENTATION_STYLE_ASSIGNMENT((#18973,#18978));
#18973 = SURFACE_STYLE_USAGE(.BOTH.,#18974);
#18974 = SURFACE_SIDE_STYLE('',(#18975));
#18975 = SURFACE_STYLE_FILL_AREA(#18976);
#18976 = FILL_AREA_STYLE('',(#18977));
#18977 = FILL_AREA_STYLE_COLOUR('',#16800);
#18978 = CURVE_STYLE('',#18979,POSITIVE_LENGTH_MEASURE(0.1),#16800);
#18979 = DRAUGHTING_PRE_DEFINED_CURVE_FONT('continuous');
#18980 = STYLED_ITEM('color',(#18981),#14388);
#18981 = PRESENTATION_STYLE_ASSIGNMENT((#18982,#18987));
#18982 = SURFACE_STYLE_USAGE(.BOTH.,#18983);
#18983 = SURFACE_SIDE_STYLE('',(#18984));
#18984 = SURFACE_STYLE_FILL_AREA(#18985);
#18985 = FILL_AREA_STYLE('',(#18986));
#18986 = FILL_AREA_STYLE_COLOUR('',#16800);
#18987 = CURVE_STYLE('',#18988,POSITIVE_LENGTH_MEASURE(0.1),#16800);
#18988 = DRAUGHTING_PRE_DEFINED_CURVE_FONT('continuous');
#18989 = STYLED_ITEM('color',(#18990),#14472);
#18990 = PRESENTATION_STYLE_ASSIGNMENT((#18991,#18996));
#18991 = SURFACE_STYLE_USAGE(.BOTH.,#18992);
#18992 = SURFACE_SIDE_STYLE('',(#18993));
#18993 = SURFACE_STYLE_FILL_AREA(#18994);
#18994 = FILL_AREA_STYLE('',(#18995));
#18995 = FILL_AREA_STYLE_COLOUR('',#16800);
#18996 = CURVE_STYLE('',#18997,POSITIVE_LENGTH_MEASURE(0.1),#16800);
#18997 = DRAUGHTING_PRE_DEFINED_CURVE_FONT('continuous');
#18998 = STYLED_ITEM('color',(#18999),#14489);
#18999 = PRESENTATION_STYLE_ASSIGNMENT((#19000,#19005));
#19000 = SURFACE_STYLE_USAGE(.BOTH.,#19001);
#19001 = SURFACE_SIDE_STYLE('',(#19002));
#19002 = SURFACE_STYLE_FILL_AREA(#19003);
#19003 = FILL_AREA_STYLE('',(#19004));
#19004 = FILL_AREA_STYLE_COLOUR('',#16800);
#19005 = CURVE_STYLE('',#19006,POSITIVE_LENGTH_MEASURE(0.1),#16800);
#19006 = DRAUGHTING_PRE_DEFINED_CURVE_FONT('continuous');
#19007 = STYLED_ITEM('color',(#19008),#14508);
#19008 = PRESENTATION_STYLE_ASSIGNMENT((#19009,#19014));
#19009 = SURFACE_STYLE_USAGE(.BOTH.,#19010);
#19010 = SURFACE_SIDE_STYLE('',(#19011));
#19011 = SURFACE_STYLE_FILL_AREA(#19012);
#19012 = FILL_AREA_STYLE('',(#19013));
#19013 = FILL_AREA_STYLE_COLOUR('',#16800);
#19014 = CURVE_STYLE('',#19015,POSITIVE_LENGTH_MEASURE(0.1),#16800);
#19015 = DRAUGHTING_PRE_DEFINED_CURVE_FONT('continuous');
#19016 = STYLED_ITEM('color',(#19017),#14527);
#19017 = PRESENTATION_STYLE_ASSIGNMENT((#19018,#19023));
#19018 = SURFACE_STYLE_USAGE(.BOTH.,#19019);
#19019 = SURFACE_SIDE_STYLE('',(#19020));
#19020 = SURFACE_STYLE_FILL_AREA(#19021);
#19021 = FILL_AREA_STYLE('',(#19022));
#19022 = FILL_AREA_STYLE_COLOUR('',#16999);
#19023 = CURVE_STYLE('',#19024,POSITIVE_LENGTH_MEASURE(0.1),#16999);
#19024 = DRAUGHTING_PRE_DEFINED_CURVE_FONT('continuous');
#19025 = STYLED_ITEM('color',(#19026),#14573);
#19026 = PRESENTATION_STYLE_ASSIGNMENT((#19027,#19032));
#19027 = SURFACE_STYLE_USAGE(.BOTH.,#19028);
#19028 = SURFACE_SIDE_STYLE('',(#19029));
#19029 = SURFACE_STYLE_FILL_AREA(#19030);
#19030 = FILL_AREA_STYLE('',(#19031));
#19031 = FILL_AREA_STYLE_COLOUR('',#16999);
#19032 = CURVE_STYLE('',#19033,POSITIVE_LENGTH_MEASURE(0.1),#16999);
#19033 = DRAUGHTING_PRE_DEFINED_CURVE_FONT('continuous');
#19034 = STYLED_ITEM('color',(#19035),#14589);
#19035 = PRESENTATION_STYLE_ASSIGNMENT((#19036,#19041));
#19036 = SURFACE_STYLE_USAGE(.BOTH.,#19037);
#19037 = SURFACE_SIDE_STYLE('',(#19038));
#19038 = SURFACE_STYLE_FILL_AREA(#19039);
#19039 = FILL_AREA_STYLE('',(#19040));
#19040 = FILL_AREA_STYLE_COLOUR('',#16800);
#19041 = CURVE_STYLE('',#19042,POSITIVE_LENGTH_MEASURE(0.1),#16800);
#19042 = DRAUGHTING_PRE_DEFINED_CURVE_FONT('continuous');
#19043 = STYLED_ITEM('color',(#19044),#14608);
#19044 = PRESENTATION_STYLE_ASSIGNMENT((#19045,#19050));
#19045 = SURFACE_STYLE_USAGE(.BOTH.,#19046);
#19046 = SURFACE_SIDE_STYLE('',(#19047));
#19047 = SURFACE_STYLE_FILL_AREA(#19048);
#19048 = FILL_AREA_STYLE('',(#19049));
#19049 = FILL_AREA_STYLE_COLOUR('',#16999);
#19050 = CURVE_STYLE('',#19051,POSITIVE_LENGTH_MEASURE(0.1),#16999);
#19051 = DRAUGHTING_PRE_DEFINED_CURVE_FONT('continuous');
#19052 = STYLED_ITEM('color',(#19053),#14624);
#19053 = PRESENTATION_STYLE_ASSIGNMENT((#19054,#19059));
#19054 = SURFACE_STYLE_USAGE(.BOTH.,#19055);
#19055 = SURFACE_SIDE_STYLE('',(#19056));
#19056 = SURFACE_STYLE_FILL_AREA(#19057);
#19057 = FILL_AREA_STYLE('',(#19058));
#19058 = FILL_AREA_STYLE_COLOUR('',#16800);
#19059 = CURVE_STYLE('',#19060,POSITIVE_LENGTH_MEASURE(0.1),#16800);
#19060 = DRAUGHTING_PRE_DEFINED_CURVE_FONT('continuous');
#19061 = STYLED_ITEM('color',(#19062),#14641);
#19062 = PRESENTATION_STYLE_ASSIGNMENT((#19063,#19068));
#19063 = SURFACE_STYLE_USAGE(.BOTH.,#19064);
#19064 = SURFACE_SIDE_STYLE('',(#19065));
#19065 = SURFACE_STYLE_FILL_AREA(#19066);
#19066 = FILL_AREA_STYLE('',(#19067));
#19067 = FILL_AREA_STYLE_COLOUR('',#16999);
#19068 = CURVE_STYLE('',#19069,POSITIVE_LENGTH_MEASURE(0.1),#16999);
#19069 = DRAUGHTING_PRE_DEFINED_CURVE_FONT('continuous');
#19070 = STYLED_ITEM('color',(#19071),#14653);
#19071 = PRESENTATION_STYLE_ASSIGNMENT((#19072,#19077));
#19072 = SURFACE_STYLE_USAGE(.BOTH.,#19073);
#19073 = SURFACE_SIDE_STYLE('',(#19074));
#19074 = SURFACE_STYLE_FILL_AREA(#19075);
#19075 = FILL_AREA_STYLE('',(#19076));
#19076 = FILL_AREA_STYLE_COLOUR('',#16800);
#19077 = CURVE_STYLE('',#19078,POSITIVE_LENGTH_MEASURE(0.1),#16800);
#19078 = DRAUGHTING_PRE_DEFINED_CURVE_FONT('continuous');
#19079 = STYLED_ITEM('color',(#19080),#14670);
#19080 = PRESENTATION_STYLE_ASSIGNMENT((#19081,#19086));
#19081 = SURFACE_STYLE_USAGE(.BOTH.,#19082);
#19082 = SURFACE_SIDE_STYLE('',(#19083));
#19083 = SURFACE_STYLE_FILL_AREA(#19084);
#19084 = FILL_AREA_STYLE('',(#19085));
#19085 = FILL_AREA_STYLE_COLOUR('',#16800);
#19086 = CURVE_STYLE('',#19087,POSITIVE_LENGTH_MEASURE(0.1),#16800);
#19087 = DRAUGHTING_PRE_DEFINED_CURVE_FONT('continuous');
#19088 = STYLED_ITEM('color',(#19089),#14687);
#19089 = PRESENTATION_STYLE_ASSIGNMENT((#19090,#19095));
#19090 = SURFACE_STYLE_USAGE(.BOTH.,#19091);
#19091 = SURFACE_SIDE_STYLE('',(#19092));
#19092 = SURFACE_STYLE_FILL_AREA(#19093);
#19093 = FILL_AREA_STYLE('',(#19094));
#19094 = FILL_AREA_STYLE_COLOUR('',#16800);
#19095 = CURVE_STYLE('',#19096,POSITIVE_LENGTH_MEASURE(0.1),#16800);
#19096 = DRAUGHTING_PRE_DEFINED_CURVE_FONT('continuous');
#19097 = STYLED_ITEM('color',(#19098),#14704);
#19098 = PRESENTATION_STYLE_ASSIGNMENT((#19099,#19104));
#19099 = SURFACE_STYLE_USAGE(.BOTH.,#19100);
#19100 = SURFACE_SIDE_STYLE('',(#19101));
#19101 = SURFACE_STYLE_FILL_AREA(#19102);
#19102 = FILL_AREA_STYLE('',(#19103));
#19103 = FILL_AREA_STYLE_COLOUR('',#16800);
#19104 = CURVE_STYLE('',#19105,POSITIVE_LENGTH_MEASURE(0.1),#16800);
#19105 = DRAUGHTING_PRE_DEFINED_CURVE_FONT('continuous');
#19106 = STYLED_ITEM('color',(#19107),#14721);
#19107 = PRESENTATION_STYLE_ASSIGNMENT((#19108,#19113));
#19108 = SURFACE_STYLE_USAGE(.BOTH.,#19109);
#19109 = SURFACE_SIDE_STYLE('',(#19110));
#19110 = SURFACE_STYLE_FILL_AREA(#19111);
#19111 = FILL_AREA_STYLE('',(#19112));
#19112 = FILL_AREA_STYLE_COLOUR('',#16800);
#19113 = CURVE_STYLE('',#19114,POSITIVE_LENGTH_MEASURE(0.1),#16800);
#19114 = DRAUGHTING_PRE_DEFINED_CURVE_FONT('continuous');
#19115 = STYLED_ITEM('color',(#19116),#14738);
#19116 = PRESENTATION_STYLE_ASSIGNMENT((#19117,#19122));
#19117 = SURFACE_STYLE_USAGE(.BOTH.,#19118);
#19118 = SURFACE_SIDE_STYLE('',(#19119));
#19119 = SURFACE_STYLE_FILL_AREA(#19120);
#19120 = FILL_AREA_STYLE('',(#19121));
#19121 = FILL_AREA_STYLE_COLOUR('',#16800);
#19122 = CURVE_STYLE('',#19123,POSITIVE_LENGTH_MEASURE(0.1),#16800);
#19123 = DRAUGHTING_PRE_DEFINED_CURVE_FONT('continuous');
#19124 = STYLED_ITEM('color',(#19125),#14755);
#19125 = PRESENTATION_STYLE_ASSIGNMENT((#19126,#19131));
#19126 = SURFACE_STYLE_USAGE(.BOTH.,#19127);
#19127 = SURFACE_SIDE_STYLE('',(#19128));
#19128 = SURFACE_STYLE_FILL_AREA(#19129);
#19129 = FILL_AREA_STYLE('',(#19130));
#19130 = FILL_AREA_STYLE_COLOUR('',#16800);
#19131 = CURVE_STYLE('',#19132,POSITIVE_LENGTH_MEASURE(0.1),#16800);
#19132 = DRAUGHTING_PRE_DEFINED_CURVE_FONT('continuous');
#19133 = STYLED_ITEM('color',(#19134),#14772);
#19134 = PRESENTATION_STYLE_ASSIGNMENT((#19135,#19140));
#19135 = SURFACE_STYLE_USAGE(.BOTH.,#19136);
#19136 = SURFACE_SIDE_STYLE('',(#19137));
#19137 = SURFACE_STYLE_FILL_AREA(#19138);
#19138 = FILL_AREA_STYLE('',(#19139));
#19139 = FILL_AREA_STYLE_COLOUR('',#16800);
#19140 = CURVE_STYLE('',#19141,POSITIVE_LENGTH_MEASURE(0.1),#16800);
#19141 = DRAUGHTING_PRE_DEFINED_CURVE_FONT('continuous');
#19142 = STYLED_ITEM('color',(#19143),#14784);
#19143 = PRESENTATION_STYLE_ASSIGNMENT((#19144,#19149));
#19144 = SURFACE_STYLE_USAGE(.BOTH.,#19145);
#19145 = SURFACE_SIDE_STYLE('',(#19146));
#19146 = SURFACE_STYLE_FILL_AREA(#19147);
#19147 = FILL_AREA_STYLE('',(#19148));
#19148 = FILL_AREA_STYLE_COLOUR('',#16800);
#19149 = CURVE_STYLE('',#19150,POSITIVE_LENGTH_MEASURE(0.1),#16800);
#19150 = DRAUGHTING_PRE_DEFINED_CURVE_FONT('continuous');
#19151 = STYLED_ITEM('color',(#19152),#14801);
#19152 = PRESENTATION_STYLE_ASSIGNMENT((#19153,#19158));
#19153 = SURFACE_STYLE_USAGE(.BOTH.,#19154);
#19154 = SURFACE_SIDE_STYLE('',(#19155));
#19155 = SURFACE_STYLE_FILL_AREA(#19156);
#19156 = FILL_AREA_STYLE('',(#19157));
#19157 = FILL_AREA_STYLE_COLOUR('',#16800);
#19158 = CURVE_STYLE('',#19159,POSITIVE_LENGTH_MEASURE(0.1),#16800);
#19159 = DRAUGHTING_PRE_DEFINED_CURVE_FONT('continuous');
#19160 = STYLED_ITEM('color',(#19161),#14818);
#19161 = PRESENTATION_STYLE_ASSIGNMENT((#19162,#19167));
#19162 = SURFACE_STYLE_USAGE(.BOTH.,#19163);
#19163 = SURFACE_SIDE_STYLE('',(#19164));
#19164 = SURFACE_STYLE_FILL_AREA(#19165);
#19165 = FILL_AREA_STYLE('',(#19166));
#19166 = FILL_AREA_STYLE_COLOUR('',#16800);
#19167 = CURVE_STYLE('',#19168,POSITIVE_LENGTH_MEASURE(0.1),#16800);
#19168 = DRAUGHTING_PRE_DEFINED_CURVE_FONT('continuous');
#19169 = STYLED_ITEM('color',(#19170),#14835);
#19170 = PRESENTATION_STYLE_ASSIGNMENT((#19171,#19176));
#19171 = SURFACE_STYLE_USAGE(.BOTH.,#19172);
#19172 = SURFACE_SIDE_STYLE('',(#19173));
#19173 = SURFACE_STYLE_FILL_AREA(#19174);
#19174 = FILL_AREA_STYLE('',(#19175));
#19175 = FILL_AREA_STYLE_COLOUR('',#16800);
#19176 = CURVE_STYLE('',#19177,POSITIVE_LENGTH_MEASURE(0.1),#16800);
#19177 = DRAUGHTING_PRE_DEFINED_CURVE_FONT('continuous');
#19178 = STYLED_ITEM('color',(#19179),#14852);
#19179 = PRESENTATION_STYLE_ASSIGNMENT((#19180,#19185));
#19180 = SURFACE_STYLE_USAGE(.BOTH.,#19181);
#19181 = SURFACE_SIDE_STYLE('',(#19182));
#19182 = SURFACE_STYLE_FILL_AREA(#19183);
#19183 = FILL_AREA_STYLE('',(#19184));
#19184 = FILL_AREA_STYLE_COLOUR('',#16800);
#19185 = CURVE_STYLE('',#19186,POSITIVE_LENGTH_MEASURE(0.1),#16800);
#19186 = DRAUGHTING_PRE_DEFINED_CURVE_FONT('continuous');
#19187 = STYLED_ITEM('color',(#19188),#14869);
#19188 = PRESENTATION_STYLE_ASSIGNMENT((#19189,#19194));
#19189 = SURFACE_STYLE_USAGE(.BOTH.,#19190);
#19190 = SURFACE_SIDE_STYLE('',(#19191));
#19191 = SURFACE_STYLE_FILL_AREA(#19192);
#19192 = FILL_AREA_STYLE('',(#19193));
#19193 = FILL_AREA_STYLE_COLOUR('',#16800);
#19194 = CURVE_STYLE('',#19195,POSITIVE_LENGTH_MEASURE(0.1),#16800);
#19195 = DRAUGHTING_PRE_DEFINED_CURVE_FONT('continuous');
#19196 = STYLED_ITEM('color',(#19197),#14886);
#19197 = PRESENTATION_STYLE_ASSIGNMENT((#19198,#19203));
#19198 = SURFACE_STYLE_USAGE(.BOTH.,#19199);
#19199 = SURFACE_SIDE_STYLE('',(#19200));
#19200 = SURFACE_STYLE_FILL_AREA(#19201);
#19201 = FILL_AREA_STYLE('',(#19202));
#19202 = FILL_AREA_STYLE_COLOUR('',#16800);
#19203 = CURVE_STYLE('',#19204,POSITIVE_LENGTH_MEASURE(0.1),#16800);
#19204 = DRAUGHTING_PRE_DEFINED_CURVE_FONT('continuous');
#19205 = STYLED_ITEM('color',(#19206),#14903);
#19206 = PRESENTATION_STYLE_ASSIGNMENT((#19207,#19212));
#19207 = SURFACE_STYLE_USAGE(.BOTH.,#19208);
#19208 = SURFACE_SIDE_STYLE('',(#19209));
#19209 = SURFACE_STYLE_FILL_AREA(#19210);
#19210 = FILL_AREA_STYLE('',(#19211));
#19211 = FILL_AREA_STYLE_COLOUR('',#16800);
#19212 = CURVE_STYLE('',#19213,POSITIVE_LENGTH_MEASURE(0.1),#16800);
#19213 = DRAUGHTING_PRE_DEFINED_CURVE_FONT('continuous');
#19214 = STYLED_ITEM('color',(#19215),#14915);
#19215 = PRESENTATION_STYLE_ASSIGNMENT((#19216,#19221));
#19216 = SURFACE_STYLE_USAGE(.BOTH.,#19217);
#19217 = SURFACE_SIDE_STYLE('',(#19218));
#19218 = SURFACE_STYLE_FILL_AREA(#19219);
#19219 = FILL_AREA_STYLE('',(#19220));
#19220 = FILL_AREA_STYLE_COLOUR('',#16800);
#19221 = CURVE_STYLE('',#19222,POSITIVE_LENGTH_MEASURE(0.1),#16800);
#19222 = DRAUGHTING_PRE_DEFINED_CURVE_FONT('continuous');
#19223 = STYLED_ITEM('color',(#19224),#14932);
#19224 = PRESENTATION_STYLE_ASSIGNMENT((#19225,#19230));
#19225 = SURFACE_STYLE_USAGE(.BOTH.,#19226);
#19226 = SURFACE_SIDE_STYLE('',(#19227));
#19227 = SURFACE_STYLE_FILL_AREA(#19228);
#19228 = FILL_AREA_STYLE('',(#19229));
#19229 = FILL_AREA_STYLE_COLOUR('',#16800);
#19230 = CURVE_STYLE('',#19231,POSITIVE_LENGTH_MEASURE(0.1),#16800);
#19231 = DRAUGHTING_PRE_DEFINED_CURVE_FONT('continuous');
#19232 = STYLED_ITEM('color',(#19233),#14949);
#19233 = PRESENTATION_STYLE_ASSIGNMENT((#19234,#19239));
#19234 = SURFACE_STYLE_USAGE(.BOTH.,#19235);
#19235 = SURFACE_SIDE_STYLE('',(#19236));
#19236 = SURFACE_STYLE_FILL_AREA(#19237);
#19237 = FILL_AREA_STYLE('',(#19238));
#19238 = FILL_AREA_STYLE_COLOUR('',#16800);
#19239 = CURVE_STYLE('',#19240,POSITIVE_LENGTH_MEASURE(0.1),#16800);
#19240 = DRAUGHTING_PRE_DEFINED_CURVE_FONT('continuous');
#19241 = STYLED_ITEM('color',(#19242),#14966);
#19242 = PRESENTATION_STYLE_ASSIGNMENT((#19243,#19248));
#19243 = SURFACE_STYLE_USAGE(.BOTH.,#19244);
#19244 = SURFACE_SIDE_STYLE('',(#19245));
#19245 = SURFACE_STYLE_FILL_AREA(#19246);
#19246 = FILL_AREA_STYLE('',(#19247));
#19247 = FILL_AREA_STYLE_COLOUR('',#16800);
#19248 = CURVE_STYLE('',#19249,POSITIVE_LENGTH_MEASURE(0.1),#16800);
#19249 = DRAUGHTING_PRE_DEFINED_CURVE_FONT('continuous');
#19250 = STYLED_ITEM('color',(#19251),#14983);
#19251 = PRESENTATION_STYLE_ASSIGNMENT((#19252,#19257));
#19252 = SURFACE_STYLE_USAGE(.BOTH.,#19253);
#19253 = SURFACE_SIDE_STYLE('',(#19254));
#19254 = SURFACE_STYLE_FILL_AREA(#19255);
#19255 = FILL_AREA_STYLE('',(#19256));
#19256 = FILL_AREA_STYLE_COLOUR('',#16800);
#19257 = CURVE_STYLE('',#19258,POSITIVE_LENGTH_MEASURE(0.1),#16800);
#19258 = DRAUGHTING_PRE_DEFINED_CURVE_FONT('continuous');
#19259 = STYLED_ITEM('color',(#19260),#15000);
#19260 = PRESENTATION_STYLE_ASSIGNMENT((#19261,#19266));
#19261 = SURFACE_STYLE_USAGE(.BOTH.,#19262);
#19262 = SURFACE_SIDE_STYLE('',(#19263));
#19263 = SURFACE_STYLE_FILL_AREA(#19264);
#19264 = FILL_AREA_STYLE('',(#19265));
#19265 = FILL_AREA_STYLE_COLOUR('',#16800);
#19266 = CURVE_STYLE('',#19267,POSITIVE_LENGTH_MEASURE(0.1),#16800);
#19267 = DRAUGHTING_PRE_DEFINED_CURVE_FONT('continuous');
#19268 = STYLED_ITEM('color',(#19269),#15017);
#19269 = PRESENTATION_STYLE_ASSIGNMENT((#19270,#19275));
#19270 = SURFACE_STYLE_USAGE(.BOTH.,#19271);
#19271 = SURFACE_SIDE_STYLE('',(#19272));
#19272 = SURFACE_STYLE_FILL_AREA(#19273);
#19273 = FILL_AREA_STYLE('',(#19274));
#19274 = FILL_AREA_STYLE_COLOUR('',#16800);
#19275 = CURVE_STYLE('',#19276,POSITIVE_LENGTH_MEASURE(0.1),#16800);
#19276 = DRAUGHTING_PRE_DEFINED_CURVE_FONT('continuous');
#19277 = STYLED_ITEM('color',(#19278),#15029);
#19278 = PRESENTATION_STYLE_ASSIGNMENT((#19279,#19284));
#19279 = SURFACE_STYLE_USAGE(.BOTH.,#19280);
#19280 = SURFACE_SIDE_STYLE('',(#19281));
#19281 = SURFACE_STYLE_FILL_AREA(#19282);
#19282 = FILL_AREA_STYLE('',(#19283));
#19283 = FILL_AREA_STYLE_COLOUR('',#16800);
#19284 = CURVE_STYLE('',#19285,POSITIVE_LENGTH_MEASURE(0.1),#16800);
#19285 = DRAUGHTING_PRE_DEFINED_CURVE_FONT('continuous');
#19286 = STYLED_ITEM('color',(#19287),#15046);
#19287 = PRESENTATION_STYLE_ASSIGNMENT((#19288,#19293));
#19288 = SURFACE_STYLE_USAGE(.BOTH.,#19289);
#19289 = SURFACE_SIDE_STYLE('',(#19290));
#19290 = SURFACE_STYLE_FILL_AREA(#19291);
#19291 = FILL_AREA_STYLE('',(#19292));
#19292 = FILL_AREA_STYLE_COLOUR('',#16800);
#19293 = CURVE_STYLE('',#19294,POSITIVE_LENGTH_MEASURE(0.1),#16800);
#19294 = DRAUGHTING_PRE_DEFINED_CURVE_FONT('continuous');
#19295 = STYLED_ITEM('color',(#19296),#15063);
#19296 = PRESENTATION_STYLE_ASSIGNMENT((#19297,#19302));
#19297 = SURFACE_STYLE_USAGE(.BOTH.,#19298);
#19298 = SURFACE_SIDE_STYLE('',(#19299));
#19299 = SURFACE_STYLE_FILL_AREA(#19300);
#19300 = FILL_AREA_STYLE('',(#19301));
#19301 = FILL_AREA_STYLE_COLOUR('',#16800);
#19302 = CURVE_STYLE('',#19303,POSITIVE_LENGTH_MEASURE(0.1),#16800);
#19303 = DRAUGHTING_PRE_DEFINED_CURVE_FONT('continuous');
#19304 = STYLED_ITEM('color',(#19305),#15080);
#19305 = PRESENTATION_STYLE_ASSIGNMENT((#19306,#19311));
#19306 = SURFACE_STYLE_USAGE(.BOTH.,#19307);
#19307 = SURFACE_SIDE_STYLE('',(#19308));
#19308 = SURFACE_STYLE_FILL_AREA(#19309);
#19309 = FILL_AREA_STYLE('',(#19310));
#19310 = FILL_AREA_STYLE_COLOUR('',#16800);
#19311 = CURVE_STYLE('',#19312,POSITIVE_LENGTH_MEASURE(0.1),#16800);
#19312 = DRAUGHTING_PRE_DEFINED_CURVE_FONT('continuous');
#19313 = STYLED_ITEM('color',(#19314),#15097);
#19314 = PRESENTATION_STYLE_ASSIGNMENT((#19315,#19320));
#19315 = SURFACE_STYLE_USAGE(.BOTH.,#19316);
#19316 = SURFACE_SIDE_STYLE('',(#19317));
#19317 = SURFACE_STYLE_FILL_AREA(#19318);
#19318 = FILL_AREA_STYLE('',(#19319));
#19319 = FILL_AREA_STYLE_COLOUR('',#16800);
#19320 = CURVE_STYLE('',#19321,POSITIVE_LENGTH_MEASURE(0.1),#16800);
#19321 = DRAUGHTING_PRE_DEFINED_CURVE_FONT('continuous');
#19322 = STYLED_ITEM('color',(#19323),#15114);
#19323 = PRESENTATION_STYLE_ASSIGNMENT((#19324,#19329));
#19324 = SURFACE_STYLE_USAGE(.BOTH.,#19325);
#19325 = SURFACE_SIDE_STYLE('',(#19326));
#19326 = SURFACE_STYLE_FILL_AREA(#19327);
#19327 = FILL_AREA_STYLE('',(#19328));
#19328 = FILL_AREA_STYLE_COLOUR('',#16800);
#19329 = CURVE_STYLE('',#19330,POSITIVE_LENGTH_MEASURE(0.1),#16800);
#19330 = DRAUGHTING_PRE_DEFINED_CURVE_FONT('continuous');
#19331 = STYLED_ITEM('color',(#19332),#15131);
#19332 = PRESENTATION_STYLE_ASSIGNMENT((#19333,#19338));
#19333 = SURFACE_STYLE_USAGE(.BOTH.,#19334);
#19334 = SURFACE_SIDE_STYLE('',(#19335));
#19335 = SURFACE_STYLE_FILL_AREA(#19336);
#19336 = FILL_AREA_STYLE('',(#19337));
#19337 = FILL_AREA_STYLE_COLOUR('',#16800);
#19338 = CURVE_STYLE('',#19339,POSITIVE_LENGTH_MEASURE(0.1),#16800);
#19339 = DRAUGHTING_PRE_DEFINED_CURVE_FONT('continuous');
#19340 = STYLED_ITEM('color',(#19341),#15143);
#19341 = PRESENTATION_STYLE_ASSIGNMENT((#19342,#19347));
#19342 = SURFACE_STYLE_USAGE(.BOTH.,#19343);
#19343 = SURFACE_SIDE_STYLE('',(#19344));
#19344 = SURFACE_STYLE_FILL_AREA(#19345);
#19345 = FILL_AREA_STYLE('',(#19346));
#19346 = FILL_AREA_STYLE_COLOUR('',#16800);
#19347 = CURVE_STYLE('',#19348,POSITIVE_LENGTH_MEASURE(0.1),#16800);
#19348 = DRAUGHTING_PRE_DEFINED_CURVE_FONT('continuous');
#19349 = STYLED_ITEM('color',(#19350),#15160);
#19350 = PRESENTATION_STYLE_ASSIGNMENT((#19351,#19356));
#19351 = SURFACE_STYLE_USAGE(.BOTH.,#19352);
#19352 = SURFACE_SIDE_STYLE('',(#19353));
#19353 = SURFACE_STYLE_FILL_AREA(#19354);
#19354 = FILL_AREA_STYLE('',(#19355));
#19355 = FILL_AREA_STYLE_COLOUR('',#16800);
#19356 = CURVE_STYLE('',#19357,POSITIVE_LENGTH_MEASURE(0.1),#16800);
#19357 = DRAUGHTING_PRE_DEFINED_CURVE_FONT('continuous');
#19358 = STYLED_ITEM('color',(#19359),#15177);
#19359 = PRESENTATION_STYLE_ASSIGNMENT((#19360,#19365));
#19360 = SURFACE_STYLE_USAGE(.BOTH.,#19361);
#19361 = SURFACE_SIDE_STYLE('',(#19362));
#19362 = SURFACE_STYLE_FILL_AREA(#19363);
#19363 = FILL_AREA_STYLE('',(#19364));
#19364 = FILL_AREA_STYLE_COLOUR('',#16800);
#19365 = CURVE_STYLE('',#19366,POSITIVE_LENGTH_MEASURE(0.1),#16800);
#19366 = DRAUGHTING_PRE_DEFINED_CURVE_FONT('continuous');
#19367 = STYLED_ITEM('color',(#19368),#15194);
#19368 = PRESENTATION_STYLE_ASSIGNMENT((#19369,#19374));
#19369 = SURFACE_STYLE_USAGE(.BOTH.,#19370);
#19370 = SURFACE_SIDE_STYLE('',(#19371));
#19371 = SURFACE_STYLE_FILL_AREA(#19372);
#19372 = FILL_AREA_STYLE('',(#19373));
#19373 = FILL_AREA_STYLE_COLOUR('',#16800);
#19374 = CURVE_STYLE('',#19375,POSITIVE_LENGTH_MEASURE(0.1),#16800);
#19375 = DRAUGHTING_PRE_DEFINED_CURVE_FONT('continuous');
#19376 = STYLED_ITEM('color',(#19377),#15211);
#19377 = PRESENTATION_STYLE_ASSIGNMENT((#19378,#19383));
#19378 = SURFACE_STYLE_USAGE(.BOTH.,#19379);
#19379 = SURFACE_SIDE_STYLE('',(#19380));
#19380 = SURFACE_STYLE_FILL_AREA(#19381);
#19381 = FILL_AREA_STYLE('',(#19382));
#19382 = FILL_AREA_STYLE_COLOUR('',#16800);
#19383 = CURVE_STYLE('',#19384,POSITIVE_LENGTH_MEASURE(0.1),#16800);
#19384 = DRAUGHTING_PRE_DEFINED_CURVE_FONT('continuous');
#19385 = STYLED_ITEM('color',(#19386),#15228);
#19386 = PRESENTATION_STYLE_ASSIGNMENT((#19387,#19392));
#19387 = SURFACE_STYLE_USAGE(.BOTH.,#19388);
#19388 = SURFACE_SIDE_STYLE('',(#19389));
#19389 = SURFACE_STYLE_FILL_AREA(#19390);
#19390 = FILL_AREA_STYLE('',(#19391));
#19391 = FILL_AREA_STYLE_COLOUR('',#16800);
#19392 = CURVE_STYLE('',#19393,POSITIVE_LENGTH_MEASURE(0.1),#16800);
#19393 = DRAUGHTING_PRE_DEFINED_CURVE_FONT('continuous');
#19394 = STYLED_ITEM('color',(#19395),#15245);
#19395 = PRESENTATION_STYLE_ASSIGNMENT((#19396,#19401));
#19396 = SURFACE_STYLE_USAGE(.BOTH.,#19397);
#19397 = SURFACE_SIDE_STYLE('',(#19398));
#19398 = SURFACE_STYLE_FILL_AREA(#19399);
#19399 = FILL_AREA_STYLE('',(#19400));
#19400 = FILL_AREA_STYLE_COLOUR('',#16800);
#19401 = CURVE_STYLE('',#19402,POSITIVE_LENGTH_MEASURE(0.1),#16800);
#19402 = DRAUGHTING_PRE_DEFINED_CURVE_FONT('continuous');
#19403 = STYLED_ITEM('color',(#19404),#15262);
#19404 = PRESENTATION_STYLE_ASSIGNMENT((#19405,#19410));
#19405 = SURFACE_STYLE_USAGE(.BOTH.,#19406);
#19406 = SURFACE_SIDE_STYLE('',(#19407));
#19407 = SURFACE_STYLE_FILL_AREA(#19408);
#19408 = FILL_AREA_STYLE('',(#19409));
#19409 = FILL_AREA_STYLE_COLOUR('',#16800);
#19410 = CURVE_STYLE('',#19411,POSITIVE_LENGTH_MEASURE(0.1),#16800);
#19411 = DRAUGHTING_PRE_DEFINED_CURVE_FONT('continuous');
#19412 = STYLED_ITEM('color',(#19413),#15274);
#19413 = PRESENTATION_STYLE_ASSIGNMENT((#19414,#19419));
#19414 = SURFACE_STYLE_USAGE(.BOTH.,#19415);
#19415 = SURFACE_SIDE_STYLE('',(#19416));
#19416 = SURFACE_STYLE_FILL_AREA(#19417);
#19417 = FILL_AREA_STYLE('',(#19418));
#19418 = FILL_AREA_STYLE_COLOUR('',#17612);
#19419 = CURVE_STYLE('',#19420,POSITIVE_LENGTH_MEASURE(0.1),#17612);
#19420 = DRAUGHTING_PRE_DEFINED_CURVE_FONT('continuous');
#19421 = MECHANICAL_DESIGN_GEOMETRIC_PRESENTATION_REPRESENTATION('',(
    #19422,#19429,#19436,#19443,#19450,#19457,#19464,#19471,#19478,
    #19485,#19492,#19499,#19506,#19513,#19520,#19527,#19534,#19541,
    #19548,#19555,#19562,#19569,#19576,#19583,#19590,#19597,#19604,
    #19611),#4845);
#19422 = STYLED_ITEM('color',(#19423),#3993);
#19423 = PRESENTATION_STYLE_ASSIGNMENT((#19424));
#19424 = SURFACE_STYLE_USAGE(.BOTH.,#19425);
#19425 = SURFACE_SIDE_STYLE('',(#19426));
#19426 = SURFACE_STYLE_FILL_AREA(#19427);
#19427 = FILL_AREA_STYLE('',(#19428));
#19428 = FILL_AREA_STYLE_COLOUR('',#16800);
#19429 = STYLED_ITEM('color',(#19430),#4069);
#19430 = PRESENTATION_STYLE_ASSIGNMENT((#19431));
#19431 = SURFACE_STYLE_USAGE(.BOTH.,#19432);
#19432 = SURFACE_SIDE_STYLE('',(#19433));
#19433 = SURFACE_STYLE_FILL_AREA(#19434);
#19434 = FILL_AREA_STYLE('',(#19435));
#19435 = FILL_AREA_STYLE_COLOUR('',#16800);
#19436 = STYLED_ITEM('color',(#19437),#4100);
#19437 = PRESENTATION_STYLE_ASSIGNMENT((#19438));
#19438 = SURFACE_STYLE_USAGE(.BOTH.,#19439);
#19439 = SURFACE_SIDE_STYLE('',(#19440));
#19440 = SURFACE_STYLE_FILL_AREA(#19441);
#19441 = FILL_AREA_STYLE('',(#19442));
#19442 = FILL_AREA_STYLE_COLOUR('',#16800);
#19443 = STYLED_ITEM('color',(#19444),#4125);
#19444 = PRESENTATION_STYLE_ASSIGNMENT((#19445));
#19445 = SURFACE_STYLE_USAGE(.BOTH.,#19446);
#19446 = SURFACE_SIDE_STYLE('',(#19447));
#19447 = SURFACE_STYLE_FILL_AREA(#19448);
#19448 = FILL_AREA_STYLE('',(#19449));
#19449 = FILL_AREA_STYLE_COLOUR('',#16800);
#19450 = STYLED_ITEM('color',(#19451),#4150);
#19451 = PRESENTATION_STYLE_ASSIGNMENT((#19452));
#19452 = SURFACE_STYLE_USAGE(.BOTH.,#19453);
#19453 = SURFACE_SIDE_STYLE('',(#19454));
#19454 = SURFACE_STYLE_FILL_AREA(#19455);
#19455 = FILL_AREA_STYLE('',(#19456));
#19456 = FILL_AREA_STYLE_COLOUR('',#16800);
#19457 = STYLED_ITEM('color',(#19458),#4174);
#19458 = PRESENTATION_STYLE_ASSIGNMENT((#19459));
#19459 = SURFACE_STYLE_USAGE(.BOTH.,#19460);
#19460 = SURFACE_SIDE_STYLE('',(#19461));
#19461 = SURFACE_STYLE_FILL_AREA(#19462);
#19462 = FILL_AREA_STYLE('',(#19463));
#19463 = FILL_AREA_STYLE_COLOUR('',#16800);
#19464 = STYLED_ITEM('color',(#19465),#4198);
#19465 = PRESENTATION_STYLE_ASSIGNMENT((#19466));
#19466 = SURFACE_STYLE_USAGE(.BOTH.,#19467);
#19467 = SURFACE_SIDE_STYLE('',(#19468));
#19468 = SURFACE_STYLE_FILL_AREA(#19469);
#19469 = FILL_AREA_STYLE('',(#19470));
#19470 = FILL_AREA_STYLE_COLOUR('',#16800);
#19471 = STYLED_ITEM('color',(#19472),#4223);
#19472 = PRESENTATION_STYLE_ASSIGNMENT((#19473));
#19473 = SURFACE_STYLE_USAGE(.BOTH.,#19474);
#19474 = SURFACE_SIDE_STYLE('',(#19475));
#19475 = SURFACE_STYLE_FILL_AREA(#19476);
#19476 = FILL_AREA_STYLE('',(#19477));
#19477 = FILL_AREA_STYLE_COLOUR('',#16800);
#19478 = STYLED_ITEM('color',(#19479),#4248);
#19479 = PRESENTATION_STYLE_ASSIGNMENT((#19480));
#19480 = SURFACE_STYLE_USAGE(.BOTH.,#19481);
#19481 = SURFACE_SIDE_STYLE('',(#19482));
#19482 = SURFACE_STYLE_FILL_AREA(#19483);
#19483 = FILL_AREA_STYLE('',(#19484));
#19484 = FILL_AREA_STYLE_COLOUR('',#16800);
#19485 = STYLED_ITEM('color',(#19486),#4265);
#19486 = PRESENTATION_STYLE_ASSIGNMENT((#19487));
#19487 = SURFACE_STYLE_USAGE(.BOTH.,#19488);
#19488 = SURFACE_SIDE_STYLE('',(#19489));
#19489 = SURFACE_STYLE_FILL_AREA(#19490);
#19490 = FILL_AREA_STYLE('',(#19491));
#19491 = FILL_AREA_STYLE_COLOUR('',#16800);
#19492 = STYLED_ITEM('color',(#19493),#4351);
#19493 = PRESENTATION_STYLE_ASSIGNMENT((#19494));
#19494 = SURFACE_STYLE_USAGE(.BOTH.,#19495);
#19495 = SURFACE_SIDE_STYLE('',(#19496));
#19496 = SURFACE_STYLE_FILL_AREA(#19497);
#19497 = FILL_AREA_STYLE('',(#19498));
#19498 = FILL_AREA_STYLE_COLOUR('',#16871);
#19499 = STYLED_ITEM('color',(#19500),#4383);
#19500 = PRESENTATION_STYLE_ASSIGNMENT((#19501));
#19501 = SURFACE_STYLE_USAGE(.BOTH.,#19502);
#19502 = SURFACE_SIDE_STYLE('',(#19503));
#19503 = SURFACE_STYLE_FILL_AREA(#19504);
#19504 = FILL_AREA_STYLE('',(#19505));
#19505 = FILL_AREA_STYLE_COLOUR('',#16871);
#19506 = STYLED_ITEM('color',(#19507),#4407);
#19507 = PRESENTATION_STYLE_ASSIGNMENT((#19508));
#19508 = SURFACE_STYLE_USAGE(.BOTH.,#19509);
#19509 = SURFACE_SIDE_STYLE('',(#19510));
#19510 = SURFACE_STYLE_FILL_AREA(#19511);
#19511 = FILL_AREA_STYLE('',(#19512));
#19512 = FILL_AREA_STYLE_COLOUR('',#16871);
#19513 = STYLED_ITEM('color',(#19514),#4432);
#19514 = PRESENTATION_STYLE_ASSIGNMENT((#19515));
#19515 = SURFACE_STYLE_USAGE(.BOTH.,#19516);
#19516 = SURFACE_SIDE_STYLE('',(#19517));
#19517 = SURFACE_STYLE_FILL_AREA(#19518);
#19518 = FILL_AREA_STYLE('',(#19519));
#19519 = FILL_AREA_STYLE_COLOUR('',#16871);
#19520 = STYLED_ITEM('color',(#19521),#4456);
#19521 = PRESENTATION_STYLE_ASSIGNMENT((#19522));
#19522 = SURFACE_STYLE_USAGE(.BOTH.,#19523);
#19523 = SURFACE_SIDE_STYLE('',(#19524));
#19524 = SURFACE_STYLE_FILL_AREA(#19525);
#19525 = FILL_AREA_STYLE('',(#19526));
#19526 = FILL_AREA_STYLE_COLOUR('',#16871);
#19527 = STYLED_ITEM('color',(#19528),#4481);
#19528 = PRESENTATION_STYLE_ASSIGNMENT((#19529));
#19529 = SURFACE_STYLE_USAGE(.BOTH.,#19530);
#19530 = SURFACE_SIDE_STYLE('',(#19531));
#19531 = SURFACE_STYLE_FILL_AREA(#19532);
#19532 = FILL_AREA_STYLE('',(#19533));
#19533 = FILL_AREA_STYLE_COLOUR('',#16871);
#19534 = STYLED_ITEM('color',(#19535),#4505);
#19535 = PRESENTATION_STYLE_ASSIGNMENT((#19536));
#19536 = SURFACE_STYLE_USAGE(.BOTH.,#19537);
#19537 = SURFACE_SIDE_STYLE('',(#19538));
#19538 = SURFACE_STYLE_FILL_AREA(#19539);
#19539 = FILL_AREA_STYLE('',(#19540));
#19540 = FILL_AREA_STYLE_COLOUR('',#16871);
#19541 = STYLED_ITEM('color',(#19542),#4530);
#19542 = PRESENTATION_STYLE_ASSIGNMENT((#19543));
#19543 = SURFACE_STYLE_USAGE(.BOTH.,#19544);
#19544 = SURFACE_SIDE_STYLE('',(#19545));
#19545 = SURFACE_STYLE_FILL_AREA(#19546);
#19546 = FILL_AREA_STYLE('',(#19547));
#19547 = FILL_AREA_STYLE_COLOUR('',#16871);
#19548 = STYLED_ITEM('color',(#19549),#4547);
#19549 = PRESENTATION_STYLE_ASSIGNMENT((#19550));
#19550 = SURFACE_STYLE_USAGE(.BOTH.,#19551);
#19551 = SURFACE_SIDE_STYLE('',(#19552));
#19552 = SURFACE_STYLE_FILL_AREA(#19553);
#19553 = FILL_AREA_STYLE('',(#19554));
#19554 = FILL_AREA_STYLE_COLOUR('',#16800);
#19555 = STYLED_ITEM('color',(#19556),#4633);
#19556 = PRESENTATION_STYLE_ASSIGNMENT((#19557));
#19557 = SURFACE_STYLE_USAGE(.BOTH.,#19558);
#19558 = SURFACE_SIDE_STYLE('',(#19559));
#19559 = SURFACE_STYLE_FILL_AREA(#19560);
#19560 = FILL_AREA_STYLE('',(#19561));
#19561 = FILL_AREA_STYLE_COLOUR('',#16800);
#19562 = STYLED_ITEM('color',(#19563),#4664);
#19563 = PRESENTATION_STYLE_ASSIGNMENT((#19564));
#19564 = SURFACE_STYLE_USAGE(.BOTH.,#19565);
#19565 = SURFACE_SIDE_STYLE('',(#19566));
#19566 = SURFACE_STYLE_FILL_AREA(#19567);
#19567 = FILL_AREA_STYLE('',(#19568));
#19568 = FILL_AREA_STYLE_COLOUR('',#16800);
#19569 = STYLED_ITEM('color',(#19570),#4689);
#19570 = PRESENTATION_STYLE_ASSIGNMENT((#19571));
#19571 = SURFACE_STYLE_USAGE(.BOTH.,#19572);
#19572 = SURFACE_SIDE_STYLE('',(#19573));
#19573 = SURFACE_STYLE_FILL_AREA(#19574);
#19574 = FILL_AREA_STYLE('',(#19575));
#19575 = FILL_AREA_STYLE_COLOUR('',#16800);
#19576 = STYLED_ITEM('color',(#19577),#4714);
#19577 = PRESENTATION_STYLE_ASSIGNMENT((#19578));
#19578 = SURFACE_STYLE_USAGE(.BOTH.,#19579);
#19579 = SURFACE_SIDE_STYLE('',(#19580));
#19580 = SURFACE_STYLE_FILL_AREA(#19581);
#19581 = FILL_AREA_STYLE('',(#19582));
#19582 = FILL_AREA_STYLE_COLOUR('',#16800);
#19583 = STYLED_ITEM('color',(#19584),#4738);
#19584 = PRESENTATION_STYLE_ASSIGNMENT((#19585));
#19585 = SURFACE_STYLE_USAGE(.BOTH.,#19586);
#19586 = SURFACE_SIDE_STYLE('',(#19587));
#19587 = SURFACE_STYLE_FILL_AREA(#19588);
#19588 = FILL_AREA_STYLE('',(#19589));
#19589 = FILL_AREA_STYLE_COLOUR('',#16800);
#19590 = STYLED_ITEM('color',(#19591),#4762);
#19591 = PRESENTATION_STYLE_ASSIGNMENT((#19592));
#19592 = SURFACE_STYLE_USAGE(.BOTH.,#19593);
#19593 = SURFACE_SIDE_STYLE('',(#19594));
#19594 = SURFACE_STYLE_FILL_AREA(#19595);
#19595 = FILL_AREA_STYLE('',(#19596));
#19596 = FILL_AREA_STYLE_COLOUR('',#16800);
#19597 = STYLED_ITEM('color',(#19598),#4787);
#19598 = PRESENTATION_STYLE_ASSIGNMENT((#19599));
#19599 = SURFACE_STYLE_USAGE(.BOTH.,#19600);
#19600 = SURFACE_SIDE_STYLE('',(#19601));
#19601 = SURFACE_STYLE_FILL_AREA(#19602);
#19602 = FILL_AREA_STYLE('',(#19603));
#19603 = FILL_AREA_STYLE_COLOUR('',#16800);
#19604 = STYLED_ITEM('color',(#19605),#4812);
#19605 = PRESENTATION_STYLE_ASSIGNMENT((#19606));
#19606 = SURFACE_STYLE_USAGE(.BOTH.,#19607);
#19607 = SURFACE_SIDE_STYLE('',(#19608));
#19608 = SURFACE_STYLE_FILL_AREA(#19609);
#19609 = FILL_AREA_STYLE('',(#19610));
#19610 = FILL_AREA_STYLE_COLOUR('',#16800);
#19611 = STYLED_ITEM('color',(#19612),#4829);
#19612 = PRESENTATION_STYLE_ASSIGNMENT((#19613));
#19613 = SURFACE_STYLE_USAGE(.BOTH.,#19614);
#19614 = SURFACE_SIDE_STYLE('',(#19615));
#19615 = SURFACE_STYLE_FILL_AREA(#19616);
#19616 = FILL_AREA_STYLE('',(#19617));
#19617 = FILL_AREA_STYLE_COLOUR('',#16800);
#19618 = MECHANICAL_DESIGN_GEOMETRIC_PRESENTATION_REPRESENTATION('',(
    #19619,#19626,#19633,#19640,#19647,#19654,#19661,#19668,#19675,
    #19682,#19689,#19696,#19703,#19710,#19717,#19724,#19731,#19738,
    #19745,#19752,#19759,#19766,#19773,#19780,#19787,#19794,#19801,
    #19808),#5645);
#19619 = STYLED_ITEM('color',(#19620),#4889);
#19620 = PRESENTATION_STYLE_ASSIGNMENT((#19621));
#19621 = SURFACE_STYLE_USAGE(.BOTH.,#19622);
#19622 = SURFACE_SIDE_STYLE('',(#19623));
#19623 = SURFACE_STYLE_FILL_AREA(#19624);
#19624 = FILL_AREA_STYLE('',(#19625));
#19625 = FILL_AREA_STYLE_COLOUR('',#16999);
#19626 = STYLED_ITEM('color',(#19627),#4929);
#19627 = PRESENTATION_STYLE_ASSIGNMENT((#19628));
#19628 = SURFACE_STYLE_USAGE(.BOTH.,#19629);
#19629 = SURFACE_SIDE_STYLE('',(#19630));
#19630 = SURFACE_STYLE_FILL_AREA(#19631);
#19631 = FILL_AREA_STYLE('',(#19632));
#19632 = FILL_AREA_STYLE_COLOUR('',#16999);
#19633 = STYLED_ITEM('color',(#19634),#4960);
#19634 = PRESENTATION_STYLE_ASSIGNMENT((#19635));
#19635 = SURFACE_STYLE_USAGE(.BOTH.,#19636);
#19636 = SURFACE_SIDE_STYLE('',(#19637));
#19637 = SURFACE_STYLE_FILL_AREA(#19638);
#19638 = FILL_AREA_STYLE('',(#19639));
#19639 = FILL_AREA_STYLE_COLOUR('',#16999);
#19640 = STYLED_ITEM('color',(#19641),#4991);
#19641 = PRESENTATION_STYLE_ASSIGNMENT((#19642));
#19642 = SURFACE_STYLE_USAGE(.BOTH.,#19643);
#19643 = SURFACE_SIDE_STYLE('',(#19644));
#19644 = SURFACE_STYLE_FILL_AREA(#19645);
#19645 = FILL_AREA_STYLE('',(#19646));
#19646 = FILL_AREA_STYLE_COLOUR('',#16999);
#19647 = STYLED_ITEM('color',(#19648),#5074);
#19648 = PRESENTATION_STYLE_ASSIGNMENT((#19649));
#19649 = SURFACE_STYLE_USAGE(.BOTH.,#19650);
#19650 = SURFACE_SIDE_STYLE('',(#19651));
#19651 = SURFACE_STYLE_FILL_AREA(#19652);
#19652 = FILL_AREA_STYLE('',(#19653));
#19653 = FILL_AREA_STYLE_COLOUR('',#16999);
#19654 = STYLED_ITEM('color',(#19655),#5157);
#19655 = PRESENTATION_STYLE_ASSIGNMENT((#19656));
#19656 = SURFACE_STYLE_USAGE(.BOTH.,#19657);
#19657 = SURFACE_SIDE_STYLE('',(#19658));
#19658 = SURFACE_STYLE_FILL_AREA(#19659);
#19659 = FILL_AREA_STYLE('',(#19660));
#19660 = FILL_AREA_STYLE_COLOUR('',#16999);
#19661 = STYLED_ITEM('color',(#19662),#5174);
#19662 = PRESENTATION_STYLE_ASSIGNMENT((#19663));
#19663 = SURFACE_STYLE_USAGE(.BOTH.,#19664);
#19664 = SURFACE_SIDE_STYLE('',(#19665));
#19665 = SURFACE_STYLE_FILL_AREA(#19666);
#19666 = FILL_AREA_STYLE('',(#19667));
#19667 = FILL_AREA_STYLE_COLOUR('',#16999);
#19668 = STYLED_ITEM('color',(#19669),#5191);
#19669 = PRESENTATION_STYLE_ASSIGNMENT((#19670));
#19670 = SURFACE_STYLE_USAGE(.BOTH.,#19671);
#19671 = SURFACE_SIDE_STYLE('',(#19672));
#19672 = SURFACE_STYLE_FILL_AREA(#19673);
#19673 = FILL_AREA_STYLE('',(#19674));
#19674 = FILL_AREA_STYLE_COLOUR('',#16999);
#19675 = STYLED_ITEM('color',(#19676),#5208);
#19676 = PRESENTATION_STYLE_ASSIGNMENT((#19677));
#19677 = SURFACE_STYLE_USAGE(.BOTH.,#19678);
#19678 = SURFACE_SIDE_STYLE('',(#19679));
#19679 = SURFACE_STYLE_FILL_AREA(#19680);
#19680 = FILL_AREA_STYLE('',(#19681));
#19681 = FILL_AREA_STYLE_COLOUR('',#16999);
#19682 = STYLED_ITEM('color',(#19683),#5225);
#19683 = PRESENTATION_STYLE_ASSIGNMENT((#19684));
#19684 = SURFACE_STYLE_USAGE(.BOTH.,#19685);
#19685 = SURFACE_SIDE_STYLE('',(#19686));
#19686 = SURFACE_STYLE_FILL_AREA(#19687);
#19687 = FILL_AREA_STYLE('',(#19688));
#19688 = FILL_AREA_STYLE_COLOUR('',#16999);
#19689 = STYLED_ITEM('color',(#19690),#5237);
#19690 = PRESENTATION_STYLE_ASSIGNMENT((#19691));
#19691 = SURFACE_STYLE_USAGE(.BOTH.,#19692);
#19692 = SURFACE_SIDE_STYLE('',(#19693));
#19693 = SURFACE_STYLE_FILL_AREA(#19694);
#19694 = FILL_AREA_STYLE('',(#19695));
#19695 = FILL_AREA_STYLE_COLOUR('',#18004);
#19696 = STYLED_ITEM('color',(#19697),#5268);
#19697 = PRESENTATION_STYLE_ASSIGNMENT((#19698));
#19698 = SURFACE_STYLE_USAGE(.BOTH.,#19699);
#19699 = SURFACE_SIDE_STYLE('',(#19700));
#19700 = SURFACE_STYLE_FILL_AREA(#19701);
#19701 = FILL_AREA_STYLE('',(#19702));
#19702 = FILL_AREA_STYLE_COLOUR('',#18004);
#19703 = STYLED_ITEM('color',(#19704),#5292);
#19704 = PRESENTATION_STYLE_ASSIGNMENT((#19705));
#19705 = SURFACE_STYLE_USAGE(.BOTH.,#19706);
#19706 = SURFACE_SIDE_STYLE('',(#19707));
#19707 = SURFACE_STYLE_FILL_AREA(#19708);
#19708 = FILL_AREA_STYLE('',(#19709));
#19709 = FILL_AREA_STYLE_COLOUR('',#18004);
#19710 = STYLED_ITEM('color',(#19711),#5316);
#19711 = PRESENTATION_STYLE_ASSIGNMENT((#19712));
#19712 = SURFACE_STYLE_USAGE(.BOTH.,#19713);
#19713 = SURFACE_SIDE_STYLE('',(#19714));
#19714 = SURFACE_STYLE_FILL_AREA(#19715);
#19715 = FILL_AREA_STYLE('',(#19716));
#19716 = FILL_AREA_STYLE_COLOUR('',#18004);
#19717 = STYLED_ITEM('color',(#19718),#5333);
#19718 = PRESENTATION_STYLE_ASSIGNMENT((#19719));
#19719 = SURFACE_STYLE_USAGE(.BOTH.,#19720);
#19720 = SURFACE_SIDE_STYLE('',(#19721));
#19721 = SURFACE_STYLE_FILL_AREA(#19722);
#19722 = FILL_AREA_STYLE('',(#19723));
#19723 = FILL_AREA_STYLE_COLOUR('',#18004);
#19724 = STYLED_ITEM('color',(#19725),#5364);
#19725 = PRESENTATION_STYLE_ASSIGNMENT((#19726));
#19726 = SURFACE_STYLE_USAGE(.BOTH.,#19727);
#19727 = SURFACE_SIDE_STYLE('',(#19728));
#19728 = SURFACE_STYLE_FILL_AREA(#19729);
#19729 = FILL_AREA_STYLE('',(#19730));
#19730 = FILL_AREA_STYLE_COLOUR('',#18004);
#19731 = STYLED_ITEM('color',(#19732),#5388);
#19732 = PRESENTATION_STYLE_ASSIGNMENT((#19733));
#19733 = SURFACE_STYLE_USAGE(.BOTH.,#19734);
#19734 = SURFACE_SIDE_STYLE('',(#19735));
#19735 = SURFACE_STYLE_FILL_AREA(#19736);
#19736 = FILL_AREA_STYLE('',(#19737));
#19737 = FILL_AREA_STYLE_COLOUR('',#18004);
#19738 = STYLED_ITEM('color',(#19739),#5412);
#19739 = PRESENTATION_STYLE_ASSIGNMENT((#19740));
#19740 = SURFACE_STYLE_USAGE(.BOTH.,#19741);
#19741 = SURFACE_SIDE_STYLE('',(#19742));
#19742 = SURFACE_STYLE_FILL_AREA(#19743);
#19743 = FILL_AREA_STYLE('',(#19744));
#19744 = FILL_AREA_STYLE_COLOUR('',#18004);
#19745 = STYLED_ITEM('color',(#19746),#5429);
#19746 = PRESENTATION_STYLE_ASSIGNMENT((#19747));
#19747 = SURFACE_STYLE_USAGE(.BOTH.,#19748);
#19748 = SURFACE_SIDE_STYLE('',(#19749));
#19749 = SURFACE_STYLE_FILL_AREA(#19750);
#19750 = FILL_AREA_STYLE('',(#19751));
#19751 = FILL_AREA_STYLE_COLOUR('',#18004);
#19752 = STYLED_ITEM('color',(#19753),#5460);
#19753 = PRESENTATION_STYLE_ASSIGNMENT((#19754));
#19754 = SURFACE_STYLE_USAGE(.BOTH.,#19755);
#19755 = SURFACE_SIDE_STYLE('',(#19756));
#19756 = SURFACE_STYLE_FILL_AREA(#19757);
#19757 = FILL_AREA_STYLE('',(#19758));
#19758 = FILL_AREA_STYLE_COLOUR('',#18004);
#19759 = STYLED_ITEM('color',(#19760),#5484);
#19760 = PRESENTATION_STYLE_ASSIGNMENT((#19761));
#19761 = SURFACE_STYLE_USAGE(.BOTH.,#19762);
#19762 = SURFACE_SIDE_STYLE('',(#19763));
#19763 = SURFACE_STYLE_FILL_AREA(#19764);
#19764 = FILL_AREA_STYLE('',(#19765));
#19765 = FILL_AREA_STYLE_COLOUR('',#18004);
#19766 = STYLED_ITEM('color',(#19767),#5508);
#19767 = PRESENTATION_STYLE_ASSIGNMENT((#19768));
#19768 = SURFACE_STYLE_USAGE(.BOTH.,#19769);
#19769 = SURFACE_SIDE_STYLE('',(#19770));
#19770 = SURFACE_STYLE_FILL_AREA(#19771);
#19771 = FILL_AREA_STYLE('',(#19772));
#19772 = FILL_AREA_STYLE_COLOUR('',#18004);
#19773 = STYLED_ITEM('color',(#19774),#5525);
#19774 = PRESENTATION_STYLE_ASSIGNMENT((#19775));
#19775 = SURFACE_STYLE_USAGE(.BOTH.,#19776);
#19776 = SURFACE_SIDE_STYLE('',(#19777));
#19777 = SURFACE_STYLE_FILL_AREA(#19778);
#19778 = FILL_AREA_STYLE('',(#19779));
#19779 = FILL_AREA_STYLE_COLOUR('',#18004);
#19780 = STYLED_ITEM('color',(#19781),#5556);
#19781 = PRESENTATION_STYLE_ASSIGNMENT((#19782));
#19782 = SURFACE_STYLE_USAGE(.BOTH.,#19783);
#19783 = SURFACE_SIDE_STYLE('',(#19784));
#19784 = SURFACE_STYLE_FILL_AREA(#19785);
#19785 = FILL_AREA_STYLE('',(#19786));
#19786 = FILL_AREA_STYLE_COLOUR('',#18004);
#19787 = STYLED_ITEM('color',(#19788),#5580);
#19788 = PRESENTATION_STYLE_ASSIGNMENT((#19789));
#19789 = SURFACE_STYLE_USAGE(.BOTH.,#19790);
#19790 = SURFACE_SIDE_STYLE('',(#19791));
#19791 = SURFACE_STYLE_FILL_AREA(#19792);
#19792 = FILL_AREA_STYLE('',(#19793));
#19793 = FILL_AREA_STYLE_COLOUR('',#18004);
#19794 = STYLED_ITEM('color',(#19795),#5604);
#19795 = PRESENTATION_STYLE_ASSIGNMENT((#19796));
#19796 = SURFACE_STYLE_USAGE(.BOTH.,#19797);
#19797 = SURFACE_SIDE_STYLE('',(#19798));
#19798 = SURFACE_STYLE_FILL_AREA(#19799);
#19799 = FILL_AREA_STYLE('',(#19800));
#19800 = FILL_AREA_STYLE_COLOUR('',#18004);
#19801 = STYLED_ITEM('color',(#19802),#5621);
#19802 = PRESENTATION_STYLE_ASSIGNMENT((#19803));
#19803 = SURFACE_STYLE_USAGE(.BOTH.,#19804);
#19804 = SURFACE_SIDE_STYLE('',(#19805));
#19805 = SURFACE_STYLE_FILL_AREA(#19806);
#19806 = FILL_AREA_STYLE('',(#19807));
#19807 = FILL_AREA_STYLE_COLOUR('',#18004);
#19808 = STYLED_ITEM('color',(#19809),#5633);
#19809 = PRESENTATION_STYLE_ASSIGNMENT((#19810));
#19810 = SURFACE_STYLE_USAGE(.BOTH.,#19811);
#19811 = SURFACE_SIDE_STYLE('',(#19812));
#19812 = SURFACE_STYLE_FILL_AREA(#19813);
#19813 = FILL_AREA_STYLE('',(#19814));
#19814 = FILL_AREA_STYLE_COLOUR('',#18004);
#19815 = MECHANICAL_DESIGN_GEOMETRIC_PRESENTATION_REPRESENTATION('',(
    #19816,#19824,#19831,#19838,#19845,#19852,#19862,#19869,#19876,
    #19883,#19890,#19897),#12172);
#19816 = STYLED_ITEM('color',(#19817),#9341);
#19817 = PRESENTATION_STYLE_ASSIGNMENT((#19818));
#19818 = SURFACE_STYLE_USAGE(.BOTH.,#19819);
#19819 = SURFACE_SIDE_STYLE('',(#19820));
#19820 = SURFACE_STYLE_FILL_AREA(#19821);
#19821 = FILL_AREA_STYLE('',(#19822));
#19822 = FILL_AREA_STYLE_COLOUR('',#19823);
#19823 = COLOUR_RGB('',0.749019597622,0.749019597622,0.749019597622);
#19824 = STYLED_ITEM('color',(#19825),#10316);
#19825 = PRESENTATION_STYLE_ASSIGNMENT((#19826));
#19826 = SURFACE_STYLE_USAGE(.BOTH.,#19827);
#19827 = SURFACE_SIDE_STYLE('',(#19828));
#19828 = SURFACE_STYLE_FILL_AREA(#19829);
#19829 = FILL_AREA_STYLE('',(#19830));
#19830 = FILL_AREA_STYLE_COLOUR('',#19823);
#19831 = STYLED_ITEM('color',(#19832),#10540);
#19832 = PRESENTATION_STYLE_ASSIGNMENT((#19833));
#19833 = SURFACE_STYLE_USAGE(.BOTH.,#19834);
#19834 = SURFACE_SIDE_STYLE('',(#19835));
#19835 = SURFACE_STYLE_FILL_AREA(#19836);
#19836 = FILL_AREA_STYLE('',(#19837));
#19837 = FILL_AREA_STYLE_COLOUR('',#19823);
#19838 = STYLED_ITEM('color',(#19839),#10690);
#19839 = PRESENTATION_STYLE_ASSIGNMENT((#19840));
#19840 = SURFACE_STYLE_USAGE(.BOTH.,#19841);
#19841 = SURFACE_SIDE_STYLE('',(#19842));
#19842 = SURFACE_STYLE_FILL_AREA(#19843);
#19843 = FILL_AREA_STYLE('',(#19844));
#19844 = FILL_AREA_STYLE_COLOUR('',#19823);
#19845 = STYLED_ITEM('color',(#19846),#10840);
#19846 = PRESENTATION_STYLE_ASSIGNMENT((#19847));
#19847 = SURFACE_STYLE_USAGE(.BOTH.,#19848);
#19848 = SURFACE_SIDE_STYLE('',(#19849));
#19849 = SURFACE_STYLE_FILL_AREA(#19850);
#19850 = FILL_AREA_STYLE('',(#19851));
#19851 = FILL_AREA_STYLE_COLOUR('',#19823);
#19852 = STYLED_ITEM('color',(#19853),#10990);
#19853 = PRESENTATION_STYLE_ASSIGNMENT((#19854));
#19854 = SURFACE_STYLE_USAGE(.BOTH.,#19855);
#19855 = SURFACE_SIDE_STYLE('',(#19856,#19860));
#19856 = SURFACE_STYLE_FILL_AREA(#19857);
#19857 = FILL_AREA_STYLE('',(#19858));
#19858 = FILL_AREA_STYLE_COLOUR('',#19859);
#19859 = COLOUR_RGB('',0.552941175644,0.713725498821,0.921568637116);
#19860 = SURFACE_STYLE_RENDERING_WITH_PROPERTIES(.NORMAL_SHADING.,#19859
  ,(#19861));
#19861 = SURFACE_STYLE_TRANSPARENT(0.339999973774);
#19862 = STYLED_ITEM('color',(#19863),#11272);
#19863 = PRESENTATION_STYLE_ASSIGNMENT((#19864));
#19864 = SURFACE_STYLE_USAGE(.BOTH.,#19865);
#19865 = SURFACE_SIDE_STYLE('',(#19866));
#19866 = SURFACE_STYLE_FILL_AREA(#19867);
#19867 = FILL_AREA_STYLE('',(#19868));
#19868 = FILL_AREA_STYLE_COLOUR('',#19823);
#19869 = STYLED_ITEM('color',(#19870),#11422);
#19870 = PRESENTATION_STYLE_ASSIGNMENT((#19871));
#19871 = SURFACE_STYLE_USAGE(.BOTH.,#19872);
#19872 = SURFACE_SIDE_STYLE('',(#19873));
#19873 = SURFACE_STYLE_FILL_AREA(#19874);
#19874 = FILL_AREA_STYLE('',(#19875));
#19875 = FILL_AREA_STYLE_COLOUR('',#19823);
#19876 = STYLED_ITEM('color',(#19877),#11572);
#19877 = PRESENTATION_STYLE_ASSIGNMENT((#19878));
#19878 = SURFACE_STYLE_USAGE(.BOTH.,#19879);
#19879 = SURFACE_SIDE_STYLE('',(#19880));
#19880 = SURFACE_STYLE_FILL_AREA(#19881);
#19881 = FILL_AREA_STYLE('',(#19882));
#19882 = FILL_AREA_STYLE_COLOUR('',#19823);
#19883 = STYLED_ITEM('color',(#19884),#11722);
#19884 = PRESENTATION_STYLE_ASSIGNMENT((#19885));
#19885 = SURFACE_STYLE_USAGE(.BOTH.,#19886);
#19886 = SURFACE_SIDE_STYLE('',(#19887));
#19887 = SURFACE_STYLE_FILL_AREA(#19888);
#19888 = FILL_AREA_STYLE('',(#19889));
#19889 = FILL_AREA_STYLE_COLOUR('',#19823);
#19890 = STYLED_ITEM('color',(#19891),#11872);
#19891 = PRESENTATION_STYLE_ASSIGNMENT((#19892));
#19892 = SURFACE_STYLE_USAGE(.BOTH.,#19893);
#19893 = SURFACE_SIDE_STYLE('',(#19894));
#19894 = SURFACE_STYLE_FILL_AREA(#19895);
#19895 = FILL_AREA_STYLE('',(#19896));
#19896 = FILL_AREA_STYLE_COLOUR('',#19823);
#19897 = STYLED_ITEM('color',(#19898),#12022);
#19898 = PRESENTATION_STYLE_ASSIGNMENT((#19899));
#19899 = SURFACE_STYLE_USAGE(.BOTH.,#19900);
#19900 = SURFACE_SIDE_STYLE('',(#19901));
#19901 = SURFACE_STYLE_FILL_AREA(#19902);
#19902 = FILL_AREA_STYLE('',(#19903));
#19903 = FILL_AREA_STYLE_COLOUR('',#19823);
#19904 = MECHANICAL_DESIGN_GEOMETRIC_PRESENTATION_REPRESENTATION('',(
    #19905,#19915),#1519);
#19905 = STYLED_ITEM('color',(#19906),#745);
#19906 = PRESENTATION_STYLE_ASSIGNMENT((#19907,#19913));
#19907 = SURFACE_STYLE_USAGE(.BOTH.,#19908);
#19908 = SURFACE_SIDE_STYLE('',(#19909));
#19909 = SURFACE_STYLE_FILL_AREA(#19910);
#19910 = FILL_AREA_STYLE('',(#19911));
#19911 = FILL_AREA_STYLE_COLOUR('',#19912);
#19912 = COLOUR_RGB('',0.734000028196,0.773000013638,0.796999989372);
#19913 = CURVE_STYLE('',#19914,POSITIVE_LENGTH_MEASURE(0.1),#19912);
#19914 = DRAUGHTING_PRE_DEFINED_CURVE_FONT('continuous');
#19915 = STYLED_ITEM('color',(#19916),#1132);
#19916 = PRESENTATION_STYLE_ASSIGNMENT((#19917,#19922));
#19917 = SURFACE_STYLE_USAGE(.BOTH.,#19918);
#19918 = SURFACE_SIDE_STYLE('',(#19919));
#19919 = SURFACE_STYLE_FILL_AREA(#19920);
#19920 = FILL_AREA_STYLE('',(#19921));
#19921 = FILL_AREA_STYLE_COLOUR('',#19912);
#19922 = CURVE_STYLE('',#19923,POSITIVE_LENGTH_MEASURE(0.1),#19912);
#19923 = DRAUGHTING_PRE_DEFINED_CURVE_FONT('continuous');
#19924 = MECHANICAL_DESIGN_GEOMETRIC_PRESENTATION_REPRESENTATION('',(
    #19925),#726);
#19925 = STYLED_ITEM('color',(#19926),#139);
#19926 = PRESENTATION_STYLE_ASSIGNMENT((#19927,#19933));
#19927 = SURFACE_STYLE_USAGE(.BOTH.,#19928);
#19928 = SURFACE_SIDE_STYLE('',(#19929));
#19929 = SURFACE_STYLE_FILL_AREA(#19930);
#19930 = FILL_AREA_STYLE('',(#19931));
#19931 = FILL_AREA_STYLE_COLOUR('',#19932);
#19932 = COLOUR_RGB('',0.300000011149,0.300000011149,0.300000011149);
#19933 = CURVE_STYLE('',#19934,POSITIVE_LENGTH_MEASURE(0.1),#19932);
#19934 = DRAUGHTING_PRE_DEFINED_CURVE_FONT('continuous');
#19935 = MECHANICAL_DESIGN_GEOMETRIC_PRESENTATION_REPRESENTATION('',(
    #19936),#16781);
#19936 = STYLED_ITEM('color',(#19937),#16218);
#19937 = PRESENTATION_STYLE_ASSIGNMENT((#19938));
#19938 = SURFACE_STYLE_USAGE(.BOTH.,#19939);
#19939 = SURFACE_SIDE_STYLE('',(#19940));
#19940 = SURFACE_STYLE_FILL_AREA(#19941);
#19941 = FILL_AREA_STYLE('',(#19942));
#19942 = FILL_AREA_STYLE_COLOUR('',#19943);
#19943 = COLOUR_RGB('',0.313304153717,0.484529207832,0.410020903123);
#19944 = MECHANICAL_DESIGN_GEOMETRIC_PRESENTATION_REPRESENTATION('',(
    #19945),#1925);
#19945 = STYLED_ITEM('color',(#19946),#1538);
#19946 = PRESENTATION_STYLE_ASSIGNMENT((#19947,#19952));
#19947 = SURFACE_STYLE_USAGE(.BOTH.,#19948);
#19948 = SURFACE_SIDE_STYLE('',(#19949));
#19949 = SURFACE_STYLE_FILL_AREA(#19950);
#19950 = FILL_AREA_STYLE('',(#19951));
#19951 = FILL_AREA_STYLE_COLOUR('',#19912);
#19952 = CURVE_STYLE('',#19953,POSITIVE_LENGTH_MEASURE(0.1),#19912);
#19953 = DRAUGHTING_PRE_DEFINED_CURVE_FONT('continuous');
ENDSEC;
END-ISO-10303-21;
