ISO-10303-21;
HEADER;
FILE_DESCRIPTION (( 'STEP AP203' ),
    '1' );
FILE_NAME ('2349K701_Permanently Lubricated Ball Bearing.STEP',
    '2026-01-18T22:17:51',
    ( 'McMaster Carr Supply' ),
    ( 'McMaster Carr Supply' ),
    'SwSTEP 2.0',
    'SolidWorks 2024',
    '' );
FILE_SCHEMA (( 'CONFIG_CONTROL_DESIGN' ));
ENDSEC;

DATA;
#1 = CARTESIAN_POINT ( 'NONE',  ( 0.000000000000000000, -8.296874999999998224, -3.240740740740748915 ) ) ;
#2 = ORIENTED_EDGE ( 'NONE', *, *, #1879, .F. ) ;
#3 = CARTESIAN_POINT ( 'NONE',  ( 0.000000000000000000, 0.000000000000000000, 3.499999999999999556 ) ) ;
#4 = CARTESIAN_POINT ( 'NONE',  ( 0.000000000000000000, 7.143772995026863472E-18, 3.461111111111107252 ) ) ;
#5 = DIRECTION ( 'NONE',  ( 0.9749279121818227312, -0.2225209339563182231, -2.245734522990357500E-16 ) ) ;
#6 = ORIENTED_EDGE ( 'NONE', *, *, #445, .F. ) ;
#7 = EDGE_CURVE ( 'NONE', #166, #1646, #1373, .T. ) ;
#8 = DIRECTION ( 'NONE',  ( -1.224646799147373422E-16, 1.000000000000000000, 0.000000000000000000 ) ) ;
#9 = PERSON_AND_ORGANIZATION ( #903, #80 ) ;
#10 = ORIENTED_EDGE ( 'NONE', *, *, #1816, .T. ) ;
#11 = VERTEX_POINT ( 'NONE', #722 ) ;
#12 = VERTEX_POINT ( 'NONE', #1960 ) ;
#13 = EDGE_CURVE ( 'NONE', #1602, #1735, #511, .T. ) ;
#14 = DIRECTION ( 'NONE',  ( 0.4338837391175526248, -0.9009688679024218105, -3.492023159033203447E-16 ) ) ;
#15 = DIRECTION ( 'NONE',  ( -0.000000000000000000, -1.836970198721030181E-16, 1.000000000000000000 ) ) ;
#16 = ORIENTED_EDGE ( 'NONE', *, *, #2026, .F. ) ;
#17 = CARTESIAN_POINT ( 'NONE',  ( 0.000000000000000000, 0.000000000000000000, 3.499999999999999556 ) ) ;
#18 = FACE_OUTER_BOUND ( 'NONE', #3131, .T. ) ;
#19 = AXIS2_PLACEMENT_3D ( 'NONE', #1172, #2360, #2151 ) ;
#20 = AXIS2_PLACEMENT_3D ( 'NONE', #819, #574, #419 ) ;
#21 = DIRECTION ( 'NONE',  ( 0.000000000000000000, 1.000000000000000000, 2.090815488936264304E-16 ) ) ;
#22 = ORIENTED_EDGE ( 'NONE', *, *, #1801, .T. ) ;
#23 = CIRCLE ( 'NONE', #1206, 2.045573997405609301 ) ;
#24 = CARTESIAN_POINT ( 'NONE',  ( 0.000000000000000000, 7.143772995026319281E-17, 3.111111111111105831 ) ) ;
#25 = AXIS2_PLACEMENT_3D ( 'NONE', #2117, #380, #876 ) ;
#26 = APPROVAL_DATE_TIME ( #2953, #2178 ) ;
#27 = DIRECTION ( 'NONE',  ( -0.7818314824680311359, -0.6234898018587319291, 0.000000000000000000 ) ) ;
#28 = EDGE_LOOP ( 'NONE', ( #1018, #959, #2945, #410 ) ) ;
#29 = EDGE_CURVE ( 'NONE', #2492, #1620, #1392, .T. ) ;
#30 = CIRCLE ( 'NONE', #437, 1.816221169466911700 ) ;
#31 = ORIENTED_EDGE ( 'NONE', *, *, #1780, .T. ) ;
#32 = DIRECTION ( 'NONE',  ( 0.000000000000000000, 0.000000000000000000, 1.000000000000000000 ) ) ;
#33 = AXIS2_PLACEMENT_3D ( 'NONE', #1906, #1374, #683 ) ;
#34 = CIRCLE ( 'NONE', #2090, 4.349999999999994316 ) ;
#35 = CARTESIAN_POINT ( 'NONE',  ( -7.500000000000000000, 0.000000000000000000, -0.5833333333333333703 ) ) ;
#36 = EDGE_LOOP ( 'NONE', ( #1203, #106, #325, #2890 ) ) ;
#37 = EDGE_CURVE ( 'NONE', #2493, #1929, #1713, .T. ) ;
#38 = AXIS2_PLACEMENT_3D ( 'NONE', #2938, #460, #1474 ) ;
#39 = AXIS2_PLACEMENT_3D ( 'NONE', #647, #420, #1098 ) ;
#40 = FACE_OUTER_BOUND ( 'NONE', #3023, .T. ) ;
#41 = DIRECTION ( 'NONE',  ( -0.000000000000000000, -1.836970198721030181E-16, 1.000000000000000000 ) ) ;
#42 = TOROIDAL_SURFACE ( 'NONE', #1312, 6.742013888888878093, 0.03888888888888900053 ) ;
#43 = DIRECTION ( 'NONE',  ( -0.7818314824680221431, 0.6234898018587431423, -6.916380135000390152E-17 ) ) ;
#44 = VERTEX_POINT ( 'NONE', #995 ) ;
#45 = DIRECTION ( 'NONE',  ( -1.760023401269585079E-16, -2.381072978524626888E-16, 1.000000000000000000 ) ) ;
#46 = CARTESIAN_POINT ( 'NONE',  ( 8.036744619404492125E-16, 6.562499999999989342, 3.500000000000000888 ) ) ;
#47 = DATE_AND_TIME ( #288, #1299 ) ;
#48 = ORIENTED_EDGE ( 'NONE', *, *, #1773, .T. ) ;
#49 = ORIENTED_EDGE ( 'NONE', *, *, #1177, .F. ) ;
#50 = VERTEX_POINT ( 'NONE', #2702 ) ;
#51 = DIRECTION ( 'NONE',  ( 0.000000000000000000, 1.836970198721030181E-16, -1.000000000000000000 ) ) ;
#52 = LINE ( 'NONE', #1296, #2351 ) ;
#53 = EDGE_LOOP ( 'NONE', ( #1738, #76 ) ) ;
#54 = DIRECTION ( 'NONE',  ( 0.000000000000000000, -1.000000000000000000, -1.982541115402068561E-16 ) ) ;
#55 = ADVANCED_FACE ( 'NONE', ( #1697, #498 ), #2685, .T. ) ;
#56 = DIRECTION ( 'NONE',  ( -0.000000000000000000, -1.836970198721030181E-16, 1.000000000000000000 ) ) ;
#57 = FACE_OUTER_BOUND ( 'NONE', #893, .T. ) ;
#58 = EDGE_LOOP ( 'NONE', ( #1870, #1755 ) ) ;
#59 = CARTESIAN_POINT ( 'NONE',  ( 0.000000000000000000, 9.286904893534089957E-16, -1.555555555555552250 ) ) ;
#60 = FACE_OUTER_BOUND ( 'NONE', #1063, .T. ) ;
#61 = DIRECTION ( 'NONE',  ( 0.000000000000000000, -1.000000000000000000, -1.836970198721029934E-16 ) ) ;
#62 = ORIENTED_EDGE ( 'NONE', *, *, #1499, .T. ) ;
#63 = EDGE_LOOP ( 'NONE', ( #3136, #1529 ) ) ;
#64 = FACE_BOUND ( 'NONE', #2173, .T. ) ;
#65 = PLANE ( 'NONE',  #1581 ) ;
#66 = FACE_OUTER_BOUND ( 'NONE', #2270, .T. ) ;
#67 = DIRECTION ( 'NONE',  ( -0.000000000000000000, -1.836970198721030181E-16, 1.000000000000000000 ) ) ;
#68 = EDGE_CURVE ( 'NONE', #1222, #2565, #1706, .T. ) ;
#69 = FACE_OUTER_BOUND ( 'NONE', #3048, .T. ) ;
#70 = VERTEX_POINT ( 'NONE', #1975 ) ;
#71 = EDGE_CURVE ( 'NONE', #1735, #1602, #387, .T. ) ;
#72 = AXIS2_PLACEMENT_3D ( 'NONE', #472, #1432, #1380 ) ;
#73 = CARTESIAN_POINT ( 'NONE',  ( -7.768956800198919765, -1.773213692464304492, -1.754688796886812785 ) ) ;
#74 = AXIS2_PLACEMENT_3D ( 'NONE', #868, #2311, #1803 ) ;
#75 = DIRECTION ( 'NONE',  ( -0.000000000000000000, -1.836970198721030181E-16, 1.000000000000000000 ) ) ;
#76 = ORIENTED_EDGE ( 'NONE', *, *, #1363, .T. ) ;
#77 = ORIENTED_EDGE ( 'NONE', *, *, #875, .T. ) ;
#78 = CIRCLE ( 'NONE', #490, 1.754688796886732183 ) ;
#79 = DIRECTION ( 'NONE',  ( 0.000000000000000000, -2.471554327831025469E-16, 1.000000000000000000 ) ) ;
#80 = ORGANIZATION ( 'UNSPECIFIED', 'UNSPECIFIED', '' ) ;
#81 = CARTESIAN_POINT ( 'NONE',  ( -6.854961882528506578, -1.564600316880280007, 1.754688796886730628 ) ) ;
#82 = AXIS2_PLACEMENT_3D ( 'NONE', #1454, #258, #1236 ) ;
#83 = AXIS2_PLACEMENT_3D ( 'NONE', #2179, #253, #474 ) ;
#84 = CARTESIAN_POINT ( 'NONE',  ( -3.457511046093098006, -7.179595666097377205, 2.045573997405607081 ) ) ;
#85 = DIRECTION ( 'NONE',  ( -0.000000000000000000, -1.836970198721030181E-16, 1.000000000000000000 ) ) ;
#86 = AXIS2_PLACEMENT_3D ( 'NONE', #2205, #720, #2182 ) ;
#87 = AXIS2_PLACEMENT_3D ( 'NONE', #2161, #2934, #730 ) ;
#88 = AXIS2_PLACEMENT_3D ( 'NONE', #2931, #2660, #2157 ) ;
#89 = EDGE_CURVE ( 'NONE', #1807, #625, #546, .T. ) ;
#90 = DIRECTION ( 'NONE',  ( 0.000000000000000000, 1.836970198721030181E-16, -1.000000000000000000 ) ) ;
#91 = ORIENTED_EDGE ( 'NONE', *, *, #2845, .F. ) ;
#92 = AXIS2_PLACEMENT_3D ( 'NONE', #2907, #1189, #2010 ) ;
#93 = CARTESIAN_POINT ( 'NONE',  ( 5.863736118510232131, 4.676173513940490523, -5.187285101250445332E-16 ) ) ;
#94 = EDGE_CURVE ( 'NONE', #150, #1450, #1159, .T. ) ;
#95 = DIRECTION ( 'NONE',  ( 1.000000000000000000, 0.000000000000000000, 0.000000000000000000 ) ) ;
#96 = EDGE_LOOP ( 'NONE', ( #2014, #1487, #2737, #1924 ) ) ;
#97 = VERTEX_POINT ( 'NONE', #1997 ) ;
#98 = FACE_OUTER_BOUND ( 'NONE', #1947, .T. ) ;
#99 = EDGE_CURVE ( 'NONE', #1253, #3029, #693, .T. ) ;
#100 = DIRECTION ( 'NONE',  ( -0.000000000000000000, -1.836970198721030181E-16, 1.000000000000000000 ) ) ;
#101 = ORIENTED_EDGE ( 'NONE', *, *, #3081, .F. ) ;
#102 = DIRECTION ( 'NONE',  ( -0.7818314824680221431, 0.6234898018587431423, -6.916380135000390152E-17 ) ) ;
#103 = DIRECTION ( 'NONE',  ( 0.000000000000000000, 1.836970198721030181E-16, -1.000000000000000000 ) ) ;
#104 = ORIENTED_EDGE ( 'NONE', *, *, #1598, .T. ) ;
#105 = CARTESIAN_POINT ( 'NONE',  ( 0.000000000000000000, 7.500000000000020428, -7.871307772244762191E-14 ) ) ;
#106 = ORIENTED_EDGE ( 'NONE', *, *, #68, .T. ) ;
#107 = EDGE_CURVE ( 'NONE', #2565, #741, #2085, .T. ) ;
#108 = DIRECTION ( 'NONE',  ( -1.000000000000000000, 0.000000000000000000, -0.000000000000000000 ) ) ;
#109 = CARTESIAN_POINT ( 'NONE',  ( 2.148874018607056940E-16, 7.031250000000044409, -1.754688796886732183 ) ) ;
#110 = VERTEX_POINT ( 'NONE', #2282 ) ;
#111 = EDGE_CURVE ( 'NONE', #1121, #943, #851, .T. ) ;
#112 = DIRECTION ( 'NONE',  ( 0.9749279121818227312, -0.2225209339563183064, -2.245734522990358486E-16 ) ) ;
#113 = DIRECTION ( 'NONE',  ( -7.970314984686172914E-17, -3.492023159033192107E-16, 1.000000000000000000 ) ) ;
#114 = DIRECTION ( 'NONE',  ( -0.000000000000000000, -1.836970198721030181E-16, 1.000000000000000000 ) ) ;
#115 = ORIENTED_EDGE ( 'NONE', *, *, #129, .F. ) ;
#116 = CARTESIAN_POINT ( 'NONE',  ( 0.000000000000000000, 6.429395695523667755E-17, 3.149999999999995914 ) ) ;
#117 = VERTEX_POINT ( 'NONE', #2269 ) ;
#118 = CIRCLE ( 'NONE', #2999, 1.816221169466912588 ) ;
#119 = DIRECTION ( 'NONE',  ( -0.4338837391175651703, -0.9009688679024157043, -3.492023159033192107E-16 ) ) ;
#120 = EDGE_CURVE ( 'NONE', #2572, #1961, #343, .T. ) ;
#121 = CARTESIAN_POINT ( 'NONE',  ( 0.000000000000000000, 1.214441409154459450E-15, -3.111111111111114713 ) ) ;
#122 = AXIS2_PLACEMENT_3D ( 'NONE', #1669, #1443, #1158 ) ;
#123 = ORIENTED_EDGE ( 'NONE', *, *, #872, .T. ) ;
#124 = CONICAL_SURFACE ( 'NONE', #949, 6.703124999999990230, 0.8260609619241786605 ) ;
#125 = CIRCLE ( 'NONE', #3059, 1.754688796886732183 ) ;
#126 = EDGE_CURVE ( 'NONE', #1222, #1526, #642, .T. ) ;
#127 = DIRECTION ( 'NONE',  ( 1.000000000000000000, -1.224646799147353207E-16, -2.249639673992786959E-32 ) ) ;
#128 = AXIS2_PLACEMENT_3D ( 'NONE', #2023, #560, #1537 ) ;
#129 = EDGE_CURVE ( 'NONE', #2843, #44, #1309, .T. ) ;
#130 = VECTOR ( 'NONE', #1858, 1000.000000000000000 ) ;
#131 = CARTESIAN_POINT ( 'NONE',  ( 0.000000000000000000, -6.703124999999988454, -3.461111111111120131 ) ) ;
#132 = AXIS2_PLACEMENT_3D ( 'NONE', #748, #2640, #2680 ) ;
#133 = EDGE_LOOP ( 'NONE', ( #1210, #1190 ) ) ;
#134 = CLOSED_SHELL ( 'NONE', ( #2801, #2080, #595, #930, #619, #2409, #2839, #2471, #1488, #3042, #973, #2883, #981, #1131, #1625, #1853 ) ) ;
#135 = AXIS2_PLACEMENT_3D ( 'NONE', #1863, #1503, #562 ) ;
#136 = AXIS2_PLACEMENT_3D ( 'NONE', #601, #1335, #1605 ) ;
#137 = CARTESIAN_POINT ( 'NONE',  ( -5.863736118510165518, 4.676173513940574011, -5.187285101250292491E-16 ) ) ;
#138 = VERTEX_POINT ( 'NONE', #366 ) ;
#139 = AXIS2_PLACEMENT_3D ( 'NONE', #402, #2798, #2819 ) ;
#140 = CARTESIAN_POINT ( 'NONE',  ( 0.000000000000000000, 1.221585182149485706E-15, -3.150000000000004352 ) ) ;
#141 = FACE_OUTER_BOUND ( 'NONE', #2328, .T. ) ;
#142 = DESIGN_CONTEXT ( 'detailed design', #310, 'design' ) ;
#143 = DIRECTION ( 'NONE',  ( 0.9749279121818258398, 0.2225209339563050948, 0.000000000000000000 ) ) ;
#144 = ORIENTED_EDGE ( 'NONE', *, *, #2022, .F. ) ;
#145 = CARTESIAN_POINT ( 'NONE',  ( 7.311959341363670539, -1.668907004672387062, 1.816221169466909924 ) ) ;
#146 = CARTESIAN_POINT ( 'NONE',  ( 0.000000000000000000, 1.285879139104721817E-15, -3.500000000000003997 ) ) ;
#147 = EDGE_CURVE ( 'NONE', #338, #377, #1985, .T. ) ;
#148 = DIRECTION ( 'NONE',  ( 0.000000000000000000, -1.000000000000000000, -1.836970198721030181E-16 ) ) ;
#149 = DIRECTION ( 'NONE',  ( 0.000000000000000000, 1.836970198721030181E-16, -1.000000000000000000 ) ) ;
#150 = VERTEX_POINT ( 'NONE', #2571 ) ;
#151 = ADVANCED_FACE ( 'NONE', ( #2793 ), #2769, .T. ) ;
#152 = DIRECTION ( 'NONE',  ( -0.7818314824680221431, 0.6234898018587431423, -6.916380135000390152E-17 ) ) ;
#153 = EDGE_LOOP ( 'NONE', ( #2856, #2487, #115, #2271 ) ) ;
#154 = DIRECTION ( 'NONE',  ( 0.000000000000000000, 0.000000000000000000, 1.000000000000000000 ) ) ;
#155 = DIRECTION ( 'NONE',  ( -0.7818314824680221431, 0.6234898018587431423, 0.000000000000000000 ) ) ;
#156 = FACE_OUTER_BOUND ( 'NONE', #324, .T. ) ;
#157 = ORIENTED_EDGE ( 'NONE', *, *, #1816, .F. ) ;
#158 = EDGE_CURVE ( 'NONE', #2926, #2932, #2704, .T. ) ;
#159 = FACE_OUTER_BOUND ( 'NONE', #525, .T. ) ;
#160 = CARTESIAN_POINT ( 'NONE',  ( 0.000000000000000000, 6.562499999999992006, -3.111111111111113381 ) ) ;
#161 = DIRECTION ( 'NONE',  ( 1.000000000000000000, -1.224646799147353207E-16, -2.249639673992786959E-32 ) ) ;
#162 = DIRECTION ( 'NONE',  ( -0.000000000000000000, -1.836970198721030181E-16, 1.000000000000000000 ) ) ;
#163 = ADVANCED_FACE ( 'NONE', ( #610 ), #1873, .T. ) ;
#164 = ORIENTED_EDGE ( 'NONE', *, *, #353, .F. ) ;
#165 = CARTESIAN_POINT ( 'NONE',  ( 5.497252611103378150, 4.383912669319237843, -4.863079782422323992E-16 ) ) ;
#166 = VERTEX_POINT ( 'NONE', #1292 ) ;
#167 = EDGE_CURVE ( 'NONE', #1492, #307, #2013, .T. ) ;
#168 = DIRECTION ( 'NONE',  ( 0.000000000000000000, -1.000000000000000000, -2.168404344971009361E-16 ) ) ;
#169 = DIRECTION ( 'NONE',  ( -0.000000000000000000, -1.836970198721030181E-16, 1.000000000000000000 ) ) ;
#170 = DIRECTION ( 'NONE',  ( 0.000000000000000000, 0.000000000000000000, 1.000000000000000000 ) ) ;
#171 = VERTEX_POINT ( 'NONE', #336 ) ;
#172 = CIRCLE ( 'NONE', #1606, 0.8280933923091543525 ) ;
#173 = DIRECTION ( 'NONE',  ( -0.000000000000000000, -1.836970198721030181E-16, 1.000000000000000000 ) ) ;
#174 = AXIS2_PLACEMENT_3D ( 'NONE', #2831, #361, #2576 ) ;
#175 = CARTESIAN_POINT ( 'NONE',  ( -7.311959341363692744, -1.668907004672287808, -1.684300892242749513E-15 ) ) ;
#176 = CIRCLE ( 'NONE', #1981, 7.968750000000003553 ) ;
#177 = CARTESIAN_POINT ( 'NONE',  ( -7.311959341363716725, -1.668907004672293359, 1.362923205355891731 ) ) ;
#178 = FACE_OUTER_BOUND ( 'NONE', #1994, .T. ) ;
#179 = AXIS2_PLACEMENT_3D ( 'NONE', #1397, #152, #1136 ) ;
#180 = ORIENTED_EDGE ( 'NONE', *, *, #783, .F. ) ;
#181 = EDGE_CURVE ( 'NONE', #1778, #312, #1516, .T. ) ;
#182 = CIRCLE ( 'NONE', #2817, 2.045573997405608857 ) ;
#183 = AXIS2_PLACEMENT_3D ( 'NONE', #1088, #830, #2996 ) ;
#184 = DIRECTION ( 'NONE',  ( -1.000000000000000000, 1.224646799147353207E-16, 0.000000000000000000 ) ) ;
#185 = ORIENTED_EDGE ( 'NONE', *, *, #1797, .F. ) ;
#186 = CIRCLE ( 'NONE', #1934, 8.257986111111112137 ) ;
#187 = AXIS2_PLACEMENT_3D ( 'NONE', #2822, #628, #2568 ) ;
#188 = EDGE_CURVE ( 'NONE', #780, #1445, #2340, .T. ) ;
#189 = CLOSED_SHELL ( 'NONE', ( #2998, #213, #299, #2435, #507, #2457, #2582, #163, #1584, #1192, #1633, #1026, #1422, #2713 ) ) ;
#190 = DIRECTION ( 'NONE',  ( 8.659560562354869996E-17, 0.7071067811865421326, 0.7071067811865530128 ) ) ;
#191 = CARTESIAN_POINT ( 'NONE',  ( 0.000000000000000000, 6.429395695523667755E-17, 3.149999999999995914 ) ) ;
#192 = CONICAL_SURFACE ( 'NONE', #396, 3.999999999999999112, 0.7853981633974408405 ) ;
#193 = ORIENTED_EDGE ( 'NONE', *, *, #745, .F. ) ;
#194 = DIRECTION ( 'NONE',  ( 1.224646799147352961E-16, 0.000000000000000000, -1.000000000000000000 ) ) ;
#195 = ORIENTED_EDGE ( 'NONE', *, *, #2687, .T. ) ;
#196 = AXIS2_PLACEMENT_3D ( 'NONE', #1317, #1847, #2309 ) ;
#197 = CARTESIAN_POINT ( 'NONE',  ( -6.854961882528506578, -1.564600316880279562, -2.045573997405610633 ) ) ;
#198 = CARTESIAN_POINT ( 'NONE',  ( 0.000000000000000000, 0.000000000000000000, 3.499999999999999556 ) ) ;
#199 = ORIENTED_EDGE ( 'NONE', *, *, #2928, .F. ) ;
#200 = DIRECTION ( 'NONE',  ( 0.000000000000000000, 0.000000000000000000, 1.000000000000000000 ) ) ;
#201 = FACE_OUTER_BOUND ( 'NONE', #28, .T. ) ;
#202 = ORIENTED_EDGE ( 'NONE', *, *, #3056, .F. ) ;
#203 = FACE_OUTER_BOUND ( 'NONE', #709, .T. ) ;
#204 = DIRECTION ( 'NONE',  ( -0.000000000000000000, -1.836970198721030181E-16, 1.000000000000000000 ) ) ;
#205 = DIRECTION ( 'NONE',  ( -0.000000000000000000, -1.836970198721030181E-16, 1.000000000000000000 ) ) ;
#206 = ORIENTED_EDGE ( 'NONE', *, *, #2133, .F. ) ;
#207 = DIRECTION ( 'NONE',  ( -0.9749279121818227312, 0.2225209339563182231, 2.245734522990357500E-16 ) ) ;
#208 = ADVANCED_FACE ( 'NONE', ( #1338 ), #2317, .F. ) ;
#209 = ORIENTED_EDGE ( 'NONE', *, *, #1268, .T. ) ;
#210 = FACE_OUTER_BOUND ( 'NONE', #1170, .T. ) ;
#211 = DIRECTION ( 'NONE',  ( 0.000000000000000000, -1.000000000000000000, -2.055968564120660762E-16 ) ) ;
#212 = EDGE_LOOP ( 'NONE', ( #1180, #260, #997, #1205 ) ) ;
#213 = ADVANCED_FACE ( 'NONE', ( #805 ), #2514, .F. ) ;
#214 = DIRECTION ( 'NONE',  ( 0.9749279121818257288, 0.2225209339563050392, 0.000000000000000000 ) ) ;
#215 = FACE_OUTER_BOUND ( 'NONE', #450, .T. ) ;
#216 = CARTESIAN_POINT ( 'NONE',  ( 7.500000000000000000, 9.184850993605147944E-16, -0.5833333333333333703 ) ) ;
#217 = ORIENTED_EDGE ( 'NONE', *, *, #482, .T. ) ;
#218 = DIRECTION ( 'NONE',  ( -0.000000000000000000, -1.836970198721030181E-16, 1.000000000000000000 ) ) ;
#219 = CALENDAR_DATE ( 2026, 18, 1 ) ;
#220 = EDGE_LOOP ( 'NONE', ( #1609, #2766 ) ) ;
#221 = ORIENTED_EDGE ( 'NONE', *, *, #94, .F. ) ;
#222 = CARTESIAN_POINT ( 'NONE',  ( 5.112900386440194605E-16, -3.999999999999998224, -3.150000000000005240 ) ) ;
#223 = VERTEX_POINT ( 'NONE', #2814 ) ;
#224 = FACE_BOUND ( 'NONE', #2675, .T. ) ;
#225 = EDGE_CURVE ( 'NONE', #972, #2326, #3111, .T. ) ;
#226 = CARTESIAN_POINT ( 'NONE',  ( 0.000000000000000000, -8.296874999999998224, -3.240740740740748915 ) ) ;
#227 = VERTEX_POINT ( 'NONE', #2750 ) ;
#228 = AXIS2_PLACEMENT_3D ( 'NONE', #2484, #2226, #279 ) ;
#229 = DIRECTION ( 'NONE',  ( -0.4338837391175651703, -0.9009688679024157043, -3.492023159033192107E-16 ) ) ;
#230 = EDGE_CURVE ( 'NONE', #2581, #227, #2132, .T. ) ;
#231 = CONICAL_SURFACE ( 'NONE', #946, 8.437500000000000000, 0.8260609619241818802 ) ;
#232 = DIRECTION ( 'NONE',  ( 0.000000000000000000, -1.000000000000000000, -1.940949343750276727E-16 ) ) ;
#233 = AXIS2_PLACEMENT_3D ( 'NONE', #1964, #1494, #1251 ) ;
#234 = CARTESIAN_POINT ( 'NONE',  ( -5.497252611103315978, 4.383912669319315114, -1.754688796886811453 ) ) ;
#235 = CIRCLE ( 'NONE', #1058, 1.754688796886732183 ) ;
#236 = ORIENTED_EDGE ( 'NONE', *, *, #841, .T. ) ;
#237 = AXIS2_PLACEMENT_3D ( 'NONE', #282, #43, #1806 ) ;
#238 = CARTESIAN_POINT ( 'NONE',  ( 1.016074141167569760E-15, 8.296875000000000000, 3.500000000000001332 ) ) ;
#239 = APPROVAL_ROLE ( '' ) ;
#240 = VERTEX_POINT ( 'NONE', #1351 ) ;
#241 = ORIENTED_EDGE ( 'NONE', *, *, #1466, .F. ) ;
#242 = AXIS2_PLACEMENT_3D ( 'NONE', #2375, #669, #1187 ) ;
#243 = CIRCLE ( 'NONE', #2196, 1.754688796886732183 ) ;
#244 = EDGE_LOOP ( 'NONE', ( #104, #2225, #1962, #922 ) ) ;
#245 = CIRCLE ( 'NONE', #1117, 0.8280933923091545745 ) ;
#246 = CARTESIAN_POINT ( 'NONE',  ( 3.254128043381655289, -6.757266509268185395, -2.619017369274910794E-15 ) ) ;
#247 = LINE ( 'NONE', #226, #2305 ) ;
#248 = EDGE_LOOP ( 'NONE', ( #2971, #1698 ) ) ;
#249 = TOROIDAL_SURFACE ( 'NONE', #862, 7.499999999999999112, 1.816221169466912588 ) ;
#250 = DIRECTION ( 'NONE',  ( -0.000000000000000000, -1.836970198721030181E-16, 1.000000000000000000 ) ) ;
#251 = DIRECTION ( 'NONE',  ( 0.000000000000000000, -1.000000000000000000, -2.055968564120660762E-16 ) ) ;
#252 = ADVANCED_FACE ( 'NONE', ( #1370, #863 ), #397, .T. ) ;
#253 = DIRECTION ( 'NONE',  ( 1.000000000000000000, -1.224646799147353207E-16, -2.249639673992786959E-32 ) ) ;
#254 = ORIENTED_EDGE ( 'NONE', *, *, #859, .T. ) ;
#255 = EDGE_CURVE ( 'NONE', #3188, #50, #235, .T. ) ;
#256 = DIRECTION ( 'NONE',  ( 0.000000000000000000, -1.000000000000000000, -1.836970198721030181E-16 ) ) ;
#257 = APPROVAL_ROLE ( '' ) ;
#258 = DIRECTION ( 'NONE',  ( 1.000000000000000000, -1.224646799147353207E-16, -2.249639673992786959E-32 ) ) ;
#259 = ORIENTED_EDGE ( 'NONE', *, *, #421, .T. ) ;
#260 = ORIENTED_EDGE ( 'NONE', *, *, #687, .T. ) ;
#261 = DIRECTION ( 'NONE',  ( 0.000000000000000000, -1.000000000000000000, 0.000000000000000000 ) ) ;
#262 = FACE_OUTER_BOUND ( 'NONE', #422, .T. ) ;
#263 = ORIENTED_EDGE ( 'NONE', *, *, #3085, .T. ) ;
#264 = EDGE_CURVE ( 'NONE', #458, #1224, #2852, .T. ) ;
#265 = DIRECTION ( 'NONE',  ( 0.000000000000000000, -1.000000000000000000, -1.940949343750276727E-16 ) ) ;
#266 = CARTESIAN_POINT ( 'NONE',  ( 3.457511046092997198, -7.179595666097425166, 2.045573997405607081 ) ) ;
#267 = ADVANCED_FACE ( 'NONE', ( #2358 ), #3069, .T. ) ;
#268 = CARTESIAN_POINT ( 'NONE',  ( -3.254128043381738333, -6.757266509268117893, -2.619017369274893834E-15 ) ) ;
#269 = ORIENTED_EDGE ( 'NONE', *, *, #768, .F. ) ;
#270 = CARTESIAN_POINT ( 'NONE',  ( -7.768956800198924206, -1.773213692464305380, -2.045573997405611522 ) ) ;
#271 = PERSON_AND_ORGANIZATION ( #903, #80 ) ;
#272 = EDGE_CURVE ( 'NONE', #1277, #728, #125, .T. ) ;
#273 = CARTESIAN_POINT ( 'NONE',  ( 0.000000000000000000, 9.286904893534099818E-16, -1.555555555555556468 ) ) ;
#274 = ORIENTED_EDGE ( 'NONE', *, *, #2924, .T. ) ;
#275 = ORIENTED_EDGE ( 'NONE', *, *, #2155, .T. ) ;
#276 = DIRECTION ( 'NONE',  ( -0.000000000000000000, -1.836970198721030181E-16, 1.000000000000000000 ) ) ;
#277 = FACE_OUTER_BOUND ( 'NONE', #212, .T. ) ;
#278 = ORIENTED_EDGE ( 'NONE', *, *, #482, .F. ) ;
#279 = DIRECTION ( 'NONE',  ( 0.000000000000000000, 1.000000000000000000, 1.836970198721030181E-16 ) ) ;
#280 = CARTESIAN_POINT ( 'NONE',  ( 5.863736118510249007, 4.676173513940503845, -7.923180623257267601E-14 ) ) ;
#281 = AXIS2_PLACEMENT_3D ( 'NONE', #3157, #2197, #3179 ) ;
#282 = CARTESIAN_POINT ( 'NONE',  ( -5.863736118510185058, 4.676173513940588222, -5.187285101250309254E-16 ) ) ;
#283 = VERTEX_POINT ( 'NONE', #873 ) ;
#284 = DIRECTION ( 'NONE',  ( -0.9749279121818257288, -0.2225209339563050392, -2.245734522990332848E-16 ) ) ;
#285 = AXIS2_PLACEMENT_3D ( 'NONE', #2399, #712, #660 ) ;
#286 = SPHERICAL_SURFACE ( 'NONE', #135, 1.816221169466995855 ) ;
#287 = AXIS2_PLACEMENT_3D ( 'NONE', #1458, #1480, #2191 ) ;
#288 = CALENDAR_DATE ( 2026, 18, 1 ) ;
#289 = ORIENTED_EDGE ( 'NONE', *, *, #1557, .T. ) ;
#290 = EDGE_LOOP ( 'NONE', ( #2222, #1080, #686, #607 ) ) ;
#291 = AXIS2_PLACEMENT_3D ( 'NONE', #2459, #5, #978 ) ;
#292 = ORIENTED_EDGE ( 'NONE', *, *, #305, .T. ) ;
#293 = EDGE_CURVE ( 'NONE', #1265, #2483, #2293, .T. ) ;
#294 = DIRECTION ( 'NONE',  ( 1.760023401269577930E-16, -2.381072978524650554E-16, 1.000000000000000000 ) ) ;
#295 = AXIS2_PLACEMENT_3D ( 'NONE', #2889, #1387, #2347 ) ;
#296 = AXIS2_PLACEMENT_3D ( 'NONE', #2718, #1941, #1243 ) ;
#297 = DIRECTION ( 'NONE',  ( 0.000000000000000000, -1.000000000000000000, -1.836970198721030181E-16 ) ) ;
#298 = ORIENTED_EDGE ( 'NONE', *, *, #315, .T. ) ;
#299 = ADVANCED_FACE ( 'NONE', ( #1854 ), #3058, .F. ) ;
#300 = CIRCLE ( 'NONE', #1527, 1.754688796886732183 ) ;
#301 = AXIS2_PLACEMENT_3D ( 'NONE', #1467, #1692, #1938 ) ;
#302 = DIRECTION ( 'NONE',  ( 0.9749279121818257288, 0.2225209339563050392, 2.245734522990332848E-16 ) ) ;
#303 = FACE_OUTER_BOUND ( 'NONE', #2823, .T. ) ;
#304 = CIRCLE ( 'NONE', #2715, 1.816221169466996077 ) ;
#305 = EDGE_CURVE ( 'NONE', #138, #714, #2956, .T. ) ;
#306 = CARTESIAN_POINT ( 'NONE',  ( -5.497252611103315978, 4.383912669319315114, 2.045573997405608857 ) ) ;
#307 = VERTEX_POINT ( 'NONE', #1419 ) ;
#308 = CARTESIAN_POINT ( 'NONE',  ( -6.230219625917051474, 4.968434358561859554, -2.045573997405610633 ) ) ;
#309 = CARTESIAN_POINT ( 'NONE',  ( 2.505105648341835567E-16, 7.031250000000045297, -2.045573997405608857 ) ) ;
#310 = APPLICATION_CONTEXT ( 'configuration controlled 3d designs of mechanical parts and assemblies' ) ;
#311 = DIRECTION ( 'NONE',  ( -0.9749279121818227312, 0.2225209339563182231, 0.000000000000000000 ) ) ;
#312 = VERTEX_POINT ( 'NONE', #1631 ) ;
#313 = VERTEX_POINT ( 'NONE', #440 ) ;
#314 = CARTESIAN_POINT ( 'NONE',  ( 1.016074141167569957E-15, 8.296875000000001776, 3.500000000000001332 ) ) ;
#315 = EDGE_CURVE ( 'NONE', #480, #707, #1825, .T. ) ;
#316 = FACE_BOUND ( 'NONE', #1690, .T. ) ;
#317 = SPHERICAL_SURFACE ( 'NONE', #1001, 1.816221169466995855 ) ;
#318 = EDGE_CURVE ( 'NONE', #1376, #2120, #597, .T. ) ;
#319 = CARTESIAN_POINT ( 'NONE',  ( 0.000000000000000000, 4.349999999999994316, -3.500000000000003997 ) ) ;
#320 = PLANE ( 'NONE',  #2395 ) ;
#321 = EDGE_LOOP ( 'NONE', ( #2771, #799, #2256, #561 ) ) ;
#322 = DIRECTION ( 'NONE',  ( 0.7818314824680311359, 0.6234898018587318180, 0.000000000000000000 ) ) ;
#323 = DIRECTION ( 'NONE',  ( 0.000000000000000000, 0.000000000000000000, 1.000000000000000000 ) ) ;
#324 = EDGE_LOOP ( 'NONE', ( #1167, #580, #1942, #1632 ) ) ;
#325 = ORIENTED_EDGE ( 'NONE', *, *, #107, .T. ) ;
#326 = FACE_OUTER_BOUND ( 'NONE', #2936, .T. ) ;
#327 = DIRECTION ( 'NONE',  ( 0.4338837391175524583, -0.9009688679024218105, -3.492023159033200982E-16 ) ) ;
#328 = ADVANCED_FACE ( 'NONE', ( #1869, #2614 ), #411, .T. ) ;
#329 = FACE_BOUND ( 'NONE', #1848, .T. ) ;
#330 = DIRECTION ( 'NONE',  ( 0.000000000000000000, -1.836970198721030181E-16, 1.000000000000000000 ) ) ;
#331 = EDGE_CURVE ( 'NONE', #1778, #312, #30, .T. ) ;
#332 = CARTESIAN_POINT ( 'NONE',  ( 6.854961882528485262, -1.564600316880372599, -1.579032086477605266E-15 ) ) ;
#333 = ORIENTED_EDGE ( 'NONE', *, *, #737, .T. ) ;
#334 = CIRCLE ( 'NONE', #2588, 2.045573997405608857 ) ;
#335 = AXIS2_PLACEMENT_3D ( 'NONE', #2290, #2323, #3044 ) ;
#336 = CARTESIAN_POINT ( 'NONE',  ( 8.208960575534590400E-16, 6.703124999999990230, 3.461111111111108585 ) ) ;
#337 = ORIENTED_EDGE ( 'NONE', *, *, #2038, .T. ) ;
#338 = VERTEX_POINT ( 'NONE', #3132 ) ;
#339 = CIRCLE ( 'NONE', #2899, 1.816221169466911034 ) ;
#340 = CARTESIAN_POINT ( 'NONE',  ( 7.311959341363669651, -1.668907004672386174, -1.816221169466913476 ) ) ;
#341 = LOCAL_TIME ( 16, 17, 51.00000000000000000, #1452 ) ;
#342 = DIRECTION ( 'NONE',  ( 0.9749279121818227312, -0.2225209339563182231, -2.245734522990357500E-16 ) ) ;
#343 = CIRCLE ( 'NONE', #1213, 6.703124999999990230 ) ;
#344 = EDGE_LOOP ( 'NONE', ( #1248, #62, #475, #2736 ) ) ;
#345 = AXIS2_PLACEMENT_3D ( 'NONE', #2273, #764, #3008 ) ;
#346 = PRODUCT ( '2349K701_Permanently Lubricated Ball Bearing', '2349K701_Permanently Lubricated Ball Bearing', '', ( #2462 ) ) ;
#347 = AXIS2_PLACEMENT_3D ( 'NONE', #1993, #90, #798 ) ;
#348 = CARTESIAN_POINT ( 'NONE',  ( 8.036744619404490153E-16, 6.562499999999988454, -1.555555555555550917 ) ) ;
#349 = PLANE ( 'NONE',  #905 ) ;
#350 = CIRCLE ( 'NONE', #2140, 7.968750000000003553 ) ;
#351 = CARTESIAN_POINT ( 'NONE',  ( 0.000000000000000000, -6.703124999999990230, 3.240740740740736037 ) ) ;
#352 = ORIENTED_EDGE ( 'NONE', *, *, #2869, .F. ) ;
#353 = EDGE_CURVE ( 'NONE', #1445, #879, #1260, .T. ) ;
#354 = AXIS2_PLACEMENT_3D ( 'NONE', #912, #207, #927 ) ;
#355 = CARTESIAN_POINT ( 'NONE',  ( 0.000000000000000000, 9.286904893534089957E-16, -1.555555555555552250 ) ) ;
#356 = ORIENTED_EDGE ( 'NONE', *, *, #1879, .T. ) ;
#357 = ADVANCED_FACE ( 'NONE', ( #423 ), #2825, .F. ) ;
#358 = CARTESIAN_POINT ( 'NONE',  ( 0.000000000000000000, -10.99999999999999645, 3.149999999999994138 ) ) ;
#359 = CARTESIAN_POINT ( 'NONE',  ( 0.000000000000000000, 7.143772995026309420E-17, 3.111111111111106275 ) ) ;
#360 = ORIENTED_EDGE ( 'NONE', *, *, #2353, .T. ) ;
#361 = DIRECTION ( 'NONE',  ( -0.000000000000000000, -1.836970198721030181E-16, 1.000000000000000000 ) ) ;
#362 = LINE ( 'NONE', #1819, #2456 ) ;
#363 = DIRECTION ( 'NONE',  ( -0.4338837391175651703, -0.9009688679024157043, -3.492023159033192107E-16 ) ) ;
#364 = EDGE_LOOP ( 'NONE', ( #2377, #1783, #573, #2464 ) ) ;
#365 = EDGE_CURVE ( 'NONE', #659, #3005, #1572, .T. ) ;
#366 = CARTESIAN_POINT ( 'NONE',  ( 0.000000000000000000, -8.257986111111110361, -3.500000000000007994 ) ) ;
#367 = ORIENTED_EDGE ( 'NONE', *, *, #2649, .F. ) ;
#368 = ADVANCED_FACE ( 'NONE', ( #2729 ), #1219, .T. ) ;
#369 = CARTESIAN_POINT ( 'NONE',  ( -3.457511046093098006, -7.179595666097374540, -2.045573997405612410 ) ) ;
#370 = DIRECTION ( 'NONE',  ( 0.9009688679024155933, -0.4338837391175656144, -7.970314984686185240E-17 ) ) ;
#371 = ORIENTED_EDGE ( 'NONE', *, *, #935, .F. ) ;
#372 = DIRECTION ( 'NONE',  ( -0.000000000000000000, -1.836970198721030181E-16, 1.000000000000000000 ) ) ;
#373 = FACE_BOUND ( 'NONE', #1176, .T. ) ;
#374 = DIRECTION ( 'NONE',  ( 0.000000000000000000, -4.943108655662050939E-16, 1.000000000000000000 ) ) ;
#375 = EDGE_LOOP ( 'NONE', ( #2770, #3177 ) ) ;
#376 = DIRECTION ( 'NONE',  ( -0.6234898018587432533, -0.7818314824680220321, -1.436201133715640315E-16 ) ) ;
#377 = VERTEX_POINT ( 'NONE', #1693 ) ;
#378 = AXIS2_PLACEMENT_3D ( 'NONE', #974, #1163, #3109 ) ;
#379 = CIRCLE ( 'NONE', #2181, 1.754688796886732183 ) ;
#380 = DIRECTION ( 'NONE',  ( -0.000000000000000000, -1.836970198721030181E-16, 1.000000000000000000 ) ) ;
#381 = CARTESIAN_POINT ( 'NONE',  ( 8.036744619404493112E-16, 6.562499999999990230, 3.500000000000000888 ) ) ;
#382 = EDGE_CURVE ( 'NONE', #2636, #395, #1468, .T. ) ;
#383 = AXIS2_PLACEMENT_3D ( 'NONE', #2634, #452, #1129 ) ;
#384 = ORIENTED_EDGE ( 'NONE', *, *, #147, .T. ) ;
#385 = CARTESIAN_POINT ( 'NONE',  ( 0.000000000000000000, 7.968750000000000000, 2.045573997405609301 ) ) ;
#386 = CIRCLE ( 'NONE', #2849, 2.045573997405609301 ) ;
#387 = CIRCLE ( 'NONE', #1464, 1.754688796886732183 ) ;
#388 = FACE_OUTER_BOUND ( 'NONE', #2990, .T. ) ;
#389 = EDGE_CURVE ( 'NONE', #1339, #1672, #1197, .T. ) ;
#390 = AXIS2_PLACEMENT_3D ( 'NONE', #2886, #2580, #958 ) ;
#391 = DIRECTION ( 'NONE',  ( 1.224646799147353207E-16, 0.000000000000000000, -1.000000000000000000 ) ) ;
#392 = AXIS2_PLACEMENT_3D ( 'NONE', #401, #2861, #1139 ) ;
#393 = CARTESIAN_POINT ( 'NONE',  ( 1.013692883502560942E-15, 8.257986111111113914, -3.500000000000005329 ) ) ;
#394 = AXIS2_PLACEMENT_3D ( 'NONE', #2666, #1215, #3180 ) ;
#395 = VERTEX_POINT ( 'NONE', #1183 ) ;
#396 = AXIS2_PLACEMENT_3D ( 'NONE', #1115, #643, #869 ) ;
#397 = PLANE ( 'NONE',  #1106 ) ;
#398 = VERTEX_POINT ( 'NONE', #2162 ) ;
#399 = CIRCLE ( 'NONE', #3178, 1.754688796886732183 ) ;
#400 = DIRECTION ( 'NONE',  ( -0.000000000000000000, -1.836970198721030181E-16, 1.000000000000000000 ) ) ;
#401 = CARTESIAN_POINT ( 'NONE',  ( 0.000000000000000000, 3.571886497513113418E-16, 1.555555555555555580 ) ) ;
#402 = CARTESIAN_POINT ( 'NONE',  ( 0.000000000000000000, -7.499999999999998224, -2.678770256023377710E-15 ) ) ;
#403 = VERTEX_POINT ( 'NONE', #2423 ) ;
#404 = CARTESIAN_POINT ( 'NONE',  ( 6.230219625917122528, 4.968434358561771624, -5.511490420078598227E-16 ) ) ;
#405 = EDGE_CURVE ( 'NONE', #586, #2545, #3166, .T. ) ;
#406 = DIRECTION ( 'NONE',  ( -0.2225209339563050392, 0.9749279121818257288, 2.327952075824541886E-16 ) ) ;
#407 = CARTESIAN_POINT ( 'NONE',  ( 0.000000000000000000, 1.278735366109696152E-15, -3.461111111111117911 ) ) ;
#408 = EDGE_CURVE ( 'NONE', #11, #44, #2472, .T. ) ;
#409 = CARTESIAN_POINT ( 'NONE',  ( 0.000000000000000000, 1.285879139104722014E-15, -3.500000000000005773 ) ) ;
#410 = ORIENTED_EDGE ( 'NONE', *, *, #2824, .T. ) ;
#411 = PLANE ( 'NONE',  #1409 ) ;
#412 = EDGE_LOOP ( 'NONE', ( #592, #2332 ) ) ;
#413 = CARTESIAN_POINT ( 'NONE',  ( 0.000000000000000000, 4.762515330017543928E-17, 3.240740740740737369 ) ) ;
#414 = DIRECTION ( 'NONE',  ( 0.000000000000000000, -1.000000000000000000, -1.971276677246372258E-16 ) ) ;
#415 = FACE_OUTER_BOUND ( 'NONE', #921, .T. ) ;
#416 = ORIENTED_EDGE ( 'NONE', *, *, #1153, .T. ) ;
#417 = DIRECTION ( 'NONE',  ( 0.000000000000000000, -1.000000000000000000, -2.090815488936264304E-16 ) ) ;
#418 = EDGE_CURVE ( 'NONE', #1034, #1222, #1413, .T. ) ;
#419 = DIRECTION ( 'NONE',  ( 0.000000000000000000, -4.240187541924536055E-16, 1.000000000000000000 ) ) ;
#420 = DIRECTION ( 'NONE',  ( -0.000000000000000000, -1.836970198721030181E-16, 1.000000000000000000 ) ) ;
#421 = EDGE_CURVE ( 'NONE', #2672, #240, #1313, .T. ) ;
#422 = EDGE_LOOP ( 'NONE', ( #874, #1501, #1238, #1110 ) ) ;
#423 = FACE_OUTER_BOUND ( 'NONE', #1249, .T. ) ;
#424 = VERTEX_POINT ( 'NONE', #3144 ) ;
#425 = CARTESIAN_POINT ( 'NONE',  ( -7.311959341363692744, -1.668907004672287808, -1.684300892242749513E-15 ) ) ;
#426 = DIRECTION ( 'NONE',  ( 0.000000000000000000, 1.836970198721030181E-16, -1.000000000000000000 ) ) ;
#427 = DIRECTION ( 'NONE',  ( -0.9749279121818257288, -0.2225209339563050392, -2.245734522990332848E-16 ) ) ;
#428 = VERTEX_POINT ( 'NONE', #216 ) ;
#429 = AXIS2_PLACEMENT_3D ( 'NONE', #3, #2933, #1704 ) ;
#430 = CARTESIAN_POINT ( 'NONE',  ( 8.256585728834764785E-16, -6.742013888888878981, 3.499999999999994671 ) ) ;
#431 = AXIS2_PLACEMENT_3D ( 'NONE', #2802, #2589, #1362 ) ;
#432 = DIRECTION ( 'NONE',  ( 0.000000000000000000, 0.000000000000000000, 1.000000000000000000 ) ) ;
#433 = ORIENTED_EDGE ( 'NONE', *, *, #992, .T. ) ;
#434 = TOROIDAL_SURFACE ( 'NONE', #2386, 1.362923205355893508, 0.8280933923091545745 ) ;
#435 = DIRECTION ( 'NONE',  ( 0.000000000000000000, 0.000000000000000000, 1.000000000000000000 ) ) ;
#436 = DIRECTION ( 'NONE',  ( 0.000000000000000000, -4.943108655662050939E-16, 1.000000000000000000 ) ) ;
#437 = AXIS2_PLACEMENT_3D ( 'NONE', #1102, #184, #1889 ) ;
#438 = AXIS2_PLACEMENT_3D ( 'NONE', #2630, #3121, #623 ) ;
#439 = EDGE_CURVE ( 'NONE', #2662, #313, #1877, .T. ) ;
#440 = CARTESIAN_POINT ( 'NONE',  ( -6.854961882528506578, -1.564600316880280451, 2.045573997405607081 ) ) ;
#441 = ORIENTED_EDGE ( 'NONE', *, *, #3025, .F. ) ;
#442 = AXIS2_PLACEMENT_3D ( 'NONE', #93, #2490, #1808 ) ;
#443 = AXIS2_PLACEMENT_3D ( 'NONE', #3062, #936, #2198 ) ;
#444 = DIRECTION ( 'NONE',  ( 0.000000000000000000, -1.000000000000000000, -2.055968564120660269E-16 ) ) ;
#445 = EDGE_CURVE ( 'NONE', #2932, #2357, #1358, .T. ) ;
#446 = CARTESIAN_POINT ( 'NONE',  ( 7.500000000000000000, 9.184850993605147944E-16, 0.5833333333333333703 ) ) ;
#447 = CIRCLE ( 'NONE', #1270, 8.437499999999998224 ) ;
#448 = VERTEX_POINT ( 'NONE', #234 ) ;
#449 = DIRECTION ( 'NONE',  ( 8.659560562354911904E-17, 0.7071067811865456854, 0.7071067811865493491 ) ) ;
#450 = EDGE_LOOP ( 'NONE', ( #1042, #2579, #2169, #826 ) ) ;
#451 = AXIS2_PLACEMENT_3D ( 'NONE', #2240, #520, #1533 ) ;
#452 = DIRECTION ( 'NONE',  ( -0.000000000000000000, -1.836970198721030181E-16, 1.000000000000000000 ) ) ;
#453 = DIRECTION ( 'NONE',  ( 0.000000000000000000, -1.000000000000000000, -1.836970198721030181E-16 ) ) ;
#454 = ORIENTED_EDGE ( 'NONE', *, *, #2214, .F. ) ;
#455 = FACE_OUTER_BOUND ( 'NONE', #2108, .T. ) ;
#456 = EDGE_CURVE ( 'NONE', #728, #1277, #2296, .T. ) ;
#457 = DIRECTION ( 'NONE',  ( -0.9749279121818257288, -0.2225209339563050392, -2.245734522990332848E-16 ) ) ;
#458 = VERTEX_POINT ( 'NONE', #2935 ) ;
#459 = EDGE_CURVE ( 'NONE', #403, #926, #34, .T. ) ;
#460 = DIRECTION ( 'NONE',  ( 0.000000000000000000, 1.836970198721030181E-16, -1.000000000000000000 ) ) ;
#461 = PERSON_AND_ORGANIZATION ( #903, #80 ) ;
#462 = EDGE_LOOP ( 'NONE', ( #550, #2445, #1583, #193 ) ) ;
#463 = VERTEX_POINT ( 'NONE', #1707 ) ;
#464 = DIRECTION ( 'NONE',  ( 0.000000000000000000, -1.000000000000000000, -2.168404344971008868E-16 ) ) ;
#465 = ORIENTED_EDGE ( 'NONE', *, *, #2897, .F. ) ;
#466 = ADVANCED_FACE ( 'NONE', ( #2970 ), #2202, .T. ) ;
#467 = DIRECTION ( 'NONE',  ( -0.000000000000000000, -1.836970198721030181E-16, 1.000000000000000000 ) ) ;
#468 = EDGE_CURVE ( 'NONE', #2662, #2019, #2192, .T. ) ;
#469 = CARTESIAN_POINT ( 'NONE',  ( 0.000000000000000000, 7.500000000000023981, 1.362923205355893508 ) ) ;
#470 = ORIENTED_EDGE ( 'NONE', *, *, #225, .F. ) ;
#471 = EDGE_CURVE ( 'NONE', #2095, #1184, #1777, .T. ) ;
#472 = CARTESIAN_POINT ( 'NONE',  ( 5.863736118510232131, 4.676173513940490523, -5.187285101250445332E-16 ) ) ;
#473 = DIRECTION ( 'NONE',  ( -1.000000000000000000, 0.000000000000000000, 0.000000000000000000 ) ) ;
#474 = DIRECTION ( 'NONE',  ( 1.224646799147353947E-16, 1.000000000000000000, 0.000000000000000000 ) ) ;
#475 = ORIENTED_EDGE ( 'NONE', *, *, #1760, .T. ) ;
#476 = DIRECTION ( 'NONE',  ( 0.000000000000000000, -1.000000000000000000, -1.982541115402067575E-16 ) ) ;
#477 = COORDINATED_UNIVERSAL_TIME_OFFSET ( 6, 0, .BEHIND. ) ;
#478 = DIRECTION ( 'NONE',  ( -7.970314984685943651E-17, 3.492023159033204433E-16, -1.000000000000000000 ) ) ;
#479 = ORIENTED_EDGE ( 'NONE', *, *, #841, .F. ) ;
#480 = VERTEX_POINT ( 'NONE', #750 ) ;
#481 = DIRECTION ( 'NONE',  ( -0.7818314824680221431, 0.6234898018587431423, -6.916380135000390152E-17 ) ) ;
#482 = EDGE_CURVE ( 'NONE', #44, #2843, #3114, .T. ) ;
#483 = SPHERICAL_SURFACE ( 'NONE', #1995, 1.816221169466911700 ) ;
#484 = ORIENTED_EDGE ( 'NONE', *, *, #639, .T. ) ;
#485 = AXIS2_PLACEMENT_3D ( 'NONE', #1512, #729, #54 ) ;
#486 = CARTESIAN_POINT ( 'NONE',  ( 0.000000000000000000, 0.000000000000000000, 3.499999999999999556 ) ) ;
#487 = AXIS2_PLACEMENT_3D ( 'NONE', #2258, #481, #519 ) ;
#488 = ADVANCED_FACE ( 'NONE', ( #700 ), #1727, .F. ) ;
#489 = LINE ( 'NONE', #1678, #1523 ) ;
#490 = AXIS2_PLACEMENT_3D ( 'NONE', #567, #2064, #79 ) ;
#491 = AXIS2_PLACEMENT_3D ( 'NONE', #2411, #1186, #154 ) ;
#492 = CARTESIAN_POINT ( 'NONE',  ( -7.311959341363716725, -1.668907004672292693, -1.362923205355895284 ) ) ;
#493 = AXIS2_PLACEMENT_3D ( 'NONE', #137, #376, #2837 ) ;
#494 = EDGE_LOOP ( 'NONE', ( #367, #671, #505, #3151 ) ) ;
#495 = AXIS2_PLACEMENT_3D ( 'NONE', #1500, #457, #1449 ) ;
#496 = CARTESIAN_POINT ( 'NONE',  ( 8.256585728834764785E-16, -6.742013888888878981, 3.461111111111105920 ) ) ;
#497 = APPROVAL_STATUS ( 'not_yet_approved' ) ;
#498 = FACE_OUTER_BOUND ( 'NONE', #2427, .T. ) ;
#499 = ORIENTED_EDGE ( 'NONE', *, *, #1039, .F. ) ;
#500 = AXIS2_PLACEMENT_3D ( 'NONE', #1709, #1235, #3184 ) ;
#501 = ORIENTED_EDGE ( 'NONE', *, *, #1459, .F. ) ;
#502 = AXIS2_PLACEMENT_3D ( 'NONE', #2418, #1444, #1461 ) ;
#503 = DIRECTION ( 'NONE',  ( -0.7818314824680221431, 0.6234898018587431423, -6.916380135000390152E-17 ) ) ;
#504 = PLANE ( 'NONE',  #761 ) ;
#505 = ORIENTED_EDGE ( 'NONE', *, *, #998, .T. ) ;
#506 = CIRCLE ( 'NONE', #2716, 4.000000000000000000 ) ;
#507 = ADVANCED_FACE ( 'NONE', ( #2509 ), #1618, .T. ) ;
#508 = FACE_OUTER_BOUND ( 'NONE', #789, .T. ) ;
#509 = DIRECTION ( 'NONE',  ( -0.000000000000000000, -0.000000000000000000, -1.000000000000000000 ) ) ;
#510 = ADVANCED_FACE ( 'NONE', ( #1054, #843 ), #320, .T. ) ;
#511 = CIRCLE ( 'NONE', #2313, 1.754688796886732183 ) ;
#512 = DIRECTION ( 'NONE',  ( 0.7818314824680310249, 0.6234898018587320401, -6.916380135000594763E-17 ) ) ;
#513 = EDGE_LOOP ( 'NONE', ( #2560, #2450, #2150, #2703 ) ) ;
#514 = CARTESIAN_POINT ( 'NONE',  ( 8.256585728834763799E-16, 6.742013888888878981, -3.461111111111116578 ) ) ;
#515 = DATE_AND_TIME ( #219, #1398 ) ;
#516 = CARTESIAN_POINT ( 'NONE',  ( -3.254128043381747659, -6.757266509268135657, -8.133209509172252403E-14 ) ) ;
#517 = EDGE_LOOP ( 'NONE', ( #1569, #371 ) ) ;
#518 = EDGE_LOOP ( 'NONE', ( #884, #1714, #2606, #1015 ) ) ;
#519 = DIRECTION ( 'NONE',  ( 0.000000000000000000, 0.000000000000000000, 1.000000000000000000 ) ) ;
#520 = DIRECTION ( 'NONE',  ( -0.000000000000000000, -1.836970198721030181E-16, 1.000000000000000000 ) ) ;
#521 = EDGE_LOOP ( 'NONE', ( #2113, #1081 ) ) ;
#522 = DIRECTION ( 'NONE',  ( -0.000000000000000000, -1.836970198721030181E-16, 1.000000000000000000 ) ) ;
#523 = CARTESIAN_POINT ( 'NONE',  ( 0.000000000000000000, -6.703124999999990230, 3.499999999999998224 ) ) ;
#524 = DIRECTION ( 'NONE',  ( -0.000000000000000000, -1.836970198721030181E-16, 1.000000000000000000 ) ) ;
#525 = EDGE_LOOP ( 'NONE', ( #2853, #1194, #1396, #2429 ) ) ;
#526 = ADVANCED_FACE ( 'NONE', ( #606 ), #585, .F. ) ;
#527 = FACE_OUTER_BOUND ( 'NONE', #2865, .T. ) ;
#528 = CARTESIAN_POINT ( 'NONE',  ( 0.000000000000000000, -10.64999999999999680, -3.500000000000006217 ) ) ;
#529 = PERSON_AND_ORGANIZATION ( #903, #80 ) ;
#530 = DIRECTION ( 'NONE',  ( 0.7818314824680310249, 0.6234898018587320401, -6.916380135000594763E-17 ) ) ;
#531 = ORIENTED_EDGE ( 'NONE', *, *, #1363, .F. ) ;
#532 = VERTEX_POINT ( 'NONE', #1289 ) ;
#533 = FACE_OUTER_BOUND ( 'NONE', #2016, .T. ) ;
#534 = DIRECTION ( 'NONE',  ( 0.000000000000000000, -4.240187541924536055E-16, 1.000000000000000000 ) ) ;
#535 = EDGE_LOOP ( 'NONE', ( #1399, #2962, #2835, #996 ) ) ;
#536 = FACE_OUTER_BOUND ( 'NONE', #718, .T. ) ;
#537 = DIRECTION ( 'NONE',  ( 0.000000000000000000, -4.240187541924535069E-16, 1.000000000000000000 ) ) ;
#538 = TOROIDAL_SURFACE ( 'NONE', #228, 8.257986111111113914, 0.03888888888888890338 ) ;
#539 = CARTESIAN_POINT ( 'NONE',  ( 0.000000000000000000, -7.345416931086808398E-31, 3.500000000000003553 ) ) ;
#540 = ORIENTED_EDGE ( 'NONE', *, *, #167, .T. ) ;
#541 = DIRECTION ( 'NONE',  ( -0.000000000000000000, -0.000000000000000000, -1.000000000000000000 ) ) ;
#542 = AXIS2_PLACEMENT_3D ( 'NONE', #1532, #503, #2466 ) ;
#543 = EDGE_CURVE ( 'NONE', #2597, #2986, #2448, .T. ) ;
#544 = CARTESIAN_POINT ( 'NONE',  ( 3.457511046092996310, -7.179595666097420725, -2.782705954854582710E-15 ) ) ;
#545 = AXIS2_PLACEMENT_3D ( 'NONE', #2223, #2481, #32 ) ;
#546 = CIRCLE ( 'NONE', #2758, 1.816221169466911700 ) ;
#547 = CARTESIAN_POINT ( 'NONE',  ( 0.000000000000000000, 8.673617379884035472E-16, -1.523465551155737132E-15 ) ) ;
#548 = ORIENTED_EDGE ( 'NONE', *, *, #1534, .T. ) ;
#549 = AXIS2_PLACEMENT_3D ( 'NONE', #3110, #363, #870 ) ;
#550 = ORIENTED_EDGE ( 'NONE', *, *, #696, .F. ) ;
#551 = ADVANCED_FACE ( 'NONE', ( #2278, #69 ), #3017, .T. ) ;
#552 = CARTESIAN_POINT ( 'NONE',  ( 0.000000000000000000, 7.031250000000044409, 2.045573997405609301 ) ) ;
#553 = TOROIDAL_SURFACE ( 'NONE', #2252, 7.499999999999999112, 1.816221169466913254 ) ;
#554 = DIRECTION ( 'NONE',  ( 0.000000000000000000, 0.000000000000000000, 1.000000000000000000 ) ) ;
#555 = CIRCLE ( 'NONE', #2397, 0.8280933923091544635 ) ;
#556 = AXIS2_PLACEMENT_3D ( 'NONE', #1624, #406, #1378 ) ;
#557 = CYLINDRICAL_SURFACE ( 'NONE', #429, 8.296875000000001776 ) ;
#558 = CARTESIAN_POINT ( 'NONE',  ( 0.000000000000000000, 0.000000000000000000, 3.499999999999999556 ) ) ;
#559 = CIRCLE ( 'NONE', #965, 1.754688796886732183 ) ;
#560 = DIRECTION ( 'NONE',  ( -0.000000000000000000, -1.836970198721030181E-16, 1.000000000000000000 ) ) ;
#561 = ORIENTED_EDGE ( 'NONE', *, *, #2304, .F. ) ;
#562 = DIRECTION ( 'NONE',  ( 0.000000000000000000, 0.000000000000000000, 1.000000000000000000 ) ) ;
#563 = DIRECTION ( 'NONE',  ( 0.000000000000000000, -1.000000000000000000, -1.940949343750276480E-16 ) ) ;
#564 = EDGE_LOOP ( 'NONE', ( #22, #1918, #1496, #2811 ) ) ;
#565 = EDGE_CURVE ( 'NONE', #2915, #1765, #3010, .T. ) ;
#566 = VERTEX_POINT ( 'NONE', #2486 ) ;
#567 = CARTESIAN_POINT ( 'NONE',  ( -7.768956800198920654, -1.773213692464305158, -1.789569698007920778E-15 ) ) ;
#568 = CARTESIAN_POINT ( 'NONE',  ( 0.000000000000000000, 10.65000000000000036, -3.500000000000003553 ) ) ;
#569 = EDGE_CURVE ( 'NONE', #1047, #3065, #2502, .T. ) ;
#570 = PLANE ( 'NONE',  #689 ) ;
#571 = CARTESIAN_POINT ( 'NONE',  ( 8.036744619404492125E-16, 6.562499999999988454, 1.555555555555551361 ) ) ;
#572 = FACE_OUTER_BOUND ( 'NONE', #2221, .T. ) ;
#573 = ORIENTED_EDGE ( 'NONE', *, *, #2966, .T. ) ;
#574 = DIRECTION ( 'NONE',  ( 0.4338837391175526248, -0.9009688679024218105, -3.492023159033203447E-16 ) ) ;
#575 = DIRECTION ( 'NONE',  ( -0.000000000000000000, -1.836970198721030181E-16, 1.000000000000000000 ) ) ;
#576 = ORIENTED_EDGE ( 'NONE', *, *, #2175, .T. ) ;
#577 = EDGE_LOOP ( 'NONE', ( #2419, #2444 ) ) ;
#578 = DIRECTION ( 'NONE',  ( 0.000000000000000000, 0.000000000000000000, 1.000000000000000000 ) ) ;
#579 = CARTESIAN_POINT ( 'NONE',  ( 1.347111479062088010E-15, 10.99999999999999645, 3.149999999999998135 ) ) ;
#580 = ORIENTED_EDGE ( 'NONE', *, *, #2072, .T. ) ;
#581 = DIRECTION ( 'NONE',  ( 0.000000000000000000, 1.836970198721030181E-16, -1.000000000000000000 ) ) ;
#582 = EDGE_CURVE ( 'NONE', #1650, #1961, #1304, .T. ) ;
#583 = DIRECTION ( 'NONE',  ( -0.000000000000000000, -1.836970198721030181E-16, 1.000000000000000000 ) ) ;
#584 = EDGE_CURVE ( 'NONE', #2350, #1672, #854, .T. ) ;
#585 = CYLINDRICAL_SURFACE ( 'NONE', #2959, 6.703124999999990230 ) ;
#586 = VERTEX_POINT ( 'NONE', #3047 ) ;
#587 = CIRCLE ( 'NONE', #2177, 0.03888888888888908379 ) ;
#588 = CARTESIAN_POINT ( 'NONE',  ( 3.254128043381654845, -6.757266509268185395, -1.362923205355896172 ) ) ;
#589 = CIRCLE ( 'NONE', #542, 2.045573997405609301 ) ;
#590 = DIRECTION ( 'NONE',  ( 0.000000000000000000, -4.240187541924536055E-16, 1.000000000000000000 ) ) ;
#591 = ORIENTED_EDGE ( 'NONE', *, *, #2556, .F. ) ;
#592 = ORIENTED_EDGE ( 'NONE', *, *, #955, .T. ) ;
#593 = AXIS2_PLACEMENT_3D ( 'NONE', #2497, #51, #1543 ) ;
#594 = DIRECTION ( 'NONE',  ( 0.000000000000000000, 0.7352672917972123967, -0.6777772566361259798 ) ) ;
#595 = ADVANCED_FACE ( 'NONE', ( #57 ), #2759, .F. ) ;
#596 = DIRECTION ( 'NONE',  ( 0.000000000000000000, 1.000000000000000000, 1.836970198721030181E-16 ) ) ;
#597 = CIRCLE ( 'NONE', #2389, 2.045573997405608857 ) ;
#598 = ORIENTED_EDGE ( 'NONE', *, *, #2274, .F. ) ;
#599 = CONICAL_SURFACE ( 'NONE', #2505, 6.562499999999991118, 0.8260609619241786605 ) ;
#600 = FACE_OUTER_BOUND ( 'NONE', #513, .T. ) ;
#601 = CARTESIAN_POINT ( 'NONE',  ( 0.000000000000000000, 1.278735366109696152E-15, -3.461111111111117911 ) ) ;
#602 = AXIS2_PLACEMENT_3D ( 'NONE', #191, #169, #414 ) ;
#603 = VECTOR ( 'NONE', #1484, 1000.000000000000000 ) ;
#604 = ADVANCED_FACE ( 'NONE', ( #2295 ), #2810, .T. ) ;
#605 = AXIS2_PLACEMENT_3D ( 'NONE', #2635, #1671, #432 ) ;
#606 = FACE_OUTER_BOUND ( 'NONE', #2643, .T. ) ;
#607 = ORIENTED_EDGE ( 'NONE', *, *, #1679, .F. ) ;
#608 = EDGE_CURVE ( 'NONE', #138, #1305, #1829, .T. ) ;
#609 = TOROIDAL_SURFACE ( 'NONE', #753, 1.362923205355893508, 0.8280933923091545745 ) ;
#610 = FACE_OUTER_BOUND ( 'NONE', #2048, .T. ) ;
#611 = ORIENTED_EDGE ( 'NONE', *, *, #120, .F. ) ;
#612 = DIRECTION ( 'NONE',  ( 0.9749279121818227312, -0.2225209339563182231, -2.245734522990357500E-16 ) ) ;
#613 = CARTESIAN_POINT ( 'NONE',  ( 0.000000000000000000, 7.143772995026914316E-18, 3.461111111111107252 ) ) ;
#614 = ORIENTED_EDGE ( 'NONE', *, *, #2622, .T. ) ;
#615 = CARTESIAN_POINT ( 'NONE',  ( -3.050745040670400421, -6.334937352438900326, -2.045573997405611522 ) ) ;
#616 = DIRECTION ( 'NONE',  ( -0.000000000000000000, -1.836970198721030181E-16, 1.000000000000000000 ) ) ;
#617 = DIRECTION ( 'NONE',  ( 0.9009688679024218105, 0.4338837391175526248, 7.970314984685944884E-17 ) ) ;
#618 = ORIENTED_EDGE ( 'NONE', *, *, #745, .T. ) ;
#619 = ADVANCED_FACE ( 'NONE', ( #572 ), #1062, .F. ) ;
#620 = DIRECTION ( 'NONE',  ( -0.2225209339563182231, -0.9749279121818227312, -2.327952075824534983E-16 ) ) ;
#621 = ORIENTED_EDGE ( 'NONE', *, *, #1547, .F. ) ;
#622 = LINE ( 'NONE', #314, #1156 ) ;
#623 = DIRECTION ( 'NONE',  ( 0.000000000000000000, -1.000000000000000000, -2.090815488936264551E-16 ) ) ;
#624 = DIRECTION ( 'NONE',  ( 0.000000000000000000, -1.000000000000000000, -1.836970198721029934E-16 ) ) ;
#625 = VERTEX_POINT ( 'NONE', #2535 ) ;
#626 = CARTESIAN_POINT ( 'NONE',  ( 0.000000000000000000, 7.143772995026309420E-17, 3.111111111111106275 ) ) ;
#627 = FACE_OUTER_BOUND ( 'NONE', #290, .T. ) ;
#628 = DIRECTION ( 'NONE',  ( -0.9009688679024157043, 0.4338837391175651703, 2.021678297615970499E-16 ) ) ;
#629 = ORIENTED_EDGE ( 'NONE', *, *, #3025, .T. ) ;
#630 = DIRECTION ( 'NONE',  ( 0.7818314824680310249, 0.6234898018587320401, -6.916380135000594763E-17 ) ) ;
#631 = ORIENTED_EDGE ( 'NONE', *, *, #2236, .T. ) ;
#632 = AXIS2_PLACEMENT_3D ( 'NONE', #663, #1899, #2434 ) ;
#633 = EDGE_CURVE ( 'NONE', #785, #3112, #2655, .T. ) ;
#634 = AXIS2_PLACEMENT_3D ( 'NONE', #880, #2121, #2880 ) ;
#635 = DIRECTION ( 'NONE',  ( -0.9749279121818258398, -0.2225209339563049837, -2.245734522990333341E-16 ) ) ;
#636 = DIRECTION ( 'NONE',  ( -0.000000000000000000, -1.836970198721030181E-16, 1.000000000000000000 ) ) ;
#637 = AXIS2_PLACEMENT_3D ( 'NONE', #1403, #1856, #2390 ) ;
#638 = ORIENTED_EDGE ( 'NONE', *, *, #2263, .F. ) ;
#639 = EDGE_CURVE ( 'NONE', #2688, #1929, #1519, .T. ) ;
#640 = FACE_OUTER_BOUND ( 'NONE', #153, .T. ) ;
#641 = CIRCLE ( 'NONE', #491, 2.045573997405608857 ) ;
#642 = CIRCLE ( 'NONE', #2650, 5.683778830533085191 ) ;
#643 = DIRECTION ( 'NONE',  ( 0.000000000000000000, 1.836970198721030181E-16, -1.000000000000000000 ) ) ;
#644 = VECTOR ( 'NONE', #2765, 1000.000000000000000 ) ;
#645 = CLOSED_SHELL ( 'NONE', ( #1561, #466 ) ) ;
#646 = CIRCLE ( 'NONE', #3171, 1.754688796886732183 ) ;
#647 = CARTESIAN_POINT ( 'NONE',  ( 0.000000000000000000, 1.285879139104722014E-15, -3.500000000000005773 ) ) ;
#648 = AXIS2_PLACEMENT_3D ( 'NONE', #1887, #617, #2325 ) ;
#649 = ORIENTED_EDGE ( 'NONE', *, *, #1639, .T. ) ;
#650 = CLOSED_SHELL ( 'NONE', ( #1446, #368 ) ) ;
#651 = AXIS2_PLACEMENT_3D ( 'NONE', #2577, #1580, #417 ) ;
#652 = DIRECTION ( 'NONE',  ( 0.000000000000000000, -1.000000000000000000, -1.971276677246372752E-16 ) ) ;
#653 = ORIENTED_EDGE ( 'NONE', *, *, #1940, .T. ) ;
#654 = AXIS2_PLACEMENT_3D ( 'NONE', #710, #1155, #194 ) ;
#655 = DIRECTION ( 'NONE',  ( -0.2225209339563182231, -0.9749279121818227312, -2.327952075824534983E-16 ) ) ;
#656 = DIRECTION ( 'NONE',  ( 0.000000000000000000, -2.120093770962268028E-16, 1.000000000000000000 ) ) ;
#657 = EDGE_CURVE ( 'NONE', #2326, #1620, #1931, .T. ) ;
#658 = DIRECTION ( 'NONE',  ( 0.000000000000000000, -1.000000000000000000, -2.036060417813154133E-16 ) ) ;
#659 = VERTEX_POINT ( 'NONE', #131 ) ;
#660 = DIRECTION ( 'NONE',  ( 0.000000000000000000, 0.000000000000000000, 1.000000000000000000 ) ) ;
#661 = EDGE_CURVE ( 'NONE', #3005, #659, #2341, .T. ) ;
#662 = DIRECTION ( 'NONE',  ( 1.224646799147373422E-16, 1.000000000000000000, 0.000000000000000000 ) ) ;
#663 = CARTESIAN_POINT ( 'NONE',  ( 0.000000000000000000, 1.285879139104722211E-15, -3.500000000000006661 ) ) ;
#664 = CARTESIAN_POINT ( 'NONE',  ( -6.230219625917048809, 4.968434358561857778, -1.754688796886811675 ) ) ;
#665 = VERTEX_POINT ( 'NONE', #2578 ) ;
#666 = DIRECTION ( 'NONE',  ( -0.4338837391175527913, 0.9009688679024216995, 0.000000000000000000 ) ) ;
#667 = ORIENTED_EDGE ( 'NONE', *, *, #1679, .T. ) ;
#668 = CARTESIAN_POINT ( 'NONE',  ( 0.000000000000000000, -4.349999999999994316, 3.500000000000001332 ) ) ;
#669 = DIRECTION ( 'NONE',  ( -0.000000000000000000, -1.836970198721030181E-16, 1.000000000000000000 ) ) ;
#670 = CARTESIAN_POINT ( 'NONE',  ( -6.854961882528505690, -1.564600316880279562, -1.579032086477587714E-15 ) ) ;
#671 = ORIENTED_EDGE ( 'NONE', *, *, #2005, .F. ) ;
#672 = CARTESIAN_POINT ( 'NONE',  ( 0.000000000000000000, 4.349999999999994316, -3.500000000000003109 ) ) ;
#673 = DIRECTION ( 'NONE',  ( 0.000000000000000000, -1.836970198721030181E-16, 1.000000000000000000 ) ) ;
#674 = ADVANCED_FACE ( 'NONE', ( #1165, #2382 ), #1901, .F. ) ;
#675 = CARTESIAN_POINT ( 'NONE',  ( 0.000000000000000000, -4.000000000000000000, 3.499999999999998668 ) ) ;
#676 = SPHERICAL_SURFACE ( 'NONE', #2248, 1.816221169466995855 ) ;
#677 = ORIENTED_EDGE ( 'NONE', *, *, #2128, .T. ) ;
#678 = EDGE_CURVE ( 'NONE', #1220, #1407, #2813, .T. ) ;
#679 = AXIS2_PLACEMENT_3D ( 'NONE', #516, #2722, #735 ) ;
#680 = CARTESIAN_POINT ( 'NONE',  ( 7.311959341363690967, -1.668907004672391281, -8.039737861469039686E-14 ) ) ;
#681 = ORIENTED_EDGE ( 'NONE', *, *, #1897, .T. ) ;
#682 = CARTESIAN_POINT ( 'NONE',  ( 6.854961882528486150, -1.564600316880372821, 2.045573997405607081 ) ) ;
#683 = DIRECTION ( 'NONE',  ( -1.000000000000000000, 0.000000000000000000, 0.000000000000000000 ) ) ;
#684 = EDGE_LOOP ( 'NONE', ( #433, #1290 ) ) ;
#685 = CARTESIAN_POINT ( 'NONE',  ( 1.033295736780579587E-15, 8.437500000000003553, -1.555555555555555136 ) ) ;
#686 = ORIENTED_EDGE ( 'NONE', *, *, #2355, .T. ) ;
#687 = EDGE_CURVE ( 'NONE', #2719, #97, #1381, .T. ) ;
#688 = DIRECTION ( 'NONE',  ( 0.000000000000000000, 1.000000000000000000, 2.055968564120660269E-16 ) ) ;
#689 = AXIS2_PLACEMENT_3D ( 'NONE', #1790, #2079, #1096 ) ;
#690 = DIRECTION ( 'NONE',  ( -0.9749279121818228422, 0.2225209339563183342, 0.000000000000000000 ) ) ;
#691 = ORIENTED_EDGE ( 'NONE', *, *, #657, .F. ) ;
#692 = TOROIDAL_SURFACE ( 'NONE', #1926, 7.499999999999999112, 1.816221169466913254 ) ;
#693 = CIRCLE ( 'NONE', #950, 1.754688796886732183 ) ;
#694 = CARTESIAN_POINT ( 'NONE',  ( -3.254128043381738333, -6.757266509268118782, 1.816221169466909036 ) ) ;
#695 = CARTESIAN_POINT ( 'NONE',  ( -7.311959341363713172, -1.668907004672292249, -8.039737861469037162E-14 ) ) ;
#696 = EDGE_CURVE ( 'NONE', #223, #2190, #2452, .T. ) ;
#697 = AXIS2_PLACEMENT_3D ( 'NONE', #2553, #1792, #1563 ) ;
#698 = CIRCLE ( 'NONE', #86, 0.03888888888888865358 ) ;
#699 = VECTOR ( 'NONE', #2125, 1000.000000000000000 ) ;
#700 = FACE_OUTER_BOUND ( 'NONE', #244, .T. ) ;
#701 = ORIENTED_EDGE ( 'NONE', *, *, #1039, .T. ) ;
#702 = EDGE_CURVE ( 'NONE', #448, #707, #1417, .T. ) ;
#703 = AXIS2_PLACEMENT_3D ( 'NONE', #1551, #2768, #148 ) ;
#704 = AXIS2_PLACEMENT_3D ( 'NONE', #1145, #149, #2100 ) ;
#705 = CARTESIAN_POINT ( 'NONE',  ( 0.000000000000000000, 0.000000000000000000, -0.5833333333333333703 ) ) ;
#706 = DIRECTION ( 'NONE',  ( 0.000000000000000000, 0.000000000000000000, 1.000000000000000000 ) ) ;
#707 = VERTEX_POINT ( 'NONE', #664 ) ;
#708 = CONICAL_SURFACE ( 'NONE', #2764, 8.296875000000000000, 0.8260609619241818802 ) ;
#709 = EDGE_LOOP ( 'NONE', ( #631, #2415, #1293, #2153 ) ) ;
#710 = CARTESIAN_POINT ( 'NONE',  ( 0.000000000000000000, 7.500000000000020428, -7.871307772244762191E-14 ) ) ;
#711 = ORIENTED_EDGE ( 'NONE', *, *, #471, .F. ) ;
#712 = DIRECTION ( 'NONE',  ( -0.000000000000000000, 1.000000000000000000, 0.000000000000000000 ) ) ;
#713 = CARTESIAN_POINT ( 'NONE',  ( -7.311959341363692744, -1.668907004672287808, -1.684300892242749513E-15 ) ) ;
#714 = VERTEX_POINT ( 'NONE', #393 ) ;
#715 = DIRECTION ( 'NONE',  ( -0.4338837391175651703, -0.9009688679024157043, -3.492023159033192107E-16 ) ) ;
#716 = CYLINDRICAL_SURFACE ( 'NONE', #2558, 4.000000000000000000 ) ;
#717 = DIRECTION ( 'NONE',  ( -0.000000000000000000, -1.836970198721030181E-16, 1.000000000000000000 ) ) ;
#718 = EDGE_LOOP ( 'NONE', ( #441, #1438, #3024, #217 ) ) ;
#719 = EDGE_CURVE ( 'NONE', #150, #1450, #1112, .T. ) ;
#720 = DIRECTION ( 'NONE',  ( 1.000000000000000000, 1.224646799147353207E-16, 2.249639673992786959E-32 ) ) ;
#721 = DATE_AND_TIME ( #2443, #2292 ) ;
#722 = CARTESIAN_POINT ( 'NONE',  ( 1.024684938974074575E-15, -8.296875000000001776, 3.240740740740735149 ) ) ;
#723 = ORIENTED_EDGE ( 'NONE', *, *, #7, .F. ) ;
#724 = VERTEX_POINT ( 'NONE', #1368 ) ;
#725 = EDGE_CURVE ( 'NONE', #785, #2545, #1218, .T. ) ;
#726 = DIRECTION ( 'NONE',  ( 0.9749279121818227312, -0.2225209339563182231, -2.245734522990357500E-16 ) ) ;
#727 = FACE_BOUND ( 'NONE', #760, .T. ) ;
#728 = VERTEX_POINT ( 'NONE', #920 ) ;
#729 = DIRECTION ( 'NONE',  ( -0.000000000000000000, -1.836970198721030181E-16, 1.000000000000000000 ) ) ;
#730 = DIRECTION ( 'NONE',  ( 0.000000000000000000, -2.471554327831025469E-16, 1.000000000000000000 ) ) ;
#731 = DIRECTION ( 'NONE',  ( 0.9009688679024219216, 0.4338837391175524583, 7.970314984685942419E-17 ) ) ;
#732 = ORIENTED_EDGE ( 'NONE', *, *, #99, .F. ) ;
#733 = CARTESIAN_POINT ( 'NONE',  ( 0.000000000000000000, 0.000000000000000000, 0.5833333333333333703 ) ) ;
#734 = DATE_AND_TIME ( #2721, #2805 ) ;
#735 = DIRECTION ( 'NONE',  ( 0.4338837391175650038, 0.9009688679024158153, 0.000000000000000000 ) ) ;
#736 = ORIENTED_EDGE ( 'NONE', *, *, #107, .F. ) ;
#737 = EDGE_CURVE ( 'NONE', #2569, #2986, #2508, .T. ) ;
#738 = EDGE_LOOP ( 'NONE', ( #2517, #3003 ) ) ;
#739 = CARTESIAN_POINT ( 'NONE',  ( 7.311959341363694520, -1.668907004672392169, -1.684300892242773573E-15 ) ) ;
#740 = DIRECTION ( 'NONE',  ( 0.000000000000000000, -1.000000000000000000, -2.055968564120660269E-16 ) ) ;
#741 = VERTEX_POINT ( 'NONE', #2884 ) ;
#742 = AXIS2_PLACEMENT_3D ( 'NONE', #3147, #3134, #444 ) ;
#743 = ADVANCED_FACE ( 'NONE', ( #860 ), #2300, .T. ) ;
#744 = CIRCLE ( 'NONE', #2947, 0.8280933923091545745 ) ;
#745 = EDGE_CURVE ( 'NONE', #2190, #3188, #858, .T. ) ;
#746 = CYLINDRICAL_SURFACE ( 'NONE', #485, 6.562499999999989342 ) ;
#747 = TOROIDAL_SURFACE ( 'NONE', #2183, 1.362923205355893508, 0.8280933923091545745 ) ;
#748 = CARTESIAN_POINT ( 'NONE',  ( -7.311959341363716725, -1.668907004672293137, -1.684300892242755035E-15 ) ) ;
#749 = AXIS2_PLACEMENT_3D ( 'NONE', #1555, #612, #1812 ) ;
#750 = CARTESIAN_POINT ( 'NONE',  ( -6.230219625917048809, 4.968434358561857778, 1.754688796886731961 ) ) ;
#751 = AXIS2_PLACEMENT_3D ( 'NONE', #1280, #1782, #3115 ) ;
#752 = ORIENTED_EDGE ( 'NONE', *, *, #2827, .F. ) ;
#753 = AXIS2_PLACEMENT_3D ( 'NONE', #1035, #1240, #1495 ) ;
#754 = AXIS2_PLACEMENT_3D ( 'NONE', #1486, #1746, #21 ) ;
#755 = DIRECTION ( 'NONE',  ( 1.000000000000000000, 0.000000000000000000, -0.000000000000000000 ) ) ;
#756 = SECURITY_CLASSIFICATION_LEVEL ( 'unclassified' ) ;
#757 = CARTESIAN_POINT ( 'NONE',  ( 3.254128043381644630, -6.757266509268164079, -2.619017369274902511E-15 ) ) ;
#758 = ORIENTED_EDGE ( 'NONE', *, *, #2875, .T. ) ;
#759 = AXIS2_PLACEMENT_3D ( 'NONE', #2264, #102, #2548 ) ;
#760 = EDGE_LOOP ( 'NONE', ( #1482, #1586 ) ) ;
#761 = AXIS2_PLACEMENT_3D ( 'NONE', #1193, #673, #453 ) ;
#762 = CARTESIAN_POINT ( 'NONE',  ( 0.000000000000000000, -6.703124999999989342, 3.499999999999998224 ) ) ;
#763 = EDGE_CURVE ( 'NONE', #377, #338, #2763, .T. ) ;
#764 = DIRECTION ( 'NONE',  ( -1.000000000000000000, 0.000000000000000000, 0.000000000000000000 ) ) ;
#765 = ORIENTED_EDGE ( 'NONE', *, *, #565, .F. ) ;
#766 = AXIS2_PLACEMENT_3D ( 'NONE', #2863, #1357, #2094 ) ;
#767 = CARTESIAN_POINT ( 'NONE',  ( 0.000000000000000000, 4.000000000000000000, -3.150000000000003464 ) ) ;
#768 = EDGE_CURVE ( 'NONE', #1034, #1339, #1166, .T. ) ;
#769 = FACE_BOUND ( 'NONE', #1542, .T. ) ;
#770 = CC_DESIGN_PERSON_AND_ORGANIZATION_ASSIGNMENT ( #271, #1734, ( #1872 ) ) ;
#771 = CARTESIAN_POINT ( 'NONE',  ( 0.000000000000000000, 1.285879139104721817E-15, -3.500000000000003997 ) ) ;
#772 = ORIENTED_EDGE ( 'NONE', *, *, #94, .T. ) ;
#773 = DIRECTION ( 'NONE',  ( 0.000000000000000000, -1.000000000000000000, -2.168404344971008868E-16 ) ) ;
#774 = DIRECTION ( 'NONE',  ( 0.7818314824680310249, 0.6234898018587320401, -6.916380135000594763E-17 ) ) ;
#775 = DIRECTION ( 'NONE',  ( -0.000000000000000000, 1.000000000000000000, -0.000000000000000000 ) ) ;
#776 = EDGE_LOOP ( 'NONE', ( #2891, #723, #2131, #10 ) ) ;
#777 = ORIENTED_EDGE ( 'NONE', *, *, #13, .T. ) ;
#778 = PLANE ( 'NONE',  #1921 ) ;
#779 = CARTESIAN_POINT ( 'NONE',  ( 0.000000000000000000, -6.562499999999988454, 1.555555555555548697 ) ) ;
#780 = VERTEX_POINT ( 'NONE', #1865 ) ;
#781 = DIRECTION ( 'NONE',  ( -0.000000000000000000, -1.836970198721030181E-16, 1.000000000000000000 ) ) ;
#782 = DIRECTION ( 'NONE',  ( 0.000000000000000000, -1.000000000000000000, -2.168404344971008868E-16 ) ) ;
#783 = EDGE_CURVE ( 'NONE', #1339, #1034, #2601, .T. ) ;
#784 = DIRECTION ( 'NONE',  ( 0.9749279121818227312, -0.2225209339563182231, -2.245734522990357500E-16 ) ) ;
#785 = VERTEX_POINT ( 'NONE', #2851 ) ;
#786 = CARTESIAN_POINT ( 'NONE',  ( -7.968750000000003553, 0.000000000000000000, 0.5833333333333333703 ) ) ;
#787 = EDGE_CURVE ( 'NONE', #1407, #1220, #3014, .T. ) ;
#788 = DIRECTION ( 'NONE',  ( -0.9009688679024218105, -0.4338837391175526248, 4.276153006787583490E-17 ) ) ;
#789 = EDGE_LOOP ( 'NONE', ( #1442, #1867, #1888, #1032 ) ) ;
#790 = ORIENTED_EDGE ( 'NONE', *, *, #3140, .F. ) ;
#791 = AXIS2_PLACEMENT_3D ( 'NONE', #2463, #1491, #478 ) ;
#792 = DIRECTION ( 'NONE',  ( 0.000000000000000000, -1.000000000000000000, -2.090815488936264551E-16 ) ) ;
#793 = CARTESIAN_POINT ( 'NONE',  ( -3.050745040670399533, -6.334937352438901215, 1.754688796886729740 ) ) ;
#794 = CIRCLE ( 'NONE', #1201, 1.816221169466996299 ) ;
#795 = DIRECTION ( 'NONE',  ( -1.000000000000000000, 0.000000000000000000, 0.000000000000000000 ) ) ;
#796 = AXIS2_PLACEMENT_3D ( 'NONE', #2034, #3011, #112 ) ;
#797 = ADVANCED_FACE ( 'NONE', ( #178 ), #2693, .F. ) ;
#798 = DIRECTION ( 'NONE',  ( 0.000000000000000000, 1.000000000000000000, 1.982541115402067822E-16 ) ) ;
#799 = ORIENTED_EDGE ( 'NONE', *, *, #468, .T. ) ;
#800 = AXIS2_PLACEMENT_3D ( 'NONE', #1701, #1020, #2978 ) ;
#801 = DIRECTION ( 'NONE',  ( -0.9009688679024218105, -0.4338837391175526248, 4.276153006787583490E-17 ) ) ;
#802 = CIRCLE ( 'NONE', #545, 2.045573997405608857 ) ;
#803 = AXIS2_PLACEMENT_3D ( 'NONE', #1585, #2989, #1763 ) ;
#804 = EDGE_CURVE ( 'NONE', #665, #480, #1470, .T. ) ;
#805 = FACE_OUTER_BOUND ( 'NONE', #1333, .T. ) ;
#806 = ORIENTED_EDGE ( 'NONE', *, *, #2391, .F. ) ;
#807 = AXIS2_PLACEMENT_3D ( 'NONE', #3163, #1956, #2438 ) ;
#808 = EDGE_LOOP ( 'NONE', ( #1369, #259 ) ) ;
#809 = CARTESIAN_POINT ( 'NONE',  ( 7.768956800198897561, -1.773213692464410407, 1.754688796886730628 ) ) ;
#810 = AXIS2_PLACEMENT_3D ( 'NONE', #2152, #205, #1616 ) ;
#811 = AXIS2_PLACEMENT_3D ( 'NONE', #2356, #2612, #882 ) ;
#812 = DIRECTION ( 'NONE',  ( -0.4338837391175651703, -0.9009688679024157043, -3.492023159033192107E-16 ) ) ;
#813 = CIRCLE ( 'NONE', #1365, 1.816221169466913254 ) ;
#814 = DIRECTION ( 'NONE',  ( 0.000000000000000000, -4.240187541924535069E-16, 1.000000000000000000 ) ) ;
#815 = DIRECTION ( 'NONE',  ( -1.000000000000000000, 0.000000000000000000, 0.000000000000000000 ) ) ;
#816 = AXIS2_PLACEMENT_3D ( 'NONE', #1140, #1601, #878 ) ;
#817 = DIRECTION ( 'NONE',  ( 1.436201133715640315E-16, 6.916380135000390152E-17, -1.000000000000000000 ) ) ;
#818 = VERTEX_POINT ( 'NONE', #2436 ) ;
#819 = CARTESIAN_POINT ( 'NONE',  ( 3.050745040670311603, -6.334937352438943847, -2.455328783695236906E-15 ) ) ;
#820 = CARTESIAN_POINT ( 'NONE',  ( 0.000000000000000000, 4.762515330017543928E-17, 3.240740740740737369 ) ) ;
#821 = ORIENTED_EDGE ( 'NONE', *, *, #837, .T. ) ;
#822 = ORIENTED_EDGE ( 'NONE', *, *, #1216, .F. ) ;
#823 = EDGE_CURVE ( 'NONE', #972, #2492, #243, .T. ) ;
#824 = LINE ( 'NONE', #2818, #2803 ) ;
#825 = FACE_OUTER_BOUND ( 'NONE', #220, .T. ) ;
#826 = ORIENTED_EDGE ( 'NONE', *, *, #1700, .T. ) ;
#827 = ADVANCED_FACE ( 'NONE', ( #215 ), #1230, .F. ) ;
#828 = DIRECTION ( 'NONE',  ( -3.239321168470730288E-18, -3.891453047654818390E-16, 1.000000000000000000 ) ) ;
#829 = LINE ( 'NONE', #1804, #1784 ) ;
#830 = DIRECTION ( 'NONE',  ( -0.000000000000000000, 1.000000000000000000, -0.000000000000000000 ) ) ;
#831 = ORIENTED_EDGE ( 'NONE', *, *, #1104, .F. ) ;
#832 = DIRECTION ( 'NONE',  ( 0.000000000000000000, -4.943108655662050939E-16, 1.000000000000000000 ) ) ;
#833 = DIRECTION ( 'NONE',  ( -0.6234898018587431423, -0.7818314824680221431, -1.436201133715640315E-16 ) ) ;
#834 = ORIENTED_EDGE ( 'NONE', *, *, #445, .T. ) ;
#835 = EDGE_LOOP ( 'NONE', ( #2306, #1834 ) ) ;
#836 = DIRECTION ( 'NONE',  ( -0.000000000000000000, -0.000000000000000000, -1.000000000000000000 ) ) ;
#837 = EDGE_CURVE ( 'NONE', #11, #70, #489, .T. ) ;
#838 = CARTESIAN_POINT ( 'NONE',  ( 1.033295736780579390E-15, 8.437500000000000000, 1.555555555555557135 ) ) ;
#839 = EDGE_LOOP ( 'NONE', ( #2207, #1949, #479, #1971 ) ) ;
#840 = FACE_BOUND ( 'NONE', #2359, .T. ) ;
#841 = EDGE_CURVE ( 'NONE', #1425, #428, #3172, .T. ) ;
#842 = DIRECTION ( 'NONE',  ( -0.000000000000000000, -0.000000000000000000, -1.000000000000000000 ) ) ;
#843 = FACE_OUTER_BOUND ( 'NONE', #2795, .T. ) ;
#844 = ORIENTED_EDGE ( 'NONE', *, *, #2416, .T. ) ;
#845 = CC_DESIGN_SECURITY_CLASSIFICATION ( #1872, ( #1817 ) ) ;
#846 = DIRECTION ( 'NONE',  ( 0.000000000000000000, -1.000000000000000000, -2.055968564120660269E-16 ) ) ;
#847 = ORIENTED_EDGE ( 'NONE', *, *, #2331, .F. ) ;
#848 = AXIS2_PLACEMENT_3D ( 'NONE', #3026, #2091, #2797 ) ;
#849 = DIRECTION ( 'NONE',  ( 0.000000000000000000, -1.000000000000000000, -1.982541115402068561E-16 ) ) ;
#850 = CARTESIAN_POINT ( 'NONE',  ( 0.000000000000000000, 1.278735366109696152E-15, -3.461111111111117911 ) ) ;
#851 = CIRCLE ( 'NONE', #2596, 0.8280933923091546855 ) ;
#852 = ORIENTED_EDGE ( 'NONE', *, *, #2277, .T. ) ;
#853 = CIRCLE ( 'NONE', #2908, 6.562499999999987566 ) ;
#854 = CIRCLE ( 'NONE', #2854, 6.562499999999992006 ) ;
#855 = CARTESIAN_POINT ( 'NONE',  ( 0.000000000000000000, 5.597233900875404198E-31, 3.499999999999996003 ) ) ;
#856 = DIRECTION ( 'NONE',  ( -0.4338837391175651703, -0.9009688679024158153, -3.492023159033192107E-16 ) ) ;
#857 = AXIS2_PLACEMENT_3D ( 'NONE', #2059, #2779, #1567 ) ;
#858 = CIRCLE ( 'NONE', #648, 1.816221169466995633 ) ;
#859 = EDGE_CURVE ( 'NONE', #2357, #2932, #2658, .T. ) ;
#860 = FACE_OUTER_BOUND ( 'NONE', #364, .T. ) ;
#861 = ORIENTED_EDGE ( 'NONE', *, *, #719, .T. ) ;
#862 = AXIS2_PLACEMENT_3D ( 'NONE', #2251, #1925, #1440 ) ;
#863 = FACE_OUTER_BOUND ( 'NONE', #577, .T. ) ;
#864 = ORIENTED_EDGE ( 'NONE', *, *, #2331, .T. ) ;
#865 = LINE ( 'NONE', #1799, #1057 ) ;
#866 = DIRECTION ( 'NONE',  ( -0.000000000000000000, -1.836970198721030181E-16, 1.000000000000000000 ) ) ;
#867 = ORIENTED_EDGE ( 'NONE', *, *, #804, .F. ) ;
#868 = CARTESIAN_POINT ( 'NONE',  ( -7.311959341363713172, -1.668907004672292249, -8.039737861469037162E-14 ) ) ;
#869 = DIRECTION ( 'NONE',  ( 0.000000000000000000, 1.000000000000000000, 2.168404344971009361E-16 ) ) ;
#870 = DIRECTION ( 'NONE',  ( 0.000000000000000000, -4.943108655662050939E-16, 1.000000000000000000 ) ) ;
#871 = ORIENTED_EDGE ( 'NONE', *, *, #823, .F. ) ;
#872 = EDGE_CURVE ( 'NONE', #3112, #586, #1017, .T. ) ;
#873 = CARTESIAN_POINT ( 'NONE',  ( 7.968750000000003553, 9.758904180705476840E-16, -0.5833333333333333703 ) ) ;
#874 = ORIENTED_EDGE ( 'NONE', *, *, #318, .T. ) ;
#875 = EDGE_CURVE ( 'NONE', #1658, #1425, #1242, .T. ) ;
#876 = DIRECTION ( 'NONE',  ( 0.000000000000000000, -1.000000000000000000, -1.982541115402068315E-16 ) ) ;
#877 = CYLINDRICAL_SURFACE ( 'NONE', #438, 8.296875000000000000 ) ;
#878 = DIRECTION ( 'NONE',  ( 0.4338837391175524583, -0.9009688679024219216, 0.000000000000000000 ) ) ;
#879 = VERTEX_POINT ( 'NONE', #266 ) ;
#880 = CARTESIAN_POINT ( 'NONE',  ( 0.000000000000000000, 1.285879139104721817E-15, -3.500000000000003997 ) ) ;
#881 = DIRECTION ( 'NONE',  ( 0.000000000000000000, 0.000000000000000000, 1.000000000000000000 ) ) ;
#882 = DIRECTION ( 'NONE',  ( 0.000000000000000000, 1.000000000000000000, 2.055968564120660269E-16 ) ) ;
#883 = MANIFOLD_SOLID_BREP ( 'CirPattern1[12]', #2042 ) ;
#884 = ORIENTED_EDGE ( 'NONE', *, *, #1082, .F. ) ;
#885 = ADVANCED_FACE ( 'NONE', ( #1969 ), #3118, .T. ) ;
#886 = DIRECTION ( 'NONE',  ( -0.000000000000000000, 1.000000000000000000, -0.000000000000000000 ) ) ;
#887 = ORIENTED_EDGE ( 'NONE', *, *, #29, .T. ) ;
#888 = MANIFOLD_SOLID_BREP ( 'CirPattern1[1]', #1570 ) ;
#889 = EDGE_CURVE ( 'NONE', #307, #398, #1729, .T. ) ;
#890 = TOROIDAL_SURFACE ( 'NONE', #3053, 1.362923205355893508, 0.8280933923091545745 ) ;
#891 = LINE ( 'NONE', #1891, #1306 ) ;
#892 = LINE ( 'NONE', #381, #130 ) ;
#893 = EDGE_LOOP ( 'NONE', ( #2127, #1273, #1198, #1907 ) ) ;
#894 = CARTESIAN_POINT ( 'NONE',  ( 1.016074141167569760E-15, 8.296875000000001776, -3.240740740740745363 ) ) ;
#895 = AXIS2_PLACEMENT_3D ( 'NONE', #1657, #1122, #2103 ) ;
#896 = CARTESIAN_POINT ( 'NONE',  ( 0.000000000000000000, 0.000000000000000000, 3.499999999999999556 ) ) ;
#897 = AXIS2_PLACEMENT_3D ( 'NONE', #492, #1471, #2215 ) ;
#898 = DIRECTION ( 'NONE',  ( 0.7818314824680310249, 0.6234898018587320401, -6.916380135000594763E-17 ) ) ;
#899 = AXIS2_PLACEMENT_3D ( 'NONE', #496, #2230, #8 ) ;
#900 = DIRECTION ( 'NONE',  ( -0.7818314824680221431, 0.6234898018587432533, 0.000000000000000000 ) ) ;
#901 = AXIS2_PLACEMENT_3D ( 'NONE', #1004, #2470, #251 ) ;
#902 = MANIFOLD_SOLID_BREP ( 'Revolve3', #2644 ) ;
#903 = PERSON ( 'UNSPECIFIED', 'UNSPECIFIED', 'UNSPECIFIED', ('UNSPECIFIED'), ('UNSPECIFIED'), ('UNSPECIFIED') ) ;
#904 = ORIENTED_EDGE ( 'NONE', *, *, #2919, .T. ) ;
#905 = AXIS2_PLACEMENT_3D ( 'NONE', #319, #330, #2742 ) ;
#906 = EDGE_CURVE ( 'NONE', #3043, #97, #1881, .T. ) ;
#907 = DIRECTION ( 'NONE',  ( -0.000000000000000000, -1.836970198721030181E-16, 1.000000000000000000 ) ) ;
#908 = EDGE_LOOP ( 'NONE', ( #1667, #821, #289, #1764 ) ) ;
#909 = CIRCLE ( 'NONE', #1161, 6.562499999999991118 ) ;
#910 = LINE ( 'NONE', #668, #1613 ) ;
#911 = CARTESIAN_POINT ( 'NONE',  ( 0.000000000000000000, 0.000000000000000000, 3.499999999999999556 ) ) ;
#912 = CARTESIAN_POINT ( 'NONE',  ( 6.854961882528484374, -1.564600316880372821, 2.045573997405607525 ) ) ;
#913 = ADVANCED_FACE ( 'NONE', ( #1915 ), #957, .T. ) ;
#914 = EDGE_LOOP ( 'NONE', ( #2925, #1359, #938, #2424 ) ) ;
#915 = CARTESIAN_POINT ( 'NONE',  ( 1.033295736780579390E-15, 8.437500000000000000, -3.500000000000004885 ) ) ;
#916 = DIRECTION ( 'NONE',  ( -1.000000000000000000, 0.000000000000000000, 0.000000000000000000 ) ) ;
#917 = ADVANCED_FACE ( 'NONE', ( #1987 ), #2455, .F. ) ;
#918 = EDGE_CURVE ( 'NONE', #1184, #1810, #1196, .T. ) ;
#919 = DIRECTION ( 'NONE',  ( -0.000000000000000000, 1.000000000000000000, -0.000000000000000000 ) ) ;
#920 = CARTESIAN_POINT ( 'NONE',  ( 5.497252611103377262, 4.383912669319237843, -1.754688796886811453 ) ) ;
#921 = EDGE_LOOP ( 'NONE', ( #2208, #1343 ) ) ;
#922 = ORIENTED_EDGE ( 'NONE', *, *, #918, .F. ) ;
#923 = ADVANCED_FACE ( 'NONE', ( #201 ), #676, .F. ) ;
#924 = CARTESIAN_POINT ( 'NONE',  ( 6.230219625917118975, 4.968434358561768960, -1.754688796886811675 ) ) ;
#925 = FACE_OUTER_BOUND ( 'NONE', #1091, .T. ) ;
#926 = VERTEX_POINT ( 'NONE', #1448 ) ;
#927 = DIRECTION ( 'NONE',  ( -1.790913520579322048E-16, 2.245734522990357500E-16, -1.000000000000000000 ) ) ;
#928 = ORIENTED_EDGE ( 'NONE', *, *, #439, .F. ) ;
#929 = DIRECTION ( 'NONE',  ( -0.7818314824680311359, -0.6234898018587318180, 0.000000000000000000 ) ) ;
#930 = ADVANCED_FACE ( 'NONE', ( #18 ), #716, .F. ) ;
#931 = MANIFOLD_SOLID_BREP ( 'CirPattern1[10]', #1428 ) ;
#932 = DIRECTION ( 'NONE',  ( 0.000000000000000000, -1.000000000000000000, -2.168404344971009361E-16 ) ) ;
#933 = ORIENTED_EDGE ( 'NONE', *, *, #71, .F. ) ;
#934 = DIRECTION ( 'NONE',  ( 0.9749279121818227312, -0.2225209339563182231, -2.245734522990357500E-16 ) ) ;
#935 = EDGE_CURVE ( 'NONE', #707, #480, #1935, .T. ) ;
#936 = DIRECTION ( 'NONE',  ( -0.6234898018587431423, -0.7818314824680221431, -1.436201133715640315E-16 ) ) ;
#937 = CARTESIAN_POINT ( 'NONE',  ( 0.000000000000000000, -8.296875000000001776, 3.499999999999997780 ) ) ;
#938 = ORIENTED_EDGE ( 'NONE', *, *, #1056, .T. ) ;
#939 = CARTESIAN_POINT ( 'NONE',  ( 5.863736118510251671, 4.676173513940505622, -5.187285101250463082E-16 ) ) ;
#940 = DIRECTION ( 'NONE',  ( -0.000000000000000000, -1.836970198721030181E-16, 1.000000000000000000 ) ) ;
#941 = ORIENTED_EDGE ( 'NONE', *, *, #737, .F. ) ;
#942 = DIRECTION ( 'NONE',  ( -0.000000000000000000, -1.836970198721030181E-16, 1.000000000000000000 ) ) ;
#943 = VERTEX_POINT ( 'NONE', #1791 ) ;
#944 = CIRCLE ( 'NONE', #2081, 10.65000000000000036 ) ;
#945 = DIRECTION ( 'NONE',  ( 0.000000000000000000, 0.000000000000000000, 1.000000000000000000 ) ) ;
#946 = AXIS2_PLACEMENT_3D ( 'NONE', #626, #2068, #688 ) ;
#947 = LINE ( 'NONE', #2467, #1732 ) ;
#948 = EDGE_LOOP ( 'NONE', ( #1687, #3070 ) ) ;
#949 = AXIS2_PLACEMENT_3D ( 'NONE', #413, #204, #2840 ) ;
#950 = AXIS2_PLACEMENT_3D ( 'NONE', #1750, #530, #1552 ) ;
#951 = DIRECTION ( 'NONE',  ( -0.000000000000000000, -1.836970198721030181E-16, 1.000000000000000000 ) ) ;
#952 = DIRECTION ( 'NONE',  ( 0.000000000000000000, 0.000000000000000000, 1.000000000000000000 ) ) ;
#953 = MANIFOLD_SOLID_BREP ( 'CirPattern1[6]', #2661 ) ;
#954 = AXIS2_PLACEMENT_3D ( 'NONE', #2920, #512, #2900 ) ;
#955 = EDGE_CURVE ( 'NONE', #2190, #223, #2964, .T. ) ;
#956 = TOROIDAL_SURFACE ( 'NONE', #2654, 1.362923205355893508, 0.8280933923091545745 ) ;
#957 = TOROIDAL_SURFACE ( 'NONE', #132, 1.362923205355893508, 0.8280933923091545745 ) ;
#958 = DIRECTION ( 'NONE',  ( 0.000000000000000000, -1.000000000000000000, -1.940949343750276727E-16 ) ) ;
#959 = ORIENTED_EDGE ( 'NONE', *, *, #1718, .F. ) ;
#960 = ADVANCED_FACE ( 'NONE', ( #303 ), #1744, .T. ) ;
#961 = AXIS2_PLACEMENT_3D ( 'NONE', #2069, #842, #1130 ) ;
#962 = DIRECTION ( 'NONE',  ( 1.000000000000000000, 0.000000000000000000, 0.000000000000000000 ) ) ;
#963 = CARTESIAN_POINT ( 'NONE',  ( 0.000000000000000000, 0.000000000000000000, 0.000000000000000000 ) ) ;
#964 = EDGE_LOOP ( 'NONE', ( #2115, #465 ) ) ;
#965 = AXIS2_PLACEMENT_3D ( 'NONE', #2774, #2739, #554 ) ;
#966 = ORIENTED_EDGE ( 'NONE', *, *, #657, .T. ) ;
#967 = DIRECTION ( 'NONE',  ( 0.000000000000000000, -4.775639402127149569E-16, 1.000000000000000000 ) ) ;
#968 = ORIENTED_EDGE ( 'NONE', *, *, #29, .F. ) ;
#969 = DIRECTION ( 'NONE',  ( 0.000000000000000000, -2.120093770962267535E-16, 1.000000000000000000 ) ) ;
#970 = MANIFOLD_SOLID_BREP ( 'Fillet1', #1573 ) ;
#971 = CARTESIAN_POINT ( 'NONE',  ( 0.000000000000000000, -8.296874999999998224, -3.461111111111119687 ) ) ;
#972 = VERTEX_POINT ( 'NONE', #1548 ) ;
#973 = ADVANCED_FACE ( 'NONE', ( #2983 ), #553, .F. ) ;
#974 = CARTESIAN_POINT ( 'NONE',  ( 0.000000000000000000, 6.033835540788272775E-31, 3.499999999999996003 ) ) ;
#975 = DIRECTION ( 'NONE',  ( -0.4338837391175651703, -0.9009688679024157043, -3.492023159033192107E-16 ) ) ;
#976 = CLOSED_SHELL ( 'NONE', ( #1977, #2626, #1356, #2520, #1913, #551 ) ) ;
#977 = ADVANCED_FACE ( 'NONE', ( #2727 ), #1536, .T. ) ;
#978 = DIRECTION ( 'NONE',  ( 0.000000000000000000, -2.120093770962267535E-16, 1.000000000000000000 ) ) ;
#979 = ORIENTED_EDGE ( 'NONE', *, *, #2416, .F. ) ;
#980 = CARTESIAN_POINT ( 'NONE',  ( 0.000000000000000000, -7.345416931086808398E-31, 3.500000000000003553 ) ) ;
#981 = ADVANCED_FACE ( 'NONE', ( #1757, #769 ), #349, .F. ) ;
#982 = DIRECTION ( 'NONE',  ( 0.000000000000000000, 0.000000000000000000, 1.000000000000000000 ) ) ;
#983 = ORIENTED_EDGE ( 'NONE', *, *, #2128, .F. ) ;
#984 = ORIENTED_EDGE ( 'NONE', *, *, #1234, .T. ) ;
#985 = CARTESIAN_POINT ( 'NONE',  ( 1.016074141167569957E-15, 8.296875000000001776, 3.461111111111109029 ) ) ;
#986 = FACE_OUTER_BOUND ( 'NONE', #2528, .T. ) ;
#987 = ORIENTED_EDGE ( 'NONE', *, *, #543, .F. ) ;
#988 = DIRECTION ( 'NONE',  ( -0.7818314824680221431, 0.6234898018587431423, -6.916380135000390152E-17 ) ) ;
#989 = DIRECTION ( 'NONE',  ( 0.2225209339563182231, 0.9749279121818227312, 1.790913520579322048E-16 ) ) ;
#990 = CARTESIAN_POINT ( 'NONE',  ( 0.000000000000000000, 1.214441409154459450E-15, -3.111111111111114713 ) ) ;
#991 = ORIENTED_EDGE ( 'NONE', *, *, #1041, .F. ) ;
#992 = EDGE_CURVE ( 'NONE', #879, #1656, #1939, .T. ) ;
#993 = CARTESIAN_POINT ( 'NONE',  ( 0.000000000000000000, -6.742013888888877204, -3.500000000000008438 ) ) ;
#994 = PERSON_AND_ORGANIZATION ( #903, #80 ) ;
#995 = CARTESIAN_POINT ( 'NONE',  ( 0.000000000000000000, -8.296875000000001776, 3.461111111111105476 ) ) ;
#996 = ORIENTED_EDGE ( 'NONE', *, *, #2587, .F. ) ;
#997 = ORIENTED_EDGE ( 'NONE', *, *, #906, .F. ) ;
#998 = EDGE_CURVE ( 'NONE', #1961, #110, #1072, .T. ) ;
#999 = DIRECTION ( 'NONE',  ( -0.000000000000000000, -1.836970198721030181E-16, 1.000000000000000000 ) ) ;
#1000 = ORIENTED_EDGE ( 'NONE', *, *, #471, .T. ) ;
#1001 = AXIS2_PLACEMENT_3D ( 'NONE', #1255, #1465, #2692 ) ;
#1002 = CYLINDRICAL_SURFACE ( 'NONE', #2124, 8.437500000000000000 ) ;
#1003 = CIRCLE ( 'NONE', #2799, 2.045573997405609301 ) ;
#1004 = CARTESIAN_POINT ( 'NONE',  ( 0.000000000000000000, 1.214441409154459844E-15, -3.111111111111116490 ) ) ;
#1005 = CIRCLE ( 'NONE', #2592, 7.500000000000000000 ) ;
#1006 = CIRCLE ( 'NONE', #19, 7.500000000000000000 ) ;
#1007 = DIRECTION ( 'NONE',  ( 0.000000000000000000, -1.000000000000000000, -1.993935029858401855E-16 ) ) ;
#1008 = AXIS2_PLACEMENT_3D ( 'NONE', #116, #2047, #1795 ) ;
#1009 = EDGE_LOOP ( 'NONE', ( #185, #1247, #2690, #1715 ) ) ;
#1010 = AXIS2_PLACEMENT_3D ( 'NONE', #911, #940, #2361 ) ;
#1011 = AXIS2_PLACEMENT_3D ( 'NONE', #1549, #2265, #1276 ) ;
#1012 = FACE_OUTER_BOUND ( 'NONE', #1814, .T. ) ;
#1013 = COORDINATED_UNIVERSAL_TIME_OFFSET ( 6, 0, .BEHIND. ) ;
#1014 = CARTESIAN_POINT ( 'NONE',  ( 5.863736118510232131, 4.676173513940490523, -5.187285101250445332E-16 ) ) ;
#1015 = ORIENTED_EDGE ( 'NONE', *, *, #2005, .T. ) ;
#1016 = VECTOR ( 'NONE', #2027, 1000.000000000000000 ) ;
#1017 = CIRCLE ( 'NONE', #1991, 0.8280933923091550186 ) ;
#1018 = ORIENTED_EDGE ( 'NONE', *, *, #2622, .F. ) ;
#1019 = VECTOR ( 'NONE', #1498, 1000.000000000000114 ) ;
#1020 = DIRECTION ( 'NONE',  ( 0.7818314824680310249, 0.6234898018587320401, -6.916380135000594763E-17 ) ) ;
#1021 = ADVANCED_FACE ( 'NONE', ( #2276 ), #3174, .T. ) ;
#1022 = DIRECTION ( 'NONE',  ( -0.9749279121818257288, -0.2225209339563050392, -2.245734522990332848E-16 ) ) ;
#1023 = VERTEX_POINT ( 'NONE', #2021 ) ;
#1024 = AXIS2_PLACEMENT_3D ( 'NONE', #359, #1127, #1084 ) ;
#1025 = DIRECTION ( 'NONE',  ( -0.000000000000000000, -1.836970198721030181E-16, 1.000000000000000000 ) ) ;
#1026 = ADVANCED_FACE ( 'NONE', ( #2994 ), #1772, .F. ) ;
#1027 = CARTESIAN_POINT ( 'NONE',  ( 3.050745040670311159, -6.334937352438942959, -2.455328783695236512E-15 ) ) ;
#1028 = DIRECTION ( 'NONE',  ( 0.000000000000000000, 0.000000000000000000, 1.000000000000000000 ) ) ;
#1029 = ORIENTED_EDGE ( 'NONE', *, *, #1639, .F. ) ;
#1030 = LINE ( 'NONE', #2850, #2247 ) ;
#1031 = PERSON_AND_ORGANIZATION_ROLE ( 'design_supplier' ) ;
#1032 = ORIENTED_EDGE ( 'NONE', *, *, #389, .F. ) ;
#1033 = EDGE_LOOP ( 'NONE', ( #1435, #1699 ) ) ;
#1034 = VERTEX_POINT ( 'NONE', #571 ) ;
#1035 = CARTESIAN_POINT ( 'NONE',  ( 0.000000000000000000, 7.500000000000023981, 0.000000000000000000 ) ) ;
#1036 = EDGE_LOOP ( 'NONE', ( #2647, #1085, #3138, #1294 ) ) ;
#1037 = ADVANCED_FACE ( 'NONE', ( #1301 ), #708, .T. ) ;
#1038 = DIRECTION ( 'NONE',  ( 0.000000000000000000, 0.000000000000000000, 1.000000000000000000 ) ) ;
#1039 = EDGE_CURVE ( 'NONE', #1407, #741, #829, .T. ) ;
#1040 = DIRECTION ( 'NONE',  ( 0.000000000000000000, 1.836970198721030181E-16, -1.000000000000000000 ) ) ;
#1041 = EDGE_CURVE ( 'NONE', #2095, #1644, #1560, .T. ) ;
#1042 = ORIENTED_EDGE ( 'NONE', *, *, #1274, .F. ) ;
#1043 = DIRECTION ( 'NONE',  ( 0.000000000000000000, -1.000000000000000000, -1.982541115402069054E-16 ) ) ;
#1044 = DIRECTION ( 'NONE',  ( 0.000000000000000000, 0.7071067811865423547, -0.7071067811865526798 ) ) ;
#1045 = CARTESIAN_POINT ( 'NONE',  ( 0.000000000000000000, 5.597233900875404198E-31, 3.499999999999996003 ) ) ;
#1046 = ORIENTED_EDGE ( 'NONE', *, *, #1147, .T. ) ;
#1047 = VERTEX_POINT ( 'NONE', #2485 ) ;
#1048 = DIRECTION ( 'NONE',  ( -0.4338837391175655034, -0.9009688679024155933, 0.000000000000000000 ) ) ;
#1049 = CARTESIAN_POINT ( 'NONE',  ( 3.254128043381644630, -6.757266509268164079, -2.619017369274902511E-15 ) ) ;
#1050 = DIRECTION ( 'NONE',  ( 0.000000000000000000, -1.000000000000000000, -1.982541115402067575E-16 ) ) ;
#1051 = AXIS2_PLACEMENT_3D ( 'NONE', #1447, #951, #1641 ) ;
#1052 = CARTESIAN_POINT ( 'NONE',  ( 0.000000000000000000, 8.673617379884035472E-16, -1.301042606982605321E-15 ) ) ;
#1053 = AXIS2_PLACEMENT_3D ( 'NONE', #2531, #372, #1546 ) ;
#1054 = FACE_BOUND ( 'NONE', #53, .T. ) ;
#1055 = EDGE_LOOP ( 'NONE', ( #292, #3080 ) ) ;
#1056 = EDGE_CURVE ( 'NONE', #1277, #1253, #304, .T. ) ;
#1057 = VECTOR ( 'NONE', #594, 1000.000000000000000 ) ;
#1058 = AXIS2_PLACEMENT_3D ( 'NONE', #2114, #2342, #2627 ) ;
#1059 = DIRECTION ( 'NONE',  ( -0.000000000000000000, -1.836970198721030181E-16, 1.000000000000000000 ) ) ;
#1060 = ORIENTED_EDGE ( 'NONE', *, *, #1984, .T. ) ;
#1061 = ADVANCED_FACE ( 'NONE', ( #2109 ), #2379, .F. ) ;
#1062 = CONICAL_SURFACE ( 'NONE', #2246, 3.999999999999999112, 0.7853981633974408405 ) ;
#1063 = EDGE_LOOP ( 'NONE', ( #221, #861 ) ) ;
#1064 = CARTESIAN_POINT ( 'NONE',  ( 0.000000000000000000, 0.000000000000000000, 0.5833333333333333703 ) ) ;
#1065 = CIRCLE ( 'NONE', #1262, 6.703124999999990230 ) ;
#1066 = AXIS2_PLACEMENT_3D ( 'NONE', #2871, #114, #1643 ) ;
#1067 = CARTESIAN_POINT ( 'NONE',  ( -3.050745040670399977, -6.334937352438901215, -2.455328783695229018E-15 ) ) ;
#1068 = APPLICATION_CONTEXT ( 'configuration controlled 3d designs of mechanical parts and assemblies' ) ;
#1069 = VERTEX_POINT ( 'NONE', #2082 ) ;
#1070 = AXIS2_PLACEMENT_3D ( 'NONE', #2709, #2914, #1209 ) ;
#1071 = DIRECTION ( 'NONE',  ( 0.000000000000000000, 0.000000000000000000, 1.000000000000000000 ) ) ;
#1072 = LINE ( 'NONE', #523, #2096 ) ;
#1073 = AXIS2_PLACEMENT_3D ( 'NONE', #2829, #1093, #143 ) ;
#1074 = EDGE_CURVE ( 'NONE', #714, #2751, #2603, .T. ) ;
#1075 = CARTESIAN_POINT ( 'NONE',  ( 0.000000000000000000, -8.257986111111110361, -3.461111111111119243 ) ) ;
#1076 = ORIENTED_EDGE ( 'NONE', *, *, #3125, .F. ) ;
#1077 = ADVANCED_FACE ( 'NONE', ( #1837 ), #2324, .F. ) ;
#1078 = CARTESIAN_POINT ( 'NONE',  ( 5.863736118510251671, 4.676173513940505622, -1.362923205355893952 ) ) ;
#1079 = CARTESIAN_POINT ( 'NONE',  ( 7.311959341363690967, -1.668907004672391281, -8.039737861469039686E-14 ) ) ;
#1080 = ORIENTED_EDGE ( 'NONE', *, *, #365, .F. ) ;
#1081 = ORIENTED_EDGE ( 'NONE', *, *, #2717, .T. ) ;
#1082 = EDGE_CURVE ( 'NONE', #3054, #2572, #362, .T. ) ;
#1083 = CYLINDRICAL_SURFACE ( 'NONE', #1460, 6.562499999999989342 ) ;
#1084 = DIRECTION ( 'NONE',  ( 0.000000000000000000, -1.000000000000000000, -2.055968564120660269E-16 ) ) ;
#1085 = ORIENTED_EDGE ( 'NONE', *, *, #1695, .T. ) ;
#1086 = CARTESIAN_POINT ( 'NONE',  ( 5.863736118510249007, 4.676173513940503845, -7.923180623257267601E-14 ) ) ;
#1087 = CARTESIAN_POINT ( 'NONE',  ( 8.036744619404494098E-16, -6.562499999999990230, -3.111111111111116045 ) ) ;
#1088 = CARTESIAN_POINT ( 'NONE',  ( 0.000000000000000000, 7.968749999999996447, 0.000000000000000000 ) ) ;
#1089 = ORIENTED_EDGE ( 'NONE', *, *, #2833, .F. ) ;
#1090 = DIRECTION ( 'NONE',  ( 1.000000000000000000, 0.000000000000000000, -0.000000000000000000 ) ) ;
#1091 = EDGE_LOOP ( 'NONE', ( #991, #1000, #1244, #1855 ) ) ;
#1092 = CARTESIAN_POINT ( 'NONE',  ( 0.000000000000000000, 0.000000000000000000, -0.5833333333333333703 ) ) ;
#1093 = DIRECTION ( 'NONE',  ( 0.2225209339563050392, -0.9749279121818257288, -1.790913520579327225E-16 ) ) ;
#1094 = ADVANCED_FACE ( 'NONE', ( #3045, #373 ), #2848, .T. ) ;
#1095 = EDGE_LOOP ( 'NONE', ( #2885, #2781 ) ) ;
#1096 = DIRECTION ( 'NONE',  ( 1.000000000000000000, 0.000000000000000000, -0.000000000000000000 ) ) ;
#1097 = DIRECTION ( 'NONE',  ( -0.7818314824680310249, -0.6234898018587320401, 0.000000000000000000 ) ) ;
#1098 = DIRECTION ( 'NONE',  ( 0.000000000000000000, -1.000000000000000000, -1.982541115402067822E-16 ) ) ;
#1099 = ORIENTED_EDGE ( 'NONE', *, *, #2385, .F. ) ;
#1100 = CIRCLE ( 'NONE', #1818, 8.296875000000000000 ) ;
#1101 = AXIS2_PLACEMENT_3D ( 'NONE', #2378, #2142, #2620 ) ;
#1102 = CARTESIAN_POINT ( 'NONE',  ( 0.000000000000000000, 7.500000000000000000, 0.000000000000000000 ) ) ;
#1103 = ORIENTED_EDGE ( 'NONE', *, *, #1459, .T. ) ;
#1104 = EDGE_CURVE ( 'NONE', #532, #2791, #2816, .T. ) ;
#1105 = AXIS2_PLACEMENT_3D ( 'NONE', #1354, #1905, #3099 ) ;
#1106 = AXIS2_PLACEMENT_3D ( 'NONE', #1169, #3083, #1148 ) ;
#1107 = CARTESIAN_POINT ( 'NONE',  ( 0.000000000000000000, -7.499999999999998224, -2.678770256023377710E-15 ) ) ;
#1108 = CARTESIAN_POINT ( 'NONE',  ( 8.256585728834764785E-16, 6.742013888888878981, -3.500000000000005773 ) ) ;
#1109 = AXIS2_PLACEMENT_3D ( 'NONE', #268, #2696, #1232 ) ;
#1110 = ORIENTED_EDGE ( 'NONE', *, *, #1211, .F. ) ;
#1111 = AXIS2_PLACEMENT_3D ( 'NONE', #980, #2733, #476 ) ;
#1112 = CIRCLE ( 'NONE', #2506, 1.816221169466911700 ) ;
#1113 = CARTESIAN_POINT ( 'NONE',  ( 0.000000000000000000, 7.500000000000020428, -7.871307772244762191E-14 ) ) ;
#1114 = ADVANCED_FACE ( 'NONE', ( #627 ), #2049, .T. ) ;
#1115 = CARTESIAN_POINT ( 'NONE',  ( 0.000000000000000000, 1.221585182149485706E-15, -3.150000000000004352 ) ) ;
#1116 = CIRCLE ( 'NONE', #1937, 8.437500000000001776 ) ;
#1117 = AXIS2_PLACEMENT_3D ( 'NONE', #469, #916, #1689 ) ;
#1118 = EDGE_CURVE ( 'NONE', #1305, #1282, #3107, .T. ) ;
#1119 = AXIS2_PLACEMENT_3D ( 'NONE', #146, #2365, #1883 ) ;
#1120 = DIRECTION ( 'NONE',  ( 0.000000000000000000, 1.836970198721030181E-16, -1.000000000000000000 ) ) ;
#1121 = VERTEX_POINT ( 'NONE', #2621 ) ;
#1122 = DIRECTION ( 'NONE',  ( -0.000000000000000000, -1.836970198721030181E-16, 1.000000000000000000 ) ) ;
#1123 = EDGE_LOOP ( 'NONE', ( #1225, #3084 ) ) ;
#1124 = FACE_OUTER_BOUND ( 'NONE', #1009, .T. ) ;
#1125 = AXIS2_PLACEMENT_3D ( 'NONE', #273, #3169, #1202 ) ;
#1126 = LINE ( 'NONE', #446, #1673 ) ;
#1127 = DIRECTION ( 'NONE',  ( -0.000000000000000000, -1.836970198721030181E-16, 1.000000000000000000 ) ) ;
#1128 = ORIENTED_EDGE ( 'NONE', *, *, #2960, .F. ) ;
#1129 = DIRECTION ( 'NONE',  ( 0.000000000000000000, -1.000000000000000000, -1.836970198721030181E-16 ) ) ;
#1130 = DIRECTION ( 'NONE',  ( -1.000000000000000000, 0.000000000000000000, 0.000000000000000000 ) ) ;
#1131 = ADVANCED_FACE ( 'NONE', ( #1364 ), #192, .F. ) ;
#1132 = CARTESIAN_POINT ( 'NONE',  ( 0.000000000000000000, 4.000000000000000000, -3.150000000000003464 ) ) ;
#1133 = DIRECTION ( 'NONE',  ( 0.6234898018587320401, -0.7818314824680310249, -1.436201133715656585E-16 ) ) ;
#1134 = EDGE_CURVE ( 'NONE', #2697, #11, #1418, .T. ) ;
#1135 = ORIENTED_EDGE ( 'NONE', *, *, #2116, .F. ) ;
#1136 = DIRECTION ( 'NONE',  ( 0.000000000000000000, 0.000000000000000000, 1.000000000000000000 ) ) ;
#1137 = ORIENTED_EDGE ( 'NONE', *, *, #2022, .T. ) ;
#1138 = CARTESIAN_POINT ( 'NONE',  ( 3.457511046092996310, -7.179595666097421613, 1.754688796886729296 ) ) ;
#1139 = DIRECTION ( 'NONE',  ( 0.000000000000000000, -1.000000000000000000, -1.798972493605577828E-16 ) ) ;
#1140 = CARTESIAN_POINT ( 'NONE',  ( 3.254128043381644630, -6.757266509268164079, -2.619017369274902511E-15 ) ) ;
#1141 = ORIENTED_EDGE ( 'NONE', *, *, #2570, .F. ) ;
#1142 = CARTESIAN_POINT ( 'NONE',  ( 0.000000000000000000, -4.000000000000000000, 3.150000000000001688 ) ) ;
#1143 = FACE_OUTER_BOUND ( 'NONE', #2724, .T. ) ;
#1144 = DIRECTION ( 'NONE',  ( 0.000000000000000000, -1.000000000000000000, -2.090815488936264551E-16 ) ) ;
#1145 = CARTESIAN_POINT ( 'NONE',  ( 0.000000000000000000, 1.278735366109696152E-15, -3.461111111111118799 ) ) ;
#1146 = EDGE_LOOP ( 'NONE', ( #1983, #1890 ) ) ;
#1147 = EDGE_CURVE ( 'NONE', #2483, #1348, #1850, .T. ) ;
#1148 = DIRECTION ( 'NONE',  ( 7.970314984686172914E-17, 3.492023159033192107E-16, -1.000000000000000000 ) ) ;
#1150 = ORIENTED_EDGE ( 'NONE', *, *, #264, .T. ) ;
#1149 = CC_DESIGN_APPROVAL ( #1805, ( #1872 ) ) ;
#1151 = CIRCLE ( 'NONE', #2495, 7.500000000000000000 ) ;
#1152 = LINE ( 'NONE', #2876, #2756 ) ;
#1153 = EDGE_CURVE ( 'NONE', #1339, #1526, #813, .T. ) ;
#1154 = DIRECTION ( 'NONE',  ( 0.000000000000000000, -1.000000000000000000, -1.575496240217761748E-16 ) ) ;
#1155 = DIRECTION ( 'NONE',  ( 1.000000000000000000, 0.000000000000000000, 1.224646799147353207E-16 ) ) ;
#1156 = VECTOR ( 'NONE', #2272, 1000.000000000000000 ) ;
#1157 = EDGE_LOOP ( 'NONE', ( #416, #1747, #1741, #180 ) ) ;
#1158 = DIRECTION ( 'NONE',  ( 1.000000000000000000, 0.000000000000000000, 0.000000000000000000 ) ) ;
#1159 = CIRCLE ( 'NONE', #3164, 1.816221169466911700 ) ;
#1160 = FACE_OUTER_BOUND ( 'NONE', #2815, .T. ) ;
#1161 = AXIS2_PLACEMENT_3D ( 'NONE', #121, #866, #2605 ) ;
#1162 = AXIS2_PLACEMENT_3D ( 'NONE', #2809, #103, #2057 ) ;
#1163 = DIRECTION ( 'NONE',  ( -0.000000000000000000, -1.836970198721030181E-16, 1.000000000000000000 ) ) ;
#1164 = TOROIDAL_SURFACE ( 'NONE', #38, 6.742013888888878981, 0.03888888888888890338 ) ;
#1165 = FACE_BOUND ( 'NONE', #1174, .T. ) ;
#1166 = CIRCLE ( 'NONE', #1361, 6.562499999999988454 ) ;
#1167 = ORIENTED_EDGE ( 'NONE', *, *, #661, .F. ) ;
#1168 = AXIS2_PLACEMENT_3D ( 'NONE', #2761, #1322, #1514 ) ;
#1169 = CARTESIAN_POINT ( 'NONE',  ( -3.050745040670399533, -6.334937352438901215, 2.045573997405606637 ) ) ;
#1170 = EDGE_LOOP ( 'NONE', ( #3173, #1731, #2460, #598 ) ) ;
#1171 = ADVANCED_FACE ( 'NONE', ( #388 ), #1862, .F. ) ;
#1172 = CARTESIAN_POINT ( 'NONE',  ( 0.000000000000000000, 0.000000000000000000, 0.5833333333333333703 ) ) ;
#1173 = DIRECTION ( 'NONE',  ( 0.000000000000000000, 1.836970198721030181E-16, -1.000000000000000000 ) ) ;
#1174 = EDGE_LOOP ( 'NONE', ( #3170, #711 ) ) ;
#1175 = DIRECTION ( 'NONE',  ( -0.9009688679024157043, 0.4338837391175651703, 2.072072280472100807E-16 ) ) ;
#1176 = EDGE_LOOP ( 'NONE', ( #1912, #691 ) ) ;
#1177 = EDGE_CURVE ( 'NONE', #395, #2636, #1320, .T. ) ;
#1178 = DIRECTION ( 'NONE',  ( -0.7818314824680221431, 0.6234898018587431423, -6.916380135000395082E-17 ) ) ;
#1179 = CARTESIAN_POINT ( 'NONE',  ( 6.960621551873830817E-16, 5.683778830533086079, -1.523465551155736935E-15 ) ) ;
#1180 = ORIENTED_EDGE ( 'NONE', *, *, #2385, .T. ) ;
#1181 = CARTESIAN_POINT ( 'NONE',  ( -3.254128043381749436, -6.757266509268140098, 1.362923205355891065 ) ) ;
#1182 = DIRECTION ( 'NONE',  ( 0.000000000000000000, -2.387819701063574785E-16, 1.000000000000000000 ) ) ;
#1183 = CARTESIAN_POINT ( 'NONE',  ( 5.327213576290978353E-16, -4.349999999999992539, -3.500000000000004885 ) ) ;
#1184 = VERTEX_POINT ( 'NONE', #160 ) ;
#1185 = LINE ( 'NONE', #238, #1828 ) ;
#1186 = DIRECTION ( 'NONE',  ( -0.000000000000000000, 1.000000000000000000, -0.000000000000000000 ) ) ;
#1187 = DIRECTION ( 'NONE',  ( 0.000000000000000000, -1.000000000000000000, -1.993935029858401608E-16 ) ) ;
#1188 = ORIENTED_EDGE ( 'NONE', *, *, #365, .T. ) ;
#1189 = DIRECTION ( 'NONE',  ( -0.000000000000000000, -1.836970198721030181E-16, 1.000000000000000000 ) ) ;
#1190 = ORIENTED_EDGE ( 'NONE', *, *, #1288, .T. ) ;
#1191 = CARTESIAN_POINT ( 'NONE',  ( 0.000000000000000000, 7.143772995026863472E-18, 3.461111111111107252 ) ) ;
#1192 = ADVANCED_FACE ( 'NONE', ( #1143 ), #2122, .F. ) ;
#1193 = CARTESIAN_POINT ( 'NONE',  ( 0.000000000000000000, 8.437500000000000000, 3.111111111111108496 ) ) ;
#1194 = ORIENTED_EDGE ( 'NONE', *, *, #2732, .T. ) ;
#1195 = CARTESIAN_POINT ( 'NONE',  ( 9.184850993605147944E-16, 7.500000000000000000, 7.668504205816706808E-17 ) ) ;
#1196 = LINE ( 'NONE', #2176, #1316 ) ;
#1197 = LINE ( 'NONE', #1730, #2708 ) ;
#1198 = ORIENTED_EDGE ( 'NONE', *, *, #459, .T. ) ;
#1199 = DIRECTION ( 'NONE',  ( 0.000000000000000000, -1.836970198721030181E-16, 1.000000000000000000 ) ) ;
#1200 = CALENDAR_DATE ( 2026, 18, 1 ) ;
#1201 = AXIS2_PLACEMENT_3D ( 'NONE', #1524, #801, #1279 ) ;
#1202 = DIRECTION ( 'NONE',  ( 0.000000000000000000, -1.000000000000000000, -1.798972493605577335E-16 ) ) ;
#1203 = ORIENTED_EDGE ( 'NONE', *, *, #126, .F. ) ;
#1204 = FACE_BOUND ( 'NONE', #2921, .T. ) ;
#1205 = ORIENTED_EDGE ( 'NONE', *, *, #1268, .F. ) ;
#1206 = AXIS2_PLACEMENT_3D ( 'NONE', #2352, #1321, #814 ) ;
#1207 = DIRECTION ( 'NONE',  ( 0.000000000000000000, -2.471554327831025469E-16, 1.000000000000000000 ) ) ;
#1208 = CIRCLE ( 'NONE', #800, 2.045573997405608857 ) ;
#1209 = DIRECTION ( 'NONE',  ( 0.000000000000000000, -1.000000000000000000, -2.090815488936264551E-16 ) ) ;
#1210 = ORIENTED_EDGE ( 'NONE', *, *, #3078, .F. ) ;
#1211 = EDGE_CURVE ( 'NONE', #1376, #2581, #245, .T. ) ;
#1212 = CC_DESIGN_APPROVAL ( #1603, ( #2755 ) ) ;
#1213 = AXIS2_PLACEMENT_3D ( 'NONE', #820, #75, #563 ) ;
#1214 = CARTESIAN_POINT ( 'NONE',  ( 8.036744619404495084E-16, 6.562499999999992006, 3.500000000000004885 ) ) ;
#1215 = DIRECTION ( 'NONE',  ( -0.9009688679024157043, 0.4338837391175651703, 2.072072280472100807E-16 ) ) ;
#1216 = EDGE_CURVE ( 'NONE', #2719, #1282, #2348, .T. ) ;
#1217 = CIRCLE ( 'NONE', #1111, 6.562499999999992006 ) ;
#1218 = CIRCLE ( 'NONE', #1622, 0.8280933923091550186 ) ;
#1219 = SPHERICAL_SURFACE ( 'NONE', #1263, 1.816221169466911700 ) ;
#1220 = VERTEX_POINT ( 'NONE', #1951 ) ;
#1221 = DIRECTION ( 'NONE',  ( -0.9749279121818257288, -0.2225209339563050392, -2.245734522990332848E-16 ) ) ;
#1222 = VERTEX_POINT ( 'NONE', #1179 ) ;
#1223 = CIRCLE ( 'NONE', #1421, 10.64999999999999858 ) ;
#1224 = VERTEX_POINT ( 'NONE', #2172 ) ;
#1225 = ORIENTED_EDGE ( 'NONE', *, *, #272, .T. ) ;
#1226 = DIRECTION ( 'NONE',  ( 0.000000000000000000, -1.000000000000000000, -1.836970198721030181E-16 ) ) ;
#1227 = LINE ( 'NONE', #2432, #3122 ) ;
#1228 = ORIENTED_EDGE ( 'NONE', *, *, #2648, .F. ) ;
#1229 = CARTESIAN_POINT ( 'NONE',  ( 0.000000000000000000, 7.143772995026319281E-17, 3.111111111111105831 ) ) ;
#1230 = CYLINDRICAL_SURFACE ( 'NONE', #2044, 6.703124999999989342 ) ;
#1231 = ADVANCED_FACE ( 'NONE', ( #2449 ), #1720, .F. ) ;
#1232 = DIRECTION ( 'NONE',  ( -0.4338837391175655589, -0.9009688679024155933, -3.492023159033194079E-16 ) ) ;
#1233 = ORIENTED_EDGE ( 'NONE', *, *, #2833, .T. ) ;
#1234 = EDGE_CURVE ( 'NONE', #227, #2581, #1473, .T. ) ;
#1235 = DIRECTION ( 'NONE',  ( -0.2225209339563182231, -0.9749279121818227312, -5.662667214319689639E-17 ) ) ;
#1236 = DIRECTION ( 'NONE',  ( 1.224646799147353947E-16, 1.000000000000000000, 0.000000000000000000 ) ) ;
#1237 = VERTEX_POINT ( 'NONE', #1430 ) ;
#1238 = ORIENTED_EDGE ( 'NONE', *, *, #230, .F. ) ;
#1239 = CARTESIAN_POINT ( 'NONE',  ( -7.311959341363693632, -1.668907004672288252, 1.816221169466909924 ) ) ;
#1240 = DIRECTION ( 'NONE',  ( -0.000000000000000000, 1.000000000000000000, -0.000000000000000000 ) ) ;
#1241 = ORIENTED_EDGE ( 'NONE', *, *, #2864, .T. ) ;
#1242 = LINE ( 'NONE', #2213, #603 ) ;
#1243 = DIRECTION ( 'NONE',  ( 0.000000000000000000, 1.000000000000000000, 1.929753673641607188E-16 ) ) ;
#1244 = ORIENTED_EDGE ( 'NONE', *, *, #918, .T. ) ;
#1245 = ADVANCED_FACE ( 'NONE', ( #1481, #727 ), #504, .F. ) ;
#1246 = DIRECTION ( 'NONE',  ( 1.224646799147373422E-16, 1.000000000000000000, 0.000000000000000000 ) ) ;
#1247 = ORIENTED_EDGE ( 'NONE', *, *, #768, .T. ) ;
#1248 = ORIENTED_EDGE ( 'NONE', *, *, #1504, .F. ) ;
#1249 = EDGE_LOOP ( 'NONE', ( #847, #337, #254, #1371 ) ) ;
#1250 = EDGE_CURVE ( 'NONE', #532, #2791, #1884, .T. ) ;
#1251 = DIRECTION ( 'NONE',  ( 0.000000000000000000, -1.000000000000000000, -1.798972493605577828E-16 ) ) ;
#1252 = DIRECTION ( 'NONE',  ( 0.000000000000000000, 0.000000000000000000, 1.000000000000000000 ) ) ;
#1253 = VERTEX_POINT ( 'NONE', #1652 ) ;
#1254 = AXIS2_PLACEMENT_3D ( 'NONE', #1229, #2262, #1050 ) ;
#1255 = CARTESIAN_POINT ( 'NONE',  ( 3.254128043381653512, -6.757266509268181842, -8.133209509172253665E-14 ) ) ;
#1256 = AXIS2_PLACEMENT_3D ( 'NONE', #1930, #1377, #929 ) ;
#1257 = DIRECTION ( 'NONE',  ( -0.6234898018587320401, 0.7818314824680310249, 1.436201133715656585E-16 ) ) ;
#1258 = CIRCLE ( 'NONE', #2645, 1.816221169466996077 ) ;
#1259 = DIRECTION ( 'NONE',  ( -0.000000000000000000, -1.836970198721030181E-16, 1.000000000000000000 ) ) ;
#1260 = CIRCLE ( 'NONE', #1670, 0.8280933923091544635 ) ;
#1261 = ORIENTED_EDGE ( 'NONE', *, *, #2063, .F. ) ;
#1262 = AXIS2_PLACEMENT_3D ( 'NONE', #1972, #218, #1451 ) ;
#1263 = AXIS2_PLACEMENT_3D ( 'NONE', #1917, #731, #1434 ) ;
#1264 = LINE ( 'NONE', #46, #1016 ) ;
#1265 = VERTEX_POINT ( 'NONE', #3153 ) ;
#1266 = VERTEX_POINT ( 'NONE', #2143 ) ;
#1267 = TOROIDAL_SURFACE ( 'NONE', #3067, 1.362923205355893508, 0.8280933923091545745 ) ;
#1268 = EDGE_CURVE ( 'NONE', #1282, #3043, #247, .T. ) ;
#1269 = ORIENTED_EDGE ( 'NONE', *, *, #2717, .F. ) ;
#1270 = AXIS2_PLACEMENT_3D ( 'NONE', #1898, #1410, #211 ) ;
#1271 = DIRECTION ( 'NONE',  ( 0.000000000000000000, -1.000000000000000000, -1.836970198721030181E-16 ) ) ;
#1272 = DIRECTION ( 'NONE',  ( -0.000000000000000000, -1.836970198721030181E-16, 1.000000000000000000 ) ) ;
#1273 = ORIENTED_EDGE ( 'NONE', *, *, #3081, .T. ) ;
#1274 = EDGE_CURVE ( 'NONE', #3005, #1810, #1227, .T. ) ;
#1275 = CARTESIAN_POINT ( 'NONE',  ( -3.050745040670399533, -6.334937352438900326, -2.455328783695229018E-15 ) ) ;
#1276 = DIRECTION ( 'NONE',  ( -0.7818314824680222541, 0.6234898018587430313, 0.000000000000000000 ) ) ;
#1277 = VERTEX_POINT ( 'NONE', #2210 ) ;
#1278 = CARTESIAN_POINT ( 'NONE',  ( -5.863736118510165518, 4.676173513940574011, -5.187285101250292491E-16 ) ) ;
#1279 = DIRECTION ( 'NONE',  ( 0.4338837391175522917, -0.9009688679024219216, 0.000000000000000000 ) ) ;
#1280 = CARTESIAN_POINT ( 'NONE',  ( 0.000000000000000000, 7.968750000000000000, 0.000000000000000000 ) ) ;
#1281 = ORIENTED_EDGE ( 'NONE', *, *, #2420, .F. ) ;
#1282 = VERTEX_POINT ( 'NONE', #1 ) ;
#1283 = DIRECTION ( 'NONE',  ( 0.6234898018587320401, -0.7818314824680310249, -2.115543345683033474E-17 ) ) ;
#1284 = FACE_OUTER_BOUND ( 'NONE', #1506, .T. ) ;
#1285 = DIRECTION ( 'NONE',  ( 0.000000000000000000, -1.000000000000000000, -2.055968564120660269E-16 ) ) ;
#1286 = EDGE_CURVE ( 'NONE', #1966, #398, #947, .T. ) ;
#1287 = DIRECTION ( 'NONE',  ( 0.4338837391175526248, -0.9009688679024218105, -3.492023159033203447E-16 ) ) ;
#1288 = EDGE_CURVE ( 'NONE', #2976, #2599, #2144, .T. ) ;
#1289 = CARTESIAN_POINT ( 'NONE',  ( -7.311959341363692744, -1.668907004672287364, -1.816221169466913476 ) ) ;
#1290 = ORIENTED_EDGE ( 'NONE', *, *, #2587, .T. ) ;
#1291 = DIRECTION ( 'NONE',  ( 0.000000000000000000, -1.000000000000000000, -1.798972493605577335E-16 ) ) ;
#1292 = CARTESIAN_POINT ( 'NONE',  ( 0.000000000000000000, -8.437500000000000000, -1.555555555555558023 ) ) ;
#1293 = ORIENTED_EDGE ( 'NONE', *, *, #2707, .F. ) ;
#1294 = ORIENTED_EDGE ( 'NONE', *, *, #1963, .F. ) ;
#1295 = DIRECTION ( 'NONE',  ( 0.000000000000000000, 0.000000000000000000, 1.000000000000000000 ) ) ;
#1296 = CARTESIAN_POINT ( 'NONE',  ( 1.347111479062088010E-15, -10.99999999999999645, 3.149999999999994138 ) ) ;
#1297 = ORIENTED_EDGE ( 'NONE', *, *, #1286, .F. ) ;
#1298 = DIRECTION ( 'NONE',  ( 0.000000000000000000, 0.000000000000000000, 1.000000000000000000 ) ) ;
#1299 = LOCAL_TIME ( 16, 17, 51.00000000000000000, #2734 ) ;
#1300 = CIRCLE ( 'NONE', #281, 8.296875000000000000 ) ;
#1301 = FACE_OUTER_BOUND ( 'NONE', #3095, .T. ) ;
#1302 = EDGE_CURVE ( 'NONE', #2493, #1663, #2561, .T. ) ;
#1303 = CONICAL_SURFACE ( 'NONE', #634, 10.64999999999999858, 0.7853981633974458365 ) ;
#1304 = LINE ( 'NONE', #351, #644 ) ;
#1305 = VERTEX_POINT ( 'NONE', #971 ) ;
#1306 = VECTOR ( 'NONE', #190, 999.9999999999998863 ) ;
#1307 = ADVANCED_FACE ( 'NONE', ( #986 ), #483, .T. ) ;
#1308 = DIRECTION ( 'NONE',  ( 0.6234898018587320401, -0.7818314824680310249, -2.115543345683033474E-17 ) ) ;
#1309 = CIRCLE ( 'NONE', #1928, 8.296875000000001776 ) ;
#1310 = DIRECTION ( 'NONE',  ( -0.000000000000000000, -1.836970198721030181E-16, 1.000000000000000000 ) ) ;
#1311 = ORIENTED_EDGE ( 'NONE', *, *, #2159, .T. ) ;
#1312 = AXIS2_PLACEMENT_3D ( 'NONE', #1876, #2674, #3150 ) ;
#1313 = CIRCLE ( 'NONE', #296, 6.742013888888878981 ) ;
#1314 = ORIENTED_EDGE ( 'NONE', *, *, #158, .T. ) ;
#1315 = CARTESIAN_POINT ( 'NONE',  ( -7.768956800198924206, -1.773213692464305824, -1.789569698007921567E-15 ) ) ;
#1316 = VECTOR ( 'NONE', #2227, 1000.000000000000000 ) ;
#1317 = CARTESIAN_POINT ( 'NONE',  ( 0.000000000000000000, 8.257986111111113914, 3.461111111111108585 ) ) ;
#1318 = CLOSED_SHELL ( 'NONE', ( #913, #1171, #923, #1395, #1742, #2516 ) ) ;
#1319 = EDGE_LOOP ( 'NONE', ( #765, #1241, #1507, #2148 ) ) ;
#1320 = CIRCLE ( 'NONE', #1119, 4.349999999999993427 ) ;
#1321 = DIRECTION ( 'NONE',  ( 0.4338837391175526248, -0.9009688679024218105, -3.492023159033203447E-16 ) ) ;
#1322 = DIRECTION ( 'NONE',  ( 0.9749279121818227312, -0.2225209339563182231, -2.245734522990357500E-16 ) ) ;
#1323 = VECTOR ( 'NONE', #449, 1000.000000000000000 ) ;
#1324 = ADVANCED_FACE ( 'NONE', ( #1160 ), #2882, .F. ) ;
#1325 = DIRECTION ( 'NONE',  ( -0.000000000000000000, -1.836970198721030181E-16, 1.000000000000000000 ) ) ;
#1326 = EDGE_LOOP ( 'NONE', ( #2104, #2363 ) ) ;
#1327 = EDGE_CURVE ( 'NONE', #724, #2745, #447, .T. ) ;
#1328 = DIRECTION ( 'NONE',  ( 0.000000000000000000, -1.000000000000000000, -1.982541115402069054E-16 ) ) ;
#1329 = ORIENTED_EDGE ( 'NONE', *, *, #1718, .T. ) ;
#1330 = DIRECTION ( 'NONE',  ( -0.000000000000000000, -1.836970198721030181E-16, 1.000000000000000000 ) ) ;
#1331 = CC_DESIGN_PERSON_AND_ORGANIZATION_ASSIGNMENT ( #529, #2184, ( #1817 ) ) ;
#1332 = FACE_OUTER_BOUND ( 'NONE', #2343, .T. ) ;
#1333 = EDGE_LOOP ( 'NONE', ( #638, #2586, #1382, #3050 ) ) ;
#1334 = CARTESIAN_POINT ( 'NONE',  ( 8.208960575534590400E-16, 6.703124999999990230, 3.240740740740738701 ) ) ;
#1335 = DIRECTION ( 'NONE',  ( -0.000000000000000000, -1.836970198721030181E-16, 1.000000000000000000 ) ) ;
#1336 = DIRECTION ( 'NONE',  ( 0.6234898018587431423, 0.7818314824680221431, 2.660847932862993769E-16 ) ) ;
#1337 = ORIENTED_EDGE ( 'NONE', *, *, #3156, .T. ) ;
#1338 = FACE_OUTER_BOUND ( 'NONE', #2241, .T. ) ;
#1339 = VERTEX_POINT ( 'NONE', #779 ) ;
#1340 = ADVANCED_FACE ( 'NONE', ( #277 ), #1787, .T. ) ;
#1341 = DIRECTION ( 'NONE',  ( 0.000000000000000000, -1.000000000000000000, -2.036060417813154133E-16 ) ) ;
#1342 = DIRECTION ( 'NONE',  ( 0.000000000000000000, -2.471554327831025469E-16, 1.000000000000000000 ) ) ;
#1343 = ORIENTED_EDGE ( 'NONE', *, *, #633, .F. ) ;
#1344 = ADVANCED_FACE ( 'NONE', ( #2499 ), #2224, .T. ) ;
#1345 = FACE_OUTER_BOUND ( 'NONE', #2710, .T. ) ;
#1346 = DIRECTION ( 'NONE',  ( -1.000000000000000000, 0.000000000000000000, -0.000000000000000000 ) ) ;
#1347 = DIRECTION ( 'NONE',  ( -0.000000000000000000, -1.836970198721030181E-16, 1.000000000000000000 ) ) ;
#1348 = VERTEX_POINT ( 'NONE', #579 ) ;
#1349 = CIRCLE ( 'NONE', #1766, 1.754688796886732183 ) ;
#1350 = AXIS2_PLACEMENT_3D ( 'NONE', #1756, #302, #1770 ) ;
#1351 = CARTESIAN_POINT ( 'NONE',  ( 0.000000000000000000, 6.742013888888878981, 3.499999999999997335 ) ) ;
#1352 = ORIENTED_EDGE ( 'NONE', *, *, #1153, .F. ) ;
#1353 = AXIS2_PLACEMENT_3D ( 'NONE', #355, #1310, #1328 ) ;
#1354 = CARTESIAN_POINT ( 'NONE',  ( 7.311959341363669651, -1.668907004672386618, -1.684300892242768051E-15 ) ) ;
#1355 = LINE ( 'NONE', #2617, #1412 ) ;
#1356 = ADVANCED_FACE ( 'NONE', ( #1982 ), #2018, .F. ) ;
#1357 = DIRECTION ( 'NONE',  ( 0.000000000000000000, 1.836970198721030181E-16, -1.000000000000000000 ) ) ;
#1358 = CIRCLE ( 'NONE', #807, 1.754688796886732183 ) ;
#1359 = ORIENTED_EDGE ( 'NONE', *, *, #272, .F. ) ;
#1360 = AXIS2_PLACEMENT_3D ( 'NONE', #1424, #3148, #1600 ) ;
#1361 = AXIS2_PLACEMENT_3D ( 'NONE', #1607, #162, #2111 ) ;
#1362 = DIRECTION ( 'NONE',  ( 0.000000000000000000, -1.000000000000000000, -1.971276677246372752E-16 ) ) ;
#1363 = EDGE_CURVE ( 'NONE', #448, #665, #559, .T. ) ;
#1364 = FACE_OUTER_BOUND ( 'NONE', #2338, .T. ) ;
#1365 = AXIS2_PLACEMENT_3D ( 'NONE', #2567, #1346, #881 ) ;
#1366 = CARTESIAN_POINT ( 'NONE',  ( -7.768956800198924206, -1.773213692464305824, -1.789569698007921567E-15 ) ) ;
#1367 = TOROIDAL_SURFACE ( 'NONE', #2051, 8.257986111111112137, 0.03888888888888900053 ) ;
#1368 = CARTESIAN_POINT ( 'NONE',  ( 0.000000000000000000, -8.437499999999996447, -3.500000000000008438 ) ) ;
#1369 = ORIENTED_EDGE ( 'NONE', *, *, #2570, .T. ) ;
#1370 = FACE_BOUND ( 'NONE', #948, .T. ) ;
#1371 = ORIENTED_EDGE ( 'NONE', *, *, #158, .F. ) ;
#1372 = DIRECTION ( 'NONE',  ( 1.000000000000000000, 0.000000000000000000, 0.000000000000000000 ) ) ;
#1373 = CIRCLE ( 'NONE', #1125, 8.437500000000001776 ) ;
#1374 = DIRECTION ( 'NONE',  ( -0.000000000000000000, -0.000000000000000000, -1.000000000000000000 ) ) ;
#1375 = CARTESIAN_POINT ( 'NONE',  ( -3.254128043381738333, -6.757266509268117893, -2.619017369274893834E-15 ) ) ;
#1376 = VERTEX_POINT ( 'NONE', #1768 ) ;
#1377 = DIRECTION ( 'NONE',  ( -0.6234898018587320401, 0.7818314824680310249, 1.436201133715656585E-16 ) ) ;
#1378 = DIRECTION ( 'NONE',  ( 0.000000000000000000, -2.387819701063574785E-16, 1.000000000000000000 ) ) ;
#1379 = EDGE_CURVE ( 'NONE', #11, #2697, #2307, .T. ) ;
#1380 = DIRECTION ( 'NONE',  ( 0.7818314824680310249, 0.6234898018587319291, -6.916380135000594763E-17 ) ) ;
#1381 = LINE ( 'NONE', #1840, #699 ) ;
#1382 = ORIENTED_EDGE ( 'NONE', *, *, #2171, .T. ) ;
#1383 = EDGE_CURVE ( 'NONE', #2569, #1237, #182, .T. ) ;
#1384 = DIRECTION ( 'NONE',  ( 0.4338837391175526248, -0.9009688679024218105, -3.492023159033204433E-16 ) ) ;
#1385 = EDGE_LOOP ( 'NONE', ( #2370, #2991, #1909, #454 ) ) ;
#1386 = DIRECTION ( 'NONE',  ( 0.000000000000000000, 0.000000000000000000, 1.000000000000000000 ) ) ;
#1387 = DIRECTION ( 'NONE',  ( -0.000000000000000000, -1.836970198721030181E-16, 1.000000000000000000 ) ) ;
#1388 = PLANE ( 'NONE',  #354 ) ;
#1389 = EDGE_LOOP ( 'NONE', ( #1630, #984 ) ) ;
#1390 = DIRECTION ( 'NONE',  ( 8.659560562354869996E-17, -0.7071067811865421326, -0.7071067811865530128 ) ) ;
#1391 = CARTESIAN_POINT ( 'NONE',  ( 1.347111479062088010E-15, 10.99999999999999645, 3.500000000000001776 ) ) ;
#1392 = CIRCLE ( 'NONE', #679, 1.816221169466996077 ) ;
#1393 = CARTESIAN_POINT ( 'NONE',  ( 0.000000000000000000, -6.742013888888877204, -3.461111111111119243 ) ) ;
#1394 = CARTESIAN_POINT ( 'NONE',  ( -5.863736118510182393, 4.676173513940586446, -7.923180623257265076E-14 ) ) ;
#1395 = ADVANCED_FACE ( 'NONE', ( #2961, #2519 ), #1740, .T. ) ;
#1396 = ORIENTED_EDGE ( 'NONE', *, *, #1963, .T. ) ;
#1397 = CARTESIAN_POINT ( 'NONE',  ( -6.230219625917048809, 4.968434358561856889, -5.511490420078433553E-16 ) ) ;
#1399 = ORIENTED_EDGE ( 'NONE', *, *, #2175, .F. ) ;
#1398 = LOCAL_TIME ( 16, 17, 51.00000000000000000, #477 ) ;
#1400 = ADVANCED_FACE ( 'NONE', ( #262 ), #609, .T. ) ;
#1401 = CIRCLE ( 'NONE', #378, 8.437500000000000000 ) ;
#1402 = VECTOR ( 'NONE', #276, 1000.000000000000000 ) ;
#1403 = CARTESIAN_POINT ( 'NONE',  ( 0.000000000000000000, 9.967070035985781382E-31, 3.499999999999993783 ) ) ;
#1404 = DIRECTION ( 'NONE',  ( 0.9749279121818227312, -0.2225209339563182231, -2.245734522990357500E-16 ) ) ;
#1405 = DIRECTION ( 'NONE',  ( 0.000000000000000000, -2.471554327831025469E-16, 1.000000000000000000 ) ) ;
#1406 = AXIS2_PLACEMENT_3D ( 'NONE', #2320, #119, #2573 ) ;
#1407 = VERTEX_POINT ( 'NONE', #2993 ) ;
#1408 = DIRECTION ( 'NONE',  ( 0.000000000000000000, -1.000000000000000000, -2.036060417813154133E-16 ) ) ;
#1409 = AXIS2_PLACEMENT_3D ( 'NONE', #1843, #1384, #2407 ) ;
#1410 = DIRECTION ( 'NONE',  ( -0.000000000000000000, -1.836970198721030181E-16, 1.000000000000000000 ) ) ;
#1411 = EDGE_LOOP ( 'NONE', ( #1933, #1721, #123, #752 ) ) ;
#1412 = VECTOR ( 'NONE', #636, 1000.000000000000000 ) ;
#1413 = CIRCLE ( 'NONE', #83, 1.816221169466912588 ) ;
#1414 = DIRECTION ( 'NONE',  ( 0.000000000000000000, -2.471554327831025469E-16, 1.000000000000000000 ) ) ;
#1415 = AXIS2_PLACEMENT_3D ( 'NONE', #1078, #1308, #322 ) ;
#1416 = DIRECTION ( 'NONE',  ( -0.000000000000000000, -1.836970198721030181E-16, 1.000000000000000000 ) ) ;
#1417 = CIRCLE ( 'NONE', #1575, 1.816221169466995633 ) ;
#1418 = CIRCLE ( 'NONE', #651, 8.296875000000001776 ) ;
#1419 = CARTESIAN_POINT ( 'NONE',  ( 1.033295736780579390E-15, 8.437500000000000000, 3.499999999999997780 ) ) ;
#1420 = ORIENTED_EDGE ( 'NONE', *, *, #2707, .T. ) ;
#1421 = AXIS2_PLACEMENT_3D ( 'NONE', #3041, #2107, #658 ) ;
#1422 = ADVANCED_FACE ( 'NONE', ( #825, #316 ), #65, .F. ) ;
#1423 = CARTESIAN_POINT ( 'NONE',  ( 0.000000000000000000, 10.99999999999999645, 3.149999999999998135 ) ) ;
#1424 = CARTESIAN_POINT ( 'NONE',  ( 5.863736118510251671, 4.676173513940505622, -5.187285101250463082E-16 ) ) ;
#1425 = VERTEX_POINT ( 'NONE', #35 ) ;
#1426 = CYLINDRICAL_SURFACE ( 'NONE', #1886, 4.000000000000000000 ) ;
#1427 = ORIENTED_EDGE ( 'NONE', *, *, #992, .F. ) ;
#1428 = CLOSED_SHELL ( 'NONE', ( #2984, #1724, #797, #1094, #2369, #252 ) ) ;
#1429 = CARTESIAN_POINT ( 'NONE',  ( 0.000000000000000000, 8.296875000000001776, 3.240740740740738701 ) ) ;
#1430 = CARTESIAN_POINT ( 'NONE',  ( -3.050745040670399977, -6.334937352438902991, 2.045573997405606193 ) ) ;
#1431 = EDGE_LOOP ( 'NONE', ( #871, #1612, #966, #968 ) ) ;
#1432 = DIRECTION ( 'NONE',  ( -0.6234898018587319291, 0.7818314824680310249, 1.436201133715656339E-16 ) ) ;
#1433 = CARTESIAN_POINT ( 'NONE',  ( 0.000000000000000000, 0.000000000000000000, 3.499999999999999556 ) ) ;
#1434 = DIRECTION ( 'NONE',  ( 0.4338837391175524583, -0.9009688679024218105, -3.492023159033200982E-16 ) ) ;
#1435 = ORIENTED_EDGE ( 'NONE', *, *, #1250, .F. ) ;
#1436 = DIRECTION ( 'NONE',  ( -0.000000000000000000, -1.836970198721030181E-16, 1.000000000000000000 ) ) ;
#1437 = SHAPE_DEFINITION_REPRESENTATION ( #3063, #1676 ) ;
#1438 = ORIENTED_EDGE ( 'NONE', *, *, #1134, .T. ) ;
#1439 = ORIENTED_EDGE ( 'NONE', *, *, #702, .F. ) ;
#1440 = DIRECTION ( 'NONE',  ( 0.000000000000000000, -1.000000000000000000, -1.836970198721030181E-16 ) ) ;
#1441 = ADVANCED_FACE ( 'NONE', ( #1284 ), #2002, .T. ) ;
#1442 = ORIENTED_EDGE ( 'NONE', *, *, #783, .T. ) ;
#1443 = DIRECTION ( 'NONE',  ( 0.000000000000000000, 0.000000000000000000, 1.000000000000000000 ) ) ;
#1444 = DIRECTION ( 'NONE',  ( 0.2225209339563049282, -0.9749279121818257288, -1.790913520579327471E-16 ) ) ;
#1445 = VERTEX_POINT ( 'NONE', #2260 ) ;
#1446 = ADVANCED_FACE ( 'NONE', ( #1545 ), #2785, .T. ) ;
#1447 = CARTESIAN_POINT ( 'NONE',  ( 0.000000000000000000, 7.143772995026914316E-18, 3.461111111111107252 ) ) ;
#1448 = CARTESIAN_POINT ( 'NONE',  ( 0.000000000000000000, -4.349999999999994316, 3.500000000000001332 ) ) ;
#1449 = DIRECTION ( 'NONE',  ( 0.000000000000000000, -2.120093770962268028E-16, 1.000000000000000000 ) ) ;
#1450 = VERTEX_POINT ( 'NONE', #2053 ) ;
#1451 = DIRECTION ( 'NONE',  ( 0.000000000000000000, -1.000000000000000000, -1.940949343750276480E-16 ) ) ;
#1452 = COORDINATED_UNIVERSAL_TIME_OFFSET ( 6, 0, .BEHIND. ) ;
#1453 = CIRCLE ( 'NONE', #1254, 6.562499999999992006 ) ;
#1454 = CARTESIAN_POINT ( 'NONE',  ( 9.184850993605147944E-16, 7.500000000000000000, 7.668504205816706808E-17 ) ) ;
#1455 = ORIENTED_EDGE ( 'NONE', *, *, #2353, .F. ) ;
#1456 = ORIENTED_EDGE ( 'NONE', *, *, #2391, .T. ) ;
#1457 = AXIS2_PLACEMENT_3D ( 'NONE', #2430, #1651, #1178 ) ;
#1458 = CARTESIAN_POINT ( 'NONE',  ( -6.230219625917051474, 4.968434358561859554, -5.511490420078435525E-16 ) ) ;
#1459 = EDGE_CURVE ( 'NONE', #424, #2957, #52, .T. ) ;
#1460 = AXIS2_PLACEMENT_3D ( 'NONE', #2563, #3072, #849 ) ;
#1461 = DIRECTION ( 'NONE',  ( 0.9749279121818257288, 0.2225209339563049837, 0.000000000000000000 ) ) ;
#1462 = VERTEX_POINT ( 'NONE', #81 ) ;
#1463 = CC_DESIGN_APPROVAL ( #2178, ( #1817 ) ) ;
#1464 = AXIS2_PLACEMENT_3D ( 'NONE', #2974, #775, #2954 ) ;
#1465 = DIRECTION ( 'NONE',  ( -0.9009688679024218105, -0.4338837391175526248, -2.072072280472040903E-16 ) ) ;
#1466 = EDGE_CURVE ( 'NONE', #1462, #117, #2137, .T. ) ;
#1467 = CARTESIAN_POINT ( 'NONE',  ( 0.000000000000000000, 6.033835540788272775E-31, 3.499999999999996003 ) ) ;
#1468 = CIRCLE ( 'NONE', #3064, 4.349999999999993427 ) ;
#1469 = AXIS2_PLACEMENT_3D ( 'NONE', #1733, #2922, #2903 ) ;
#1470 = CIRCLE ( 'NONE', #443, 1.816221169466995633 ) ;
#1471 = DIRECTION ( 'NONE',  ( -0.2225209339563050392, 0.9749279121818257288, 3.015560319726680678E-16 ) ) ;
#1472 = ORIENTED_EDGE ( 'NONE', *, *, #2897, .T. ) ;
#1473 = CIRCLE ( 'NONE', #88, 2.045573997405609301 ) ;
#1474 = DIRECTION ( 'NONE',  ( 0.000000000000000000, 1.000000000000000000, 1.836970198721030427E-16 ) ) ;
#1475 = PERSON_AND_ORGANIZATION ( #903, #80 ) ;
#1476 = VERTEX_POINT ( 'NONE', #1108 ) ;
#1477 = AXIS2_PLACEMENT_3D ( 'NONE', #1049, #2033, #327 ) ;
#1478 = EDGE_LOOP ( 'NONE', ( #2652, #2203 ) ) ;
#1479 = ORIENTED_EDGE ( 'NONE', *, *, #2274, .T. ) ;
#1480 = DIRECTION ( 'NONE',  ( -0.7818314824680221431, 0.6234898018587431423, -6.916380135000390152E-17 ) ) ;
#1481 = FACE_OUTER_BOUND ( 'NONE', #1478, .T. ) ;
#1482 = ORIENTED_EDGE ( 'NONE', *, *, #2453, .T. ) ;
#1483 = CYLINDRICAL_SURFACE ( 'NONE', #1511, 6.562499999999990230 ) ;
#1484 = DIRECTION ( 'NONE',  ( -0.000000000000000000, -0.000000000000000000, -1.000000000000000000 ) ) ;
#1485 = EDGE_CURVE ( 'NONE', #338, #2843, #1531, .T. ) ;
#1486 = CARTESIAN_POINT ( 'NONE',  ( 0.000000000000000000, 7.143772995026940509E-18, 3.461111111111107252 ) ) ;
#1487 = ORIENTED_EDGE ( 'NONE', *, *, #1074, .T. ) ;
#1488 = ADVANCED_FACE ( 'NONE', ( #3052, #1833 ), #1859, .F. ) ;
#1489 = DIRECTION ( 'NONE',  ( 1.000000000000000000, -1.224646799147353207E-16, -2.249639673992786959E-32 ) ) ;
#1490 = COORDINATED_UNIVERSAL_TIME_OFFSET ( 6, 0, .BEHIND. ) ;
#1491 = DIRECTION ( 'NONE',  ( -0.4338837391175526248, 0.9009688679024218105, 3.492023159033204433E-16 ) ) ;
#1492 = VERTEX_POINT ( 'NONE', #838 ) ;
#1493 = ORIENTED_EDGE ( 'NONE', *, *, #1383, .T. ) ;
#1494 = DIRECTION ( 'NONE',  ( -0.000000000000000000, -1.836970198721030181E-16, 1.000000000000000000 ) ) ;
#1495 = DIRECTION ( 'NONE',  ( 0.000000000000000000, 0.000000000000000000, 1.000000000000000000 ) ) ;
#1496 = ORIENTED_EDGE ( 'NONE', *, *, #405, .F. ) ;
#1497 = FACE_BOUND ( 'NONE', #1637, .T. ) ;
#1498 = DIRECTION ( 'NONE',  ( 9.004427354171964309E-17, -0.7352672917972099542, -0.6777772566361285334 ) ) ;
#1499 = EDGE_CURVE ( 'NONE', #1526, #741, #2665, .T. ) ;
#1500 = CARTESIAN_POINT ( 'NONE',  ( -6.854961882528506578, -1.564600316880279784, -1.579032086477587911E-15 ) ) ;
#1501 = ORIENTED_EDGE ( 'NONE', *, *, #2204, .T. ) ;
#1502 = CARTESIAN_POINT ( 'NONE',  ( -7.311959341363716725, -1.668907004672293137, -1.684300892242755035E-15 ) ) ;
#1503 = DIRECTION ( 'NONE',  ( 0.6234898018587431423, 0.7818314824680221431, -0.000000000000000000 ) ) ;
#1504 = EDGE_CURVE ( 'NONE', #1526, #1222, #2404, .T. ) ;
#1505 = ORIENTED_EDGE ( 'NONE', *, *, #1943, .T. ) ;
#1506 = EDGE_LOOP ( 'NONE', ( #274, #653, #1099, #2794 ) ) ;
#1507 = ORIENTED_EDGE ( 'NONE', *, *, #111, .T. ) ;
#1508 = PLANE ( 'NONE',  #593 ) ;
#1509 = CARTESIAN_POINT ( 'NONE',  ( -7.768956800198922430, -1.773213692464305824, 1.754688796886730628 ) ) ;
#1510 = EDGE_LOOP ( 'NONE', ( #3036, #356 ) ) ;
#1511 = AXIS2_PLACEMENT_3D ( 'NONE', #2469, #522, #1986 ) ;
#1512 = CARTESIAN_POINT ( 'NONE',  ( 0.000000000000000000, 0.000000000000000000, 3.499999999999999556 ) ) ;
#1513 = CIRCLE ( 'NONE', #122, 7.968750000000003553 ) ;
#1514 = DIRECTION ( 'NONE',  ( 1.760023401269577930E-16, -2.381072978524650554E-16, 1.000000000000000000 ) ) ;
#1515 = CIRCLE ( 'NONE', #2547, 2.045573997405609301 ) ;
#1516 = CIRCLE ( 'NONE', #2500, 1.816221169466911700 ) ;
#1517 = CLOSED_SHELL ( 'NONE', ( #2542, #2431, #1061, #328, #2836, #55 ) ) ;
#1518 = DIRECTION ( 'NONE',  ( 0.000000000000000000, 1.000000000000000000, 2.168404344971009361E-16 ) ) ;
#1519 = CIRCLE ( 'NONE', #128, 4.000000000000000000 ) ;
#1520 = ORIENTED_EDGE ( 'NONE', *, *, #1544, .F. ) ;
#1521 = DIRECTION ( 'NONE',  ( -0.000000000000000000, -1.836970198721030181E-16, 1.000000000000000000 ) ) ;
#1522 = AXIS2_PLACEMENT_3D ( 'NONE', #3101, #1404, #656 ) ;
#1523 = VECTOR ( 'NONE', #1955, 1000.000000000000000 ) ;
#1524 = CARTESIAN_POINT ( 'NONE',  ( 3.254128043381653512, -6.757266509268181842, -8.133209509172253665E-14 ) ) ;
#1525 = CARTESIAN_POINT ( 'NONE',  ( 0.000000000000000000, 7.143772995026940509E-18, 3.461111111111107252 ) ) ;
#1526 = VERTEX_POINT ( 'NONE', #2077 ) ;
#1527 = AXIS2_PLACEMENT_3D ( 'NONE', #544, #2988, #832 ) ;
#1528 = AXIS2_PLACEMENT_3D ( 'NONE', #2967, #2777, #537 ) ;
#1529 = ORIENTED_EDGE ( 'NONE', *, *, #1839, .T. ) ;
#1530 = ADVANCED_FACE ( 'NONE', ( #2362 ), #1367, .T. ) ;
#1531 = CIRCLE ( 'NONE', #196, 0.03888888888888908379 ) ;
#1532 = CARTESIAN_POINT ( 'NONE',  ( -6.230219625917051474, 4.968434358561859554, -5.511490420078435525E-16 ) ) ;
#1533 = DIRECTION ( 'NONE',  ( 0.000000000000000000, -1.000000000000000000, -2.090815488936264304E-16 ) ) ;
#1534 = EDGE_CURVE ( 'NONE', #1807, #625, #2201, .T. ) ;
#1535 = CARTESIAN_POINT ( 'NONE',  ( -5.497252611103315978, 4.383912669319316002, -4.863079782422180025E-16 ) ) ;
#1536 = SPHERICAL_SURFACE ( 'NONE', #2512, 1.816221169466911700 ) ;
#1537 = DIRECTION ( 'NONE',  ( 0.000000000000000000, -1.000000000000000000, -2.168404344971008868E-16 ) ) ;
#1538 = ORIENTED_EDGE ( 'NONE', *, *, #584, .T. ) ;
#1539 = FACE_OUTER_BOUND ( 'NONE', #2478, .T. ) ;
#1540 = DIRECTION ( 'NONE',  ( 0.000000000000000000, 1.836970198721030181E-16, -1.000000000000000000 ) ) ;
#1541 = ORIENTED_EDGE ( 'NONE', *, *, #2919, .F. ) ;
#1542 = EDGE_LOOP ( 'NONE', ( #2071, #3116 ) ) ;
#1543 = DIRECTION ( 'NONE',  ( 0.000000000000000000, 1.000000000000000000, 1.836970198721030181E-16 ) ) ;
#1544 = EDGE_CURVE ( 'NONE', #2926, #12, #399, .T. ) ;
#1545 = FACE_OUTER_BOUND ( 'NONE', #835, .T. ) ;
#1546 = DIRECTION ( 'NONE',  ( 0.000000000000000000, -1.000000000000000000, -1.993935029858401608E-16 ) ) ;
#1547 = EDGE_CURVE ( 'NONE', #110, #171, #1838, .T. ) ;
#1548 = CARTESIAN_POINT ( 'NONE',  ( -3.050745040670399533, -6.334937352438899438, -1.754688796886813451 ) ) ;
#1549 = CARTESIAN_POINT ( 'NONE',  ( -5.863736118510185058, 4.676173513940588222, -1.362923205355893952 ) ) ;
#1550 = ORIENTED_EDGE ( 'NONE', *, *, #787, .T. ) ;
#1551 = CARTESIAN_POINT ( 'NONE',  ( 0.000000000000000000, 8.673617379884035472E-16, -1.301042606982605321E-15 ) ) ;
#1552 = DIRECTION ( 'NONE',  ( 0.000000000000000000, 0.000000000000000000, 1.000000000000000000 ) ) ;
#1553 = ORIENTED_EDGE ( 'NONE', *, *, #1234, .F. ) ;
#1554 = EDGE_LOOP ( 'NONE', ( #2725, #1957, #1352, #269 ) ) ;
#1555 = CARTESIAN_POINT ( 'NONE',  ( 7.768956800198898449, -1.773213692464410851, 1.754688796886730628 ) ) ;
#1556 = ORIENTED_EDGE ( 'NONE', *, *, #71, .T. ) ;
#1557 = EDGE_CURVE ( 'NONE', #70, #2050, #2866, .T. ) ;
#1558 = FACE_OUTER_BOUND ( 'NONE', #908, .T. ) ;
#1559 = CIRCLE ( 'NONE', #20, 2.045573997405608857 ) ;
#1560 = LINE ( 'NONE', #1087, #1019 ) ;
#1561 = ADVANCED_FACE ( 'NONE', ( #2119 ), #1617, .T. ) ;
#1562 = AXIS2_PLACEMENT_3D ( 'NONE', #1086, #2787, #1298 ) ;
#1563 = DIRECTION ( 'NONE',  ( -1.436201133715656585E-16, 6.916380135000594763E-17, -1.000000000000000000 ) ) ;
#1564 = ORIENTED_EDGE ( 'NONE', *, *, #3020, .T. ) ;
#1565 = AXIS2_PLACEMENT_3D ( 'NONE', #140, #400, #168 ) ;
#1566 = CC_DESIGN_PERSON_AND_ORGANIZATION_ASSIGNMENT ( #461, #1031, ( #1817 ) ) ;
#1567 = DIRECTION ( 'NONE',  ( 0.000000000000000000, -4.943108655662050939E-16, 1.000000000000000000 ) ) ;
#1568 = AXIS2_PLACEMENT_3D ( 'NONE', #2855, #2371, #2130 ) ;
#1569 = ORIENTED_EDGE ( 'NONE', *, *, #315, .F. ) ;
#1570 = CLOSED_SHELL ( 'NONE', ( #2280, #2112 ) ) ;
#1571 = AXIS2_PLACEMENT_3D ( 'NONE', #2757, #15, #792 ) ;
#1572 = CIRCLE ( 'NONE', #390, 6.703124999999989342 ) ;
#1573 = CLOSED_SHELL ( 'NONE', ( #885, #2669, #267, #2633, #2259, #526, #2881, #1231, #3060, #1245, #743, #2405, #2489, #2067 ) ) ;
#1574 = CONICAL_SURFACE ( 'NONE', #242, 4.349999999999994316, 0.7853981633974408405 ) ;
#1575 = AXIS2_PLACEMENT_3D ( 'NONE', #1394, #1336, #900 ) ;
#1576 = DIRECTION ( 'NONE',  ( -0.9749279121818257288, -0.2225209339563050392, -2.245734522990332848E-16 ) ) ;
#1577 = ORIENTED_EDGE ( 'NONE', *, *, #456, .F. ) ;
#1578 = AXIS2_PLACEMENT_3D ( 'NONE', #3092, #127, #662 ) ;
#1579 = CARTESIAN_POINT ( 'NONE',  ( 7.768956800198900225, -1.773213692464410407, -2.045573997405611522 ) ) ;
#1580 = DIRECTION ( 'NONE',  ( -0.000000000000000000, -1.836970198721030181E-16, 1.000000000000000000 ) ) ;
#1581 = AXIS2_PLACEMENT_3D ( 'NONE', #568, #2482, #297 ) ;
#1582 = DIRECTION ( 'NONE',  ( 0.000000000000000000, -1.000000000000000000, -1.982541115402067822E-16 ) ) ;
#1583 = ORIENTED_EDGE ( 'NONE', *, *, #2116, .T. ) ;
#1584 = ADVANCED_FACE ( 'NONE', ( #2349, #1332 ), #2574, .F. ) ;
#1585 = CARTESIAN_POINT ( 'NONE',  ( -3.254128043381747659, -6.757266509268135657, -8.133209509172252403E-14 ) ) ;
#1586 = ORIENTED_EDGE ( 'NONE', *, *, #2076, .T. ) ;
#1587 = EDGE_CURVE ( 'NONE', #2723, #2158, #1223, .T. ) ;
#1588 = DIRECTION ( 'NONE',  ( 0.000000000000000000, -2.120093770962267535E-16, 1.000000000000000000 ) ) ;
#1589 = DIRECTION ( 'NONE',  ( 0.000000000000000000, 1.000000000000000000, 1.940949343750276480E-16 ) ) ;
#1590 = ORIENTED_EDGE ( 'NONE', *, *, #2556, .T. ) ;
#1591 = DIRECTION ( 'NONE',  ( 0.000000000000000000, 1.000000000000000000, 1.929753673641607188E-16 ) ) ;
#1592 = DIRECTION ( 'NONE',  ( -0.000000000000000000, -1.836970198721030181E-16, 1.000000000000000000 ) ) ;
#1593 = DIRECTION ( 'NONE',  ( 0.000000000000000000, -1.000000000000000000, -1.982541115402068808E-16 ) ) ;
#1594 = ORIENTED_EDGE ( 'NONE', *, *, #2649, .T. ) ;
#1595 = EDGE_CURVE ( 'NONE', #313, #2662, #3019, .T. ) ;
#1596 = DIRECTION ( 'NONE',  ( 0.000000000000000000, -2.387819701063574785E-16, 1.000000000000000000 ) ) ;
#1597 = ORIENTED_EDGE ( 'NONE', *, *, #702, .T. ) ;
#1598 = EDGE_CURVE ( 'NONE', #1184, #2095, #909, .T. ) ;
#1599 = DIRECTION ( 'NONE',  ( 0.000000000000000000, 0.7071067811865459074, -0.7071067811865491270 ) ) ;
#1600 = DIRECTION ( 'NONE',  ( 5.407443734259954998E-17, 4.312292479951190888E-17, 1.000000000000000000 ) ) ;
#1601 = DIRECTION ( 'NONE',  ( -0.9009688679024218105, -0.4338837391175526248, -7.970314984685944884E-17 ) ) ;
#1602 = VERTEX_POINT ( 'NONE', #109 ) ;
#1603 = APPROVAL ( #2231, 'UNSPECIFIED' ) ;
#1604 = SPHERICAL_SURFACE ( 'NONE', #1562, 1.816221169466995855 ) ;
#1605 = DIRECTION ( 'NONE',  ( 0.000000000000000000, -1.000000000000000000, -1.836970198721030181E-16 ) ) ;
#1606 = AXIS2_PLACEMENT_3D ( 'NONE', #177, #2421, #214 ) ;
#1607 = CARTESIAN_POINT ( 'NONE',  ( 0.000000000000000000, 3.571886497513123772E-16, 1.555555555555550029 ) ) ;
#1608 = ORIENTED_EDGE ( 'NONE', *, *, #543, .T. ) ;
#1609 = ORIENTED_EDGE ( 'NONE', *, *, #1587, .F. ) ;
#1610 = TOROIDAL_SURFACE ( 'NONE', #1406, 1.362923205355893508, 0.8280933923091545745 ) ;
#1611 = CARTESIAN_POINT ( 'NONE',  ( 0.000000000000000000, 8.673617379884035472E-16, -1.301042606982605321E-15 ) ) ;
#1612 = ORIENTED_EDGE ( 'NONE', *, *, #225, .T. ) ;
#1613 = VECTOR ( 'NONE', #3086, 1000.000000000000000 ) ;
#1614 = AXIS2_PLACEMENT_3D ( 'NONE', #2060, #3035, #590 ) ;
#1615 = CARTESIAN_POINT ( 'NONE',  ( 8.122852597469542249E-16, 6.562499999999992006, 3.111111111111107164 ) ) ;
#1616 = DIRECTION ( 'NONE',  ( 0.000000000000000000, -1.000000000000000000, -1.929753673641607434E-16 ) ) ;
#1617 = SPHERICAL_SURFACE ( 'NONE', #2255, 1.816221169466911700 ) ;
#1618 = CONICAL_SURFACE ( 'NONE', #1162, 10.99999999999999645, 0.7853981633974458365 ) ;
#1619 = ADVANCED_FACE ( 'NONE', ( #156 ), #42, .T. ) ;
#1620 = VERTEX_POINT ( 'NONE', #3102 ) ;
#1621 = TOROIDAL_SURFACE ( 'NONE', #2089, 1.362923205355893508, 0.8280933923091545745 ) ;
#1622 = AXIS2_PLACEMENT_3D ( 'NONE', #2624, #1851, #2834 ) ;
#1623 = FACE_OUTER_BOUND ( 'NONE', #2310, .T. ) ;
#1624 = CARTESIAN_POINT ( 'NONE',  ( -7.311959341363713172, -1.668907004672292249, -8.039737861469037162E-14 ) ) ;
#1625 = ADVANCED_FACE ( 'NONE', ( #2631 ), #1426, .F. ) ;
#1626 = VECTOR ( 'NONE', #1592, 1000.000000000000000 ) ;
#1627 = FACE_OUTER_BOUND ( 'NONE', #2977, .T. ) ;
#1628 = AXIS2_PLACEMENT_3D ( 'NONE', #2842, #1576, #2564 ) ;
#1629 = DIRECTION ( 'NONE',  ( 0.7818314824680311359, 0.6234898018587319291, 0.000000000000000000 ) ) ;
#1630 = ORIENTED_EDGE ( 'NONE', *, *, #230, .T. ) ;
#1631 = CARTESIAN_POINT ( 'NONE',  ( 0.000000000000000000, 7.500000000000000000, 1.816221169466911700 ) ) ;
#1632 = ORIENTED_EDGE ( 'NONE', *, *, #2355, .F. ) ;
#1633 = ADVANCED_FACE ( 'NONE', ( #3137 ), #249, .F. ) ;
#1634 = CARTESIAN_POINT ( 'NONE',  ( 0.000000000000000000, -8.437499999999996447, -3.111111111111118266 ) ) ;
#1635 = CYLINDRICAL_SURFACE ( 'NONE', #1010, 6.703124999999989342 ) ;
#1636 = DIRECTION ( 'NONE',  ( 0.6234898018587431423, 0.7818314824680221431, -0.000000000000000000 ) ) ;
#1637 = EDGE_LOOP ( 'NONE', ( #1329, #1060 ) ) ;
#1638 = FACE_BOUND ( 'NONE', #517, .T. ) ;
#1639 = EDGE_CURVE ( 'NONE', #1602, #3065, #3113, .T. ) ;
#1640 = DIRECTION ( 'NONE',  ( 0.000000000000000000, -4.775639402127149569E-16, 1.000000000000000000 ) ) ;
#1641 = DIRECTION ( 'NONE',  ( 0.000000000000000000, 1.000000000000000000, 1.940949343750276480E-16 ) ) ;
#1642 = ADVANCED_FACE ( 'NONE', ( #1204, #415 ), #1388, .T. ) ;
#1643 = DIRECTION ( 'NONE',  ( 0.000000000000000000, 1.000000000000000000, 1.575496240217761502E-16 ) ) ;
#1644 = VERTEX_POINT ( 'NONE', #1908 ) ;
#1645 = DIRECTION ( 'NONE',  ( -0.000000000000000000, -1.836970198721030181E-16, 1.000000000000000000 ) ) ;
#1646 = VERTEX_POINT ( 'NONE', #685 ) ;
#1647 = SPHERICAL_SURFACE ( 'NONE', #2035, 1.816221169466911700 ) ;
#1648 = DIRECTION ( 'NONE',  ( 0.7818314824680310249, 0.6234898018587320401, -6.916380135000594763E-17 ) ) ;
#1649 = CARTESIAN_POINT ( 'NONE',  ( 0.000000000000000000, -6.562499999999992006, 3.500000000000002220 ) ) ;
#1650 = VERTEX_POINT ( 'NONE', #1664 ) ;
#1651 = DIRECTION ( 'NONE',  ( -0.6234898018587431423, -0.7818314824680221431, -1.436201133715640315E-16 ) ) ;
#1652 = CARTESIAN_POINT ( 'NONE',  ( 6.230219625917118975, 4.968434358561768960, 1.754688796886731961 ) ) ;
#1653 = FACE_OUTER_BOUND ( 'NONE', #3145, .T. ) ;
#1654 = CARTESIAN_POINT ( 'NONE',  ( 7.311959341363694520, -1.668907004672392391, 1.362923205355891731 ) ) ;
#1655 = ADVANCED_FACE ( 'NONE', ( #2154 ), #2488, .F. ) ;
#1656 = VERTEX_POINT ( 'NONE', #3123 ) ;
#1657 = CARTESIAN_POINT ( 'NONE',  ( 0.000000000000000000, 0.000000000000000000, 3.499999999999999556 ) ) ;
#1658 = VERTEX_POINT ( 'NONE', #2653 ) ;
#1659 = CONICAL_SURFACE ( 'NONE', #3104, 6.703124999999990230, 0.8260609619241786605 ) ;
#1660 = AXIS2_PLACEMENT_3D ( 'NONE', #1688, #467, #1408 ) ;
#1661 = FACE_OUTER_BOUND ( 'NONE', #1033, .T. ) ;
#1662 = FACE_OUTER_BOUND ( 'NONE', #2229, .T. ) ;
#1663 = VERTEX_POINT ( 'NONE', #222 ) ;
#1664 = CARTESIAN_POINT ( 'NONE',  ( 0.000000000000000000, -6.562499999999992006, 3.111111111111104499 ) ) ;
#1665 = AXIS2_PLACEMENT_3D ( 'NONE', #1107, #108, #2075 ) ;
#1666 = AXIS2_PLACEMENT_3D ( 'NONE', #680, #620, #1596 ) ;
#1667 = ORIENTED_EDGE ( 'NONE', *, *, #1379, .F. ) ;
#1668 = CLOSED_SHELL ( 'NONE', ( #1400, #1324, #208, #2728, #2242, #2772 ) ) ;
#1669 = CARTESIAN_POINT ( 'NONE',  ( 0.000000000000000000, 0.000000000000000000, 0.5833333333333333703 ) ) ;
#1670 = AXIS2_PLACEMENT_3D ( 'NONE', #2087, #2873, #666 ) ;
#1671 = DIRECTION ( 'NONE',  ( 1.000000000000000000, 0.000000000000000000, -0.000000000000000000 ) ) ;
#1672 = VERTEX_POINT ( 'NONE', #1649 ) ;
#1673 = VECTOR ( 'NONE', #2602, 1000.000000000000000 ) ;
#1674 = VECTOR ( 'NONE', #1680, 1000.000000000000000 ) ;
#1675 = DIRECTION ( 'NONE',  ( 0.000000000000000000, 0.000000000000000000, 1.000000000000000000 ) ) ;
#1676 = ADVANCED_BREP_SHAPE_REPRESENTATION ( '2349K701_Permanently Lubricated Ball Bearing', ( #1953, #902, #3046, #888, #3089, #1978, #3082, #3074, #953, #2995, #1992, #3015, #1927, #931, #2015, #883, #3028, #970, #1967, #1711 ), #2694 ) ;
#1677 = CIRCLE ( 'NONE', #2346, 6.562499999999992006 ) ;
#1678 = CARTESIAN_POINT ( 'NONE',  ( 1.033295736780579390E-15, -8.437500000000000000, 3.111111111111104499 ) ) ;
#1679 = EDGE_CURVE ( 'NONE', #1476, #1976, #2458, .T. ) ;
#1680 = DIRECTION ( 'NONE',  ( -0.000000000000000000, -1.836970198721030181E-16, 1.000000000000000000 ) ) ;
#1681 = ORIENTED_EDGE ( 'NONE', *, *, #1327, .T. ) ;
#1682 = APPROVAL_DATE_TIME ( #515, #1603 ) ;
#1683 = EDGE_CURVE ( 'NONE', #1929, #2688, #506, .T. ) ;
#1684 = ORIENTED_EDGE ( 'NONE', *, *, #998, .F. ) ;
#1685 = EDGE_LOOP ( 'NONE', ( #2555, #2480 ) ) ;
#1686 = CARTESIAN_POINT ( 'NONE',  ( 0.000000000000000000, 0.000000000000000000, 3.499999999999999556 ) ) ;
#1687 = ORIENTED_EDGE ( 'NONE', *, *, #2420, .T. ) ;
#1688 = CARTESIAN_POINT ( 'NONE',  ( 0.000000000000000000, 1.285879139104721817E-15, -3.500000000000003997 ) ) ;
#1689 = DIRECTION ( 'NONE',  ( 0.000000000000000000, 0.000000000000000000, 1.000000000000000000 ) ) ;
#1690 = EDGE_LOOP ( 'NONE', ( #1681, #3133 ) ) ;
#1691 = DIRECTION ( 'NONE',  ( 3.239321168470270762E-18, -3.891453047654830223E-16, 1.000000000000000000 ) ) ;
#1692 = DIRECTION ( 'NONE',  ( -0.000000000000000000, -1.836970198721030181E-16, 1.000000000000000000 ) ) ;
#1693 = CARTESIAN_POINT ( 'NONE',  ( 1.013692883502561139E-15, -8.257986111111113914, 3.499999999999994671 ) ) ;
#1694 = ORIENTED_EDGE ( 'NONE', *, *, #3100, .F. ) ;
#1695 = EDGE_CURVE ( 'NONE', #2158, #2483, #2987, .T. ) ;
#1696 = APPLICATION_PROTOCOL_DEFINITION ( 'international standard', 'config_control_design', 1994, #310 ) ;
#1697 = FACE_BOUND ( 'NONE', #412, .T. ) ;
#1698 = ORIENTED_EDGE ( 'NONE', *, *, #331, .T. ) ;
#1699 = ORIENTED_EDGE ( 'NONE', *, *, #1104, .T. ) ;
#1700 = EDGE_CURVE ( 'NONE', #1644, #1810, #3126, .T. ) ;
#1701 = CARTESIAN_POINT ( 'NONE',  ( 5.497252611103378150, 4.383912669319237843, -4.863079782422324978E-16 ) ) ;
#1702 = DIRECTION ( 'NONE',  ( -0.000000000000000000, -1.836970198721030181E-16, 1.000000000000000000 ) ) ;
#1703 = EDGE_LOOP ( 'NONE', ( #1550, #2980, #1878, #499 ) ) ;
#1704 = DIRECTION ( 'NONE',  ( 0.000000000000000000, -1.000000000000000000, -2.090815488936264304E-16 ) ) ;
#1705 = DIRECTION ( 'NONE',  ( -0.9749279121818227312, 0.2225209339563182509, 0.000000000000000000 ) ) ;
#1706 = CIRCLE ( 'NONE', #82, 1.816221169466912588 ) ;
#1707 = CARTESIAN_POINT ( 'NONE',  ( 7.968750000000003553, 9.758904180705476840E-16, 0.5833333333333333703 ) ) ;
#1708 = ORIENTED_EDGE ( 'NONE', *, *, #889, .T. ) ;
#1709 = CARTESIAN_POINT ( 'NONE',  ( 7.311959341363690967, -1.668907004672391281, -8.039737861469039686E-14 ) ) ;
#1710 = DATE_TIME_ROLE ( 'creation_date' ) ;
#1711 = AXIS2_PLACEMENT_3D ( 'NONE', #963, #706, #2671 ) ;
#1712 = AXIS2_PLACEMENT_3D ( 'NONE', #2623, #934, #1414 ) ;
#1713 = LINE ( 'NONE', #2185, #2174 ) ;
#1714 = ORIENTED_EDGE ( 'NONE', *, *, #2453, .F. ) ;
#1715 = ORIENTED_EDGE ( 'NONE', *, *, #584, .F. ) ;
#1716 = CIRCLE ( 'NONE', #1101, 1.816221169466911478 ) ;
#1717 = DIRECTION ( 'NONE',  ( 0.000000000000000000, -0.000000000000000000, -1.000000000000000000 ) ) ;
#1718 = EDGE_CURVE ( 'NONE', #1462, #1069, #2146, .T. ) ;
#1719 = AXIS2_PLACEMENT_3D ( 'NONE', #2888, #2651, #1386 ) ;
#1720 = CYLINDRICAL_SURFACE ( 'NONE', #2862, 6.703124999999990230 ) ;
#1721 = ORIENTED_EDGE ( 'NONE', *, *, #633, .T. ) ;
#1722 = AXIS2_PLACEMENT_3D ( 'NONE', #2646, #907, #652 ) ;
#1723 = FACE_OUTER_BOUND ( 'NONE', #462, .T. ) ;
#1724 = ADVANCED_FACE ( 'NONE', ( #2393 ), #2168, .F. ) ;
#1725 = DIRECTION ( 'NONE',  ( 0.000000000000000000, 1.000000000000000000, 1.836970198721030427E-16 ) ) ;
#1726 = AXIS2_PLACEMENT_3D ( 'NONE', #1894, #1636, #170 ) ;
#1727 = CONICAL_SURFACE ( 'NONE', #347, 6.562499999999991118, 0.8260609619241786605 ) ;
#1728 = AXIS2_PLACEMENT_3D ( 'NONE', #3087, #1648, #2135 ) ;
#1729 = CIRCLE ( 'NONE', #301, 8.437500000000000000 ) ;
#1730 = CARTESIAN_POINT ( 'NONE',  ( 0.000000000000000000, -6.562499999999990230, 3.499999999999998224 ) ) ;
#1731 = ORIENTED_EDGE ( 'NONE', *, *, #305, .F. ) ;
#1732 = VECTOR ( 'NONE', #2893, 1000.000000000000000 ) ;
#1733 = CARTESIAN_POINT ( 'NONE',  ( 0.000000000000000000, 6.429395695523667755E-17, 3.149999999999995914 ) ) ;
#1734 = PERSON_AND_ORGANIZATION_ROLE ( 'classification_officer' ) ;
#1735 = VERTEX_POINT ( 'NONE', #2414 ) ;
#1736 = AXIS2_PLACEMENT_3D ( 'NONE', #2428, #2376, #2878 ) ;
#1737 = VERTEX_POINT ( 'NONE', #1948 ) ;
#1738 = ORIENTED_EDGE ( 'NONE', *, *, #2807, .T. ) ;
#1739 = CARTESIAN_POINT ( 'NONE',  ( 7.768956800198900225, -1.773213692464410851, -1.789569698007941288E-15 ) ) ;
#1740 = PLANE ( 'NONE',  #2562 ) ;
#1741 = ORIENTED_EDGE ( 'NONE', *, *, #418, .F. ) ;
#1742 = ADVANCED_FACE ( 'NONE', ( #2927 ), #1621, .T. ) ;
#1743 = DIRECTION ( 'NONE',  ( -0.000000000000000000, 1.000000000000000000, -0.000000000000000000 ) ) ;
#1744 = CYLINDRICAL_SURFACE ( 'NONE', #2345, 7.968750000000003553 ) ;
#1745 = ADVANCED_FACE ( 'NONE', ( #527 ), #2267, .T. ) ;
#1746 = DIRECTION ( 'NONE',  ( 0.000000000000000000, 1.836970198721030181E-16, -1.000000000000000000 ) ) ;
#1747 = ORIENTED_EDGE ( 'NONE', *, *, #1504, .T. ) ;
#1748 = CARTESIAN_POINT ( 'NONE',  ( 0.000000000000000000, 8.437500000000000000, 3.111111111111108052 ) ) ;
#1749 = APPROVAL_STATUS ( 'not_yet_approved' ) ;
#1750 = CARTESIAN_POINT ( 'NONE',  ( 6.230219625917119863, 4.968434358561768960, -5.511490420078596255E-16 ) ) ;
#1751 = ORIENTED_EDGE ( 'NONE', *, *, #255, .T. ) ;
#1752 = ORIENTED_EDGE ( 'NONE', *, *, #3119, .T. ) ;
#1753 = CARTESIAN_POINT ( 'NONE',  ( 0.000000000000000000, 8.673617379884035472E-16, -1.301042606982605321E-15 ) ) ;
#1754 = CARTESIAN_POINT ( 'NONE',  ( 5.863736118510249007, 4.676173513940503845, -7.923180623257267601E-14 ) ) ;
#1755 = ORIENTED_EDGE ( 'NONE', *, *, #3161, .F. ) ;
#1756 = CARTESIAN_POINT ( 'NONE',  ( -6.854961882528505690, -1.564600316880280007, 2.045573997405607525 ) ) ;
#1757 = FACE_OUTER_BOUND ( 'NONE', #1685, .T. ) ;
#1758 = CARTESIAN_POINT ( 'NONE',  ( 0.000000000000000000, 1.221585182149485706E-15, -3.150000000000004352 ) ) ;
#1759 = VERTEX_POINT ( 'NONE', #786 ) ;
#1760 = EDGE_CURVE ( 'NONE', #741, #2565, #853, .T. ) ;
#1761 = DIRECTION ( 'NONE',  ( -0.6234898018587431423, -0.7818314824680221431, -1.436201133715640315E-16 ) ) ;
#1762 = DIRECTION ( 'NONE',  ( 0.4338837391175527913, -0.9009688679024216995, 0.000000000000000000 ) ) ;
#1763 = DIRECTION ( 'NONE',  ( -0.4338837391175650038, -0.9009688679024158153, 0.000000000000000000 ) ) ;
#1764 = ORIENTED_EDGE ( 'NONE', *, *, #2966, .F. ) ;
#1765 = VERTEX_POINT ( 'NONE', #308 ) ;
#1766 = AXIS2_PLACEMENT_3D ( 'NONE', #1275, #2741, #2020 ) ;
#1767 = DIRECTION ( 'NONE',  ( -0.000000000000000000, -1.836970198721030181E-16, 1.000000000000000000 ) ) ;
#1768 = CARTESIAN_POINT ( 'NONE',  ( 0.000000000000000000, 7.031250000000045297, 2.045573997405608857 ) ) ;
#1769 = AXIS2_PLACEMENT_3D ( 'NONE', #1366, #2045, #3021 ) ;
#1770 = DIRECTION ( 'NONE',  ( 1.790913520579327471E-16, 2.245734522990332848E-16, -1.000000000000000000 ) ) ;
#1771 = CIRCLE ( 'NONE', #1256, 0.8280933923091542415 ) ;
#1772 = CYLINDRICAL_SURFACE ( 'NONE', #3016, 8.437500000000000000 ) ;
#1773 = EDGE_CURVE ( 'NONE', #1759, #1023, #2511, .T. ) ;
#1774 = CIRCLE ( 'NONE', #233, 8.437500000000000000 ) ;
#1775 = AXIS2_PLACEMENT_3D ( 'NONE', #2559, #2028, #846 ) ;
#1776 = DIRECTION ( 'NONE',  ( -0.4338837391175651703, -0.9009688679024157043, -3.492023159033192107E-16 ) ) ;
#1777 = CIRCLE ( 'NONE', #2086, 6.562499999999991118 ) ;
#1778 = VERTEX_POINT ( 'NONE', #2584 ) ;
#1779 = AXIS2_PLACEMENT_3D ( 'NONE', #2217, #1199, #256 ) ;
#1780 = EDGE_CURVE ( 'NONE', #1737, #2029, #2043, .T. ) ;
#1781 = DIRECTION ( 'NONE',  ( 0.000000000000000000, -1.000000000000000000, -1.982541115402067575E-16 ) ) ;
#1782 = DIRECTION ( 'NONE',  ( -0.000000000000000000, 1.000000000000000000, -0.000000000000000000 ) ) ;
#1783 = ORIENTED_EDGE ( 'NONE', *, *, #1134, .F. ) ;
#1784 = VECTOR ( 'NONE', #583, 1000.000000000000000 ) ;
#1785 = EDGE_LOOP ( 'NONE', ( #2322, #2384, #263, #2929 ) ) ;
#1786 = ADVANCED_FACE ( 'NONE', ( #1662 ), #1635, .F. ) ;
#1787 = CONICAL_SURFACE ( 'NONE', #1571, 8.296875000000000000, 0.8260609619241818802 ) ;
#1788 = CARTESIAN_POINT ( 'NONE',  ( 0.000000000000000000, 1.285879139104721817E-15, -3.500000000000003997 ) ) ;
#1789 = DIRECTION ( 'NONE',  ( -1.790913520579327471E-16, -2.245734522990332848E-16, 1.000000000000000000 ) ) ;
#1790 = CARTESIAN_POINT ( 'NONE',  ( 0.000000000000000000, 0.000000000000000000, -0.5833333333333333703 ) ) ;
#1791 = CARTESIAN_POINT ( 'NONE',  ( -6.230219625917051474, 4.968434358561859554, 2.045573997405609745 ) ) ;
#1792 = DIRECTION ( 'NONE',  ( -0.7818314824680310249, -0.6234898018587320401, 6.916380135000597228E-17 ) ) ;
#1793 = ORIENTED_EDGE ( 'NONE', *, *, #2474, .T. ) ;
#1794 = FACE_OUTER_BOUND ( 'NONE', #1554, .T. ) ;
#1795 = DIRECTION ( 'NONE',  ( 0.000000000000000000, 1.000000000000000000, 1.971276677246372258E-16 ) ) ;
#1796 = ORIENTED_EDGE ( 'NONE', *, *, #2975, .T. ) ;
#1797 = EDGE_CURVE ( 'NONE', #1034, #2350, #892, .T. ) ;
#1798 = ORIENTED_EDGE ( 'NONE', *, *, #382, .F. ) ;
#1799 = CARTESIAN_POINT ( 'NONE',  ( 0.000000000000000000, 8.437500000000000000, 3.111111111111108052 ) ) ;
#1800 = DIRECTION ( 'NONE',  ( 0.000000000000000000, -1.000000000000000000, -2.090815488936264551E-16 ) ) ;
#1801 = EDGE_CURVE ( 'NONE', #3112, #785, #3013, .T. ) ;
#1802 = ORIENTED_EDGE ( 'NONE', *, *, #955, .F. ) ;
#1803 = DIRECTION ( 'NONE',  ( -0.9749279121818258398, -0.2225209339563050948, 0.000000000000000000 ) ) ;
#1804 = CARTESIAN_POINT ( 'NONE',  ( 0.000000000000000000, -6.562499999999989342, 3.499999999999998224 ) ) ;
#1805 = APPROVAL ( #1749, 'UNSPECIFIED' ) ;
#1806 = DIRECTION ( 'NONE',  ( -5.407443734259734363E-17, 4.312292479951140351E-17, 1.000000000000000000 ) ) ;
#1807 = VERTEX_POINT ( 'NONE', #2412 ) ;
#1808 = DIRECTION ( 'NONE',  ( 0.7818314824680310249, 0.6234898018587319291, -6.916380135000594763E-17 ) ) ;
#1809 = DIRECTION ( 'NONE',  ( 0.000000000000000000, 1.000000000000000000, 1.575496240217761502E-16 ) ) ;
#1810 = VERTEX_POINT ( 'NONE', #2841 ) ;
#1811 = ORIENTED_EDGE ( 'NONE', *, *, #2775, .F. ) ;
#1812 = DIRECTION ( 'NONE',  ( 1.790913520579322048E-16, -2.245734522990357500E-16, 1.000000000000000000 ) ) ;
#1813 = DIRECTION ( 'NONE',  ( 0.000000000000000000, -1.000000000000000000, -1.836970198721030181E-16 ) ) ;
#1814 = EDGE_LOOP ( 'NONE', ( #1952, #2678 ) ) ;
#1815 = DIRECTION ( 'NONE',  ( 0.4338837391175526248, -0.9009688679024218105, -3.492023159033203447E-16 ) ) ;
#1816 = EDGE_CURVE ( 'NONE', #1966, #1492, #2858, .T. ) ;
#1817 = PRODUCT_DEFINITION_FORMATION_WITH_SPECIFIED_SOURCE ( 'ANY', '', #346, .NOT_KNOWN. ) ;
#1818 = AXIS2_PLACEMENT_3D ( 'NONE', #407, #2664, #1144 ) ;
#1819 = CARTESIAN_POINT ( 'NONE',  ( 8.208960575534590400E-16, 6.703124999999990230, 3.240740740740738701 ) ) ;
#1820 = CIRCLE ( 'NONE', #2847, 2.045573997405609301 ) ;
#1821 = EDGE_CURVE ( 'NONE', #1265, #2957, #1355, .T. ) ;
#1822 = CARTESIAN_POINT ( 'NONE',  ( 0.000000000000000000, -4.905380769502011025E-31, 3.500000000000002220 ) ) ;
#1823 = ORIENTED_EDGE ( 'NONE', *, *, #2928, .T. ) ;
#1824 = CIRCLE ( 'NONE', #1105, 1.816221169466911700 ) ;
#1825 = CIRCLE ( 'NONE', #179, 1.754688796886732183 ) ;
#1826 = DIRECTION ( 'NONE',  ( 0.2225209339563182231, 0.9749279121818227312, 1.790913520579322048E-16 ) ) ;
#1827 = ORIENTED_EDGE ( 'NONE', *, *, #2171, .F. ) ;
#1828 = VECTOR ( 'NONE', #1436, 1000.000000000000000 ) ;
#1829 = CIRCLE ( 'NONE', #2040, 0.03888888888888908379 ) ;
#1830 = CARTESIAN_POINT ( 'NONE',  ( 5.863736118510249007, 4.676173513940503845, -7.923180623257267601E-14 ) ) ;
#1831 = TOROIDAL_SURFACE ( 'NONE', #703, 7.499999999999999112, 1.816221169466913254 ) ;
#1832 = AXIS2_PLACEMENT_3D ( 'NONE', #2147, #1120, #3079 ) ;
#1833 = FACE_OUTER_BOUND ( 'NONE', #2062, .T. ) ;
#1834 = ORIENTED_EDGE ( 'NONE', *, *, #89, .T. ) ;
#1835 = AXIS2_PLACEMENT_3D ( 'NONE', #3128, #3176, #690 ) ;
#1836 = SPHERICAL_SURFACE ( 'NONE', #796, 1.816221169466911700 ) ;
#1837 = FACE_OUTER_BOUND ( 'NONE', #2625, .T. ) ;
#1838 = CIRCLE ( 'NONE', #2607, 6.703124999999990230 ) ;
#1839 = EDGE_CURVE ( 'NONE', #458, #1224, #2762, .T. ) ;
#1840 = CARTESIAN_POINT ( 'NONE',  ( 1.016074141167569760E-15, 8.296875000000001776, -3.240740740740745363 ) ) ;
#1841 = ORIENTED_EDGE ( 'NONE', *, *, #1940, .F. ) ;
#1842 = ADVANCED_FACE ( 'NONE', ( #2118 ), #877, .T. ) ;
#1843 = CARTESIAN_POINT ( 'NONE',  ( 3.457511046092996754, -7.179595666097423390, 1.754688796886729518 ) ) ;
#1844 = ORIENTED_EDGE ( 'NONE', *, *, #569, .F. ) ;
#1845 = CC_DESIGN_PERSON_AND_ORGANIZATION_ASSIGNMENT ( #994, #3185, ( #2755 ) ) ;
#1846 = CARTESIAN_POINT ( 'NONE',  ( -3.254128043381738333, -6.757266509268117893, -2.619017369274893834E-15 ) ) ;
#1847 = DIRECTION ( 'NONE',  ( -1.000000000000000000, 0.000000000000000000, 0.000000000000000000 ) ) ;
#1848 = EDGE_LOOP ( 'NONE', ( #732, #1128 ) ) ;
#1849 = FACE_OUTER_BOUND ( 'NONE', #2668, .T. ) ;
#1850 = LINE ( 'NONE', #1391, #2199 ) ;
#1851 = DIRECTION ( 'NONE',  ( -0.2225209339563182231, -0.9749279121818227312, -5.662667214319689639E-17 ) ) ;
#1852 = ORIENTED_EDGE ( 'NONE', *, *, #2298, .F. ) ;
#1853 = ADVANCED_FACE ( 'NONE', ( #2392 ), #1574, .F. ) ;
#1854 = FACE_OUTER_BOUND ( 'NONE', #2266, .T. ) ;
#1855 = ORIENTED_EDGE ( 'NONE', *, *, #1700, .F. ) ;
#1856 = DIRECTION ( 'NONE',  ( -0.000000000000000000, -1.836970198721030181E-16, 1.000000000000000000 ) ) ;
#1857 = ADVANCED_FACE ( 'NONE', ( #925 ), #599, .F. ) ;
#1858 = DIRECTION ( 'NONE',  ( -0.000000000000000000, -1.836970198721030181E-16, 1.000000000000000000 ) ) ;
#1859 = PLANE ( 'NONE',  #766 ) ;
#1860 = ORIENTED_EDGE ( 'NONE', *, *, #2687, .F. ) ;
#1861 = CARTESIAN_POINT ( 'NONE',  ( 1.016074141167569760E-15, 8.296875000000001776, -3.461111111111116134 ) ) ;
#1862 = SPHERICAL_SURFACE ( 'NONE', #556, 1.816221169466995855 ) ;
#1863 = CARTESIAN_POINT ( 'NONE',  ( -5.863736118510182393, 4.676173513940586446, -7.923180623257265076E-14 ) ) ;
#1864 = TOROIDAL_SURFACE ( 'NONE', #2381, 1.362923205355893508, 0.8280933923091545745 ) ;
#1865 = CARTESIAN_POINT ( 'NONE',  ( 3.050745040670311159, -6.334937352438942959, -2.045573997405611522 ) ) ;
#1866 = CIRCLE ( 'NONE', #487, 1.754688796886732183 ) ;
#1867 = ORIENTED_EDGE ( 'NONE', *, *, #1797, .T. ) ;
#1868 = AXIS2_PLACEMENT_3D ( 'NONE', #1064, #578, #3039 ) ;
#1869 = FACE_OUTER_BOUND ( 'NONE', #684, .T. ) ;
#1870 = ORIENTED_EDGE ( 'NONE', *, *, #2609, .F. ) ;
#1871 = EDGE_CURVE ( 'NONE', #1348, #2957, #2195, .T. ) ;
#1872 = SECURITY_CLASSIFICATION ( '', '', #756 ) ;
#1873 = CONICAL_SURFACE ( 'NONE', #1008, 10.99999999999999645, 0.7853981633974458365 ) ;
#1874 = CARTESIAN_POINT ( 'NONE',  ( 7.311959341363690967, -1.668907004672391281, -8.039737861469039686E-14 ) ) ;
#1875 = CARTESIAN_POINT ( 'NONE',  ( 0.000000000000000000, 1.214441409154459450E-15, -3.111111111111114713 ) ) ;
#1876 = CARTESIAN_POINT ( 'NONE',  ( 0.000000000000000000, 1.278735366109696152E-15, -3.461111111111117911 ) ) ;
#1877 = CIRCLE ( 'NONE', #495, 2.045573997405608857 ) ;
#1878 = ORIENTED_EDGE ( 'NONE', *, *, #1760, .F. ) ;
#1879 = EDGE_CURVE ( 'NONE', #97, #3043, #2600, .T. ) ;
#1880 = VECTOR ( 'NONE', #541, 1000.000000000000000 ) ;
#1881 = CIRCLE ( 'NONE', #901, 8.437499999999998224 ) ;
#1882 = FACE_BOUND ( 'NONE', #2955, .T. ) ;
#1883 = DIRECTION ( 'NONE',  ( 0.000000000000000000, -1.000000000000000000, -1.993935029858401855E-16 ) ) ;
#1884 = CIRCLE ( 'NONE', #502, 1.816221169466911700 ) ;
#1885 = CARTESIAN_POINT ( 'NONE',  ( -3.457511046093096230, -7.179595666097370987, -1.754688796886813895 ) ) ;
#1886 = AXIS2_PLACEMENT_3D ( 'NONE', #1686, #942, #773 ) ;
#1887 = CARTESIAN_POINT ( 'NONE',  ( 3.254128043381653512, -6.757266509268181842, -8.133209509172253665E-14 ) ) ;
#1888 = ORIENTED_EDGE ( 'NONE', *, *, #1943, .F. ) ;
#1889 = DIRECTION ( 'NONE',  ( -1.224646799147353207E-16, -1.000000000000000000, 0.000000000000000000 ) ) ;
#1890 = ORIENTED_EDGE ( 'NONE', *, *, #3183, .F. ) ;
#1891 = CARTESIAN_POINT ( 'NONE',  ( 5.327213576290980325E-16, 4.349999999999994316, 3.500000000000003109 ) ) ;
#1892 = CARTESIAN_POINT ( 'NONE',  ( -5.863736118510165518, 4.676173513940574011, -5.187285101250292491E-16 ) ) ;
#1893 = EDGE_CURVE ( 'NONE', #714, #138, #186, .T. ) ;
#1894 = CARTESIAN_POINT ( 'NONE',  ( -5.863736118510182393, 4.676173513940586446, -7.923180623257265076E-14 ) ) ;
#1895 = ORIENTED_EDGE ( 'NONE', *, *, #167, .F. ) ;
#1896 = CARTESIAN_POINT ( 'NONE',  ( 7.500000000000000000, 9.184850993605147944E-16, 0.5833333333333333703 ) ) ;
#1897 = EDGE_CURVE ( 'NONE', #1976, #1476, #2394, .T. ) ;
#1898 = CARTESIAN_POINT ( 'NONE',  ( 0.000000000000000000, 1.285879139104722211E-15, -3.500000000000006661 ) ) ;
#1899 = DIRECTION ( 'NONE',  ( -0.000000000000000000, -1.836970198721030181E-16, 1.000000000000000000 ) ) ;
#1900 = ADVANCED_FACE ( 'NONE', ( #2166 ), #3135, .T. ) ;
#1901 = PLANE ( 'NONE',  #1832 ) ;
#1902 = EDGE_LOOP ( 'NONE', ( #101, #2939, #1337, #2705 ) ) ;
#1903 = CARTESIAN_POINT ( 'NONE',  ( 0.000000000000000000, 7.031250000000045297, 0.000000000000000000 ) ) ;
#1904 = ORIENTED_EDGE ( 'NONE', *, *, #13, .F. ) ;
#1905 = DIRECTION ( 'NONE',  ( -0.2225209339563182231, -0.9749279121818227312, -1.790913520579322048E-16 ) ) ;
#1906 = CARTESIAN_POINT ( 'NONE',  ( 0.000000000000000000, 0.000000000000000000, 0.5833333333333333703 ) ) ;
#1907 = ORIENTED_EDGE ( 'NONE', *, *, #3156, .F. ) ;
#1908 = CARTESIAN_POINT ( 'NONE',  ( 8.208960575534588428E-16, -6.703124999999988454, -3.240740740740747583 ) ) ;
#1909 = ORIENTED_EDGE ( 'NONE', *, *, #2304, .T. ) ;
#1910 = CARTESIAN_POINT ( 'NONE',  ( 4.898587196589411843E-16, -3.999999999999998224, -3.150000000000005240 ) ) ;
#1911 = DIRECTION ( 'NONE',  ( -0.9749279121818258398, -0.2225209339563049837, -2.245734522990333341E-16 ) ) ;
#1912 = ORIENTED_EDGE ( 'NONE', *, *, #2159, .F. ) ;
#1913 = ADVANCED_FACE ( 'NONE', ( #141 ), #3117, .T. ) ;
#1914 = CARTESIAN_POINT ( 'NONE',  ( 5.497252611103378150, 4.383912669319237843, -4.863079782422324978E-16 ) ) ;
#1915 = FACE_OUTER_BOUND ( 'NONE', #321, .T. ) ;
#1916 = EDGE_CURVE ( 'NONE', #2752, #428, #1126, .T. ) ;
#1917 = CARTESIAN_POINT ( 'NONE',  ( 3.254128043381644630, -6.757266509268164079, -2.619017369274902511E-15 ) ) ;
#1918 = ORIENTED_EDGE ( 'NONE', *, *, #725, .T. ) ;
#1919 = AXIS2_PLACEMENT_3D ( 'NONE', #2965, #781, #265 ) ;
#1920 = FACE_OUTER_BOUND ( 'NONE', #1055, .T. ) ;
#1921 = AXIS2_PLACEMENT_3D ( 'NONE', #552, #261, #1717 ) ;
#1922 = SPHERICAL_SURFACE ( 'NONE', #2339, 1.816221169466995855 ) ;
#1923 = DIRECTION ( 'NONE',  ( 0.6234898018587431423, 0.7818314824680221431, 1.436201133715640315E-16 ) ) ;
#1924 = ORIENTED_EDGE ( 'NONE', *, *, #608, .F. ) ;
#1925 = DIRECTION ( 'NONE',  ( -0.000000000000000000, -1.836970198721030181E-16, 1.000000000000000000 ) ) ;
#1926 = AXIS2_PLACEMENT_3D ( 'NONE', #1753, #1767, #1226 ) ;
#1927 = MANIFOLD_SOLID_BREP ( 'CirPattern1[9]', #1517 ) ;
#1928 = AXIS2_PLACEMENT_3D ( 'NONE', #1525, #1540, #2073 ) ;
#1929 = VERTEX_POINT ( 'NONE', #2683 ) ;
#1930 = CARTESIAN_POINT ( 'NONE',  ( 5.863736118510251671, 4.676173513940505622, 1.362923205355893064 ) ) ;
#1931 = CIRCLE ( 'NONE', #549, 1.754688796886732183 ) ;
#1932 = CARTESIAN_POINT ( 'NONE',  ( 0.000000000000000000, 1.221585182149485706E-15, -3.150000000000004352 ) ) ;
#1933 = ORIENTED_EDGE ( 'NONE', *, *, #725, .F. ) ;
#1934 = AXIS2_PLACEMENT_3D ( 'NONE', #2877, #426, #1154 ) ;
#1935 = CIRCLE ( 'NONE', #759, 1.754688796886732183 ) ;
#1936 = DIRECTION ( 'NONE',  ( -0.000000000000000000, -1.836970198721030181E-16, 1.000000000000000000 ) ) ;
#1937 = AXIS2_PLACEMENT_3D ( 'NONE', #3000, #2792, #1291 ) ;
#1938 = DIRECTION ( 'NONE',  ( 0.000000000000000000, -1.000000000000000000, -2.055968564120660269E-16 ) ) ;
#1939 = CIRCLE ( 'NONE', #1528, 2.045573997405609301 ) ;
#1940 = EDGE_CURVE ( 'NONE', #2751, #2719, #1185, .T. ) ;
#1941 = DIRECTION ( 'NONE',  ( 0.000000000000000000, 1.836970198721030181E-16, -1.000000000000000000 ) ) ;
#1942 = ORIENTED_EDGE ( 'NONE', *, *, #1897, .F. ) ;
#1943 = EDGE_CURVE ( 'NONE', #1672, #2350, #1217, .T. ) ;
#1944 = DIRECTION ( 'NONE',  ( 0.000000000000000000, -0.7071067811865459074, 0.7071067811865491270 ) ) ;
#1945 = PERSON_AND_ORGANIZATION ( #903, #80 ) ;
#1946 = CARTESIAN_POINT ( 'NONE',  ( 0.000000000000000000, 7.031250000000044409, 0.000000000000000000 ) ) ;
#1947 = EDGE_LOOP ( 'NONE', ( #2284, #333, #987, #2315 ) ) ;
#1948 = CARTESIAN_POINT ( 'NONE',  ( 6.230219625917122528, 4.968434358561771624, -2.045573997405610633 ) ) ;
#1949 = ORIENTED_EDGE ( 'NONE', *, *, #1916, .T. ) ;
#1950 = FACE_OUTER_BOUND ( 'NONE', #1157, .T. ) ;
#1951 = CARTESIAN_POINT ( 'NONE',  ( 8.036744619404494098E-16, 6.562499999999992006, -3.500000000000004441 ) ) ;
#1952 = ORIENTED_EDGE ( 'NONE', *, *, #2937, .T. ) ;
#1953 = MANIFOLD_SOLID_BREP ( 'Revolve2', #134 ) ;
#1954 = DIRECTION ( 'NONE',  ( 0.000000000000000000, -4.240187541924536055E-16, 1.000000000000000000 ) ) ;
#1955 = DIRECTION ( 'NONE',  ( 9.004427354171990193E-17, -0.7352672917972121747, -0.6777772566361262019 ) ) ;
#1956 = DIRECTION ( 'NONE',  ( 0.9749279121818227312, -0.2225209339563182231, -2.245734522990357500E-16 ) ) ;
#1957 = ORIENTED_EDGE ( 'NONE', *, *, #126, .T. ) ;
#1958 = ADVANCED_FACE ( 'NONE', ( #1012, #2164 ), #2461, .T. ) ;
#1959 = DIRECTION ( 'NONE',  ( 5.407443734259954998E-17, 4.312292479951190888E-17, 1.000000000000000000 ) ) ;
#1960 = CARTESIAN_POINT ( 'NONE',  ( 6.854961882528484374, -1.564600316880372377, -1.754688796886812563 ) ) ;
#1961 = VERTEX_POINT ( 'NONE', #2425 ) ;
#1962 = ORIENTED_EDGE ( 'NONE', *, *, #2474, .F. ) ;
#1963 = EDGE_CURVE ( 'NONE', #2723, #1265, #3146, .T. ) ;
#1964 = CARTESIAN_POINT ( 'NONE',  ( 0.000000000000000000, 3.571886497513113418E-16, 1.555555555555555580 ) ) ;
#1965 = DIRECTION ( 'NONE',  ( 0.2225209339563049837, -0.9749279121818258398, -1.790913520579327471E-16 ) ) ;
#1966 = VERTEX_POINT ( 'NONE', #2410 ) ;
#1967 = MANIFOLD_SOLID_BREP ( 'Fillet2', #1990 ) ;
#1968 = FACE_OUTER_BOUND ( 'NONE', #1703, .T. ) ;
#1969 = FACE_OUTER_BOUND ( 'NONE', #1999, .T. ) ;
#1970 = DIRECTION ( 'NONE',  ( -0.000000000000000000, -1.836970198721030181E-16, 1.000000000000000000 ) ) ;
#1971 = ORIENTED_EDGE ( 'NONE', *, *, #875, .F. ) ;
#1972 = CARTESIAN_POINT ( 'NONE',  ( 0.000000000000000000, 4.762515330017543928E-17, 3.240740740740737369 ) ) ;
#1973 =( LENGTH_UNIT ( ) NAMED_UNIT ( * ) SI_UNIT ( .MILLI., .METRE. ) );
#1974 = AXIS2_PLACEMENT_3D ( 'NONE', #2403, #229, #1954 ) ;
#1975 = CARTESIAN_POINT ( 'NONE',  ( 1.033295736780579390E-15, -8.437500000000000000, 3.111111111111104499 ) ) ;
#1976 = VERTEX_POINT ( 'NONE', #993 ) ;
#1977 = ADVANCED_FACE ( 'NONE', ( #203 ), #956, .T. ) ;
#1978 = MANIFOLD_SOLID_BREP ( 'CirPattern1[3]', #650 ) ;
#1979 = ORIENTED_EDGE ( 'NONE', *, *, #1871, .T. ) ;
#1980 = AXIS2_PLACEMENT_3D ( 'NONE', #1191, #2170, #2364 ) ;
#1981 = AXIS2_PLACEMENT_3D ( 'NONE', #2105, #2165, #1372 ) ;
#1982 = FACE_OUTER_BOUND ( 'NONE', #914, .T. ) ;
#1983 = ORIENTED_EDGE ( 'NONE', *, *, #318, .F. ) ;
#1984 = EDGE_CURVE ( 'NONE', #1069, #1462, #646, .T. ) ;
#1985 = CIRCLE ( 'NONE', #2243, 8.257986111111113914 ) ;
#1986 = DIRECTION ( 'NONE',  ( 0.000000000000000000, -1.000000000000000000, -1.982541115402068315E-16 ) ) ;
#1987 = FACE_OUTER_BOUND ( 'NONE', #839, .T. ) ;
#1988 = AXIS2_PLACEMENT_3D ( 'NONE', #2187, #1175, #967 ) ;
#1989 = AXIS2_PLACEMENT_3D ( 'NONE', #1822, #2524, #2985 ) ;
#1990 = CLOSED_SHELL ( 'NONE', ( #1530, #1619, #1786, #488, #1340, #1441, #1842, #1037, #674, #1857, #827, #2007, #1114, #2748 ) ) ;
#1991 = AXIS2_PLACEMENT_3D ( 'NONE', #1654, #989, #1705 ) ;
#1992 = MANIFOLD_SOLID_BREP ( 'CirPattern1[7]', #976 ) ;
#1993 = CARTESIAN_POINT ( 'NONE',  ( 0.000000000000000000, 1.214441409154459450E-15, -3.111111111111114713 ) ) ;
#1994 = EDGE_LOOP ( 'NONE', ( #470, #1281, #887, #1311 ) ) ;
#1995 = AXIS2_PLACEMENT_3D ( 'NONE', #713, #1965, #1911 ) ;
#1996 = DIRECTION ( 'NONE',  ( -0.000000000000000000, -1.836970198721030181E-16, 1.000000000000000000 ) ) ;
#1997 = CARTESIAN_POINT ( 'NONE',  ( 1.033295736780579193E-15, 8.437500000000000000, -3.111111111111114713 ) ) ;
#1998 = AXIS2_PLACEMENT_3D ( 'NONE', #1754, #3027, #1252 ) ;
#1999 = EDGE_LOOP ( 'NONE', ( #621, #2235, #1141, #2024 ) ) ;
#2000 = ORIENTED_EDGE ( 'NONE', *, *, #1683, .T. ) ;
#2001 = CARTESIAN_POINT ( 'NONE',  ( 0.000000000000000000, 8.673617379884035472E-16, -1.301042606982605321E-15 ) ) ;
#2002 = CYLINDRICAL_SURFACE ( 'NONE', #2969, 8.296875000000000000 ) ;
#2003 = ORIENTED_EDGE ( 'NONE', *, *, #3183, .T. ) ;
#2004 = CARTESIAN_POINT ( 'NONE',  ( 0.000000000000000000, 7.968749999999996447, 0.000000000000000000 ) ) ;
#2005 = EDGE_CURVE ( 'NONE', #1961, #2572, #1065, .T. ) ;
#2006 = DIRECTION ( 'NONE',  ( 0.000000000000000000, -4.943108655662050939E-16, 1.000000000000000000 ) ) ;
#2007 = ADVANCED_FACE ( 'NONE', ( #2441, #1920 ), #2670, .F. ) ;
#2008 = CARTESIAN_POINT ( 'NONE',  ( -3.457511046093097562, -7.179595666097375428, -2.782705954854575216E-15 ) ) ;
#2009 = EDGE_LOOP ( 'NONE', ( #790, #1261 ) ) ;
#2010 = DIRECTION ( 'NONE',  ( 0.000000000000000000, -1.000000000000000000, -1.929753673641607434E-16 ) ) ;
#2011 = DIRECTION ( 'NONE',  ( -0.000000000000000000, -1.836970198721030181E-16, 1.000000000000000000 ) ) ;
#2012 = APPROVAL_DATE_TIME ( #47, #1805 ) ;
#2013 = LINE ( 'NONE', #2780, #2806 ) ;
#2014 = ORIENTED_EDGE ( 'NONE', *, *, #1893, .F. ) ;
#2015 = MANIFOLD_SOLID_BREP ( 'CirPattern1[11]', #1318 ) ;
#2016 = EDGE_LOOP ( 'NONE', ( #384, #2279 ) ) ;
#2017 = FACE_OUTER_BOUND ( 'NONE', #36, .T. ) ;
#2018 = SPHERICAL_SURFACE ( 'NONE', #1998, 1.816221169466995855 ) ;
#2019 = VERTEX_POINT ( 'NONE', #270 ) ;
#2020 = DIRECTION ( 'NONE',  ( 0.000000000000000000, -4.943108655662050939E-16, 1.000000000000000000 ) ) ;
#2021 = CARTESIAN_POINT ( 'NONE',  ( -7.968750000000003553, 0.000000000000000000, -0.5833333333333333703 ) ) ;
#2022 = EDGE_CURVE ( 'NONE', #2957, #1348, #2557, .T. ) ;
#2023 = CARTESIAN_POINT ( 'NONE',  ( 0.000000000000000000, 6.429395695523548193E-17, 3.150000000000002576 ) ) ;
#2024 = ORIENTED_EDGE ( 'NONE', *, *, #3085, .F. ) ;
#2025 = DIRECTION ( 'NONE',  ( -0.7818314824680221431, 0.6234898018587431423, -6.916380135000395082E-17 ) ) ;
#2026 = EDGE_CURVE ( 'NONE', #377, #44, #698, .T. ) ;
#2027 = DIRECTION ( 'NONE',  ( -0.000000000000000000, -1.836970198721030181E-16, 1.000000000000000000 ) ) ;
#2028 = DIRECTION ( 'NONE',  ( -0.000000000000000000, -1.836970198721030181E-16, 1.000000000000000000 ) ) ;
#2029 = VERTEX_POINT ( 'NONE', #2699 ) ;
#2030 = ORIENTED_EDGE ( 'NONE', *, *, #2219, .T. ) ;
#2031 = AXIS2_PLACEMENT_3D ( 'NONE', #2870, #919, #200 ) ;
#2032 = DIRECTION ( 'NONE',  ( -0.000000000000000000, -1.836970198721030181E-16, 1.000000000000000000 ) ) ;
#2033 = DIRECTION ( 'NONE',  ( 0.9009688679024219216, 0.4338837391175524583, 7.970314984685942419E-17 ) ) ;
#2034 = CARTESIAN_POINT ( 'NONE',  ( 7.311959341363669651, -1.668907004672386618, -1.684300892242768051E-15 ) ) ;
#2035 = AXIS2_PLACEMENT_3D ( 'NONE', #425, #3120, #635 ) ;
#2036 = CARTESIAN_POINT ( 'NONE',  ( 0.000000000000000000, 0.000000000000000000, 0.5833333333333333703 ) ) ;
#2037 = AXIS2_PLACEMENT_3D ( 'NONE', #1079, #1826, #311 ) ;
#2038 = EDGE_CURVE ( 'NONE', #12, #2357, #3061, .T. ) ;
#2039 = DIRECTION ( 'NONE',  ( -1.000000000000000000, 0.000000000000000000, -0.000000000000000000 ) ) ;
#2040 = AXIS2_PLACEMENT_3D ( 'NONE', #1075, #2039, #1028 ) ;
#2041 = ORIENTED_EDGE ( 'NONE', *, *, #2869, .T. ) ;
#2042 = CLOSED_SHELL ( 'NONE', ( #2099, #2139, #1655, #2691, #604, #510 ) ) ;
#2043 = CIRCLE ( 'NONE', #1728, 2.045573997405609301 ) ;
#2044 = AXIS2_PLACEMENT_3D ( 'NONE', #1433, #1416, #232 ) ;
#2045 = DIRECTION ( 'NONE',  ( -0.9749279121818257288, -0.2225209339563050392, -2.245734522990332848E-16 ) ) ;
#2046 = EDGE_CURVE ( 'NONE', #110, #2672, #2299, .T. ) ;
#2047 = DIRECTION ( 'NONE',  ( 0.000000000000000000, 1.836970198721030181E-16, -1.000000000000000000 ) ) ;
#2048 = EDGE_LOOP ( 'NONE', ( #501, #979, #1752, #1979 ) ) ;
#2049 = TOROIDAL_SURFACE ( 'NONE', #136, 6.742013888888878093, 0.03888888888888900053 ) ;
#2050 = VERTEX_POINT ( 'NONE', #1748 ) ;
#2051 = AXIS2_PLACEMENT_3D ( 'NONE', #850, #3088, #1813 ) ;
#2052 = PLANE ( 'NONE',  #749 ) ;
#2053 = CARTESIAN_POINT ( 'NONE',  ( 5.863736118510232131, 4.676173513940490523, 1.816221169466911256 ) ) ;
#2054 = ORIENTED_EDGE ( 'NONE', *, *, #2937, .F. ) ;
#2055 = FACE_OUTER_BOUND ( 'NONE', #2009, .T. ) ;
#2056 = DIRECTION ( 'NONE',  ( 0.000000000000000000, -1.000000000000000000, -1.836970198721030181E-16 ) ) ;
#2057 = DIRECTION ( 'NONE',  ( 0.000000000000000000, 1.000000000000000000, 1.971276677246372258E-16 ) ) ;
#2058 = ORIENTED_EDGE ( 'NONE', *, *, #1379, .T. ) ;
#2059 = CARTESIAN_POINT ( 'NONE',  ( -3.457511046093095786, -7.179595666097371875, -2.782705954854574033E-15 ) ) ;
#2060 = CARTESIAN_POINT ( 'NONE',  ( 3.050745040670311603, -6.334937352438943847, -2.455328783695236906E-15 ) ) ;
#2061 = ORIENTED_EDGE ( 'NONE', *, *, #1302, .F. ) ;
#2062 = EDGE_LOOP ( 'NONE', ( #1505, #1538 ) ) ;
#2063 = EDGE_CURVE ( 'NONE', #283, #1023, #350, .T. ) ;
#2064 = DIRECTION ( 'NONE',  ( -0.9749279121818257288, -0.2225209339563050392, -2.245734522990332848E-16 ) ) ;
#2065 = DIRECTION ( 'NONE',  ( 0.000000000000000000, 1.836970198721030181E-16, -1.000000000000000000 ) ) ;
#2066 = ORIENTED_EDGE ( 'NONE', *, *, #889, .F. ) ;
#2067 = ADVANCED_FACE ( 'NONE', ( #2720 ), #1164, .T. ) ;
#2068 = DIRECTION ( 'NONE',  ( 0.000000000000000000, 1.836970198721030181E-16, -1.000000000000000000 ) ) ;
#2069 = CARTESIAN_POINT ( 'NONE',  ( 0.000000000000000000, 0.000000000000000000, 0.5833333333333333703 ) ) ;
#2070 = DIRECTION ( 'NONE',  ( 0.000000000000000000, -1.000000000000000000, -1.982541115402067575E-16 ) ) ;
#2071 = ORIENTED_EDGE ( 'NONE', *, *, #382, .T. ) ;
#2072 = EDGE_CURVE ( 'NONE', #3005, #1476, #2911, .T. ) ;
#2073 = DIRECTION ( 'NONE',  ( 0.000000000000000000, 1.000000000000000000, 2.090815488936264304E-16 ) ) ;
#2074 = ORIENTED_EDGE ( 'NONE', *, *, #3140, .T. ) ;
#2075 = DIRECTION ( 'NONE',  ( 0.000000000000000000, 0.000000000000000000, 1.000000000000000000 ) ) ;
#2076 = EDGE_CURVE ( 'NONE', #3054, #1650, #1677, .T. ) ;
#2077 = CARTESIAN_POINT ( 'NONE',  ( 0.000000000000000000, -5.683778830533084303, -1.523465551155737329E-15 ) ) ;
#2078 = EDGE_LOOP ( 'NONE', ( #16, #3187, #3038, #278 ) ) ;
#2079 = DIRECTION ( 'NONE',  ( 0.000000000000000000, 0.000000000000000000, 1.000000000000000000 ) ) ;
#2080 = ADVANCED_FACE ( 'NONE', ( #1794 ), #1831, .F. ) ;
#2081 = AXIS2_PLACEMENT_3D ( 'NONE', #2275, #2521, #2946 ) ;
#2082 = CARTESIAN_POINT ( 'NONE',  ( -6.854961882528504802, -1.564600316880279118, -1.754688796886812563 ) ) ;
#2083 = VECTOR ( 'NONE', #1390, 999.9999999999998863 ) ;
#2084 = ORIENTED_EDGE ( 'NONE', *, *, #2236, .F. ) ;
#2085 = CIRCLE ( 'NONE', #1353, 6.562499999999987566 ) ;
#2086 = AXIS2_PLACEMENT_3D ( 'NONE', #990, #1970, #2948 ) ;
#2087 = CARTESIAN_POINT ( 'NONE',  ( 3.254128043381655289, -6.757266509268186283, 1.362923205355891065 ) ) ;
#2088 = ORIENTED_EDGE ( 'NONE', *, *, #2200, .F. ) ;
#2089 = AXIS2_PLACEMENT_3D ( 'NONE', #1502, #284, #45 ) ;
#2090 = AXIS2_PLACEMENT_3D ( 'NONE', #2228, #717, #2681 ) ;
#2091 = DIRECTION ( 'NONE',  ( 0.7818314824680310249, 0.6234898018587320401, -6.916380135000594763E-17 ) ) ;
#2092 = VECTOR ( 'NONE', #1044, 1000.000000000000000 ) ;
#2093 = AXIS2_PLACEMENT_3D ( 'NONE', #4, #2422, #1725 ) ;
#2094 = DIRECTION ( 'NONE',  ( 0.000000000000000000, 1.000000000000000000, 1.836970198721030181E-16 ) ) ;
#2095 = VERTEX_POINT ( 'NONE', #2110 ) ;
#2096 = VECTOR ( 'NONE', #56, 1000.000000000000000 ) ;
#2097 = DIRECTION ( 'NONE',  ( 1.000000000000000000, 0.000000000000000000, 0.000000000000000000 ) ) ;
#2098 = DIRECTION ( 'NONE',  ( -0.9009688679024218105, -0.4338837391175526248, -2.072072280472040903E-16 ) ) ;
#2099 = ADVANCED_FACE ( 'NONE', ( #3034 ), #1267, .T. ) ;
#2100 = DIRECTION ( 'NONE',  ( 0.000000000000000000, -1.000000000000000000, -1.940949343750276727E-16 ) ) ;
#2101 = ORIENTED_EDGE ( 'NONE', *, *, #3100, .T. ) ;
#2102 = EDGE_CURVE ( 'NONE', #1220, #2565, #1264, .T. ) ;
#2103 = DIRECTION ( 'NONE',  ( 0.000000000000000000, -1.000000000000000000, -2.090815488936264304E-16 ) ) ;
#2104 = ORIENTED_EDGE ( 'NONE', *, *, #405, .T. ) ;
#2105 = CARTESIAN_POINT ( 'NONE',  ( 0.000000000000000000, 0.000000000000000000, -0.5833333333333333703 ) ) ;
#2106 = DIRECTION ( 'NONE',  ( 0.000000000000000000, 1.000000000000000000, 1.982541115402067822E-16 ) ) ;
#2107 = DIRECTION ( 'NONE',  ( -0.000000000000000000, -1.836970198721030181E-16, 1.000000000000000000 ) ) ;
#2108 = EDGE_LOOP ( 'NONE', ( #2186, #2003, #2656, #1553 ) ) ;
#2109 = FACE_OUTER_BOUND ( 'NONE', #2396, .T. ) ;
#2110 = CARTESIAN_POINT ( 'NONE',  ( 8.122852597469541263E-16, -6.562499999999990230, -3.111111111111116045 ) ) ;
#2111 = DIRECTION ( 'NONE',  ( 0.000000000000000000, -1.000000000000000000, -1.982541115402068808E-16 ) ) ;
#2112 = ADVANCED_FACE ( 'NONE', ( #60 ), #2513, .T. ) ;
#2113 = ORIENTED_EDGE ( 'NONE', *, *, #3020, .F. ) ;
#2114 = CARTESIAN_POINT ( 'NONE',  ( 3.457511046092996310, -7.179595666097420725, -2.782705954854582710E-15 ) ) ;
#2115 = ORIENTED_EDGE ( 'NONE', *, *, #2824, .F. ) ;
#2116 = EDGE_CURVE ( 'NONE', #50, #3188, #300, .T. ) ;
#2117 = CARTESIAN_POINT ( 'NONE',  ( 0.000000000000000000, 0.000000000000000000, 3.499999999999999556 ) ) ;
#2118 = FACE_OUTER_BOUND ( 'NONE', #2525, .T. ) ;
#2119 = FACE_OUTER_BOUND ( 'NONE', #521, .T. ) ;
#2120 = VERTEX_POINT ( 'NONE', #309 ) ;
#2121 = DIRECTION ( 'NONE',  ( -0.000000000000000000, -1.836970198721030181E-16, 1.000000000000000000 ) ) ;
#2122 = CYLINDRICAL_SURFACE ( 'NONE', #2916, 8.437500000000000000 ) ;
#2123 = DIRECTION ( 'NONE',  ( 1.224646799147352961E-16, 1.000000000000000000, 0.000000000000000000 ) ) ;
#2124 = AXIS2_PLACEMENT_3D ( 'NONE', #486, #1025, #1285 ) ;
#2125 = DIRECTION ( 'NONE',  ( 9.004427354171990193E-17, 0.7352672917972121747, 0.6777772566361262019 ) ) ;
#2126 = CIRCLE ( 'NONE', #2288, 1.754688796886732183 ) ;
#2127 = ORIENTED_EDGE ( 'NONE', *, *, #1683, .F. ) ;
#2128 = EDGE_CURVE ( 'NONE', #2493, #2636, #2253, .T. ) ;
#2129 = CIRCLE ( 'NONE', #2239, 8.296875000000000000 ) ;
#2130 = DIRECTION ( 'NONE',  ( 0.000000000000000000, -1.000000000000000000, -1.575496240217761748E-16 ) ) ;
#2131 = ORIENTED_EDGE ( 'NONE', *, *, #3004, .T. ) ;
#2132 = CIRCLE ( 'NONE', #751, 2.045573997405609301 ) ;
#2133 = EDGE_CURVE ( 'NONE', #818, #1737, #2507, .T. ) ;
#2134 = CARTESIAN_POINT ( 'NONE',  ( 2.148874018607056940E-16, 7.968749999999996447, -1.754688796886732183 ) ) ;
#2135 = DIRECTION ( 'NONE',  ( 0.000000000000000000, 0.000000000000000000, 1.000000000000000000 ) ) ;
#2136 = CARTESIAN_POINT ( 'NONE',  ( 0.000000000000000000, 6.429395695523548193E-17, 3.150000000000002576 ) ) ;
#2137 = CIRCLE ( 'NONE', #1073, 1.816221169466995189 ) ;
#2138 = ORIENTED_EDGE ( 'NONE', *, *, #687, .F. ) ;
#2139 = ADVANCED_FACE ( 'NONE', ( #1539 ), #286, .F. ) ;
#2140 = AXIS2_PLACEMENT_3D ( 'NONE', #705, #2972, #962 ) ;
#2141 = AXIS2_PLACEMENT_3D ( 'NONE', #409, #3094, #1582 ) ;
#2142 = DIRECTION ( 'NONE',  ( 0.9009688679024157043, -0.4338837391175652813, -7.970314984686176612E-17 ) ) ;
#2143 = CARTESIAN_POINT ( 'NONE',  ( 5.497252611103379039, 4.383912669319237843, 2.045573997405607969 ) ) ;
#2144 = CIRCLE ( 'NONE', #1835, 1.816221169466911700 ) ;
#2145 = DIRECTION ( 'NONE',  ( -1.000000000000000000, 0.000000000000000000, -0.000000000000000000 ) ) ;
#2146 = CIRCLE ( 'NONE', #2451, 1.754688796886732183 ) ;
#2147 = CARTESIAN_POINT ( 'NONE',  ( 0.000000000000000000, 6.562499999999992006, -3.111111111111113825 ) ) ;
#2148 = ORIENTED_EDGE ( 'NONE', *, *, #2784, .F. ) ;
#2149 = DIRECTION ( 'NONE',  ( 0.000000000000000000, 0.000000000000000000, 1.000000000000000000 ) ) ;
#2150 = ORIENTED_EDGE ( 'NONE', *, *, #1821, .T. ) ;
#2151 = DIRECTION ( 'NONE',  ( 1.000000000000000000, 0.000000000000000000, 0.000000000000000000 ) ) ;
#2152 = CARTESIAN_POINT ( 'NONE',  ( 0.000000000000000000, 1.285879139104722211E-15, -3.500000000000006661 ) ) ;
#2153 = ORIENTED_EDGE ( 'NONE', *, *, #2641, .F. ) ;
#2154 = FACE_OUTER_BOUND ( 'NONE', #2465, .T. ) ;
#2155 = EDGE_CURVE ( 'NONE', #724, #166, #1030, .T. ) ;
#2156 = EDGE_LOOP ( 'NONE', ( #199, #2054, #48, #2074 ) ) ;
#2157 = DIRECTION ( 'NONE',  ( 0.000000000000000000, 0.000000000000000000, 1.000000000000000000 ) ) ;
#2158 = VERTEX_POINT ( 'NONE', #3093 ) ;
#2159 = EDGE_CURVE ( 'NONE', #1620, #2326, #2812, .T. ) ;
#2160 = FACE_OUTER_BOUND ( 'NONE', #2686, .T. ) ;
#2161 = CARTESIAN_POINT ( 'NONE',  ( 7.768956800198896673, -1.773213692464410185, -1.789569698007940499E-15 ) ) ;
#2162 = CARTESIAN_POINT ( 'NONE',  ( 0.000000000000000000, -8.437500000000000000, 3.499999999999994227 ) ) ;
#2163 = ORIENTED_EDGE ( 'NONE', *, *, #1274, .T. ) ;
#2164 = FACE_BOUND ( 'NONE', #58, .T. ) ;
#2165 = DIRECTION ( 'NONE',  ( 0.000000000000000000, 0.000000000000000000, 1.000000000000000000 ) ) ;
#2166 = FACE_OUTER_BOUND ( 'NONE', #2156, .T. ) ;
#2167 = ORIENTED_EDGE ( 'NONE', *, *, #3078, .T. ) ;
#2168 = SPHERICAL_SURFACE ( 'NONE', #1988, 1.816221169466995855 ) ;
#2169 = ORIENTED_EDGE ( 'NONE', *, *, #2775, .T. ) ;
#2170 = DIRECTION ( 'NONE',  ( 0.000000000000000000, 1.836970198721030181E-16, -1.000000000000000000 ) ) ;
#2171 = EDGE_CURVE ( 'NONE', #1646, #166, #1116, .T. ) ;
#2172 = CARTESIAN_POINT ( 'NONE',  ( -5.863736118510165518, 4.676173513940574011, 1.816221169466911256 ) ) ;
#2173 = EDGE_LOOP ( 'NONE', ( #6, #2510 ) ) ;
#2174 = VECTOR ( 'NONE', #2254, 1000.000000000000000 ) ;
#2175 = EDGE_CURVE ( 'NONE', #780, #1656, #555, .T. ) ;
#2176 = CARTESIAN_POINT ( 'NONE',  ( 0.000000000000000000, 6.562499999999992006, -3.111111111111113381 ) ) ;
#2177 = AXIS2_PLACEMENT_3D ( 'NONE', #1393, #2145, #1675 ) ;
#2178 = APPROVAL ( #497, 'UNSPECIFIED' ) ;
#2179 = CARTESIAN_POINT ( 'NONE',  ( 9.184850993605147944E-16, 7.500000000000000000, 7.668504205816706808E-17 ) ) ;
#2180 = EDGE_LOOP ( 'NONE', ( #1456, #2387, #1089, #2529 ) ) ;
#2181 = AXIS2_PLACEMENT_3D ( 'NONE', #2004, #1743, #2726 ) ;
#2182 = DIRECTION ( 'NONE',  ( -1.224646799147373422E-16, 1.000000000000000000, 0.000000000000000000 ) ) ;
#2183 = AXIS2_PLACEMENT_3D ( 'NONE', #739, #2209, #294 ) ;
#2184 = PERSON_AND_ORGANIZATION_ROLE ( 'creator' ) ;
#2185 = CARTESIAN_POINT ( 'NONE',  ( 4.898587196589412829E-16, 4.000000000000000000, 3.500000000000000444 ) ) ;
#2186 = ORIENTED_EDGE ( 'NONE', *, *, #2204, .F. ) ;
#2187 = CARTESIAN_POINT ( 'NONE',  ( -3.254128043381747659, -6.757266509268135657, -8.133209509172252403E-14 ) ) ;
#2188 = CIRCLE ( 'NONE', #1665, 1.816221169466912588 ) ;
#2189 = AXIS2_PLACEMENT_3D ( 'NONE', #3002, #2327, #2527 ) ;
#2190 = VERTEX_POINT ( 'NONE', #2593 ) ;
#2191 = DIRECTION ( 'NONE',  ( 0.000000000000000000, 0.000000000000000000, 1.000000000000000000 ) ) ;
#2192 = CIRCLE ( 'NONE', #897, 0.8280933923091543525 ) ;
#2193 = DIRECTION ( 'NONE',  ( -0.000000000000000000, -1.836970198721030181E-16, 1.000000000000000000 ) ) ;
#2194 = VERTEX_POINT ( 'NONE', #2747 ) ;
#2195 = CIRCLE ( 'NONE', #602, 10.99999999999999645 ) ;
#2196 = AXIS2_PLACEMENT_3D ( 'NONE', #3143, #975, #436 ) ;
#2197 = DIRECTION ( 'NONE',  ( -0.000000000000000000, -1.836970198721030181E-16, 1.000000000000000000 ) ) ;
#2198 = DIRECTION ( 'NONE',  ( 0.7818314824680221431, -0.6234898018587432533, 0.000000000000000000 ) ) ;
#2199 = VECTOR ( 'NONE', #616, 1000.000000000000000 ) ;
#2200 = EDGE_CURVE ( 'NONE', #223, #50, #794, .T. ) ;
#2201 = CIRCLE ( 'NONE', #816, 1.816221169466912588 ) ;
#2202 = SPHERICAL_SURFACE ( 'NONE', #1109, 1.816221169466911700 ) ;
#2203 = ORIENTED_EDGE ( 'NONE', *, *, #1557, .F. ) ;
#2204 = EDGE_CURVE ( 'NONE', #2120, #227, #744, .T. ) ;
#2205 = CARTESIAN_POINT ( 'NONE',  ( 1.011311625837552322E-15, -8.257986111111113914, 3.461111111111105920 ) ) ;
#2206 = DIRECTION ( 'NONE',  ( -0.000000000000000000, 1.000000000000000000, -0.000000000000000000 ) ) ;
#2207 = ORIENTED_EDGE ( 'NONE', *, *, #2609, .T. ) ;
#2208 = ORIENTED_EDGE ( 'NONE', *, *, #1801, .F. ) ;
#2209 = DIRECTION ( 'NONE',  ( 0.9749279121818227312, -0.2225209339563182231, -2.245734522990357500E-16 ) ) ;
#2210 = CARTESIAN_POINT ( 'NONE',  ( 5.497252611103377262, 4.383912669319237843, 1.754688796886731961 ) ) ;
#2211 = VERTEX_POINT ( 'NONE', #73 ) ;
#2212 = DIRECTION ( 'NONE',  ( 0.000000000000000000, -1.000000000000000000, -1.971276677246372258E-16 ) ) ;
#2213 = CARTESIAN_POINT ( 'NONE',  ( -7.500000000000000000, 0.000000000000000000, 0.5833333333333333703 ) ) ;
#2214 = EDGE_CURVE ( 'NONE', #2019, #2194, #2540, .T. ) ;
#2215 = DIRECTION ( 'NONE',  ( -0.9749279121818257288, -0.2225209339563050392, 0.000000000000000000 ) ) ;
#2216 = EDGE_LOOP ( 'NONE', ( #1455, #2066 ) ) ;
#2217 = CARTESIAN_POINT ( 'NONE',  ( 0.000000000000000000, 8.296875000000001776, -3.500000000000004885 ) ) ;
#2218 =( NAMED_UNIT ( * ) SI_UNIT ( $, .STERADIAN. ) SOLID_ANGLE_UNIT ( ) );
#2219 = EDGE_CURVE ( 'NONE', #1445, #780, #1559, .T. ) ;
#2220 = EDGE_LOOP ( 'NONE', ( #2575, #1135 ) ) ;
#2221 = EDGE_LOOP ( 'NONE', ( #3141, #195, #1798, #983 ) ) ;
#2222 = ORIENTED_EDGE ( 'NONE', *, *, #2072, .F. ) ;
#2223 = CARTESIAN_POINT ( 'NONE',  ( -5.497252611103315978, 4.383912669319316002, -4.863079782422180025E-16 ) ) ;
#2224 = SPHERICAL_SURFACE ( 'NONE', #345, 1.816221169466911700 ) ;
#2225 = ORIENTED_EDGE ( 'NONE', *, *, #1041, .T. ) ;
#2226 = DIRECTION ( 'NONE',  ( 0.000000000000000000, 1.836970198721030181E-16, -1.000000000000000000 ) ) ;
#2227 = DIRECTION ( 'NONE',  ( 0.000000000000000000, 0.7352672917972101763, -0.6777772566361283113 ) ) ;
#2228 = CARTESIAN_POINT ( 'NONE',  ( 0.000000000000000000, -4.905380769502011025E-31, 3.500000000000002220 ) ) ;
#2229 = EDGE_LOOP ( 'NONE', ( #1188, #2163, #1793, #1811 ) ) ;
#2230 = DIRECTION ( 'NONE',  ( 1.000000000000000000, 1.224646799147353207E-16, 2.249639673992786959E-32 ) ) ;
#2231 = APPROVAL_STATUS ( 'not_yet_approved' ) ;
#2232 = CIRCLE ( 'NONE', #742, 8.437500000000000000 ) ;
#2233 = DIRECTION ( 'NONE',  ( -0.4338837391175524583, 0.9009688679024218105, 0.000000000000000000 ) ) ;
#2234 = ORIENTED_EDGE ( 'NONE', *, *, #719, .F. ) ;
#2235 = ORIENTED_EDGE ( 'NONE', *, *, #2046, .T. ) ;
#2236 = EDGE_CURVE ( 'NONE', #1266, #818, #3155, .T. ) ;
#2237 = AXIS2_PLACEMENT_3D ( 'NONE', #3091, #2892, #2608 ) ;
#2238 = FACE_OUTER_BOUND ( 'NONE', #564, .T. ) ;
#2239 = AXIS2_PLACEMENT_3D ( 'NONE', #2286, #2032, #2518 ) ;
#2240 = CARTESIAN_POINT ( 'NONE',  ( 0.000000000000000000, 4.762515330017548242E-17, 3.240740740740736925 ) ) ;
#2241 = EDGE_LOOP ( 'NONE', ( #1029, #933, #1590, #2786 ) ) ;
#2242 = ADVANCED_FACE ( 'NONE', ( #455 ), #2639, .T. ) ;
#2243 = AXIS2_PLACEMENT_3D ( 'NONE', #1045, #1059, #1809 ) ;
#2244 = FACE_OUTER_BOUND ( 'NONE', #2078, .T. ) ;
#2245 = VECTOR ( 'NONE', #1944, 1000.000000000000000 ) ;
#2246 = AXIS2_PLACEMENT_3D ( 'NONE', #1758, #1040, #1518 ) ;
#2247 = VECTOR ( 'NONE', #2011, 1000.000000000000000 ) ;
#2248 = AXIS2_PLACEMENT_3D ( 'NONE', #695, #2918, #1182 ) ;
#2249 = DIRECTION ( 'NONE',  ( 0.000000000000000000, -4.240187541924535069E-16, 1.000000000000000000 ) ) ;
#2250 = ORIENTED_EDGE ( 'NONE', *, *, #1773, .F. ) ;
#2251 = CARTESIAN_POINT ( 'NONE',  ( 0.000000000000000000, 8.673617379884035472E-16, -1.301042606982605321E-15 ) ) ;
#2252 = AXIS2_PLACEMENT_3D ( 'NONE', #1052, #2522, #2056 ) ;
#2253 = LINE ( 'NONE', #1132, #2092 ) ;
#2254 = DIRECTION ( 'NONE',  ( -0.000000000000000000, -1.836970198721030181E-16, 1.000000000000000000 ) ) ;
#2255 = AXIS2_PLACEMENT_3D ( 'NONE', #1375, #370, #2321 ) ;
#2256 = ORIENTED_EDGE ( 'NONE', *, *, #2981, .F. ) ;
#2257 = ORIENTED_EDGE ( 'NONE', *, *, #2076, .F. ) ;
#2258 = CARTESIAN_POINT ( 'NONE',  ( -5.497252611103315978, 4.383912669319315114, -4.863079782422180025E-16 ) ) ;
#2259 = ADVANCED_FACE ( 'NONE', ( #1653 ), #1659, .F. ) ;
#2260 = CARTESIAN_POINT ( 'NONE',  ( 3.050745040670311603, -6.334937352438945624, 2.045573997405606193 ) ) ;
#2261 = ORIENTED_EDGE ( 'NONE', *, *, #2219, .F. ) ;
#2262 = DIRECTION ( 'NONE',  ( -0.000000000000000000, -1.836970198721030181E-16, 1.000000000000000000 ) ) ;
#2263 = EDGE_CURVE ( 'NONE', #2745, #724, #2844, .T. ) ;
#2264 = CARTESIAN_POINT ( 'NONE',  ( -6.230219625917048809, 4.968434358561856889, -5.511490420078433553E-16 ) ) ;
#2265 = DIRECTION ( 'NONE',  ( 0.6234898018587431423, 0.7818314824680221431, 2.660847932862993769E-16 ) ) ;
#2266 = EDGE_LOOP ( 'NONE', ( #1827, #3033, #2673, #2494 ) ) ;
#2267 = SPHERICAL_SURFACE ( 'NONE', #2963, 1.816221169466911700 ) ;
#2268 = CARTESIAN_POINT ( 'NONE',  ( 1.669099540922745864E-16, 7.500000000000023981, -1.362923205355893508 ) ) ;
#2269 = CARTESIAN_POINT ( 'NONE',  ( -7.768956800198921542, -1.773213692464305602, 1.754688796886730628 ) ) ;
#2270 = EDGE_LOOP ( 'NONE', ( #91, #540, #1708, #1297 ) ) ;
#2271 = ORIENTED_EDGE ( 'NONE', *, *, #1485, .F. ) ;
#2272 = DIRECTION ( 'NONE',  ( -0.000000000000000000, -1.836970198721030181E-16, 1.000000000000000000 ) ) ;
#2273 = CARTESIAN_POINT ( 'NONE',  ( 0.000000000000000000, 7.500000000000000000, 0.000000000000000000 ) ) ;
#2274 = EDGE_CURVE ( 'NONE', #2751, #1305, #1100, .T. ) ;
#2275 = CARTESIAN_POINT ( 'NONE',  ( 0.000000000000000000, 9.967070035985781382E-31, 3.499999999999993783 ) ) ;
#2276 = FACE_OUTER_BOUND ( 'NONE', #1411, .T. ) ;
#2277 = EDGE_CURVE ( 'NONE', #171, #110, #2796, .T. ) ;
#2278 = FACE_BOUND ( 'NONE', #1123, .T. ) ;
#2279 = ORIENTED_EDGE ( 'NONE', *, *, #763, .T. ) ;
#2280 = ADVANCED_FACE ( 'NONE', ( #1627 ), #2895, .T. ) ;
#2281 = DIRECTION ( 'NONE',  ( 1.000000000000000000, 0.000000000000000000, 1.224646799147353207E-16 ) ) ;
#2282 = CARTESIAN_POINT ( 'NONE',  ( 0.000000000000000000, -6.703124999999990230, 3.461111111111105920 ) ) ;
#2283 = ORIENTED_EDGE ( 'NONE', *, *, #1286, .T. ) ;
#2284 = ORIENTED_EDGE ( 'NONE', *, *, #2366, .T. ) ;
#2285 = AXIS2_PLACEMENT_3D ( 'NONE', #17, #250, #2212 ) ;
#2286 = CARTESIAN_POINT ( 'NONE',  ( 0.000000000000000000, 1.278735366109696152E-15, -3.461111111111117911 ) ) ;
#2287 = DIRECTION ( 'NONE',  ( 8.659560562354911904E-17, -0.7071067811865456854, -0.7071067811865493491 ) ) ;
#2288 = AXIS2_PLACEMENT_3D ( 'NONE', #3189, #2930, #1207 ) ;
#2289 = ORIENTED_EDGE ( 'NONE', *, *, #3119, .F. ) ;
#2290 = CARTESIAN_POINT ( 'NONE',  ( 6.230219625917120752, 4.968434358561769848, 1.754688796886731739 ) ) ;
#2291 = CARTESIAN_POINT ( 'NONE',  ( 0.000000000000000000, 1.238253985804547234E-15, -3.240740740740747139 ) ) ;
#2292 = LOCAL_TIME ( 16, 17, 51.00000000000000000, #1013 ) ;
#2293 = CIRCLE ( 'NONE', #1722, 10.99999999999999467 ) ;
#2294 = CLOSED_SHELL ( 'NONE', ( #917, #960, #1958, #2534, #1900, #1077 ) ) ;
#2295 = FACE_OUTER_BOUND ( 'NONE', #1319, .T. ) ;
#2296 = CIRCLE ( 'NONE', #954, 1.754688796886732183 ) ;
#2297 = EDGE_LOOP ( 'NONE', ( #2473, #1046, #144, #2628 ) ) ;
#2298 = EDGE_CURVE ( 'NONE', #1663, #2688, #2679, .T. ) ;
#2299 = CIRCLE ( 'NONE', #899, 0.03888888888888865358 ) ;
#2300 = CONICAL_SURFACE ( 'NONE', #811, 8.437500000000000000, 0.8260609619241818802 ) ;
#2301 = DIRECTION ( 'NONE',  ( -5.407443734259734363E-17, 4.312292479951140351E-17, 1.000000000000000000 ) ) ;
#2302 = CARTESIAN_POINT ( 'NONE',  ( -5.863736118510185058, 4.676173513940588222, 1.362923205355893064 ) ) ;
#2303 = VERTEX_POINT ( 'NONE', #694 ) ;
#2304 = EDGE_CURVE ( 'NONE', #313, #2194, #172, .T. ) ;
#2305 = VECTOR ( 'NONE', #2677, 1000.000000000000000 ) ;
#2306 = ORIENTED_EDGE ( 'NONE', *, *, #1534, .F. ) ;
#2307 = CIRCLE ( 'NONE', #451, 8.296875000000001776 ) ;
#2308 = DIRECTION ( 'NONE',  ( -0.9749279121818257288, -0.2225209339563050392, -2.245734522990332848E-16 ) ) ;
#2309 = DIRECTION ( 'NONE',  ( 0.000000000000000000, 0.000000000000000000, 1.000000000000000000 ) ) ;
#2310 = EDGE_LOOP ( 'NONE', ( #1233, #2539 ) ) ;
#2311 = DIRECTION ( 'NONE',  ( -0.2225209339563050392, 0.9749279121818257288, 3.015560319726680678E-16 ) ) ;
#2312 = DIRECTION ( 'NONE',  ( 0.000000000000000000, -1.000000000000000000, -2.055968564120660269E-16 ) ) ;
#2313 = AXIS2_PLACEMENT_3D ( 'NONE', #1946, #2206, #982 ) ;
#2314 = CARTESIAN_POINT ( 'NONE',  ( 0.000000000000000000, 0.000000000000000000, 3.499999999999999556 ) ) ;
#2315 = ORIENTED_EDGE ( 'NONE', *, *, #2316, .F. ) ;
#2316 = EDGE_CURVE ( 'NONE', #1237, #2597, #2333, .T. ) ;
#2317 = SPHERICAL_SURFACE ( 'NONE', #3009, 1.816221169466995855 ) ;
#2318 = EDGE_LOOP ( 'NONE', ( #681, #667 ) ) ;
#2319 = EDGE_CURVE ( 'NONE', #1646, #1492, #118, .T. ) ;
#2320 = CARTESIAN_POINT ( 'NONE',  ( -3.254128043381749436, -6.757266509268139210, -2.619017369274902511E-15 ) ) ;
#2321 = DIRECTION ( 'NONE',  ( -0.4338837391175655589, -0.9009688679024155933, -3.492023159033194079E-16 ) ) ;
#2322 = ORIENTED_EDGE ( 'NONE', *, *, #2046, .F. ) ;
#2323 = DIRECTION ( 'NONE',  ( 0.7818314824680310249, 0.6234898018587320401, -6.916380135000597228E-17 ) ) ;
#2324 = CYLINDRICAL_SURFACE ( 'NONE', #961, 7.500000000000000000 ) ;
#2325 = DIRECTION ( 'NONE',  ( -0.4338837391175526803, 0.9009688679024216995, 0.000000000000000000 ) ) ;
#2326 = VERTEX_POINT ( 'NONE', #1885 ) ;
#2327 = DIRECTION ( 'NONE',  ( 0.2225209339563183064, 0.9749279121818227312, 1.790913520579322048E-16 ) ) ;
#2328 = EDGE_LOOP ( 'NONE', ( #206, #2041, #3182, #2872 ) ) ;
#2329 = FACE_OUTER_BOUND ( 'NONE', #1326, .T. ) ;
#2330 = CARTESIAN_POINT ( 'NONE',  ( 0.000000000000000000, 10.65000000000000036, 3.499999999999996891 ) ) ;
#2331 = EDGE_CURVE ( 'NONE', #12, #2926, #2896, .T. ) ;
#2332 = ORIENTED_EDGE ( 'NONE', *, *, #696, .T. ) ;
#2333 = CIRCLE ( 'NONE', #3158, 0.8280933923091543525 ) ;
#2334 = CARTESIAN_POINT ( 'NONE',  ( 3.254128043381653512, -6.757266509268181842, -8.133209509172253665E-14 ) ) ;
#2335 = CC_DESIGN_DATE_AND_TIME_ASSIGNMENT ( #734, #1710, ( #2755 ) ) ;
#2336 = CIRCLE ( 'NONE', #3106, 6.742013888888878981 ) ;
#2337 = CARTESIAN_POINT ( 'NONE',  ( 0.000000000000000000, 3.571886497513123772E-16, 1.555555555555550029 ) ) ;
#2338 = EDGE_LOOP ( 'NONE', ( #1860, #3018, #677, #49 ) ) ;
#2339 = AXIS2_PLACEMENT_3D ( 'NONE', #1874, #655, #2860 ) ;
#2340 = CIRCLE ( 'NONE', #1614, 2.045573997405608857 ) ;
#2341 = CIRCLE ( 'NONE', #704, 6.703124999999989342 ) ;
#2342 = DIRECTION ( 'NONE',  ( 0.4338837391175526248, -0.9009688679024218105, -3.492023159033203447E-16 ) ) ;
#2343 = EDGE_LOOP ( 'NONE', ( #844, #2101 ) ) ;
#2344 = AXIS2_PLACEMENT_3D ( 'NONE', #733, #2951, #755 ) ;
#2345 = AXIS2_PLACEMENT_3D ( 'NONE', #2036, #2504, #795 ) ;
#2346 = AXIS2_PLACEMENT_3D ( 'NONE', #24, #1996, #1781 ) ;
#2347 = DIRECTION ( 'NONE',  ( 0.000000000000000000, -1.000000000000000000, -2.055968564120660762E-16 ) ) ;
#2348 = CIRCLE ( 'NONE', #1070, 8.296875000000000000 ) ;
#2349 = FACE_BOUND ( 'NONE', #2216, .T. ) ;
#2350 = VERTEX_POINT ( 'NONE', #1214 ) ;
#2351 = VECTOR ( 'NONE', #2287, 1000.000000000000000 ) ;
#2352 = CARTESIAN_POINT ( 'NONE',  ( 3.457511046092997198, -7.179595666097424278, -2.782705954854583894E-15 ) ) ;
#2353 = EDGE_CURVE ( 'NONE', #398, #307, #1401, .T. ) ;
#2354 = CARTESIAN_POINT ( 'NONE',  ( -5.863736118510185058, 4.676173513940588222, -5.187285101250309254E-16 ) ) ;
#2355 = EDGE_CURVE ( 'NONE', #659, #1976, #587, .T. ) ;
#2356 = CARTESIAN_POINT ( 'NONE',  ( 0.000000000000000000, 7.143772995026309420E-17, 3.111111111111106275 ) ) ;
#2357 = VERTEX_POINT ( 'NONE', #3142 ) ;
#2358 = FACE_OUTER_BOUND ( 'NONE', #2894, .T. ) ;
#2359 = EDGE_LOOP ( 'NONE', ( #236, #904 ) ) ;
#2360 = DIRECTION ( 'NONE',  ( 0.000000000000000000, 0.000000000000000000, 1.000000000000000000 ) ) ;
#2361 = DIRECTION ( 'NONE',  ( 0.000000000000000000, -1.000000000000000000, -1.940949343750276727E-16 ) ) ;
#2362 = FACE_OUTER_BOUND ( 'NONE', #96, .T. ) ;
#2363 = ORIENTED_EDGE ( 'NONE', *, *, #2827, .T. ) ;
#2364 = DIRECTION ( 'NONE',  ( 0.000000000000000000, 1.000000000000000000, 1.836970198721030181E-16 ) ) ;
#2365 = DIRECTION ( 'NONE',  ( -0.000000000000000000, -1.836970198721030181E-16, 1.000000000000000000 ) ) ;
#2366 = EDGE_CURVE ( 'NONE', #1237, #2569, #2437, .T. ) ;
#2367 = DIRECTION ( 'NONE',  ( 0.9009688679024157043, -0.4338837391175651703, -7.970314984686171682E-17 ) ) ;
#2368 = CARTESIAN_POINT ( 'NONE',  ( 3.050745040670311159, -6.334937352438942959, -2.455328783695236512E-15 ) ) ;
#2369 = ADVANCED_FACE ( 'NONE', ( #2160 ), #1864, .T. ) ;
#2370 = ORIENTED_EDGE ( 'NONE', *, *, #468, .F. ) ;
#2371 = DIRECTION ( 'NONE',  ( 0.000000000000000000, 1.836970198721030181E-16, -1.000000000000000000 ) ) ;
#2372 = ORIENTED_EDGE ( 'NONE', *, *, #2298, .T. ) ;
#2373 = CC_DESIGN_DATE_AND_TIME_ASSIGNMENT ( #721, #2973, ( #1872 ) ) ;
#2374 = FACE_OUTER_BOUND ( 'NONE', #2433, .T. ) ;
#2375 = CARTESIAN_POINT ( 'NONE',  ( 0.000000000000000000, -4.905380769502011025E-31, 3.500000000000002220 ) ) ;
#2376 = DIRECTION ( 'NONE',  ( -0.000000000000000000, -1.836970198721030181E-16, 1.000000000000000000 ) ) ;
#2377 = ORIENTED_EDGE ( 'NONE', *, *, #837, .F. ) ;
#2378 = CARTESIAN_POINT ( 'NONE',  ( -3.254128043381738333, -6.757266509268117893, -2.619017369274893834E-15 ) ) ;
#2379 = SPHERICAL_SURFACE ( 'NONE', #2663, 1.816221169466995855 ) ;
#2380 = DIRECTION ( 'NONE',  ( 0.000000000000000000, -1.000000000000000000, -1.940949343750276480E-16 ) ) ;
#2381 = AXIS2_PLACEMENT_3D ( 'NONE', #2917, #715, #1691 ) ;
#2382 = FACE_OUTER_BOUND ( 'NONE', #1510, .T. ) ;
#2383 = TOROIDAL_SURFACE ( 'NONE', #2544, 7.499999999999999112, 1.816221169466913254 ) ;
#2384 = ORIENTED_EDGE ( 'NONE', *, *, #2277, .F. ) ;
#2385 = EDGE_CURVE ( 'NONE', #1282, #2719, #1300, .T. ) ;
#2386 = AXIS2_PLACEMENT_3D ( 'NONE', #246, #14, #2754 ) ;
#2387 = ORIENTED_EDGE ( 'NONE', *, *, #565, .T. ) ;
#2388 = APPROVAL_PERSON_ORGANIZATION ( #1945, #1805, #239 ) ;
#2389 = AXIS2_PLACEMENT_3D ( 'NONE', #1903, #886, #2149 ) ;
#2390 = DIRECTION ( 'NONE',  ( 0.000000000000000000, -1.000000000000000000, -2.036060417813153886E-16 ) ) ;
#2391 = EDGE_CURVE ( 'NONE', #1121, #2915, #334, .T. ) ;
#2392 = FACE_OUTER_BOUND ( 'NONE', #1902, .T. ) ;
#2393 = FACE_OUTER_BOUND ( 'NONE', #1431, .T. ) ;
#2394 = CIRCLE ( 'NONE', #810, 6.742013888888878093 ) ;
#2395 = AXIS2_PLACEMENT_3D ( 'NONE', #306, #2744, #817 ) ;
#2396 = EDGE_LOOP ( 'NONE', ( #2088, #1802, #618, #1751 ) ) ;
#2397 = AXIS2_PLACEMENT_3D ( 'NONE', #588, #788, #1762 ) ;
#2398 = AXIS2_PLACEMENT_3D ( 'NONE', #2368, #2594, #374 ) ;
#2399 = CARTESIAN_POINT ( 'NONE',  ( 0.000000000000000000, 7.968749999999998224, 1.754688796886732183 ) ) ;
#2400 = DIRECTION ( 'NONE',  ( -0.000000000000000000, -1.836970198721030181E-16, 1.000000000000000000 ) ) ;
#2401 = CLOSED_SHELL ( 'NONE', ( #2788, #357, #3037, #2942, #1021, #1642 ) ) ;
#2402 = ORIENTED_EDGE ( 'NONE', *, *, #2864, .F. ) ;
#2403 = CARTESIAN_POINT ( 'NONE',  ( -3.050745040670399977, -6.334937352438901215, -2.455328783695229018E-15 ) ) ;
#2404 = CIRCLE ( 'NONE', #2767, 5.683778830533085191 ) ;
#2405 = ADVANCED_FACE ( 'NONE', ( #536 ), #557, .T. ) ;
#2406 = DIRECTION ( 'NONE',  ( 1.000000000000000000, 0.000000000000000000, 0.000000000000000000 ) ) ;
#2407 = DIRECTION ( 'NONE',  ( 7.970314984685943651E-17, -3.492023159033204433E-16, 1.000000000000000000 ) ) ;
#2408 = EDGE_LOOP ( 'NONE', ( #2778, #2167 ) ) ;
#2409 = ADVANCED_FACE ( 'NONE', ( #1968 ), #746, .T. ) ;
#2410 = CARTESIAN_POINT ( 'NONE',  ( 0.000000000000000000, -8.437500000000000000, 1.555555555555554248 ) ) ;
#2411 = CARTESIAN_POINT ( 'NONE',  ( 0.000000000000000000, 7.031250000000045297, 0.000000000000000000 ) ) ;
#2412 = CARTESIAN_POINT ( 'NONE',  ( 3.254128043381644630, -6.757266509268163190, -1.816221169466914365 ) ) ;
#2413 = ORIENTED_EDGE ( 'NONE', *, *, #1082, .T. ) ;
#2414 = CARTESIAN_POINT ( 'NONE',  ( 0.000000000000000000, 7.031250000000044409, 1.754688796886732183 ) ) ;
#2415 = ORIENTED_EDGE ( 'NONE', *, *, #2133, .T. ) ;
#2416 = EDGE_CURVE ( 'NONE', #566, #424, #944, .T. ) ;
#2417 = FACE_OUTER_BOUND ( 'NONE', #63, .T. ) ;
#2418 = CARTESIAN_POINT ( 'NONE',  ( -7.311959341363692744, -1.668907004672287808, -1.684300892242749513E-15 ) ) ;
#2419 = ORIENTED_EDGE ( 'NONE', *, *, #2366, .F. ) ;
#2420 = EDGE_CURVE ( 'NONE', #2492, #972, #1349, .T. ) ;
#2421 = DIRECTION ( 'NONE',  ( 0.2225209339563050392, -0.9749279121818257288, -1.790913520579327225E-16 ) ) ;
#2422 = DIRECTION ( 'NONE',  ( 0.000000000000000000, 1.836970198721030181E-16, -1.000000000000000000 ) ) ;
#2423 = CARTESIAN_POINT ( 'NONE',  ( 5.327213576290980325E-16, 4.349999999999994316, 3.500000000000003109 ) ) ;
#2424 = ORIENTED_EDGE ( 'NONE', *, *, #99, .T. ) ;
#2425 = CARTESIAN_POINT ( 'NONE',  ( 0.000000000000000000, -6.703124999999990230, 3.240740740740736037 ) ) ;
#2426 = CARTESIAN_POINT ( 'NONE',  ( 0.000000000000000000, 7.500000000000000000, 0.000000000000000000 ) ) ;
#2427 = EDGE_LOOP ( 'NONE', ( #2261, #2515 ) ) ;
#2428 = CARTESIAN_POINT ( 'NONE',  ( 0.000000000000000000, 1.238253985804547234E-15, -3.240740740740746251 ) ) ;
#2429 = ORIENTED_EDGE ( 'NONE', *, *, #2549, .F. ) ;
#2430 = CARTESIAN_POINT ( 'NONE',  ( -5.863736118510165518, 4.676173513940574011, -5.187285101250292491E-16 ) ) ;
#2431 = ADVANCED_FACE ( 'NONE', ( #1723 ), #317, .F. ) ;
#2432 = CARTESIAN_POINT ( 'NONE',  ( 8.208960575534588428E-16, 6.703124999999989342, 3.500000000000000888 ) ) ;
#2433 = EDGE_LOOP ( 'NONE', ( #2826, #1520, #1314, #834 ) ) ;
#2434 = DIRECTION ( 'NONE',  ( 0.000000000000000000, -1.000000000000000000, -2.055968564120660762E-16 ) ) ;
#2435 = ADVANCED_FACE ( 'NONE', ( #66 ), #1002, .F. ) ;
#2436 = CARTESIAN_POINT ( 'NONE',  ( 5.497252611103379039, 4.383912669319237843, -2.045573997405608857 ) ) ;
#2437 = CIRCLE ( 'NONE', #1974, 2.045573997405608857 ) ;
#2438 = DIRECTION ( 'NONE',  ( 0.000000000000000000, -2.471554327831025469E-16, 1.000000000000000000 ) ) ;
#2439 = ORIENTED_EDGE ( 'NONE', *, *, #2102, .F. ) ;
#2440 = CIRCLE ( 'NONE', #431, 10.99999999999999467 ) ;
#2441 = FACE_BOUND ( 'NONE', #2318, .T. ) ;
#2442 = VECTOR ( 'NONE', #1599, 1000.000000000000000 ) ;
#2443 = CALENDAR_DATE ( 2026, 18, 1 ) ;
#2444 = ORIENTED_EDGE ( 'NONE', *, *, #1383, .F. ) ;
#2445 = ORIENTED_EDGE ( 'NONE', *, *, #2200, .T. ) ;
#2446 = EDGE_LOOP ( 'NONE', ( #1608, #758 ) ) ;
#2447 = LINE ( 'NONE', #762, #1402 ) ;
#2448 = CIRCLE ( 'NONE', #2554, 2.045573997405609301 ) ;
#2449 = FACE_OUTER_BOUND ( 'NONE', #494, .T. ) ;
#2450 = ORIENTED_EDGE ( 'NONE', *, *, #2549, .T. ) ;
#2451 = AXIS2_PLACEMENT_3D ( 'NONE', #670, #427, #1405 ) ;
#2452 = CIRCLE ( 'NONE', #2398, 1.754688796886732183 ) ;
#2453 = EDGE_CURVE ( 'NONE', #1650, #3054, #1453, .T. ) ;
#2454 = CYLINDRICAL_SURFACE ( 'NONE', #2285, 10.99999999999999645 ) ;
#2455 = CYLINDRICAL_SURFACE ( 'NONE', #2711, 7.500000000000000000 ) ;
#2456 = VECTOR ( 'NONE', #2591, 1000.000000000000114 ) ;
#2457 = ADVANCED_FACE ( 'NONE', ( #2712 ), #2454, .T. ) ;
#2458 = CIRCLE ( 'NONE', #92, 6.742013888888878093 ) ;
#2459 = CARTESIAN_POINT ( 'NONE',  ( 7.768956800198900225, -1.773213692464410851, -1.789569698007941288E-15 ) ) ;
#2460 = ORIENTED_EDGE ( 'NONE', *, *, #608, .T. ) ;
#2461 = PLANE ( 'NONE',  #2344 ) ;
#2462 = MECHANICAL_CONTEXT ( 'NONE', #1068, 'mechanical' ) ;
#2463 = CARTESIAN_POINT ( 'NONE',  ( 3.050745040670311159, -6.334937352438943847, 2.045573997405606637 ) ) ;
#2464 = ORIENTED_EDGE ( 'NONE', *, *, #3181, .T. ) ;
#2465 = EDGE_LOOP ( 'NONE', ( #1439, #2940, #2800, #298 ) ) ;
#2466 = DIRECTION ( 'NONE',  ( 0.000000000000000000, 0.000000000000000000, 1.000000000000000000 ) ) ;
#2467 = CARTESIAN_POINT ( 'NONE',  ( 0.000000000000000000, -8.437500000000000000, 3.499999999999997780 ) ) ;
#2468 = ORIENTED_EDGE ( 'NONE', *, *, #7, .T. ) ;
#2469 = CARTESIAN_POINT ( 'NONE',  ( 0.000000000000000000, 0.000000000000000000, 3.499999999999999556 ) ) ;
#2470 = DIRECTION ( 'NONE',  ( -0.000000000000000000, -1.836970198721030181E-16, 1.000000000000000000 ) ) ;
#2471 = ADVANCED_FACE ( 'NONE', ( #508 ), #1483, .T. ) ;
#2472 = LINE ( 'NONE', #937, #1674 ) ;
#2473 = ORIENTED_EDGE ( 'NONE', *, *, #293, .T. ) ;
#2474 = EDGE_CURVE ( 'NONE', #1810, #1644, #2491, .T. ) ;
#2475 = DIRECTION ( 'NONE',  ( 0.000000000000000000, -2.471554327831025469E-16, 1.000000000000000000 ) ) ;
#2476 = APPROVAL_ROLE ( '' ) ;
#2477 = DIRECTION ( 'NONE',  ( 0.9009688679024218105, 0.4338837391175525138, 7.970314984685942419E-17 ) ) ;
#2478 = EDGE_LOOP ( 'NONE', ( #531, #1597, #2613, #867 ) ) ;
#2479 = CC_DESIGN_PERSON_AND_ORGANIZATION_ASSIGNMENT ( #1475, #2684, ( #346 ) ) ;
#2480 = ORIENTED_EDGE ( 'NONE', *, *, #678, .F. ) ;
#2481 = DIRECTION ( 'NONE',  ( -0.7818314824680221431, 0.6234898018587431423, -6.916380135000390152E-17 ) ) ;
#2482 = DIRECTION ( 'NONE',  ( 0.000000000000000000, -1.836970198721030181E-16, 1.000000000000000000 ) ) ;
#2483 = VERTEX_POINT ( 'NONE', #2503 ) ;
#2484 = CARTESIAN_POINT ( 'NONE',  ( 0.000000000000000000, 7.143772995026863472E-18, 3.461111111111107252 ) ) ;
#2485 = CARTESIAN_POINT ( 'NONE',  ( 0.000000000000000000, 7.968749999999996447, 1.754688796886732183 ) ) ;
#2486 = CARTESIAN_POINT ( 'NONE',  ( 0.000000000000000000, 10.65000000000000036, 3.499999999999996003 ) ) ;
#2487 = ORIENTED_EDGE ( 'NONE', *, *, #2026, .T. ) ;
#2488 = SPHERICAL_SURFACE ( 'NONE', #1726, 1.816221169466995855 ) ;
#2489 = ADVANCED_FACE ( 'NONE', ( #2244 ), #538, .T. ) ;
#2490 = DIRECTION ( 'NONE',  ( -0.6234898018587319291, 0.7818314824680310249, 1.436201133715656339E-16 ) ) ;
#2491 = CIRCLE ( 'NONE', #1919, 6.703124999999989342 ) ;
#2492 = VERTEX_POINT ( 'NONE', #793 ) ;
#2493 = VERTEX_POINT ( 'NONE', #767 ) ;
#2494 = ORIENTED_EDGE ( 'NONE', *, *, #3004, .F. ) ;
#2495 = AXIS2_PLACEMENT_3D ( 'NONE', #3030, #1071, #2097 ) ;
#2496 = EDGE_CURVE ( 'NONE', #3065, #1047, #379, .T. ) ;
#2497 = CARTESIAN_POINT ( 'NONE',  ( 0.000000000000000000, 8.296875000000001776, 3.499999999999997780 ) ) ;
#2498 = CIRCLE ( 'NONE', #1868, 7.968750000000003553 ) ;
#2499 = FACE_OUTER_BOUND ( 'NONE', #248, .T. ) ;
#2500 = AXIS2_PLACEMENT_3D ( 'NONE', #2426, #95, #3049 ) ;
#2501 = ORIENTED_EDGE ( 'NONE', *, *, #678, .T. ) ;
#2502 = CIRCLE ( 'NONE', #183, 1.754688796886732183 ) ;
#2503 = CARTESIAN_POINT ( 'NONE',  ( 1.347111479062088010E-15, 10.99999999999999645, -3.150000000000003908 ) ) ;
#2504 = DIRECTION ( 'NONE',  ( -0.000000000000000000, -0.000000000000000000, -1.000000000000000000 ) ) ;
#2505 = AXIS2_PLACEMENT_3D ( 'NONE', #1875, #1173, #2106 ) ;
#2506 = AXIS2_PLACEMENT_3D ( 'NONE', #3130, #1133, #1629 ) ;
#2507 = CIRCLE ( 'NONE', #1415, 0.8280933923091542415 ) ;
#2508 = CIRCLE ( 'NONE', #187, 0.8280933923091543525 ) ;
#2509 = FACE_OUTER_BOUND ( 'NONE', #2682, .T. ) ;
#2510 = ORIENTED_EDGE ( 'NONE', *, *, #859, .F. ) ;
#2511 = LINE ( 'NONE', #2746, #1880 ) ;
#2512 = AXIS2_PLACEMENT_3D ( 'NONE', #3012, #815, #2789 ) ;
#2513 = SPHERICAL_SURFACE ( 'NONE', #442, 1.816221169466911700 ) ;
#2514 = CYLINDRICAL_SURFACE ( 'NONE', #1775, 8.437500000000000000 ) ;
#2515 = ORIENTED_EDGE ( 'NONE', *, *, #188, .F. ) ;
#2516 = ADVANCED_FACE ( 'NONE', ( #1497, #40 ), #2982, .T. ) ;
#2517 = ORIENTED_EDGE ( 'NONE', *, *, #2604, .F. ) ;
#2518 = DIRECTION ( 'NONE',  ( 0.000000000000000000, -1.000000000000000000, -2.090815488936264551E-16 ) ) ;
#2519 = FACE_BOUND ( 'NONE', #964, .T. ) ;
#2520 = ADVANCED_FACE ( 'NONE', ( #2760, #329 ), #3076, .T. ) ;
#2521 = DIRECTION ( 'NONE',  ( -0.000000000000000000, -1.836970198721030181E-16, 1.000000000000000000 ) ) ;
#2522 = DIRECTION ( 'NONE',  ( -0.000000000000000000, -1.836970198721030181E-16, 1.000000000000000000 ) ) ;
#2523 = PRODUCT_RELATED_PRODUCT_CATEGORY ( 'detail', '', ( #346 ) ) ;
#2524 = DIRECTION ( 'NONE',  ( -0.000000000000000000, -1.836970198721030181E-16, 1.000000000000000000 ) ) ;
#2525 = EDGE_LOOP ( 'NONE', ( #1841, #1479, #2730, #822 ) ) ;
#2526 = DIRECTION ( 'NONE',  ( -0.7818314824680221431, 0.6234898018587431423, -6.916380135000390152E-17 ) ) ;
#2527 = DIRECTION ( 'NONE',  ( 0.9749279121818227312, -0.2225209339563183064, -2.245734522990358486E-16 ) ) ;
#2528 = EDGE_LOOP ( 'NONE', ( #831, #3090 ) ) ;
#2529 = ORIENTED_EDGE ( 'NONE', *, *, #111, .F. ) ;
#2530 = CARTESIAN_POINT ( 'NONE',  ( -5.497252611103316866, 4.383912669319315114, -2.045573997405608857 ) ) ;
#2531 = CARTESIAN_POINT ( 'NONE',  ( 0.000000000000000000, -4.905380769502011025E-31, 3.500000000000002220 ) ) ;
#2532 = ADVANCED_FACE ( 'NONE', ( #2776 ), #1836, .T. ) ;
#2533 = CARTESIAN_POINT ( 'NONE',  ( 0.000000000000000000, 0.000000000000000000, 3.499999999999999556 ) ) ;
#2534 = ADVANCED_FACE ( 'NONE', ( #2055, #840 ), #570, .F. ) ;
#2535 = CARTESIAN_POINT ( 'NONE',  ( 3.254128043381644630, -6.757266509268164967, 1.816221169466909036 ) ) ;
#2536 = ORIENTED_EDGE ( 'NONE', *, *, #1984, .F. ) ;
#2537 = DIRECTION ( 'NONE',  ( -0.000000000000000000, -1.836970198721030181E-16, 1.000000000000000000 ) ) ;
#2538 = ORIENTED_EDGE ( 'NONE', *, *, #582, .F. ) ;
#2539 = ORIENTED_EDGE ( 'NONE', *, *, #2784, .T. ) ;
#2540 = CIRCLE ( 'NONE', #1769, 2.045573997405609301 ) ;
#2541 = DIRECTION ( 'NONE',  ( 0.7818314824680310249, 0.6234898018587320401, 0.000000000000000000 ) ) ;
#2542 = ADVANCED_FACE ( 'NONE', ( #1345 ), #890, .T. ) ;
#2543 = CARTESIAN_POINT ( 'NONE',  ( 0.000000000000000000, 8.673617379884035472E-16, -1.523465551155737132E-15 ) ) ;
#2544 = AXIS2_PLACEMENT_3D ( 'NONE', #2001, #999, #1271 ) ;
#2545 = VERTEX_POINT ( 'NONE', #1579 ) ;
#2546 = DIRECTION ( 'NONE',  ( -1.000000000000000000, 0.000000000000000000, 0.000000000000000000 ) ) ;
#2547 = AXIS2_PLACEMENT_3D ( 'NONE', #1315, #2308, #1588 ) ;
#2548 = DIRECTION ( 'NONE',  ( 0.000000000000000000, 0.000000000000000000, 1.000000000000000000 ) ) ;
#2549 = EDGE_CURVE ( 'NONE', #2483, #1265, #2440, .T. ) ;
#2550 = APPROVAL_PERSON_ORGANIZATION ( #2701, #2178, #2476 ) ;
#2551 = AXIS2_PLACEMENT_3D ( 'NONE', #1611, #1645, #2598 ) ;
#2552 = AXIS2_PLACEMENT_3D ( 'NONE', #2330, #2065, #596 ) ;
#2553 = CARTESIAN_POINT ( 'NONE',  ( 5.497252611103378150, 4.383912669319237843, 2.045573997405608857 ) ) ;
#2554 = AXIS2_PLACEMENT_3D ( 'NONE', #2008, #1776, #2249 ) ;
#2555 = ORIENTED_EDGE ( 'NONE', *, *, #787, .F. ) ;
#2556 = EDGE_CURVE ( 'NONE', #1735, #1047, #2590, .T. ) ;
#2557 = CIRCLE ( 'NONE', #1469, 10.99999999999999645 ) ;
#2558 = AXIS2_PLACEMENT_3D ( 'NONE', #2533, #41, #782 ) ;
#2559 = CARTESIAN_POINT ( 'NONE',  ( 0.000000000000000000, 0.000000000000000000, 3.499999999999999556 ) ) ;
#2560 = ORIENTED_EDGE ( 'NONE', *, *, #1147, .F. ) ;
#2561 = CIRCLE ( 'NONE', #2968, 3.999999999999999112 ) ;
#2562 = AXIS2_PLACEMENT_3D ( 'NONE', #1509, #1022, #1789 ) ;
#2563 = CARTESIAN_POINT ( 'NONE',  ( 0.000000000000000000, 0.000000000000000000, 3.499999999999999556 ) ) ;
#2564 = DIRECTION ( 'NONE',  ( 0.000000000000000000, -2.120093770962268028E-16, 1.000000000000000000 ) ) ;
#2565 = VERTEX_POINT ( 'NONE', #348 ) ;
#2566 = CYLINDRICAL_SURFACE ( 'NONE', #174, 10.99999999999999645 ) ;
#2567 = CARTESIAN_POINT ( 'NONE',  ( 0.000000000000000000, -7.499999999999998224, -2.678770256023377710E-15 ) ) ;
#2568 = DIRECTION ( 'NONE',  ( -0.4338837391175653924, -0.9009688679024155933, 0.000000000000000000 ) ) ;
#2569 = VERTEX_POINT ( 'NONE', #615 ) ;
#2570 = EDGE_CURVE ( 'NONE', #240, #2672, #2336, .T. ) ;
#2571 = CARTESIAN_POINT ( 'NONE',  ( 5.863736118510232131, 4.676173513940490523, -1.816221169466912144 ) ) ;
#2572 = VERTEX_POINT ( 'NONE', #1334 ) ;
#2573 = DIRECTION ( 'NONE',  ( 3.239321168470270762E-18, -3.891453047654830223E-16, 1.000000000000000000 ) ) ;
#2574 = PLANE ( 'NONE',  #2552 ) ;
#2575 = ORIENTED_EDGE ( 'NONE', *, *, #255, .F. ) ;
#2576 = DIRECTION ( 'NONE',  ( 0.000000000000000000, -1.000000000000000000, -1.971276677246372258E-16 ) ) ;
#2577 = CARTESIAN_POINT ( 'NONE',  ( 0.000000000000000000, 4.762515330017548242E-17, 3.240740740740736925 ) ) ;
#2578 = CARTESIAN_POINT ( 'NONE',  ( -5.497252611103315978, 4.383912669319315114, 1.754688796886731961 ) ) ;
#2579 = ORIENTED_EDGE ( 'NONE', *, *, #661, .T. ) ;
#2580 = DIRECTION ( 'NONE',  ( 0.000000000000000000, 1.836970198721030181E-16, -1.000000000000000000 ) ) ;
#2581 = VERTEX_POINT ( 'NONE', #385 ) ;
#2582 = ADVANCED_FACE ( 'NONE', ( #600 ), #2566, .T. ) ;
#2583 = LINE ( 'NONE', #1423, #2442 ) ;
#2584 = CARTESIAN_POINT ( 'NONE',  ( 0.000000000000000000, 7.500000000000000000, -1.816221169466911700 ) ) ;
#2585 = DIRECTION ( 'NONE',  ( -0.000000000000000000, -1.836970198721030181E-16, 1.000000000000000000 ) ) ;
#2586 = ORIENTED_EDGE ( 'NONE', *, *, #3056, .T. ) ;
#2587 = EDGE_CURVE ( 'NONE', #1656, #879, #23, .T. ) ;
#2588 = AXIS2_PLACEMENT_3D ( 'NONE', #1535, #988, #1038 ) ;
#2589 = DIRECTION ( 'NONE',  ( -0.000000000000000000, -1.836970198721030181E-16, 1.000000000000000000 ) ) ;
#2590 = CIRCLE ( 'NONE', #3001, 1.816221169466995855 ) ;
#2591 = DIRECTION ( 'NONE',  ( 9.004427354171964309E-17, 0.7352672917972099542, 0.6777772566361285334 ) ) ;
#2592 = AXIS2_PLACEMENT_3D ( 'NONE', #1092, #1295, #2783 ) ;
#2593 = CARTESIAN_POINT ( 'NONE',  ( 3.050745040670311603, -6.334937352438943847, 1.754688796886729740 ) ) ;
#2594 = DIRECTION ( 'NONE',  ( 0.4338837391175526248, -0.9009688679024218105, -3.492023159033203447E-16 ) ) ;
#2595 = CIRCLE ( 'NONE', #287, 2.045573997405609301 ) ;
#2596 = AXIS2_PLACEMENT_3D ( 'NONE', #2302, #833, #3022 ) ;
#2597 = VERTEX_POINT ( 'NONE', #84 ) ;
#2598 = DIRECTION ( 'NONE',  ( 0.000000000000000000, -1.000000000000000000, -1.836970198721030181E-16 ) ) ;
#2599 = VERTEX_POINT ( 'NONE', #145 ) ;
#2600 = CIRCLE ( 'NONE', #295, 8.437499999999998224 ) ;
#2601 = CIRCLE ( 'NONE', #2909, 6.562499999999988454 ) ;
#2602 = DIRECTION ( 'NONE',  ( -0.000000000000000000, -0.000000000000000000, -1.000000000000000000 ) ) ;
#2603 = CIRCLE ( 'NONE', #1578, 0.03888888888888865358 ) ;
#2604 = EDGE_CURVE ( 'NONE', #926, #403, #2642, .T. ) ;
#2605 = DIRECTION ( 'NONE',  ( 0.000000000000000000, -1.000000000000000000, -1.982541115402067822E-16 ) ) ;
#2606 = ORIENTED_EDGE ( 'NONE', *, *, #582, .T. ) ;
#2607 = AXIS2_PLACEMENT_3D ( 'NONE', #613, #2585, #1589 ) ;
#2608 = DIRECTION ( 'NONE',  ( -1.436201133715640315E-16, -6.916380135000390152E-17, 1.000000000000000000 ) ) ;
#2609 = EDGE_CURVE ( 'NONE', #1658, #2752, #1151, .T. ) ;
#2610 = CARTESIAN_POINT ( 'NONE',  ( 0.000000000000000000, -8.296875000000000000, 3.499999999999997780 ) ) ;
#2611 = CARTESIAN_POINT ( 'NONE',  ( 0.000000000000000000, 4.762515330017543928E-17, 3.240740740740737369 ) ) ;
#2612 = DIRECTION ( 'NONE',  ( 0.000000000000000000, 1.836970198721030181E-16, -1.000000000000000000 ) ) ;
#2613 = ORIENTED_EDGE ( 'NONE', *, *, #935, .T. ) ;
#2614 = FACE_BOUND ( 'NONE', #2220, .T. ) ;
#2615 = ORIENTED_EDGE ( 'NONE', *, *, #37, .T. ) ;
#2616 = FACE_OUTER_BOUND ( 'NONE', #518, .T. ) ;
#2617 = CARTESIAN_POINT ( 'NONE',  ( 0.000000000000000000, -10.99999999999999645, 3.499999999999997335 ) ) ;
#2618 = DIRECTION ( 'NONE',  ( -0.000000000000000000, -1.836970198721030181E-16, 1.000000000000000000 ) ) ;
#2619 = ORIENTED_EDGE ( 'NONE', *, *, #1544, .T. ) ;
#2620 = DIRECTION ( 'NONE',  ( 0.4338837391175653924, 0.9009688679024157043, 0.000000000000000000 ) ) ;
#2621 = CARTESIAN_POINT ( 'NONE',  ( -5.497252611103315978, 4.383912669319315114, 2.045573997405607969 ) ) ;
#2622 = EDGE_CURVE ( 'NONE', #1069, #2211, #2753, .T. ) ;
#2623 = CARTESIAN_POINT ( 'NONE',  ( 6.854961882528484374, -1.564600316880372377, -1.579032086477605069E-15 ) ) ;
#2624 = CARTESIAN_POINT ( 'NONE',  ( 7.311959341363694520, -1.668907004672391947, -1.362923205355895284 ) ) ;
#2625 = EDGE_LOOP ( 'NONE', ( #2941, #3154, #77, #1541 ) ) ;
#2626 = ADVANCED_FACE ( 'NONE', ( #1849 ), #1604, .F. ) ;
#2627 = DIRECTION ( 'NONE',  ( 0.000000000000000000, -4.943108655662050939E-16, 1.000000000000000000 ) ) ;
#2628 = ORIENTED_EDGE ( 'NONE', *, *, #1821, .F. ) ;
#2629 = DIRECTION ( 'NONE',  ( -0.000000000000000000, -1.836970198721030181E-16, 1.000000000000000000 ) ) ;
#2630 = CARTESIAN_POINT ( 'NONE',  ( 0.000000000000000000, 0.000000000000000000, 3.499999999999999556 ) ) ;
#2631 = FACE_OUTER_BOUND ( 'NONE', #2782, .T. ) ;
#2632 = ORIENTED_EDGE ( 'NONE', *, *, #2960, .T. ) ;
#2633 = ADVANCED_FACE ( 'NONE', ( #1558 ), #231, .T. ) ;
#2634 = CARTESIAN_POINT ( 'NONE',  ( 0.000000000000000000, 1.278735366109696152E-15, -3.461111111111117911 ) ) ;
#2635 = CARTESIAN_POINT ( 'NONE',  ( 0.000000000000000000, 7.500000000000020428, -7.871307772244762191E-14 ) ) ;
#2636 = VERTEX_POINT ( 'NONE', #672 ) ;
#2637 = DIRECTION ( 'NONE',  ( 0.4338837391175653924, 0.9009688679024155933, 0.000000000000000000 ) ) ;
#2638 = APPROVAL_PERSON_ORGANIZATION ( #9, #1603, #257 ) ;
#2639 = TOROIDAL_SURFACE ( 'NONE', #2031, 1.362923205355893508, 0.8280933923091545745 ) ;
#2640 = DIRECTION ( 'NONE',  ( -0.9749279121818257288, -0.2225209339563050392, -2.245734522990332848E-16 ) ) ;
#2641 = EDGE_CURVE ( 'NONE', #1266, #2029, #1771, .T. ) ;
#2642 = CIRCLE ( 'NONE', #1053, 4.349999999999994316 ) ;
#2643 = EDGE_LOOP ( 'NONE', ( #611, #1594, #852, #1684 ) ) ;
#2644 = CLOSED_SHELL ( 'NONE', ( #1344, #977 ) ) ;
#2645 = AXIS2_PLACEMENT_3D ( 'NONE', #1830, #1283, #2541 ) ;
#2646 = CARTESIAN_POINT ( 'NONE',  ( 0.000000000000000000, 1.221585182149486101E-15, -3.150000000000006128 ) ) ;
#2647 = ORIENTED_EDGE ( 'NONE', *, *, #1587, .T. ) ;
#2648 = EDGE_CURVE ( 'NONE', #463, #1759, #1513, .T. ) ;
#2649 = EDGE_CURVE ( 'NONE', #2572, #171, #2676, .T. ) ;
#2650 = AXIS2_PLACEMENT_3D ( 'NONE', #547, #2537, #61 ) ;
#2651 = DIRECTION ( 'NONE',  ( -1.000000000000000000, 0.000000000000000000, 0.000000000000000000 ) ) ;
#2652 = ORIENTED_EDGE ( 'NONE', *, *, #3181, .F. ) ;
#2653 = CARTESIAN_POINT ( 'NONE',  ( -7.500000000000000000, 0.000000000000000000, 0.5833333333333333703 ) ) ;
#2654 = AXIS2_PLACEMENT_3D ( 'NONE', #939, #774, #1959 ) ;
#2655 = CIRCLE ( 'NONE', #2902, 2.045573997405608857 ) ;
#2656 = ORIENTED_EDGE ( 'NONE', *, *, #1211, .T. ) ;
#2657 = AXIS2_PLACEMENT_3D ( 'NONE', #514, #1489, #1246 ) ;
#2658 = CIRCLE ( 'NONE', #87, 1.754688796886732183 ) ;
#2659 = CARTESIAN_POINT ( 'NONE',  ( 0.000000000000000000, -10.64999999999999680, -3.500000000000006217 ) ) ;
#2660 = DIRECTION ( 'NONE',  ( -0.000000000000000000, 1.000000000000000000, -0.000000000000000000 ) ) ;
#2661 = CLOSED_SHELL ( 'NONE', ( #1745, #2743 ) ) ;
#2662 = VERTEX_POINT ( 'NONE', #197 ) ;
#2663 = AXIS2_PLACEMENT_3D ( 'NONE', #2334, #2098, #1640 ) ;
#2664 = DIRECTION ( 'NONE',  ( -0.000000000000000000, -1.836970198721030181E-16, 1.000000000000000000 ) ) ;
#2665 = CIRCLE ( 'NONE', #139, 1.816221169466913254 ) ;
#2666 = CARTESIAN_POINT ( 'NONE',  ( -3.254128043381747659, -6.757266509268135657, -8.133209509172252403E-14 ) ) ;
#2667 = DIRECTION ( 'NONE',  ( -0.000000000000000000, -1.836970198721030181E-16, 1.000000000000000000 ) ) ;
#2668 = EDGE_LOOP ( 'NONE', ( #1577, #1796, #2632, #2997 ) ) ;
#2669 = ADVANCED_FACE ( 'NONE', ( #640 ), #2698, .T. ) ;
#2670 = PLANE ( 'NONE',  #1779 ) ;
#2671 = DIRECTION ( 'NONE',  ( 1.000000000000000000, 0.000000000000000000, 0.000000000000000000 ) ) ;
#2672 = VERTEX_POINT ( 'NONE', #430 ) ;
#2673 = ORIENTED_EDGE ( 'NONE', *, *, #2845, .T. ) ;
#2674 = DIRECTION ( 'NONE',  ( -0.000000000000000000, -1.836970198721030181E-16, 1.000000000000000000 ) ) ;
#2675 = EDGE_LOOP ( 'NONE', ( #1556, #777 ) ) ;
#2676 = LINE ( 'NONE', #3139, #2950 ) ;
#2677 = DIRECTION ( 'NONE',  ( 0.000000000000000000, -0.7352672917972123967, 0.6777772566361259798 ) ) ;
#2678 = ORIENTED_EDGE ( 'NONE', *, *, #2648, .T. ) ;
#2679 = LINE ( 'NONE', #675, #2695 ) ;
#2680 = DIRECTION ( 'NONE',  ( -1.760023401269585079E-16, -2.381072978524626888E-16, 1.000000000000000000 ) ) ;
#2681 = DIRECTION ( 'NONE',  ( 0.000000000000000000, -1.000000000000000000, -1.993935029858401608E-16 ) ) ;
#2682 = EDGE_LOOP ( 'NONE', ( #1694, #1103, #1137, #2289 ) ) ;
#2683 = CARTESIAN_POINT ( 'NONE',  ( 4.898587196589412829E-16, 4.000000000000000000, 3.150000000000003464 ) ) ;
#2684 = PERSON_AND_ORGANIZATION_ROLE ( 'design_owner' ) ;
#2685 = PLANE ( 'NONE',  #791 ) ;
#2686 = EDGE_LOOP ( 'NONE', ( #941, #1493, #2740, #2906 ) ) ;
#2687 = EDGE_CURVE ( 'NONE', #1663, #395, #3105, .T. ) ;
#2688 = VERTEX_POINT ( 'NONE', #1142 ) ;
#2689 = FACE_BOUND ( 'NONE', #808, .T. ) ;
#2690 = ORIENTED_EDGE ( 'NONE', *, *, #389, .T. ) ;
#2691 = ADVANCED_FACE ( 'NONE', ( #1623, #1638 ), #3152, .T. ) ;
#2692 = DIRECTION ( 'NONE',  ( 0.000000000000000000, -4.775639402127149569E-16, 1.000000000000000000 ) ) ;
#2693 = SPHERICAL_SURFACE ( 'NONE', #394, 1.816221169466995855 ) ;
#2694 =( GEOMETRIC_REPRESENTATION_CONTEXT ( 3 ) GLOBAL_UNCERTAINTY_ASSIGNED_CONTEXT ( ( #3040 ) ) GLOBAL_UNIT_ASSIGNED_CONTEXT ( ( #1973, #2923, #2218 ) ) REPRESENTATION_CONTEXT ( 'NONE', 'WORKASPACE' ) );
#2695 = VECTOR ( 'NONE', #1936, 1000.000000000000000 ) ;
#2696 = DIRECTION ( 'NONE',  ( 0.9009688679024155933, -0.4338837391175656144, -7.970314984686185240E-17 ) ) ;
#2697 = VERTEX_POINT ( 'NONE', #1429 ) ;
#2698 = TOROIDAL_SURFACE ( 'NONE', #1980, 8.257986111111113914, 0.03888888888888890338 ) ;
#2699 = CARTESIAN_POINT ( 'NONE',  ( 6.230219625917122528, 4.968434358561771624, 2.045573997405609745 ) ) ;
#2700 = AXIS2_PLACEMENT_3D ( 'NONE', #1788, #1330, #1341 ) ;
#2701 = PERSON_AND_ORGANIZATION ( #903, #80 ) ;
#2702 = CARTESIAN_POINT ( 'NONE',  ( 3.457511046092995866, -7.179595666097419837, -1.754688796886813895 ) ) ;
#2703 = ORIENTED_EDGE ( 'NONE', *, *, #1871, .F. ) ;
#2704 = CIRCLE ( 'NONE', #2037, 1.816221169466995411 ) ;
#2705 = ORIENTED_EDGE ( 'NONE', *, *, #2604, .T. ) ;
#2706 = DIRECTION ( 'NONE',  ( -0.4338837391175651703, -0.9009688679024157043, -3.492023159033192107E-16 ) ) ;
#2707 = EDGE_CURVE ( 'NONE', #2029, #1737, #1820, .T. ) ;
#2708 = VECTOR ( 'NONE', #524, 1000.000000000000000 ) ;
#2709 = CARTESIAN_POINT ( 'NONE',  ( 0.000000000000000000, 1.238253985804547234E-15, -3.240740740740747139 ) ) ;
#2710 = EDGE_LOOP ( 'NONE', ( #2030, #576, #1427, #164 ) ) ;
#2711 = AXIS2_PLACEMENT_3D ( 'NONE', #2714, #509, #473 ) ;
#2712 = FACE_OUTER_BOUND ( 'NONE', #2297, .T. ) ;
#2713 = ADVANCED_FACE ( 'NONE', ( #159 ), #1303, .T. ) ;
#2714 = CARTESIAN_POINT ( 'NONE',  ( 0.000000000000000000, 0.000000000000000000, 0.5833333333333333703 ) ) ;
#2715 = AXIS2_PLACEMENT_3D ( 'NONE', #280, #1257, #1097 ) ;
#2716 = AXIS2_PLACEMENT_3D ( 'NONE', #2136, #2618, #464 ) ;
#2717 = EDGE_CURVE ( 'NONE', #2879, #2303, #1716, .T. ) ;
#2718 = CARTESIAN_POINT ( 'NONE',  ( 0.000000000000000000, 5.597233900875404198E-31, 3.499999999999996003 ) ) ;
#2719 = VERTEX_POINT ( 'NONE', #894 ) ;
#2720 = FACE_OUTER_BOUND ( 'NONE', #1785, .T. ) ;
#2721 = CALENDAR_DATE ( 2026, 18, 1 ) ;
#2722 = DIRECTION ( 'NONE',  ( 0.9009688679024157043, -0.4338837391175651703, -7.970314984686171682E-17 ) ) ;
#2723 = VERTEX_POINT ( 'NONE', #2659 ) ;
#2724 = EDGE_LOOP ( 'NONE', ( #1895, #157, #2283, #360 ) ) ;
#2725 = ORIENTED_EDGE ( 'NONE', *, *, #418, .T. ) ;
#2726 = DIRECTION ( 'NONE',  ( 0.000000000000000000, 0.000000000000000000, 1.000000000000000000 ) ) ;
#2727 = FACE_OUTER_BOUND ( 'NONE', #375, .T. ) ;
#2728 = ADVANCED_FACE ( 'NONE', ( #3127, #1882 ), #2913, .T. ) ;
#2729 = FACE_OUTER_BOUND ( 'NONE', #3098, .T. ) ;
#2730 = ORIENTED_EDGE ( 'NONE', *, *, #1118, .T. ) ;
#2731 = CARTESIAN_POINT ( 'NONE',  ( 1.304248841091931063E-15, 10.65000000000000036, -3.500000000000001776 ) ) ;
#2732 = EDGE_CURVE ( 'NONE', #2158, #2723, #2898, .T. ) ;
#2733 = DIRECTION ( 'NONE',  ( -0.000000000000000000, -1.836970198721030181E-16, 1.000000000000000000 ) ) ;
#2734 = COORDINATED_UNIVERSAL_TIME_OFFSET ( 6, 0, .BEHIND. ) ;
#2735 = DIRECTION ( 'NONE',  ( -0.6234898018587319291, 0.7818314824680311359, 1.436201133715656585E-16 ) ) ;
#2736 = ORIENTED_EDGE ( 'NONE', *, *, #68, .F. ) ;
#2737 = ORIENTED_EDGE ( 'NONE', *, *, #2924, .F. ) ;
#2738 = DIRECTION ( 'NONE',  ( 0.000000000000000000, -4.240187541924535069E-16, 1.000000000000000000 ) ) ;
#2739 = DIRECTION ( 'NONE',  ( -0.7818314824680221431, 0.6234898018587431423, -6.916380135000390152E-17 ) ) ;
#2740 = ORIENTED_EDGE ( 'NONE', *, *, #2316, .T. ) ;
#2741 = DIRECTION ( 'NONE',  ( -0.4338837391175651703, -0.9009688679024157043, -3.492023159033192107E-16 ) ) ;
#2742 = DIRECTION ( 'NONE',  ( 0.000000000000000000, -1.000000000000000000, -1.836970198721030181E-16 ) ) ;
#2743 = ADVANCED_FACE ( 'NONE', ( #2417 ), #2846, .T. ) ;
#2744 = DIRECTION ( 'NONE',  ( 0.7818314824680221431, -0.6234898018587431423, 6.916380135000390152E-17 ) ) ;
#2745 = VERTEX_POINT ( 'NONE', #915 ) ;
#2746 = CARTESIAN_POINT ( 'NONE',  ( -7.968750000000003553, 0.000000000000000000, 0.5833333333333333703 ) ) ;
#2747 = CARTESIAN_POINT ( 'NONE',  ( -7.768956800198924206, -1.773213692464306490, 2.045573997405607969 ) ) ;
#2748 = ADVANCED_FACE ( 'NONE', ( #210 ), #3160, .T. ) ;
#2749 = AXIS2_PLACEMENT_3D ( 'NONE', #1914, #898, #435 ) ;
#2750 = CARTESIAN_POINT ( 'NONE',  ( 2.505105648341836060E-16, 7.968750000000000000, -2.045573997405609301 ) ) ;
#2751 = VERTEX_POINT ( 'NONE', #1861 ) ;
#2752 = VERTEX_POINT ( 'NONE', #1896 ) ;
#2753 = CIRCLE ( 'NONE', #74, 1.816221169466995189 ) ;
#2754 = DIRECTION ( 'NONE',  ( -3.239321168470730288E-18, -3.891453047654818390E-16, 1.000000000000000000 ) ) ;
#2755 = PRODUCT_DEFINITION ( 'UNKNOWN', '', #1817, #142 ) ;
#2756 = VECTOR ( 'NONE', #2629, 1000.000000000000000 ) ;
#2757 = CARTESIAN_POINT ( 'NONE',  ( 0.000000000000000000, 1.238253985804547234E-15, -3.240740740740747139 ) ) ;
#2758 = AXIS2_PLACEMENT_3D ( 'NONE', #757, #2477, #2233 ) ;
#2759 = CONICAL_SURFACE ( 'NONE', #1989, 4.349999999999994316, 0.7853981633974408405 ) ;
#2760 = FACE_OUTER_BOUND ( 'NONE', #3103, .T. ) ;
#2761 = CARTESIAN_POINT ( 'NONE',  ( 7.311959341363694520, -1.668907004672392169, -1.684300892242773573E-15 ) ) ;
#2762 = CIRCLE ( 'NONE', #2808, 1.816221169466911256 ) ;
#2763 = CIRCLE ( 'NONE', #1066, 8.257986111111113914 ) ;
#2764 = AXIS2_PLACEMENT_3D ( 'NONE', #2291, #85, #3031 ) ;
#2765 = DIRECTION ( 'NONE',  ( 0.000000000000000000, -0.7352672917972101763, 0.6777772566361283113 ) ) ;
#2766 = ORIENTED_EDGE ( 'NONE', *, *, #2732, .F. ) ;
#2767 = AXIS2_PLACEMENT_3D ( 'NONE', #2543, #100, #624 ) ;
#2768 = DIRECTION ( 'NONE',  ( -0.000000000000000000, -1.836970198721030181E-16, 1.000000000000000000 ) ) ;
#2769 = SPHERICAL_SURFACE ( 'NONE', #2189, 1.816221169466911700 ) ;
#2770 = ORIENTED_EDGE ( 'NONE', *, *, #331, .F. ) ;
#2771 = ORIENTED_EDGE ( 'NONE', *, *, #1595, .T. ) ;
#2772 = ADVANCED_FACE ( 'NONE', ( #224, #3175 ), #778, .T. ) ;
#2773 = CARTESIAN_POINT ( 'NONE',  ( 6.854961882528484374, -1.564600316880372821, 1.754688796886730628 ) ) ;
#2774 = CARTESIAN_POINT ( 'NONE',  ( -5.497252611103315978, 4.383912669319315114, -4.863079782422180025E-16 ) ) ;
#2775 = EDGE_CURVE ( 'NONE', #659, #1644, #2447, .T. ) ;
#2776 = FACE_OUTER_BOUND ( 'NONE', #133, .T. ) ;
#2777 = DIRECTION ( 'NONE',  ( 0.4338837391175526248, -0.9009688679024218105, -3.492023159033203447E-16 ) ) ;
#2778 = ORIENTED_EDGE ( 'NONE', *, *, #1288, .F. ) ;
#2779 = DIRECTION ( 'NONE',  ( -0.4338837391175651703, -0.9009688679024157043, -3.492023159033192107E-16 ) ) ;
#2780 = CARTESIAN_POINT ( 'NONE',  ( 1.033295736780579390E-15, 8.437500000000000000, 3.500000000000001332 ) ) ;
#2781 = ORIENTED_EDGE ( 'NONE', *, *, #2214, .T. ) ;
#2782 = EDGE_LOOP ( 'NONE', ( #2905, #1076, #2372, #484 ) ) ;
#2783 = DIRECTION ( 'NONE',  ( 1.000000000000000000, 0.000000000000000000, 0.000000000000000000 ) ) ;
#2784 = EDGE_CURVE ( 'NONE', #1765, #943, #589, .T. ) ;
#2785 = SPHERICAL_SURFACE ( 'NONE', #1477, 1.816221169466911700 ) ;
#2786 = ORIENTED_EDGE ( 'NONE', *, *, #569, .T. ) ;
#2787 = DIRECTION ( 'NONE',  ( 0.6234898018587320401, -0.7818314824680309139, 0.000000000000000000 ) ) ;
#2788 = ADVANCED_FACE ( 'NONE', ( #2238 ), #747, .T. ) ;
#2789 = DIRECTION ( 'NONE',  ( 0.000000000000000000, 1.000000000000000000, 0.000000000000000000 ) ) ;
#2790 = DIRECTION ( 'NONE',  ( 0.000000000000000000, -2.120093770962268028E-16, 1.000000000000000000 ) ) ;
#2791 = VERTEX_POINT ( 'NONE', #1239 ) ;
#2792 = DIRECTION ( 'NONE',  ( -0.000000000000000000, -1.836970198721030181E-16, 1.000000000000000000 ) ) ;
#2793 = FACE_OUTER_BOUND ( 'NONE', #2408, .T. ) ;
#2794 = ORIENTED_EDGE ( 'NONE', *, *, #1118, .F. ) ;
#2795 = EDGE_LOOP ( 'NONE', ( #806, #2402 ) ) ;
#2796 = CIRCLE ( 'NONE', #1051, 6.703124999999990230 ) ;
#2797 = DIRECTION ( 'NONE',  ( 0.000000000000000000, 0.000000000000000000, 1.000000000000000000 ) ) ;
#2798 = DIRECTION ( 'NONE',  ( -1.000000000000000000, 0.000000000000000000, -0.000000000000000000 ) ) ;
#2799 = AXIS2_PLACEMENT_3D ( 'NONE', #1739, #726, #969 ) ;
#2800 = ORIENTED_EDGE ( 'NONE', *, *, #804, .T. ) ;
#2801 = ADVANCED_FACE ( 'NONE', ( #1950 ), #2383, .F. ) ;
#2802 = CARTESIAN_POINT ( 'NONE',  ( 0.000000000000000000, 1.221585182149486101E-15, -3.150000000000006128 ) ) ;
#2803 = VECTOR ( 'NONE', #836, 1000.000000000000000 ) ;
#2804 = DIRECTION ( 'NONE',  ( -0.2225209339563050392, 0.9749279121818257288, 1.790913520579327225E-16 ) ) ;
#2805 = LOCAL_TIME ( 16, 17, 51.00000000000000000, #1490 ) ;
#2806 = VECTOR ( 'NONE', #575, 1000.000000000000000 ) ;
#2807 = EDGE_CURVE ( 'NONE', #665, #448, #1866, .T. ) ;
#2808 = AXIS2_PLACEMENT_3D ( 'NONE', #1892, #1923, #155 ) ;
#2809 = CARTESIAN_POINT ( 'NONE',  ( 0.000000000000000000, 6.429395695523667755E-17, 3.149999999999995914 ) ) ;
#2810 = TOROIDAL_SURFACE ( 'NONE', #237, 1.362923205355893508, 0.8280933923091545745 ) ;
#2811 = ORIENTED_EDGE ( 'NONE', *, *, #872, .F. ) ;
#2812 = CIRCLE ( 'NONE', #857, 1.754688796886732183 ) ;
#2813 = CIRCLE ( 'NONE', #2141, 6.562499999999991118 ) ;
#2814 = CARTESIAN_POINT ( 'NONE',  ( 3.050745040670311159, -6.334937352438942071, -1.754688796886813451 ) ) ;
#2815 = EDGE_LOOP ( 'NONE', ( #1904, #649, #2949, #591 ) ) ;
#2816 = CIRCLE ( 'NONE', #3071, 1.816221169466911700 ) ;
#2817 = AXIS2_PLACEMENT_3D ( 'NONE', #1067, #812, #534 ) ;
#2818 = CARTESIAN_POINT ( 'NONE',  ( 7.968750000000003553, 9.758904180705476840E-16, 0.5833333333333333703 ) ) ;
#2819 = DIRECTION ( 'NONE',  ( 0.000000000000000000, 0.000000000000000000, 1.000000000000000000 ) ) ;
#2820 = ORIENTED_EDGE ( 'NONE', *, *, #120, .T. ) ;
#2821 = CARTESIAN_POINT ( 'NONE',  ( 3.254128043381655289, -6.757266509268185395, -2.619017369274910794E-15 ) ) ;
#2822 = CARTESIAN_POINT ( 'NONE',  ( -3.254128043381749436, -6.757266509268138321, -1.362923205355896172 ) ) ;
#2823 = EDGE_LOOP ( 'NONE', ( #1228, #1823, #3149, #2250 ) ) ;
#2824 = EDGE_CURVE ( 'NONE', #117, #2211, #2126, .T. ) ;
#2825 = SPHERICAL_SURFACE ( 'NONE', #1666, 1.816221169466995855 ) ;
#2826 = ORIENTED_EDGE ( 'NONE', *, *, #2038, .F. ) ;
#2827 = EDGE_CURVE ( 'NONE', #2545, #586, #1003, .T. ) ;
#2828 = DIRECTION ( 'NONE',  ( -0.9009688679024157043, 0.4338837391175651703, 7.970314984686171682E-17 ) ) ;
#2829 = CARTESIAN_POINT ( 'NONE',  ( -7.311959341363713172, -1.668907004672292249, -8.039737861469037162E-14 ) ) ;
#2830 = ORIENTED_EDGE ( 'NONE', *, *, #1595, .F. ) ;
#2831 = CARTESIAN_POINT ( 'NONE',  ( 0.000000000000000000, 0.000000000000000000, 3.499999999999999556 ) ) ;
#2832 = DIRECTION ( 'NONE',  ( -0.9749279121818257288, -0.2225209339563049837, 0.000000000000000000 ) ) ;
#2833 = EDGE_CURVE ( 'NONE', #943, #1765, #2595, .T. ) ;
#2834 = DIRECTION ( 'NONE',  ( 0.9749279121818227312, -0.2225209339563182509, 0.000000000000000000 ) ) ;
#2835 = ORIENTED_EDGE ( 'NONE', *, *, #353, .T. ) ;
#2836 = ADVANCED_FACE ( 'NONE', ( #2958 ), #434, .T. ) ;
#2837 = DIRECTION ( 'NONE',  ( 0.7818314824680219211, -0.6234898018587434754, 0.000000000000000000 ) ) ;
#2838 = EDGE_LOOP ( 'NONE', ( #1269, #1564 ) ) ;
#2839 = ADVANCED_FACE ( 'NONE', ( #2017 ), #692, .F. ) ;
#2840 = DIRECTION ( 'NONE',  ( 0.000000000000000000, -1.000000000000000000, -1.940949343750276480E-16 ) ) ;
#2841 = CARTESIAN_POINT ( 'NONE',  ( 0.000000000000000000, 6.703124999999990230, -3.240740740740744918 ) ) ;
#2842 = CARTESIAN_POINT ( 'NONE',  ( -6.854961882528506578, -1.564600316880279784, -1.579032086477587911E-15 ) ) ;
#2843 = VERTEX_POINT ( 'NONE', #985 ) ;
#2844 = CIRCLE ( 'NONE', #632, 8.437499999999998224 ) ;
#2845 = EDGE_CURVE ( 'NONE', #1492, #1966, #1774, .T. ) ;
#2846 = SPHERICAL_SURFACE ( 'NONE', #1457, 1.816221169466911700 ) ;
#2847 = AXIS2_PLACEMENT_3D ( 'NONE', #404, #2867, #945 ) ;
#2848 = PLANE ( 'NONE',  #2912 ) ;
#2849 = AXIS2_PLACEMENT_3D ( 'NONE', #2943, #2706, #2738 ) ;
#2850 = CARTESIAN_POINT ( 'NONE',  ( 0.000000000000000000, -8.437500000000000000, 3.499999999999997780 ) ) ;
#2851 = CARTESIAN_POINT ( 'NONE',  ( 6.854961882528485262, -1.564600316880372377, -2.045573997405610633 ) ) ;
#2852 = CIRCLE ( 'NONE', #493, 1.816221169466911700 ) ;
#2853 = ORIENTED_EDGE ( 'NONE', *, *, #1695, .F. ) ;
#2854 = AXIS2_PLACEMENT_3D ( 'NONE', #539, #1325, #2070 ) ;
#2855 = CARTESIAN_POINT ( 'NONE',  ( 0.000000000000000000, 1.285879139104722211E-15, -3.500000000000006661 ) ) ;
#2856 = ORIENTED_EDGE ( 'NONE', *, *, #763, .F. ) ;
#2857 = CLOSED_SHELL ( 'NONE', ( #2532, #151 ) ) ;
#2858 = CIRCLE ( 'NONE', #392, 8.437500000000000000 ) ;
#2859 = AXIS2_PLACEMENT_3D ( 'NONE', #3159, #952, #2406 ) ;
#2860 = DIRECTION ( 'NONE',  ( 0.000000000000000000, -2.387819701063574785E-16, 1.000000000000000000 ) ) ;
#2861 = DIRECTION ( 'NONE',  ( -0.000000000000000000, -1.836970198721030181E-16, 1.000000000000000000 ) ) ;
#2862 = AXIS2_PLACEMENT_3D ( 'NONE', #198, #2400, #2944 ) ;
#2863 = CARTESIAN_POINT ( 'NONE',  ( 0.000000000000000000, 4.349999999999994316, 3.500000000000003997 ) ) ;
#2864 = EDGE_CURVE ( 'NONE', #2915, #1121, #802, .T. ) ;
#2865 = EDGE_LOOP ( 'NONE', ( #3075, #1150 ) ) ;
#2866 = CIRCLE ( 'NONE', #1024, 8.437500000000000000 ) ;
#2867 = DIRECTION ( 'NONE',  ( 0.7818314824680310249, 0.6234898018587320401, -6.916380135000594763E-17 ) ) ;
#2868 = DIRECTION ( 'NONE',  ( -0.000000000000000000, -1.836970198721030181E-16, 1.000000000000000000 ) ) ;
#2869 = EDGE_CURVE ( 'NONE', #818, #1266, #1208, .T. ) ;
#2870 = CARTESIAN_POINT ( 'NONE',  ( 0.000000000000000000, 7.500000000000023981, 0.000000000000000000 ) ) ;
#2871 = CARTESIAN_POINT ( 'NONE',  ( 0.000000000000000000, 5.597233900875404198E-31, 3.499999999999996003 ) ) ;
#2872 = ORIENTED_EDGE ( 'NONE', *, *, #1780, .F. ) ;
#2873 = DIRECTION ( 'NONE',  ( 0.9009688679024218105, 0.4338837391175526248, 7.970314984685944884E-17 ) ) ;
#2874 = ORIENTED_EDGE ( 'NONE', *, *, #1216, .T. ) ;
#2875 = EDGE_CURVE ( 'NONE', #2986, #2597, #386, .T. ) ;
#2876 = CARTESIAN_POINT ( 'NONE',  ( 1.033295736780579390E-15, 8.437500000000000000, 3.500000000000001332 ) ) ;
#2877 = CARTESIAN_POINT ( 'NONE',  ( 0.000000000000000000, 1.285879139104722211E-15, -3.500000000000006661 ) ) ;
#2878 = DIRECTION ( 'NONE',  ( 0.000000000000000000, -1.000000000000000000, -1.940949343750276727E-16 ) ) ;
#2879 = VERTEX_POINT ( 'NONE', #2992 ) ;
#2880 = DIRECTION ( 'NONE',  ( 0.000000000000000000, -1.000000000000000000, -2.036060417813154133E-16 ) ) ;
#2881 = ADVANCED_FACE ( 'NONE', ( #533, #2689 ), #1508, .F. ) ;
#2882 = SPHERICAL_SURFACE ( 'NONE', #605, 1.816221169466995855 ) ;
#2883 = ADVANCED_FACE ( 'NONE', ( #326 ), #1083, .T. ) ;
#2884 = CARTESIAN_POINT ( 'NONE',  ( 0.000000000000000000, -6.562499999999985789, -1.555555555555553582 ) ) ;
#2885 = ORIENTED_EDGE ( 'NONE', *, *, #2981, .T. ) ;
#2886 = CARTESIAN_POINT ( 'NONE',  ( 0.000000000000000000, 1.278735366109696152E-15, -3.461111111111118799 ) ) ;
#2887 = ORIENTED_EDGE ( 'NONE', *, *, #408, .F. ) ;
#2888 = CARTESIAN_POINT ( 'NONE',  ( 0.000000000000000000, 6.742013888888878981, 3.461111111111108585 ) ) ;
#2889 = CARTESIAN_POINT ( 'NONE',  ( 0.000000000000000000, 1.214441409154459844E-15, -3.111111111111116490 ) ) ;
#2890 = ORIENTED_EDGE ( 'NONE', *, *, #1499, .F. ) ;
#2891 = ORIENTED_EDGE ( 'NONE', *, *, #2319, .F. ) ;
#2892 = DIRECTION ( 'NONE',  ( -0.7818314824680221431, 0.6234898018587431423, -6.916380135000390152E-17 ) ) ;
#2893 = DIRECTION ( 'NONE',  ( -0.000000000000000000, -1.836970198721030181E-16, 1.000000000000000000 ) ) ;
#2894 = EDGE_LOOP ( 'NONE', ( #2058, #629, #3186, #2887 ) ) ;
#2895 = SPHERICAL_SURFACE ( 'NONE', #72, 1.816221169466911700 ) ;
#2896 = CIRCLE ( 'NONE', #1712, 1.754688796886732183 ) ;
#2897 = EDGE_CURVE ( 'NONE', #2211, #117, #78, .T. ) ;
#2898 = CIRCLE ( 'NONE', #1660, 10.64999999999999858 ) ;
#2899 = AXIS2_PLACEMENT_3D ( 'NONE', #1846, #2828, #1048 ) ;
#2900 = DIRECTION ( 'NONE',  ( 0.000000000000000000, 0.000000000000000000, 1.000000000000000000 ) ) ;
#2901 = ORIENTED_EDGE ( 'NONE', *, *, #1327, .F. ) ;
#2902 = AXIS2_PLACEMENT_3D ( 'NONE', #332, #784, #2790 ) ;
#2903 = DIRECTION ( 'NONE',  ( 0.000000000000000000, -1.000000000000000000, -1.971276677246372258E-16 ) ) ;
#2904 = CYLINDRICAL_SURFACE ( 'NONE', #25, 6.562499999999990230 ) ;
#2905 = ORIENTED_EDGE ( 'NONE', *, *, #37, .F. ) ;
#2906 = ORIENTED_EDGE ( 'NONE', *, *, #2875, .F. ) ;
#2907 = CARTESIAN_POINT ( 'NONE',  ( 0.000000000000000000, 1.285879139104722211E-15, -3.500000000000006661 ) ) ;
#2908 = AXIS2_PLACEMENT_3D ( 'NONE', #59, #1521, #1043 ) ;
#2909 = AXIS2_PLACEMENT_3D ( 'NONE', #2337, #1347, #1593 ) ;
#2910 = ORIENTED_EDGE ( 'NONE', *, *, #89, .F. ) ;
#2911 = CIRCLE ( 'NONE', #2657, 0.03888888888888865358 ) ;
#2912 = AXIS2_PLACEMENT_3D ( 'NONE', #3077, #856, #113 ) ;
#2913 = PLANE ( 'NONE',  #285 ) ;
#2914 = DIRECTION ( 'NONE',  ( -0.000000000000000000, -1.836970198721030181E-16, 1.000000000000000000 ) ) ;
#2915 = VERTEX_POINT ( 'NONE', #2530 ) ;
#2916 = AXIS2_PLACEMENT_3D ( 'NONE', #896, #2868, #740 ) ;
#2917 = CARTESIAN_POINT ( 'NONE',  ( -3.254128043381749436, -6.757266509268139210, -2.619017369274902511E-15 ) ) ;
#2918 = DIRECTION ( 'NONE',  ( -0.2225209339563050392, 0.9749279121818257288, 2.327952075824541886E-16 ) ) ;
#2919 = EDGE_CURVE ( 'NONE', #428, #1425, #1005, .T. ) ;
#2920 = CARTESIAN_POINT ( 'NONE',  ( 5.497252611103378150, 4.383912669319237843, -4.863079782422323992E-16 ) ) ;
#2921 = EDGE_LOOP ( 'NONE', ( #2619, #864 ) ) ;
#2922 = DIRECTION ( 'NONE',  ( -0.000000000000000000, -1.836970198721030181E-16, 1.000000000000000000 ) ) ;
#2923 =( NAMED_UNIT ( * ) PLANE_ANGLE_UNIT ( ) SI_UNIT ( $, .RADIAN. ) );
#2924 = EDGE_CURVE ( 'NONE', #1305, #2751, #2129, .T. ) ;
#2925 = ORIENTED_EDGE ( 'NONE', *, *, #2975, .F. ) ;
#2926 = VERTEX_POINT ( 'NONE', #2773 ) ;
#2927 = FACE_OUTER_BOUND ( 'NONE', #1385, .T. ) ;
#2928 = EDGE_CURVE ( 'NONE', #463, #283, #824, .T. ) ;
#2929 = ORIENTED_EDGE ( 'NONE', *, *, #421, .F. ) ;
#2930 = DIRECTION ( 'NONE',  ( -0.9749279121818257288, -0.2225209339563050392, -2.245734522990332848E-16 ) ) ;
#2931 = CARTESIAN_POINT ( 'NONE',  ( 0.000000000000000000, 7.968750000000000000, 0.000000000000000000 ) ) ;
#2932 = VERTEX_POINT ( 'NONE', #809 ) ;
#2933 = DIRECTION ( 'NONE',  ( -0.000000000000000000, -1.836970198721030181E-16, 1.000000000000000000 ) ) ;
#2934 = DIRECTION ( 'NONE',  ( 0.9749279121818227312, -0.2225209339563182231, -2.245734522990357500E-16 ) ) ;
#2935 = CARTESIAN_POINT ( 'NONE',  ( -5.863736118510165518, 4.676173513940574011, -1.816221169466912144 ) ) ;
#2936 = EDGE_LOOP ( 'NONE', ( #2439, #2501, #701, #736 ) ) ;
#2937 = EDGE_CURVE ( 'NONE', #1759, #463, #2498, .T. ) ;
#2938 = CARTESIAN_POINT ( 'NONE',  ( 0.000000000000000000, 7.143772995026863472E-18, 3.461111111111107252 ) ) ;
#2939 = ORIENTED_EDGE ( 'NONE', *, *, #639, .F. ) ;
#2940 = ORIENTED_EDGE ( 'NONE', *, *, #2807, .F. ) ;
#2941 = ORIENTED_EDGE ( 'NONE', *, *, #1916, .F. ) ;
#2942 = ADVANCED_FACE ( 'NONE', ( #2329, #64 ), #2052, .T. ) ;
#2943 = CARTESIAN_POINT ( 'NONE',  ( -3.457511046093097562, -7.179595666097375428, -2.782705954854575216E-15 ) ) ;
#2944 = DIRECTION ( 'NONE',  ( 0.000000000000000000, -1.000000000000000000, -1.940949343750276480E-16 ) ) ;
#2945 = ORIENTED_EDGE ( 'NONE', *, *, #1466, .T. ) ;
#2946 = DIRECTION ( 'NONE',  ( 0.000000000000000000, -1.000000000000000000, -2.036060417813153886E-16 ) ) ;
#2947 = AXIS2_PLACEMENT_3D ( 'NONE', #2268, #2281, #391 ) ;
#2948 = DIRECTION ( 'NONE',  ( 0.000000000000000000, -1.000000000000000000, -1.982541115402067822E-16 ) ) ;
#2949 = ORIENTED_EDGE ( 'NONE', *, *, #2496, .T. ) ;
#2950 = VECTOR ( 'NONE', #173, 1000.000000000000000 ) ;
#2951 = DIRECTION ( 'NONE',  ( 0.000000000000000000, 0.000000000000000000, 1.000000000000000000 ) ) ;
#2952 = CIRCLE ( 'NONE', #1565, 3.999999999999999112 ) ;
#2953 = DATE_AND_TIME ( #1200, #341 ) ;
#2954 = DIRECTION ( 'NONE',  ( 0.000000000000000000, 0.000000000000000000, 1.000000000000000000 ) ) ;
#2955 = EDGE_LOOP ( 'NONE', ( #1844, #3165 ) ) ;
#2956 = CIRCLE ( 'NONE', #1568, 8.257986111111112137 ) ;
#2957 = VERTEX_POINT ( 'NONE', #358 ) ;
#2958 = FACE_OUTER_BOUND ( 'NONE', #535, .T. ) ;
#2959 = AXIS2_PLACEMENT_3D ( 'NONE', #2314, #1259, #3032 ) ;
#2960 = EDGE_CURVE ( 'NONE', #3029, #1253, #3006, .T. ) ;
#2961 = FACE_OUTER_BOUND ( 'NONE', #1095, .T. ) ;
#2962 = ORIENTED_EDGE ( 'NONE', *, *, #188, .T. ) ;
#2963 = AXIS2_PLACEMENT_3D ( 'NONE', #1278, #1761, #2025 ) ;
#2964 = CIRCLE ( 'NONE', #3068, 1.754688796886732183 ) ;
#2965 = CARTESIAN_POINT ( 'NONE',  ( 0.000000000000000000, 1.238253985804547234E-15, -3.240740740740746251 ) ) ;
#2966 = EDGE_CURVE ( 'NONE', #2697, #2050, #865, .T. ) ;
#2967 = CARTESIAN_POINT ( 'NONE',  ( 3.457511046092997198, -7.179595666097424278, -2.782705954854583894E-15 ) ) ;
#2968 = AXIS2_PLACEMENT_3D ( 'NONE', #1932, #1702, #932 ) ;
#2969 = AXIS2_PLACEMENT_3D ( 'NONE', #2979, #1272, #1800 ) ;
#2970 = FACE_OUTER_BOUND ( 'NONE', #2838, .T. ) ;
#2971 = ORIENTED_EDGE ( 'NONE', *, *, #181, .F. ) ;
#2972 = DIRECTION ( 'NONE',  ( 0.000000000000000000, 0.000000000000000000, 1.000000000000000000 ) ) ;
#2973 = DATE_TIME_ROLE ( 'classification_date' ) ;
#2974 = CARTESIAN_POINT ( 'NONE',  ( 0.000000000000000000, 7.031250000000044409, 0.000000000000000000 ) ) ;
#2975 = EDGE_CURVE ( 'NONE', #728, #3029, #1258, .T. ) ;
#2976 = VERTEX_POINT ( 'NONE', #340 ) ;
#2977 = EDGE_LOOP ( 'NONE', ( #2234, #772 ) ) ;
#2978 = DIRECTION ( 'NONE',  ( 0.000000000000000000, 0.000000000000000000, 1.000000000000000000 ) ) ;
#2979 = CARTESIAN_POINT ( 'NONE',  ( 0.000000000000000000, 0.000000000000000000, 3.499999999999999556 ) ) ;
#2980 = ORIENTED_EDGE ( 'NONE', *, *, #2102, .T. ) ;
#2981 = EDGE_CURVE ( 'NONE', #2194, #2019, #1515, .T. ) ;
#2982 = PLANE ( 'NONE',  #1350 ) ;
#2983 = FACE_OUTER_BOUND ( 'NONE', #344, .T. ) ;
#2984 = ADVANCED_FACE ( 'NONE', ( #98 ), #1610, .T. ) ;
#2985 = DIRECTION ( 'NONE',  ( 0.000000000000000000, -1.000000000000000000, -1.993935029858401608E-16 ) ) ;
#2986 = VERTEX_POINT ( 'NONE', #369 ) ;
#2987 = LINE ( 'NONE', #2731, #1323 ) ;
#2988 = DIRECTION ( 'NONE',  ( 0.4338837391175526248, -0.9009688679024218105, -3.492023159033203447E-16 ) ) ;
#2989 = DIRECTION ( 'NONE',  ( -0.9009688679024157043, 0.4338837391175651703, 2.021678297615970499E-16 ) ) ;
#2990 = EDGE_LOOP ( 'NONE', ( #2536, #614, #1472, #241 ) ) ;
#2991 = ORIENTED_EDGE ( 'NONE', *, *, #439, .T. ) ;
#2992 = CARTESIAN_POINT ( 'NONE',  ( -3.254128043381738333, -6.757266509268117005, -1.816221169466914365 ) ) ;
#2993 = CARTESIAN_POINT ( 'NONE',  ( 0.000000000000000000, -6.562499999999990230, -3.500000000000007105 ) ) ;
#2994 = FACE_OUTER_BOUND ( 'NONE', #3124, .T. ) ;
#2995 = MANIFOLD_SOLID_BREP ( 'Revolve4', #1668 ) ;
#2996 = DIRECTION ( 'NONE',  ( 0.000000000000000000, 0.000000000000000000, 1.000000000000000000 ) ) ;
#2997 = ORIENTED_EDGE ( 'NONE', *, *, #1056, .F. ) ;
#2998 = ADVANCED_FACE ( 'NONE', ( #3007 ), #3057, .T. ) ;
#2999 = AXIS2_PLACEMENT_3D ( 'NONE', #1195, #161, #2123 ) ;
#3000 = CARTESIAN_POINT ( 'NONE',  ( 0.000000000000000000, 9.286904893534099818E-16, -1.555555555555556468 ) ) ;
#3001 = AXIS2_PLACEMENT_3D ( 'NONE', #1113, #2546, #3055 ) ;
#3002 = CARTESIAN_POINT ( 'NONE',  ( 7.311959341363669651, -1.668907004672386618, -1.684300892242768051E-15 ) ) ;
#3003 = ORIENTED_EDGE ( 'NONE', *, *, #459, .F. ) ;
#3004 = EDGE_CURVE ( 'NONE', #166, #1966, #2188, .T. ) ;
#3005 = VERTEX_POINT ( 'NONE', #3051 ) ;
#3006 = CIRCLE ( 'NONE', #848, 1.754688796886732183 ) ;
#3007 = FACE_OUTER_BOUND ( 'NONE', #1036, .T. ) ;
#3008 = DIRECTION ( 'NONE',  ( 0.000000000000000000, 1.000000000000000000, 0.000000000000000000 ) ) ;
#3009 = AXIS2_PLACEMENT_3D ( 'NONE', #105, #1090, #323 ) ;
#3010 = CIRCLE ( 'NONE', #1011, 0.8280933923091546855 ) ;
#3011 = DIRECTION ( 'NONE',  ( 0.2225209339563183064, 0.9749279121818227312, 1.790913520579322048E-16 ) ) ;
#3012 = CARTESIAN_POINT ( 'NONE',  ( 0.000000000000000000, 7.500000000000000000, 0.000000000000000000 ) ) ;
#3013 = CIRCLE ( 'NONE', #1522, 2.045573997405608857 ) ;
#3014 = CIRCLE ( 'NONE', #39, 6.562499999999991118 ) ;
#3015 = MANIFOLD_SOLID_BREP ( 'CirPattern1[8]', #2401 ) ;
#3016 = AXIS2_PLACEMENT_3D ( 'NONE', #558, #67, #2312 ) ;
#3017 = PLANE ( 'NONE',  #697 ) ;
#3018 = ORIENTED_EDGE ( 'NONE', *, *, #3125, .T. ) ;
#3019 = CIRCLE ( 'NONE', #1628, 2.045573997405608857 ) ;
#3020 = EDGE_CURVE ( 'NONE', #2879, #2303, #339, .T. ) ;
#3021 = DIRECTION ( 'NONE',  ( 0.000000000000000000, -2.120093770962267535E-16, 1.000000000000000000 ) ) ;
#3022 = DIRECTION ( 'NONE',  ( 0.7818314824680222541, -0.6234898018587430313, 0.000000000000000000 ) ) ;
#3023 = EDGE_LOOP ( 'NONE', ( #2830, #928 ) ) ;
#3024 = ORIENTED_EDGE ( 'NONE', *, *, #408, .T. ) ;
#3025 = EDGE_CURVE ( 'NONE', #2697, #2843, #622, .T. ) ;
#3026 = CARTESIAN_POINT ( 'NONE',  ( 6.230219625917119863, 4.968434358561768960, -5.511490420078596255E-16 ) ) ;
#3027 = DIRECTION ( 'NONE',  ( 0.6234898018587320401, -0.7818314824680309139, 0.000000000000000000 ) ) ;
#3028 = MANIFOLD_SOLID_BREP ( 'Boss-Extrude1', #2294 ) ;
#3029 = VERTEX_POINT ( 'NONE', #924 ) ;
#3030 = CARTESIAN_POINT ( 'NONE',  ( 0.000000000000000000, 0.000000000000000000, 0.5833333333333333703 ) ) ;
#3031 = DIRECTION ( 'NONE',  ( 0.000000000000000000, -1.000000000000000000, -2.090815488936264551E-16 ) ) ;
#3032 = DIRECTION ( 'NONE',  ( 0.000000000000000000, -1.000000000000000000, -1.940949343750276480E-16 ) ) ;
#3033 = ORIENTED_EDGE ( 'NONE', *, *, #2319, .T. ) ;
#3034 = FACE_OUTER_BOUND ( 'NONE', #2180, .T. ) ;
#3035 = DIRECTION ( 'NONE',  ( 0.4338837391175526248, -0.9009688679024218105, -3.492023159033203447E-16 ) ) ;
#3036 = ORIENTED_EDGE ( 'NONE', *, *, #906, .T. ) ;
#3037 = ADVANCED_FACE ( 'NONE', ( #2374 ), #1922, .F. ) ;
#3038 = ORIENTED_EDGE ( 'NONE', *, *, #1485, .T. ) ;
#3039 = DIRECTION ( 'NONE',  ( 1.000000000000000000, 0.000000000000000000, 0.000000000000000000 ) ) ;
#3040 = UNCERTAINTY_MEASURE_WITH_UNIT (LENGTH_MEASURE( 1.000000000000000082E-05 ), #1973, 'distance_accuracy_value', 'NONE');
#3041 = CARTESIAN_POINT ( 'NONE',  ( 0.000000000000000000, 1.285879139104721817E-15, -3.500000000000003997 ) ) ;
#3042 = ADVANCED_FACE ( 'NONE', ( #1124 ), #2904, .T. ) ;
#3043 = VERTEX_POINT ( 'NONE', #1634 ) ;
#3044 = DIRECTION ( 'NONE',  ( 1.436201133715656585E-16, -6.916380135000594763E-17, 1.000000000000000000 ) ) ;
#3045 = FACE_OUTER_BOUND ( 'NONE', #2446, .T. ) ;
#3046 = MANIFOLD_SOLID_BREP ( 'Revolve1', #189 ) ;
#3047 = CARTESIAN_POINT ( 'NONE',  ( 7.768956800198900225, -1.773213692464411295, 2.045573997405607969 ) ) ;
#3048 = EDGE_LOOP ( 'NONE', ( #2084, #352 ) ) ;
#3049 = DIRECTION ( 'NONE',  ( 0.000000000000000000, 0.000000000000000000, -1.000000000000000000 ) ) ;
#3050 = ORIENTED_EDGE ( 'NONE', *, *, #2155, .F. ) ;
#3051 = CARTESIAN_POINT ( 'NONE',  ( 8.208960575534588428E-16, 6.703124999999990230, -3.461111111111117467 ) ) ;
#3052 = FACE_BOUND ( 'NONE', #738, .T. ) ;
#3053 = AXIS2_PLACEMENT_3D ( 'NONE', #2821, #1815, #828 ) ;
#3054 = VERTEX_POINT ( 'NONE', #1615 ) ;
#3055 = DIRECTION ( 'NONE',  ( 0.000000000000000000, 0.000000000000000000, 1.000000000000000000 ) ) ;
#3056 = EDGE_CURVE ( 'NONE', #2745, #1646, #1152, .T. ) ;
#3057 = CONICAL_SURFACE ( 'NONE', #2700, 10.64999999999999858, 0.7853981633974458365 ) ;
#3058 = TOROIDAL_SURFACE ( 'NONE', #2551, 7.499999999999999112, 1.816221169466912588 ) ;
#3059 = AXIS2_PLACEMENT_3D ( 'NONE', #165, #630, #3097 ) ;
#3060 = ADVANCED_FACE ( 'NONE', ( #2616 ), #124, .F. ) ;
#3061 = CIRCLE ( 'NONE', #500, 1.816221169466995411 ) ;
#3062 = CARTESIAN_POINT ( 'NONE',  ( -5.863736118510182393, 4.676173513940586446, -7.923180623257265076E-14 ) ) ;
#3063 = PRODUCT_DEFINITION_SHAPE ( 'NONE', 'NONE',  #2755 ) ;
#3064 = AXIS2_PLACEMENT_3D ( 'NONE', #771, #2667, #1007 ) ;
#3065 = VERTEX_POINT ( 'NONE', #2134 ) ;
#3066 = CLOSED_SHELL ( 'NONE', ( #1307, #3096 ) ) ;
#3067 = AXIS2_PLACEMENT_3D ( 'NONE', #2354, #2526, #2301 ) ;
#3068 = AXIS2_PLACEMENT_3D ( 'NONE', #1027, #1287, #2006 ) ;
#3069 = CYLINDRICAL_SURFACE ( 'NONE', #895, 8.296875000000001776 ) ;
#3070 = ORIENTED_EDGE ( 'NONE', *, *, #823, .T. ) ;
#3071 = AXIS2_PLACEMENT_3D ( 'NONE', #175, #2804, #2832 ) ;
#3072 = DIRECTION ( 'NONE',  ( -0.000000000000000000, -1.836970198721030181E-16, 1.000000000000000000 ) ) ;
#3073 = CARTESIAN_POINT ( 'NONE',  ( 6.854961882528484374, -1.564600316880372377, -1.579032086477605069E-15 ) ) ;
#3074 = MANIFOLD_SOLID_BREP ( 'CirPattern1[5]', #3066 ) ;
#3075 = ORIENTED_EDGE ( 'NONE', *, *, #1839, .F. ) ;
#3076 = PLANE ( 'NONE',  #335 ) ;
#3077 = CARTESIAN_POINT ( 'NONE',  ( -3.457511046093096674, -7.179595666097374540, 1.754688796886729518 ) ) ;
#3078 = EDGE_CURVE ( 'NONE', #2976, #2599, #1824, .T. ) ;
#3079 = DIRECTION ( 'NONE',  ( 0.000000000000000000, 1.000000000000000000, 1.836970198721030181E-16 ) ) ;
#3080 = ORIENTED_EDGE ( 'NONE', *, *, #1893, .T. ) ;
#3081 = EDGE_CURVE ( 'NONE', #1929, #403, #891, .T. ) ;
#3082 = MANIFOLD_SOLID_BREP ( 'CirPattern1[4]', #645 ) ;
#3083 = DIRECTION ( 'NONE',  ( 0.4338837391175651703, 0.9009688679024158153, 3.492023159033192107E-16 ) ) ;
#3084 = ORIENTED_EDGE ( 'NONE', *, *, #456, .T. ) ;
#3085 = EDGE_CURVE ( 'NONE', #171, #240, #3108, .T. ) ;
#3086 = DIRECTION ( 'NONE',  ( 0.000000000000000000, -0.7071067811865423547, 0.7071067811865526798 ) ) ;
#3087 = CARTESIAN_POINT ( 'NONE',  ( 6.230219625917122528, 4.968434358561771624, -5.511490420078598227E-16 ) ) ;
#3088 = DIRECTION ( 'NONE',  ( -0.000000000000000000, -1.836970198721030181E-16, 1.000000000000000000 ) ) ;
#3089 = MANIFOLD_SOLID_BREP ( 'CirPattern1[2]', #2857 ) ;
#3090 = ORIENTED_EDGE ( 'NONE', *, *, #1250, .T. ) ;
#3091 = CARTESIAN_POINT ( 'NONE',  ( -6.230219625917050585, 4.968434358561857778, 1.754688796886731739 ) ) ;
#3092 = CARTESIAN_POINT ( 'NONE',  ( 1.011311625837552124E-15, 8.257986111111113914, -3.461111111111116578 ) ) ;
#3093 = CARTESIAN_POINT ( 'NONE',  ( 1.325680160077009438E-15, 10.65000000000000036, -3.500000000000001776 ) ) ;
#3094 = DIRECTION ( 'NONE',  ( -0.000000000000000000, -1.836970198721030181E-16, 1.000000000000000000 ) ) ;
#3095 = EDGE_LOOP ( 'NONE', ( #2138, #2874, #209, #2 ) ) ;
#3096 = ADVANCED_FACE ( 'NONE', ( #1661 ), #1647, .T. ) ;
#3097 = DIRECTION ( 'NONE',  ( 0.000000000000000000, 0.000000000000000000, 1.000000000000000000 ) ) ;
#3098 = EDGE_LOOP ( 'NONE', ( #2910, #548 ) ) ;
#3099 = DIRECTION ( 'NONE',  ( 0.9749279121818228422, -0.2225209339563183342, 0.000000000000000000 ) ) ;
#3100 = EDGE_CURVE ( 'NONE', #424, #566, #3162, .T. ) ;
#3101 = CARTESIAN_POINT ( 'NONE',  ( 6.854961882528485262, -1.564600316880372599, -1.579032086477605266E-15 ) ) ;
#3102 = CARTESIAN_POINT ( 'NONE',  ( -3.457511046093096230, -7.179595666097371875, 1.754688796886729296 ) ) ;
#3103 = EDGE_LOOP ( 'NONE', ( #1420, #31 ) ) ;
#3104 = AXIS2_PLACEMENT_3D ( 'NONE', #2611, #3129, #2380 ) ;
#3105 = LINE ( 'NONE', #1910, #2083 ) ;
#3106 = AXIS2_PLACEMENT_3D ( 'NONE', #855, #581, #1591 ) ;
#3107 = LINE ( 'NONE', #2610, #1626 ) ;
#3108 = CIRCLE ( 'NONE', #1719, 0.03888888888888908379 ) ;
#3109 = DIRECTION ( 'NONE',  ( 0.000000000000000000, -1.000000000000000000, -2.055968564120660269E-16 ) ) ;
#3110 = CARTESIAN_POINT ( 'NONE',  ( -3.457511046093095786, -7.179595666097371875, -2.782705954854574033E-15 ) ) ;
#3111 = CIRCLE ( 'NONE', #803, 1.816221169466996077 ) ;
#3112 = VERTEX_POINT ( 'NONE', #682 ) ;
#3113 = CIRCLE ( 'NONE', #654, 1.816221169466995855 ) ;
#3114 = CIRCLE ( 'NONE', #754, 8.296875000000001776 ) ;
#3115 = DIRECTION ( 'NONE',  ( 0.000000000000000000, 0.000000000000000000, 1.000000000000000000 ) ) ;
#3116 = ORIENTED_EDGE ( 'NONE', *, *, #1177, .T. ) ;
#3117 = TOROIDAL_SURFACE ( 'NONE', #1360, 1.362923205355893508, 0.8280933923091545745 ) ;
#3118 = TOROIDAL_SURFACE ( 'NONE', #2093, 6.742013888888878981, 0.03888888888888890338 ) ;
#3119 = EDGE_CURVE ( 'NONE', #566, #1348, #2583, .T. ) ;
#3120 = DIRECTION ( 'NONE',  ( 0.2225209339563049837, -0.9749279121818258398, -1.790913520579327471E-16 ) ) ;
#3121 = DIRECTION ( 'NONE',  ( -0.000000000000000000, -1.836970198721030181E-16, 1.000000000000000000 ) ) ;
#3122 = VECTOR ( 'NONE', #2193, 1000.000000000000000 ) ;
#3123 = CARTESIAN_POINT ( 'NONE',  ( 3.457511046092996754, -7.179595666097423390, -2.045573997405613298 ) ) ;
#3124 = EDGE_LOOP ( 'NONE', ( #202, #2901, #275, #2468 ) ) ;
#3125 = EDGE_CURVE ( 'NONE', #1663, #2493, #2952, .T. ) ;
#3126 = CIRCLE ( 'NONE', #1736, 6.703124999999989342 ) ;
#3127 = FACE_OUTER_BOUND ( 'NONE', #1389, .T. ) ;
#3128 = CARTESIAN_POINT ( 'NONE',  ( 7.311959341363669651, -1.668907004672386618, -1.684300892242768051E-15 ) ) ;
#3129 = DIRECTION ( 'NONE',  ( -0.000000000000000000, -1.836970198721030181E-16, 1.000000000000000000 ) ) ;
#3130 = CARTESIAN_POINT ( 'NONE',  ( 5.863736118510232131, 4.676173513940490523, -5.187285101250445332E-16 ) ) ;
#3131 = EDGE_LOOP ( 'NONE', ( #2061, #2615, #2000, #1852 ) ) ;
#3132 = CARTESIAN_POINT ( 'NONE',  ( 0.000000000000000000, 8.257986111111113914, 3.499999999999997335 ) ) ;
#3133 = ORIENTED_EDGE ( 'NONE', *, *, #2263, .T. ) ;
#3134 = DIRECTION ( 'NONE',  ( -0.000000000000000000, -1.836970198721030181E-16, 1.000000000000000000 ) ) ;
#3135 = CYLINDRICAL_SURFACE ( 'NONE', #33, 7.968750000000003553 ) ;
#3136 = ORIENTED_EDGE ( 'NONE', *, *, #264, .F. ) ;
#3137 = FACE_OUTER_BOUND ( 'NONE', #776, .T. ) ;
#3138 = ORIENTED_EDGE ( 'NONE', *, *, #293, .F. ) ;
#3139 = CARTESIAN_POINT ( 'NONE',  ( 8.208960575534590400E-16, 6.703124999999990230, 3.500000000000000888 ) ) ;
#3140 = EDGE_CURVE ( 'NONE', #1023, #283, #176, .T. ) ;
#3141 = ORIENTED_EDGE ( 'NONE', *, *, #1302, .T. ) ;
#3142 = CARTESIAN_POINT ( 'NONE',  ( 7.768956800198896673, -1.773213692464410185, -1.754688796886812785 ) ) ;
#3143 = CARTESIAN_POINT ( 'NONE',  ( -3.050745040670399533, -6.334937352438900326, -2.455328783695229018E-15 ) ) ;
#3144 = CARTESIAN_POINT ( 'NONE',  ( 1.325680160077009438E-15, -10.65000000000000036, 3.499999999999992006 ) ) ;
#3145 = EDGE_LOOP ( 'NONE', ( #2257, #2413, #2820, #2538 ) ) ;
#3146 = LINE ( 'NONE', #528, #2245 ) ;
#3147 = CARTESIAN_POINT ( 'NONE',  ( 0.000000000000000000, 7.143772995026309420E-17, 3.111111111111106275 ) ) ;
#3148 = DIRECTION ( 'NONE',  ( 0.7818314824680310249, 0.6234898018587320401, -6.916380135000594763E-17 ) ) ;
#3149 = ORIENTED_EDGE ( 'NONE', *, *, #2063, .T. ) ;
#3150 = DIRECTION ( 'NONE',  ( 0.000000000000000000, -1.000000000000000000, -1.836970198721030181E-16 ) ) ;
#3151 = ORIENTED_EDGE ( 'NONE', *, *, #1547, .T. ) ;
#3152 = PLANE ( 'NONE',  #2237 ) ;
#3153 = CARTESIAN_POINT ( 'NONE',  ( 0.000000000000000000, -10.99999999999999289, -3.150000000000008349 ) ) ;
#3154 = ORIENTED_EDGE ( 'NONE', *, *, #3161, .T. ) ;
#3155 = CIRCLE ( 'NONE', #2749, 2.045573997405608857 ) ;
#3156 = EDGE_CURVE ( 'NONE', #2688, #926, #910, .T. ) ;
#3157 = CARTESIAN_POINT ( 'NONE',  ( 0.000000000000000000, 1.238253985804547234E-15, -3.240740740740747139 ) ) ;
#3158 = AXIS2_PLACEMENT_3D ( 'NONE', #1181, #2367, #2637 ) ;
#3159 = CARTESIAN_POINT ( 'NONE',  ( 0.000000000000000000, 0.000000000000000000, -0.5833333333333333703 ) ) ;
#3160 = TOROIDAL_SURFACE ( 'NONE', #383, 8.257986111111112137, 0.03888888888888900053 ) ;
#3161 = EDGE_CURVE ( 'NONE', #2752, #1658, #1006, .T. ) ;
#3162 = CIRCLE ( 'NONE', #637, 10.65000000000000036 ) ;
#3163 = CARTESIAN_POINT ( 'NONE',  ( 7.768956800198896673, -1.773213692464410185, -1.789569698007940499E-15 ) ) ;
#3164 = AXIS2_PLACEMENT_3D ( 'NONE', #1014, #2735, #27 ) ;
#3165 = ORIENTED_EDGE ( 'NONE', *, *, #2496, .F. ) ;
#3166 = CIRCLE ( 'NONE', #291, 2.045573997405609301 ) ;
#3167 = CARTESIAN_POINT ( 'NONE',  ( -6.854961882528505690, -1.564600316880279562, -1.579032086477587714E-15 ) ) ;
#3168 = APPLICATION_PROTOCOL_DEFINITION ( 'international standard', 'config_control_design', 1994, #1068 ) ;
#3169 = DIRECTION ( 'NONE',  ( -0.000000000000000000, -1.836970198721030181E-16, 1.000000000000000000 ) ) ;
#3170 = ORIENTED_EDGE ( 'NONE', *, *, #1598, .F. ) ;
#3171 = AXIS2_PLACEMENT_3D ( 'NONE', #3167, #1221, #2475 ) ;
#3172 = CIRCLE ( 'NONE', #2859, 7.500000000000000000 ) ;
#3173 = ORIENTED_EDGE ( 'NONE', *, *, #1074, .F. ) ;
#3174 = TOROIDAL_SURFACE ( 'NONE', #1168, 1.362923205355893508, 0.8280933923091545745 ) ;
#3175 = FACE_OUTER_BOUND ( 'NONE', #1146, .T. ) ;
#3176 = DIRECTION ( 'NONE',  ( 0.2225209339563183342, 0.9749279121818227312, 1.790913520579321801E-16 ) ) ;
#3177 = ORIENTED_EDGE ( 'NONE', *, *, #181, .T. ) ;
#3178 = AXIS2_PLACEMENT_3D ( 'NONE', #3073, #342, #1342 ) ;
#3179 = DIRECTION ( 'NONE',  ( 0.000000000000000000, -1.000000000000000000, -2.090815488936264551E-16 ) ) ;
#3180 = DIRECTION ( 'NONE',  ( 0.000000000000000000, -4.775639402127149569E-16, 1.000000000000000000 ) ) ;
#3181 = EDGE_CURVE ( 'NONE', #2050, #70, #2232, .T. ) ;
#3182 = ORIENTED_EDGE ( 'NONE', *, *, #2641, .T. ) ;
#3183 = EDGE_CURVE ( 'NONE', #2120, #1376, #641, .T. ) ;
#3184 = DIRECTION ( 'NONE',  ( 0.9749279121818227312, -0.2225209339563182231, 0.000000000000000000 ) ) ;
#3185 = PERSON_AND_ORGANIZATION_ROLE ( 'creator' ) ;
#3186 = ORIENTED_EDGE ( 'NONE', *, *, #129, .T. ) ;
#3187 = ORIENTED_EDGE ( 'NONE', *, *, #147, .F. ) ;
#3188 = VERTEX_POINT ( 'NONE', #1138 ) ;
#3189 = CARTESIAN_POINT ( 'NONE',  ( -7.768956800198920654, -1.773213692464305158, -1.789569698007920778E-15 ) ) ;
ENDSEC;
END-ISO-10303-21;
