ISO-10303-21;
HEADER;
FILE_DESCRIPTION (( 'STEP AP214' ),
    '1' );
FILE_NAME ('SOIC8-N.STEP',
    '2024-09-27T04:35:50',
    ( '' ),
    ( '' ),
    'SwSTEP 2.0',
    'SolidWorks 2015',
    '' );
FILE_SCHEMA (( 'AUTOMOTIVE_DESIGN' ));
ENDSEC;

DATA;
#1 = SURFACE_STYLE_FILL_AREA ( #5696 ) ;
#2 = DIRECTION ( 'NONE',  ( 0.0000000000000000000, -1.000000000000000000, 0.0000000000000000000 ) ) ;
#3 = SURFACE_STYLE_USAGE ( .BOTH. , #1896 ) ;
#4 = DIRECTION ( 'NONE',  ( 0.0000000000000000000, -0.3000000000000002700, -0.9539392014169455500 ) ) ;
#5 = FILL_AREA_STYLE_COLOUR ( '', #524 ) ;
#6 = LINE ( 'NONE', #1612, #7134 ) ;
#7 = STYLED_ITEM ( 'NONE', ( #6859 ), #3111 ) ;
#8 = DIRECTION ( 'NONE',  ( 1.000000000000000000, 0.0000000000000000000, 0.0000000000000000000 ) ) ;
#9 = CARTESIAN_POINT ( 'NONE',  ( 0.8249999999999999600, -2.290398605410596000, 0.9611817604250529900 ) ) ;
#10 = FACE_OUTER_BOUND ( 'NONE', #5947, .T. ) ;
#11 = DIRECTION ( 'NONE',  ( -1.000000000000000000, 0.0000000000000000000, 0.0000000000000000000 ) ) ;
#12 =( LENGTH_UNIT ( ) NAMED_UNIT ( * ) SI_UNIT ( .MILLI., .METRE. ) );
#13 = EDGE_CURVE ( 'NONE', #6159, #3222, #5258, .T. ) ;
#14 =( LENGTH_UNIT ( ) NAMED_UNIT ( * ) SI_UNIT ( .MILLI., .METRE. ) );
#16 = AXIS2_PLACEMENT_3D ( 'NONE', #1643, #2300, #6568 ) ;
#15 = SURFACE_STYLE_USAGE ( .BOTH. , #6359 ) ;
#17 = CARTESIAN_POINT ( 'NONE',  ( 0.4449999999999998400, 2.500398605410600000, 0.6749999999999530800 ) ) ;
#18 = EDGE_CURVE ( 'NONE', #6772, #4611, #6222, .T. ) ;
#19 = FILL_AREA_STYLE_COLOUR ( '', #4289 ) ;
#20 = STYLED_ITEM ( 'NONE', ( #7558 ), #5194 ) ;
#21 = ORIENTED_EDGE ( 'NONE', *, *, #7130, .T. ) ;
#22 = PRESENTATION_STYLE_ASSIGNMENT (( #5946 ) ) ;
#23 = CARTESIAN_POINT ( 'NONE',  ( 2.095000000000000200, -1.921891833059526500, 0.9749999999999531300 ) ) ;
#24 =( GEOMETRIC_REPRESENTATION_CONTEXT ( 3 ) GLOBAL_UNCERTAINTY_ASSIGNED_CONTEXT ( ( #328 ) ) GLOBAL_UNIT_ASSIGNED_CONTEXT ( ( #4208, #1693, #7165 ) ) REPRESENTATION_CONTEXT ( 'NONE', 'WORKASPACE' ) );
#25 = ORIENTED_EDGE ( 'NONE', *, *, #7159, .F. ) ;
#26 = SURFACE_SIDE_STYLE ('',( #7427 ) ) ;
#27 = AXIS2_PLACEMENT_3D ( 'NONE', #6302, #2614, #6939 ) ;
#28 = PLANE ( 'NONE',  #4001 ) ;
#29 = VECTOR ( 'NONE', #1165, 1000.000000000000100 ) ;
#30 = PLANE ( 'NONE',  #4662 ) ;
#31 = FACE_OUTER_BOUND ( 'NONE', #769, .T. ) ;
#32 = ORIENTED_EDGE ( 'NONE', *, *, #399, .T. ) ;
#33 = VECTOR ( 'NONE', #5433, 1000.000000000000200 ) ;
#34 = COLOUR_RGB ( '',1.000000000000000000, 1.000000000000000000, 1.000000000000000000 ) ;
#35 = AXIS2_PLACEMENT_3D ( 'NONE', #3883, #1350, #5728 ) ;
#36 = ORIENTED_EDGE ( 'NONE', *, *, #1177, .T. ) ;
#37 =( NAMED_UNIT ( * ) SI_UNIT ( $, .STERADIAN. ) SOLID_ANGLE_UNIT ( ) );
#38 = FILL_AREA_STYLE_COLOUR ( '', #34 ) ;
#39 = FILL_AREA_STYLE_COLOUR ( '', #3230 ) ;
#40 = PRESENTATION_LAYER_ASSIGNMENT (  '', '', ( #7439 ) ) ;
#41 = ORIENTED_EDGE ( 'NONE', *, *, #2593, .T. ) ;
#42 = ORIENTED_EDGE ( 'NONE', *, *, #8039, .T. ) ;
#43 = VECTOR ( 'NONE', #3606, 1000.000000000000000 ) ;
#44 = FILL_AREA_STYLE ('',( #5085 ) ) ;
#45 = VERTEX_POINT ( 'NONE', #6994 ) ;
#46 = LINE ( 'NONE', #4489, #6974 ) ;
#47 = EDGE_CURVE ( 'NONE', #6406, #2649, #1951, .T. ) ;
#48 =( GEOMETRIC_REPRESENTATION_CONTEXT ( 3 ) GLOBAL_UNCERTAINTY_ASSIGNED_CONTEXT ( ( #3355 ) ) GLOBAL_UNIT_ASSIGNED_CONTEXT ( ( #1273, #556, #6852 ) ) REPRESENTATION_CONTEXT ( 'NONE', 'WORKASPACE' ) );
#49 =( NAMED_UNIT ( * ) SI_UNIT ( $, .STERADIAN. ) SOLID_ANGLE_UNIT ( ) );
#50 = VECTOR ( 'NONE', #2407, 1000.000000000000000 ) ;
#51 = LINE ( 'NONE', #2394, #4885 ) ;
#52 = PLANE ( 'NONE',  #5857 ) ;
#53 = VERTEX_POINT ( 'NONE', #7587 ) ;
#54 = FILL_AREA_STYLE_COLOUR ( '', #6082 ) ;
#55 = EDGE_LOOP ( 'NONE', ( #6056, #2170, #2337, #1538 ) ) ;
#56 = CARTESIAN_POINT ( 'NONE',  ( -1.714999999999999900, -2.574251882586301200, 0.03572310590088358800 ) ) ;
#57 = SURFACE_STYLE_USAGE ( .BOTH. , #2607 ) ;
#58 = ORIENTED_EDGE ( 'NONE', *, *, #4039, .F. ) ;
#59 = ORIENTED_EDGE ( 'NONE', *, *, #819, .T. ) ;
#60 = ORIENTED_EDGE ( 'NONE', *, *, #6515, .F. ) ;
#61 =( GEOMETRIC_REPRESENTATION_CONTEXT ( 3 ) GLOBAL_UNCERTAINTY_ASSIGNED_CONTEXT ( ( #1806 ) ) GLOBAL_UNIT_ASSIGNED_CONTEXT ( ( #3277, #333, #5006 ) ) REPRESENTATION_CONTEXT ( 'NONE', 'WORKASPACE' ) );
#62 = DIRECTION ( 'NONE',  ( 0.0000000000000000000, 0.0000000000000000000, 1.000000000000000000 ) ) ;
#63 =( NAMED_UNIT ( * ) SI_UNIT ( $, .STERADIAN. ) SOLID_ANGLE_UNIT ( ) );
#64 = ORIENTED_EDGE ( 'NONE', *, *, #449, .F. ) ;
#65 = EDGE_CURVE ( 'NONE', #162, #3396, #3311, .T. ) ;
#66 = ORIENTED_EDGE ( 'NONE', *, *, #5689, .F. ) ;
#67 = CARTESIAN_POINT ( 'NONE',  ( 2.095000000000000200, -2.300398605410600300, 0.3345815153284068500 ) ) ;
#68 = FILL_AREA_STYLE_COLOUR ( '', #946 ) ;
#69 = PRESENTATION_STYLE_ASSIGNMENT (( #7039 ) ) ;
#70 = ORIENTED_EDGE ( 'NONE', *, *, #7665, .F. ) ;
#71 = EDGE_CURVE ( 'NONE', #3597, #6234, #5941, .T. ) ;
#72 = DIRECTION ( 'NONE',  ( 0.0000000000000000000, 1.501620008892423400E-013, 1.000000000000000000 ) ) ;
#73 = PRESENTATION_STYLE_ASSIGNMENT (( #1257 ) ) ;
#74 = EDGE_CURVE ( 'NONE', #2198, #4225, #1431, .T. ) ;
#75 = COLOUR_RGB ( '',1.000000000000000000, 1.000000000000000000, 1.000000000000000000 ) ;
#76 =( GEOMETRIC_REPRESENTATION_CONTEXT ( 3 ) GLOBAL_UNCERTAINTY_ASSIGNED_CONTEXT ( ( #7681 ) ) GLOBAL_UNIT_ASSIGNED_CONTEXT ( ( #3706, #1882, #4963 ) ) REPRESENTATION_CONTEXT ( 'NONE', 'WORKASPACE' ) );
#77 = ORIENTED_EDGE ( 'NONE', *, *, #177, .T. ) ;
#78 = CARTESIAN_POINT ( 'NONE',  ( -0.8250000000000001800, -2.290398605410591600, 0.9611817604250397800 ) ) ;
#79 = ORIENTED_EDGE ( 'NONE', *, *, #7366, .T. ) ;
#80 = CARTESIAN_POINT ( 'NONE',  ( 2.095000000000000200, 2.300398605410600300, 0.3345815153284068500 ) ) ;
#81 = EDGE_CURVE ( 'NONE', #1256, #1150, #2469, .T. ) ;
#82 = FACE_OUTER_BOUND ( 'NONE', #3801, .T. ) ;
#83 = ORIENTED_EDGE ( 'NONE', *, *, #4727, .F. ) ;
#84 = DIRECTION ( 'NONE',  ( 0.0000000000000000000, 0.0000000000000000000, 1.000000000000000000 ) ) ;
#85 = AXIS2_PLACEMENT_3D ( 'NONE', #834, #7679, #7144 ) ;
#86 = LINE ( 'NONE', #3404, #1582 ) ;
#87 = ADVANCED_FACE ( 'NONE', ( #3607 ), #3430, .F. ) ;
#88 = FILL_AREA_STYLE ('',( #5061 ) ) ;
#89 = LINE ( 'NONE', #7372, #4521 ) ;
#90 = ORIENTED_EDGE ( 'NONE', *, *, #562, .T. ) ;
#91 = MECHANICAL_DESIGN_GEOMETRIC_PRESENTATION_REPRESENTATION (  '', ( #5705 ), #421 ) ;
#92 = COLOUR_RGB ( '',1.000000000000000000, 1.000000000000000000, 1.000000000000000000 ) ;
#93 = CARTESIAN_POINT ( 'NONE',  ( 0.8249999999999999600, -2.500398605410600000, 0.3345815153284070200 ) ) ;
#94 =( NAMED_UNIT ( * ) PLANE_ANGLE_UNIT ( ) SI_UNIT ( $, .RADIAN. ) );
#95 = AXIS2_PLACEMENT_3D ( 'NONE', #3045, #6725, #2466 ) ;
#96 = CARTESIAN_POINT ( 'NONE',  ( -0.8250000000000001800, -2.200398605410600200, 0.6749999999999831700 ) ) ;
#97 = PRESENTATION_STYLE_ASSIGNMENT (( #2442 ) ) ;
#98 = DIRECTION ( 'NONE',  ( 0.0000000000000000000, 1.000000000000000000, -1.501620008892423400E-013 ) ) ;
#99 = AXIS2_PLACEMENT_3D ( 'NONE', #4236, #2385, #6024 ) ;
#100 = DIRECTION ( 'NONE',  ( 0.0000000000000000000, -1.000000000000000000, -1.501620008892423400E-013 ) ) ;
#101 = FACE_OUTER_BOUND ( 'NONE', #652, .T. ) ;
#102 = DIRECTION ( 'NONE',  ( 1.000000000000000000, -0.0000000000000000000, -0.0000000000000000000 ) ) ;
#103 =( NAMED_UNIT ( * ) PLANE_ANGLE_UNIT ( ) SI_UNIT ( $, .RADIAN. ) );
#104 = CARTESIAN_POINT ( 'NONE',  ( 0.8249999999999999600, 2.230398605410600400, 0.7703939201416775100 ) ) ;
#105 = PRESENTATION_STYLE_ASSIGNMENT (( #5141 ) ) ;
#106 = CARTESIAN_POINT ( 'NONE',  ( -0.3949999999999999600, -2.300398605410600300, 0.6749999999999831700 ) ) ;
#107 = VECTOR ( 'NONE', #5256, 1000.000000000000100 ) ;
#108 = DIRECTION ( 'NONE',  ( 0.0000000000000000000, 0.0000000000000000000, -1.000000000000000000 ) ) ;
#109 = EDGE_CURVE ( 'NONE', #4897, #2039, #4383, .T. ) ;
#110 = UNCERTAINTY_MEASURE_WITH_UNIT (LENGTH_MEASURE( 1.000000000000000100E-005 ), #7192, 'distance_accuracy_value', 'NONE');
#111 = DIRECTION ( 'NONE',  ( 0.0000000000000000000, 0.0000000000000000000, 1.000000000000000000 ) ) ;
#112 = CIRCLE ( 'NONE', #2755, 0.4000000000000001900 ) ;
#113 = VECTOR ( 'NONE', #1169, 1000.000000000000000 ) ;
#114 = EDGE_CURVE ( 'NONE', #1442, #3334, #5559, .T. ) ;
#115 = SURFACE_SIDE_STYLE ('',( #2541 ) ) ;
#117 =( GEOMETRIC_REPRESENTATION_CONTEXT ( 3 ) GLOBAL_UNCERTAINTY_ASSIGNED_CONTEXT ( ( #5691 ) ) GLOBAL_UNIT_ASSIGNED_CONTEXT ( ( #5911, #2209, #2234 ) ) REPRESENTATION_CONTEXT ( 'NONE', 'WORKASPACE' ) );
#116 = SURFACE_STYLE_USAGE ( .BOTH. , #5251 ) ;
#118 = EDGE_CURVE ( 'NONE', #1150, #4699, #5642, .T. ) ;
#119 = VERTEX_POINT ( 'NONE', #5846 ) ;
#120 = CIRCLE ( 'NONE', #3994, 0.09999999999999993600 ) ;
#121 = FILL_AREA_STYLE ('',( #19 ) ) ;
#122 = ADVANCED_FACE ( 'NONE', ( #3899 ), #2759, .F. ) ;
#123 = DIRECTION ( 'NONE',  ( 0.0000000000000000000, 0.08715574274766262100, -0.9961946980917451000 ) ) ;
#124 = AXIS2_PLACEMENT_3D ( 'NONE', #5400, #7230, #2813 ) ;
#125 =( NAMED_UNIT ( * ) SI_UNIT ( $, .STERADIAN. ) SOLID_ANGLE_UNIT ( ) );
#126 = CARTESIAN_POINT ( 'NONE',  ( -0.3949999999999999600, 2.200398605410600200, 0.6749999999999831700 ) ) ;
#127 = ORIENTED_EDGE ( 'NONE', *, *, #4929, .T. ) ;
#128 = VECTOR ( 'NONE', #3056, 1000.000000000000100 ) ;
#129 = PLANE ( 'NONE',  #2392 ) ;
#130 = DIRECTION ( 'NONE',  ( -0.0000000000000000000, 0.9539392014169455500, -0.3000000000000002700 ) ) ;
#131 = CARTESIAN_POINT ( 'NONE',  ( -2.145000000000000000, -2.200398605410600200, 0.6749999999999831700 ) ) ;
#132 = DIRECTION ( 'NONE',  ( -1.000000000000000000, -0.0000000000000000000, -0.0000000000000000000 ) ) ;
#133 = CIRCLE ( 'NONE', #2576, 0.3000000000000001600 ) ;
#134 = LINE ( 'NONE', #5438, #5248 ) ;
#135 = SURFACE_STYLE_USAGE ( .BOTH. , #3912 ) ;
#136 = MECHANICAL_DESIGN_GEOMETRIC_PRESENTATION_REPRESENTATION (  '', ( #6588 ), #592 ) ;
#137 = CARTESIAN_POINT ( 'NONE',  ( 0.8750000000000001100, 2.200398605410600200, 0.6749999999999831700 ) ) ;
#138 = VERTEX_POINT ( 'NONE', #5310 ) ;
#139 = ORIENTED_EDGE ( 'NONE', *, *, #3506, .F. ) ;
#140 = FACE_OUTER_BOUND ( 'NONE', #4319, .T. ) ;
#141 = DIRECTION ( 'NONE',  ( 0.0000000000000000000, 1.000000000000000000, -1.501620008892423400E-013 ) ) ;
#142 = CIRCLE ( 'NONE', #6167, 0.09999999999999988100 ) ;
#143 = AXIS2_PLACEMENT_3D ( 'NONE', #2804, #7118, #4678 ) ;
#144 = VERTEX_POINT ( 'NONE', #255 ) ;
#145 = DIRECTION ( 'NONE',  ( 0.0000000000000000000, 1.000000000000000000, -1.501620008892423400E-013 ) ) ;
#146 = ORIENTED_EDGE ( 'NONE', *, *, #3027, .F. ) ;
#147 = MECHANICAL_DESIGN_GEOMETRIC_PRESENTATION_REPRESENTATION (  '', ( #551 ), #1158 ) ;
#148 = EDGE_LOOP ( 'NONE', ( #6969, #25, #2055, #5924 ) ) ;
#149 = ORIENTED_EDGE ( 'NONE', *, *, #4837, .F. ) ;
#150 = SURFACE_SIDE_STYLE ('',( #1611 ) ) ;
#151 = LINE ( 'NONE', #577, #6040 ) ;
#152 = ORIENTED_EDGE ( 'NONE', *, *, #5927, .F. ) ;
#153 = DIRECTION ( 'NONE',  ( -1.000000000000000000, 0.0000000000000000000, -0.0000000000000000000 ) ) ;
#154 = ORIENTED_EDGE ( 'NONE', *, *, #6770, .T. ) ;
#155 = LINE ( 'NONE', #2935, #583 ) ;
#156 = MECHANICAL_DESIGN_GEOMETRIC_PRESENTATION_REPRESENTATION (  '', ( #6127 ), #6085 ) ;
#157 = DIRECTION ( 'NONE',  ( 1.000000000000000000, 0.0000000000000000000, -0.0000000000000000000 ) ) ;
#158 = CARTESIAN_POINT ( 'NONE',  ( -0.4450000000000000600, 3.000000000000000000, 0.1992389396183490100 ) ) ;
#159 = ORIENTED_EDGE ( 'NONE', *, *, #6671, .F. ) ;
#160 = LINE ( 'NONE', #791, #5486 ) ;
#161 = EDGE_LOOP ( 'NONE', ( #3785, #4980, #1535, #222 ) ) ;
#162 = VERTEX_POINT ( 'NONE', #7720 ) ;
#163 = ADVANCED_FACE ( 'NONE', ( #2461 ), #6314, .F. ) ;
#164 = DIRECTION ( 'NONE',  ( 1.000000000000000000, -0.0000000000000000000, 0.0000000000000000000 ) ) ;
#165 = SURFACE_SIDE_STYLE ('',( #1102 ) ) ;
#166 = DIRECTION ( 'NONE',  ( -1.000000000000000000, 0.0000000000000000000, -0.0000000000000000000 ) ) ;
#167 = ORIENTED_EDGE ( 'NONE', *, *, #4776, .T. ) ;
#168 =( GEOMETRIC_REPRESENTATION_CONTEXT ( 3 ) GLOBAL_UNCERTAINTY_ASSIGNED_CONTEXT ( ( #496 ) ) GLOBAL_UNIT_ASSIGNED_CONTEXT ( ( #3932, #2115, #6346 ) ) REPRESENTATION_CONTEXT ( 'NONE', 'WORKASPACE' ) );
#169 = CIRCLE ( 'NONE', #7520, 0.09999999999999988100 ) ;
#170 = CARTESIAN_POINT ( 'NONE',  ( 0.3949999999999999600, -2.290398605410596000, 0.9611817604250529900 ) ) ;
#171 = DIRECTION ( 'NONE',  ( 0.0000000000000000000, 1.000000000000000000, 0.0000000000000000000 ) ) ;
#172 = EDGE_CURVE ( 'NONE', #3248, #1245, #142, .T. ) ;
#173 = ORIENTED_EDGE ( 'NONE', *, *, #3669, .F. ) ;
#174 = VECTOR ( 'NONE', #4647, 1000.000000000000000 ) ;
#175 = DIRECTION ( 'NONE',  ( 1.000000000000000000, 0.0000000000000000000, 0.0000000000000000000 ) ) ;
#176 = VERTEX_POINT ( 'NONE', #5452 ) ;
#177 = EDGE_CURVE ( 'NONE', #3117, #7367, #6507, .T. ) ;
#178 =( NAMED_UNIT ( * ) PLANE_ANGLE_UNIT ( ) SI_UNIT ( $, .RADIAN. ) );
#179 = SURFACE_SIDE_STYLE ('',( #1811 ) ) ;
#180 = ORIENTED_EDGE ( 'NONE', *, *, #3388, .F. ) ;
#181 = AXIS2_PLACEMENT_3D ( 'NONE', #3100, #7389, #3738 ) ;
#182 = SURFACE_STYLE_USAGE ( .BOTH. , #4042 ) ;
#183 = CARTESIAN_POINT ( 'NONE',  ( -0.8750000000000001100, -2.200398605410600200, 0.6749999999999831700 ) ) ;
#184 = PRESENTATION_LAYER_ASSIGNMENT (  '', '', ( #4251 ) ) ;
#185 = EDGE_CURVE ( 'NONE', #6200, #2542, #5929, .T. ) ;
#186 = DIRECTION ( 'NONE',  ( 0.0000000000000000000, 0.0000000000000000000, 1.000000000000000000 ) ) ;
#187 = AXIS2_PLACEMENT_3D ( 'NONE', #4152, #4792, #7804 ) ;
#188 = CARTESIAN_POINT ( 'NONE',  ( 2.145000000000000000, -2.230398605410600400, 0.7703939201416775100 ) ) ;
#189 = DIRECTION ( 'NONE',  ( 1.000000000000000000, 0.0000000000000000000, 0.0000000000000000000 ) ) ;
#190 = LINE ( 'NONE', #7594, #5417 ) ;
#191 = SURFACE_STYLE_FILL_AREA ( #544 ) ;
#192 = DIRECTION ( 'NONE',  ( 0.0000000000000000000, 1.000000000000000000, 1.501620008892423400E-013 ) ) ;
#193 =( NAMED_UNIT ( * ) PLANE_ANGLE_UNIT ( ) SI_UNIT ( $, .RADIAN. ) );
#194 = STYLED_ITEM ( 'NONE', ( #2712 ), #989 ) ;
#195 = LINE ( 'NONE', #7680, #7489 ) ;
#196 = CARTESIAN_POINT ( 'NONE',  ( -0.4450000000000000600, -2.230398605410600400, 0.7703939201416775100 ) ) ;
#197 = CARTESIAN_POINT ( 'NONE',  ( -0.8750000000000001100, -2.300398605410600300, 0.6749999999999831700 ) ) ;
#198 = CARTESIAN_POINT ( 'NONE',  ( 1.665000000000000000, -2.200398605410600200, 0.6749999999999831700 ) ) ;
#199 = MECHANICAL_DESIGN_GEOMETRIC_PRESENTATION_REPRESENTATION (  '', ( #1064 ), #2918 ) ;
#200 = CARTESIAN_POINT ( 'NONE',  ( 2.145000000000000000, -2.500398605410600000, 0.6749999999999530800 ) ) ;
#201 = SURFACE_STYLE_FILL_AREA ( #5889 ) ;
#202 = ADVANCED_FACE ( 'NONE', ( #2255 ), #8021, .T. ) ;
#203 = DIRECTION ( 'NONE',  ( -0.0000000000000000000, 0.9961946980917452100, 0.08715574274766263500 ) ) ;
#204 = DIRECTION ( 'NONE',  ( 0.0000000000000000000, 1.273963925350998900E-015, 1.000000000000000000 ) ) ;
#205 = CARTESIAN_POINT ( 'NONE',  ( -2.095000000000000200, 2.200398605410600200, 0.6749999999999831700 ) ) ;
#206 = CARTESIAN_POINT ( 'NONE',  ( -1.714999999999999900, 3.000000000000000000, 0.1992389396183490100 ) ) ;
#207 =( NAMED_UNIT ( * ) SI_UNIT ( $, .STERADIAN. ) SOLID_ANGLE_UNIT ( ) );
#208 = DIRECTION ( 'NONE',  ( -1.000000000000000000, -0.0000000000000000000, -0.0000000000000000000 ) ) ;
#209 = UNCERTAINTY_MEASURE_WITH_UNIT (LENGTH_MEASURE( 1.000000000000000100E-005 ), #6310, 'distance_accuracy_value', 'NONE');
#210 = AXIS2_PLACEMENT_3D ( 'NONE', #402, #4739, #4764 ) ;
#211 = EDGE_LOOP ( 'NONE', ( #2848, #7656, #3991, #1466 ) ) ;
#212 = ADVANCED_FACE ( 'NONE', ( #5363 ), #382, .F. ) ;
#213 = VECTOR ( 'NONE', #1521, 1000.000000000000000 ) ;
#214 = DIRECTION ( 'NONE',  ( 0.0000000000000000000, -0.08715574274766137200, -0.9961946980917453200 ) ) ;
#215 = DIRECTION ( 'NONE',  ( 1.000000000000000000, 0.0000000000000000000, -0.0000000000000000000 ) ) ;
#216 = EDGE_CURVE ( 'NONE', #1415, #1426, #6213, .T. ) ;
#217 = CARTESIAN_POINT ( 'NONE',  ( -1.714999999999999900, 2.200398605410600200, 0.6749999999999831700 ) ) ;
#218 =( NAMED_UNIT ( * ) PLANE_ANGLE_UNIT ( ) SI_UNIT ( $, .RADIAN. ) );
#219 = CARTESIAN_POINT ( 'NONE',  ( -1.714999999999999900, -3.000000000000000000, 0.1992389396183490100 ) ) ;
#220 =( NAMED_UNIT ( * ) SI_UNIT ( $, .STERADIAN. ) SOLID_ANGLE_UNIT ( ) );
#221 = EDGE_CURVE ( 'NONE', #5266, #3314, #4089, .T. ) ;
#222 = ORIENTED_EDGE ( 'NONE', *, *, #5445, .T. ) ;
#223 = EDGE_CURVE ( 'NONE', #6234, #5088, #6704, .T. ) ;
#224 = AXIS2_PLACEMENT_3D ( 'NONE', #1458, #3855, #84 ) ;
#225 = EDGE_CURVE ( 'NONE', #7563, #4522, #751, .T. ) ;
#226 = COLOUR_RGB ( '',1.000000000000000000, 1.000000000000000000, 1.000000000000000000 ) ;
#227 = ORIENTED_EDGE ( 'NONE', *, *, #7222, .F. ) ;
#228 = DIRECTION ( 'NONE',  ( 0.0000000000000000000, -1.273963925350998900E-015, 1.000000000000000000 ) ) ;
#229 = CARTESIAN_POINT ( 'NONE',  ( 2.145000000000000000, -2.300398605410600300, 0.6749999999999831700 ) ) ;
#230 = COLOUR_RGB ( '',1.000000000000000000, 1.000000000000000000, 1.000000000000000000 ) ;
#231 = PRESENTATION_LAYER_ASSIGNMENT (  '', '', ( #1343 ) ) ;
#232 = SURFACE_STYLE_FILL_AREA ( #6915 ) ;
#233 = CARTESIAN_POINT ( 'NONE',  ( -0.3949999999999999600, 2.300398605410600300, 0.6749999999999831700 ) ) ;
#234 = VERTEX_POINT ( 'NONE', #2304 ) ;
#235 = DIRECTION ( 'NONE',  ( 1.000000000000000000, -0.0000000000000000000, -0.0000000000000000000 ) ) ;
#236 = FACE_OUTER_BOUND ( 'NONE', #5198, .T. ) ;
#237 =( LENGTH_UNIT ( ) NAMED_UNIT ( * ) SI_UNIT ( .MILLI., .METRE. ) );
#238 = ORIENTED_EDGE ( 'NONE', *, *, #1436, .T. ) ;
#239 =( LENGTH_UNIT ( ) NAMED_UNIT ( * ) SI_UNIT ( .MILLI., .METRE. ) );
#240 = ORIENTED_EDGE ( 'NONE', *, *, #7416, .T. ) ;
#241 = ORIENTED_EDGE ( 'NONE', *, *, #6394, .F. ) ;
#242 = ADVANCED_FACE ( 'NONE', ( #1324 ), #7206, .F. ) ;
#243 = DIRECTION ( 'NONE',  ( 0.0000000000000000000, 1.000000000000000000, 0.0000000000000000000 ) ) ;
#244 = STYLED_ITEM ( 'NONE', ( #935 ), #6739 ) ;
#245 = CARTESIAN_POINT ( 'NONE',  ( -2.093475350176149200, 0.4103979225907269900, 3.311804698640311800 ) ) ;
#246 = LINE ( 'NONE', #5585, #4682 ) ;
#247 = ORIENTED_EDGE ( 'NONE', *, *, #7729, .F. ) ;
#248 = LINE ( 'NONE', #4878, #1954 ) ;
#249 = VERTEX_POINT ( 'NONE', #2358 ) ;
#250 = CARTESIAN_POINT ( 'NONE',  ( 0.3949999999999999600, -2.500398605410600000, 0.6749999999999530800 ) ) ;
#251 = SURFACE_STYLE_FILL_AREA ( #3833 ) ;
#252 = DIRECTION ( 'NONE',  ( 0.0000000000000000000, 0.0000000000000000000, 1.000000000000000000 ) ) ;
#253 = DIRECTION ( 'NONE',  ( 0.0000000000000000000, 0.0000000000000000000, 1.000000000000000000 ) ) ;
#254 = VERTEX_POINT ( 'NONE', #3665 ) ;
#255 = CARTESIAN_POINT ( 'NONE',  ( -0.8250000000000001800, -2.500398605410600000, 0.3345815153284070200 ) ) ;
#256 = AXIS2_PLACEMENT_3D ( 'NONE', #1263, #1895, #5640 ) ;
#257 = VERTEX_POINT ( 'NONE', #6839 ) ;
#258 = CIRCLE ( 'NONE', #1758, 0.2999999999999999300 ) ;
#259 = ORIENTED_EDGE ( 'NONE', *, *, #6344, .F. ) ;
#260 = DIRECTION ( 'NONE',  ( 0.0000000000000000000, 0.0000000000000000000, 1.000000000000000000 ) ) ;
#261 = DIRECTION ( 'NONE',  ( -1.000000000000000000, 0.0000000000000000000, 0.0000000000000000000 ) ) ;
#262 = ORIENTED_EDGE ( 'NONE', *, *, #3728, .T. ) ;
#263 = ADVANCED_FACE ( 'NONE', ( #960 ), #358, .F. ) ;
#264 = EDGE_LOOP ( 'NONE', ( #2566, #3693, #2953, #36 ) ) ;
#265 = DIRECTION ( 'NONE',  ( -1.000000000000000000, -0.0000000000000000000, -0.0000000000000000000 ) ) ;
#266 = CYLINDRICAL_SURFACE ( 'NONE', #6260, 0.3000000000000001600 ) ;
#267 = FILL_AREA_STYLE ('',( #5825 ) ) ;
#268 = ORIENTED_EDGE ( 'NONE', *, *, #2202, .F. ) ;
#269 = VECTOR ( 'NONE', #1405, 1000.000000000000000 ) ;
#270 = EDGE_CURVE ( 'NONE', #3104, #5440, #134, .T. ) ;
#271 = CARTESIAN_POINT ( 'NONE',  ( 0.8249999999999999600, -2.200398605410600200, 0.6749999999999531900 ) ) ;
#272 = DIRECTION ( 'NONE',  ( 0.0000000000000000000, 0.0000000000000000000, 1.000000000000000000 ) ) ;
#273 = FACE_OUTER_BOUND ( 'NONE', #7419, .T. ) ;
#274 = EDGE_LOOP ( 'NONE', ( #3920, #1524, #1239, #5826 ) ) ;
#275 = ORIENTED_EDGE ( 'NONE', *, *, #7506, .T. ) ;
#276 = SURFACE_STYLE_FILL_AREA ( #7981 ) ;
#277 = ORIENTED_EDGE ( 'NONE', *, *, #5133, .T. ) ;
#278 = DIRECTION ( 'NONE',  ( -1.000000000000000000, 0.0000000000000000000, 0.0000000000000000000 ) ) ;
#279 = FILL_AREA_STYLE ('',( #2121 ) ) ;
#280 = EDGE_CURVE ( 'NONE', #2711, #3717, #7068, .T. ) ;
#281 = SURFACE_STYLE_USAGE ( .BOTH. , #6453 ) ;
#282 = AXIS2_PLACEMENT_3D ( 'NONE', #6897, #6238, #2543 ) ;
#283 = CARTESIAN_POINT ( 'NONE',  ( -0.4450000000000000600, 2.200398605410600200, 0.6749999999999831700 ) ) ;
#284 = CARTESIAN_POINT ( 'NONE',  ( -2.095000000000000200, -2.982568851450467600, 0.0000000000000000000 ) ) ;
#285 = EDGE_CURVE ( 'NONE', #3371, #4267, #5351, .T. ) ;
#286 = COLOUR_RGB ( '',1.000000000000000000, 1.000000000000000000, 1.000000000000000000 ) ;
#287 = PRESENTATION_STYLE_ASSIGNMENT (( #401 ) ) ;
#288 = VERTEX_POINT ( 'NONE', #6582 ) ;
#289 =( NAMED_UNIT ( * ) SI_UNIT ( $, .STERADIAN. ) SOLID_ANGLE_UNIT ( ) );
#290 = STYLED_ITEM ( 'NONE', ( #6808 ), #5317 ) ;
#291 = DIRECTION ( 'NONE',  ( 0.0000000000000000000, -1.000000000000000000, 1.501620008892423400E-013 ) ) ;
#292 = ADVANCED_FACE ( 'NONE', ( #746 ), #4754, .F. ) ;
#293 =( LENGTH_UNIT ( ) NAMED_UNIT ( * ) SI_UNIT ( .MILLI., .METRE. ) );
#294 =( NAMED_UNIT ( * ) SI_UNIT ( $, .STERADIAN. ) SOLID_ANGLE_UNIT ( ) );
#295 = FILL_AREA_STYLE ('',( #3949 ) ) ;
#296 = VECTOR ( 'NONE', #132, 1000.000000000000000 ) ;
#297 = LINE ( 'NONE', #7446, #7980 ) ;
#298 = PLANE ( 'NONE',  #2465 ) ;
#299 = PRESENTATION_LAYER_ASSIGNMENT (  '', '', ( #2742 ) ) ;
#300 = FACE_OUTER_BOUND ( 'NONE', #5503, .T. ) ;
#301 = CARTESIAN_POINT ( 'NONE',  ( -0.4450000000000000600, 2.200398605410600200, 0.6749999999999831700 ) ) ;
#302 = MECHANICAL_DESIGN_GEOMETRIC_PRESENTATION_REPRESENTATION (  '', ( #4519 ), #6469 ) ;
#303 = UNCERTAINTY_MEASURE_WITH_UNIT (LENGTH_MEASURE( 1.000000000000000100E-005 ), #7486, 'distance_accuracy_value', 'NONE');
#304 = FILL_AREA_STYLE ('',( #4760 ) ) ;
#305 = SURFACE_STYLE_USAGE ( .BOTH. , #3471 ) ;
#306 = FACE_OUTER_BOUND ( 'NONE', #3532, .T. ) ;
#307 = CARTESIAN_POINT ( 'NONE',  ( -2.337567332238087200, -1.872360607478102100, 1.327432982814607400 ) ) ;
#308 = ADVANCED_FACE ( 'NONE', ( #6778 ), #979, .F. ) ;
#309 = DIRECTION ( 'NONE',  ( 0.0000000000000000000, 1.501620008892423400E-013, -1.000000000000000000 ) ) ;
#310 = SURFACE_STYLE_USAGE ( .BOTH. , #7199 ) ;
#311 = CARTESIAN_POINT ( 'NONE',  ( -0.8250000000000001800, 2.200398605410600200, 0.9749999999999531300 ) ) ;
#312 = AXIS2_PLACEMENT_3D ( 'NONE', #233, #7028, #3328 ) ;
#313 = DIRECTION ( 'NONE',  ( -1.000000000000000000, 0.0000000000000000000, 0.0000000000000000000 ) ) ;
#314 = FILL_AREA_STYLE ('',( #7127 ) ) ;
#315 = SURFACE_STYLE_USAGE ( .BOTH. , #6628 ) ;
#316 = LINE ( 'NONE', #2034, #5221 ) ;
#317 = FILL_AREA_STYLE_COLOUR ( '', #4758 ) ;
#318 = FACE_OUTER_BOUND ( 'NONE', #1446, .T. ) ;
#319 = LINE ( 'NONE', #3627, #7907 ) ;
#320 = MECHANICAL_DESIGN_GEOMETRIC_PRESENTATION_REPRESENTATION (  '', ( #503 ), #4955 ) ;
#321 = CARTESIAN_POINT ( 'NONE',  ( -0.8250000000000001800, 2.230398605410600400, 0.7703939201416775100 ) ) ;
#322 = DIRECTION ( 'NONE',  ( -1.000000000000000000, 0.0000000000000000000, 0.0000000000000000000 ) ) ;
#323 = PRESENTATION_STYLE_ASSIGNMENT (( #6388 ) ) ;
#324 = DIRECTION ( 'NONE',  ( 0.0000000000000000000, -1.000000000000000000, -1.501620008892423100E-013 ) ) ;
#325 = CARTESIAN_POINT ( 'NONE',  ( 0.8750000000000001100, -2.230398605410600400, 0.7703939201416775100 ) ) ;
#326 = UNCERTAINTY_MEASURE_WITH_UNIT (LENGTH_MEASURE( 1.000000000000000100E-005 ), #5887, 'distance_accuracy_value', 'NONE');
#327 = ORIENTED_EDGE ( 'NONE', *, *, #5411, .T. ) ;
#328 = UNCERTAINTY_MEASURE_WITH_UNIT (LENGTH_MEASURE( 1.000000000000000100E-005 ), #4208, 'distance_accuracy_value', 'NONE');
#329 = LINE ( 'NONE', #5649, #4661 ) ;
#330 = SURFACE_STYLE_USAGE ( .BOTH. , #6054 ) ;
#331 = CARTESIAN_POINT ( 'NONE',  ( -1.200000000000000400, -0.9499999999999998400, 1.575000000000000000 ) ) ;
#332 = VECTOR ( 'NONE', #1841, 1000.000000000000000 ) ;
#334 = STYLED_ITEM ( 'NONE', ( #2998 ), #3483 ) ;
#333 =( NAMED_UNIT ( * ) PLANE_ANGLE_UNIT ( ) SI_UNIT ( $, .RADIAN. ) );
#335 = ADVANCED_FACE ( 'NONE', ( #951 ), #391, .F. ) ;
#336 = DIRECTION ( 'NONE',  ( 0.0000000000000000000, 0.08715574274766262100, 0.9961946980917451000 ) ) ;
#337 = EDGE_CURVE ( 'NONE', #2821, #2463, #3021, .T. ) ;
#338 = VERTEX_POINT ( 'NONE', #1051 ) ;
#339 = PRESENTATION_STYLE_ASSIGNMENT (( #8066 ) ) ;
#340 = CARTESIAN_POINT ( 'NONE',  ( -0.4450000000000000600, 2.600398605410600100, 0.3345815153284071300 ) ) ;
#341 = COLOUR_RGB ( '',1.000000000000000000, 1.000000000000000000, 1.000000000000000000 ) ;
#342 = DIRECTION ( 'NONE',  ( -1.000000000000000000, 0.0000000000000000000, -0.0000000000000000000 ) ) ;
#343 = DIRECTION ( 'NONE',  ( 0.0000000000000000000, -0.9539392014169455500, -0.3000000000000002700 ) ) ;
#344 = VECTOR ( 'NONE', #7824, 1000.000000000000000 ) ;
#345 = UNCERTAINTY_MEASURE_WITH_UNIT (LENGTH_MEASURE( 1.000000000000000100E-005 ), #2949, 'distance_accuracy_value', 'NONE');
#346 = EDGE_CURVE ( 'NONE', #7367, #2393, #1316, .T. ) ;
#347 = EDGE_LOOP ( 'NONE', ( #3915, #4487, #2362, #7147 ) ) ;
#348 = DIRECTION ( 'NONE',  ( 0.0000000000000000000, -0.9961946980917452100, 0.08715574274766135800 ) ) ;
#349 = LINE ( 'NONE', #1124, #43 ) ;
#351 = MECHANICAL_DESIGN_GEOMETRIC_PRESENTATION_REPRESENTATION (  '', ( #938 ), #4978 ) ;
#350 =( LENGTH_UNIT ( ) NAMED_UNIT ( * ) SI_UNIT ( .MILLI., .METRE. ) );
#352 = ORIENTED_EDGE ( 'NONE', *, *, #6344, .T. ) ;
#353 = SURFACE_STYLE_FILL_AREA ( #7487 ) ;
#354 = AXIS2_PLACEMENT_3D ( 'NONE', #2018, #6355, #7637 ) ;
#355 = ADVANCED_FACE ( 'NONE', ( #6112 ), #6606, .F. ) ;
#356 = FILL_AREA_STYLE ('',( #7163 ) ) ;
#357 = MECHANICAL_DESIGN_GEOMETRIC_PRESENTATION_REPRESENTATION (  '', ( #1343 ), #2962 ) ;
#358 = PLANE ( 'NONE',  #6466 ) ;
#359 = VERTEX_POINT ( 'NONE', #1628 ) ;
#360 = VECTOR ( 'NONE', #5803, 1000.000000000000000 ) ;
#361 = CARTESIAN_POINT ( 'NONE',  ( 2.095000000000000200, -2.300398605410600300, 0.6749999999999831700 ) ) ;
#362 = EDGE_LOOP ( 'NONE', ( #2166, #5483, #2865, #4599, #4021, #962 ) ) ;
#363 = LINE ( 'NONE', #7877, #4096 ) ;
#364 = CARTESIAN_POINT ( 'NONE',  ( 2.095000000000000200, 2.574251882586301200, 0.03572310590088358800 ) ) ;
#365 = FILL_AREA_STYLE_COLOUR ( '', #1644 ) ;
#366 = ORIENTED_EDGE ( 'NONE', *, *, #3961, .T. ) ;
#367 = DIRECTION ( 'NONE',  ( 1.000000000000000000, 0.0000000000000000000, 0.0000000000000000000 ) ) ;
#368 = VECTOR ( 'NONE', #5710, 1000.000000000000000 ) ;
#369 = PRESENTATION_LAYER_ASSIGNMENT (  '', '', ( #194 ) ) ;
#370 = VERTEX_POINT ( 'NONE', #7926 ) ;
#371 = SURFACE_STYLE_USAGE ( .BOTH. , #5360 ) ;
#372 = FACE_OUTER_BOUND ( 'NONE', #1574, .T. ) ;
#373 = ORIENTED_EDGE ( 'NONE', *, *, #7022, .F. ) ;
#374 = STYLED_ITEM ( 'NONE', ( #3757 ), #7171 ) ;
#375 = SURFACE_SIDE_STYLE ('',( #5431 ) ) ;
#376 = FILL_AREA_STYLE_COLOUR ( '', #7988 ) ;
#377 = ORIENTED_EDGE ( 'NONE', *, *, #6573, .T. ) ;
#378 = SURFACE_STYLE_FILL_AREA ( #2785 ) ;
#379 =( LENGTH_UNIT ( ) NAMED_UNIT ( * ) SI_UNIT ( .MILLI., .METRE. ) );
#380 = ORIENTED_EDGE ( 'NONE', *, *, #4441, .F. ) ;
#381 = DIRECTION ( 'NONE',  ( 0.0000000000000000000, 0.0000000000000000000, 1.000000000000000000 ) ) ;
#382 = PLANE ( 'NONE',  #3008 ) ;
#383 = STYLED_ITEM ( 'NONE', ( #3446 ), #2152 ) ;
#384 = DIRECTION ( 'NONE',  ( 0.0000000000000000000, -1.000000000000000000, -1.501620008892423100E-013 ) ) ;
#385 = FACE_OUTER_BOUND ( 'NONE', #1865, .T. ) ;
#386 = CARTESIAN_POINT ( 'NONE',  ( 0.8249999999999999600, 2.200398605410600200, 0.6749999999999831700 ) ) ;
#387 = CLOSED_SHELL ( 'NONE', ( #403, #1487, #490, #7212, #7847, #335, #7503, #3270, #1624, #2635, #5854, #2452, #4633, #3882, #2287, #4602, #5329, #5569, #4025, #5317, #1204, #3474 ) ) ;
#388 = CIRCLE ( 'NONE', #2597, 0.09999999999999982500 ) ;
#389 = FILL_AREA_STYLE_COLOUR ( '', #8062 ) ;
#390 = DIRECTION ( 'NONE',  ( 0.0000000000000000000, -1.000000000000000000, -1.501620008892423100E-013 ) ) ;
#391 = PLANE ( 'NONE',  #1742 ) ;
#392 = PRESENTATION_STYLE_ASSIGNMENT (( #1551 ) ) ;
#393 = DIRECTION ( 'NONE',  ( -1.000000000000000000, 0.0000000000000000000, -0.0000000000000000000 ) ) ;
#394 = EDGE_LOOP ( 'NONE', ( #6130, #4579, #2756, #1586 ) ) ;
#395 = ORIENTED_EDGE ( 'NONE', *, *, #5133, .F. ) ;
#396 = MECHANICAL_DESIGN_GEOMETRIC_PRESENTATION_REPRESENTATION (  '', ( #7170 ), #4284 ) ;
#397 = VECTOR ( 'NONE', #5460, 1000.000000000000000 ) ;
#398 = SURFACE_SIDE_STYLE ('',( #6729 ) ) ;
#399 = EDGE_CURVE ( 'NONE', #3541, #1662, #460, .T. ) ;
#400 = PLANE ( 'NONE',  #187 ) ;
#401 = SURFACE_STYLE_USAGE ( .BOTH. , #5443 ) ;
#402 = CARTESIAN_POINT ( 'NONE',  ( -0.3949999999999999600, -2.200398605410600200, 0.6749999999999831700 ) ) ;
#403 = ADVANCED_FACE ( 'NONE', ( #236 ), #4387, .T. ) ;
#404 = DIRECTION ( 'NONE',  ( -0.0000000000000000000, 0.0000000000000000000, -1.000000000000000000 ) ) ;
#405 = EDGE_CURVE ( 'NONE', #254, #6299, #2630, .T. ) ;
#406 = SURFACE_STYLE_FILL_AREA ( #2977 ) ;
#407 = SURFACE_SIDE_STYLE ('',( #1902 ) ) ;
#408 = LINE ( 'NONE', #4533, #5205 ) ;
#409 = MECHANICAL_DESIGN_GEOMETRIC_PRESENTATION_REPRESENTATION (  '', ( #7786 ), #2954 ) ;
#410 =( NAMED_UNIT ( * ) PLANE_ANGLE_UNIT ( ) SI_UNIT ( $, .RADIAN. ) );
#411 = CARTESIAN_POINT ( 'NONE',  ( 2.095000000000000200, 2.591683031135834100, 0.2349620455192325500 ) ) ;
#412 = VECTOR ( 'NONE', #7306, 1000.000000000000000 ) ;
#413 = EDGE_CURVE ( 'NONE', #2167, #6522, #5241, .T. ) ;
#414 = MECHANICAL_DESIGN_GEOMETRIC_PRESENTATION_REPRESENTATION (  '', ( #3878 ), #2797 ) ;
#415 = FILL_AREA_STYLE_COLOUR ( '', #3959 ) ;
#416 = FACE_OUTER_BOUND ( 'NONE', #1849, .T. ) ;
#417 = FACE_OUTER_BOUND ( 'NONE', #1947, .T. ) ;
#418 = VECTOR ( 'NONE', #4050, 1000.000000000000000 ) ;
#419 =( NAMED_UNIT ( * ) SI_UNIT ( $, .STERADIAN. ) SOLID_ANGLE_UNIT ( ) );
#420 = DIRECTION ( 'NONE',  ( 1.000000000000000000, -0.0000000000000000000, -0.0000000000000000000 ) ) ;
#421 =( GEOMETRIC_REPRESENTATION_CONTEXT ( 3 ) GLOBAL_UNCERTAINTY_ASSIGNED_CONTEXT ( ( #1183 ) ) GLOBAL_UNIT_ASSIGNED_CONTEXT ( ( #2080, #2633, #794 ) ) REPRESENTATION_CONTEXT ( 'NONE', 'WORKASPACE' ) );
#422 = FACE_OUTER_BOUND ( 'NONE', #7767, .T. ) ;
#423 =( LENGTH_UNIT ( ) NAMED_UNIT ( * ) SI_UNIT ( .MILLI., .METRE. ) );
#424 = PRESENTATION_LAYER_ASSIGNMENT (  '', '', ( #1251 ) ) ;
#425 = CARTESIAN_POINT ( 'NONE',  ( -0.4450000000000000600, 2.600398605410600100, 0.3345815153284070800 ) ) ;
#426 =( GEOMETRIC_REPRESENTATION_CONTEXT ( 3 ) GLOBAL_UNCERTAINTY_ASSIGNED_CONTEXT ( ( #4347 ) ) GLOBAL_UNIT_ASSIGNED_CONTEXT ( ( #2604, #4450, #3204 ) ) REPRESENTATION_CONTEXT ( 'NONE', 'WORKASPACE' ) );
#427 = CARTESIAN_POINT ( 'NONE',  ( -1.714999999999999900, -2.200398605410600200, 0.9749999999999531300 ) ) ;
#428 = CARTESIAN_POINT ( 'NONE',  ( 0.8249999999999999600, -2.300398605410600300, 0.6749999999999831700 ) ) ;
#429 = CARTESIAN_POINT ( 'NONE',  ( 1.714999999999999900, -2.600398605410600100, 0.3345815153284070800 ) ) ;
#430 = VERTEX_POINT ( 'NONE', #5489 ) ;
#431 = LINE ( 'NONE', #5836, #3864 ) ;
#432 = LINE ( 'NONE', #435, #2706 ) ;
#433 = CARTESIAN_POINT ( 'NONE',  ( -0.4450000000000000600, 2.591683031135834100, 0.2349620455192325500 ) ) ;
#434 = PRESENTATION_STYLE_ASSIGNMENT (( #7281 ) ) ;
#435 = CARTESIAN_POINT ( 'NONE',  ( 1.714999999999999900, 3.000000000000000000, 0.1992389396183490100 ) ) ;
#436 = UNCERTAINTY_MEASURE_WITH_UNIT (LENGTH_MEASURE( 1.000000000000000100E-005 ), #7423, 'distance_accuracy_value', 'NONE');
#437 = ADVANCED_FACE ( 'NONE', ( #4365 ), #2405, .F. ) ;
#438 = PRESENTATION_LAYER_ASSIGNMENT (  '', '', ( #5059 ) ) ;
#439 = EDGE_LOOP ( 'NONE', ( #2464, #4085, #2632, #275 ) ) ;
#440 = DIRECTION ( 'NONE',  ( -1.000000000000000000, -0.0000000000000000000, -0.0000000000000000000 ) ) ;
#441 = DIRECTION ( 'NONE',  ( -1.000000000000000000, 0.0000000000000000000, -0.0000000000000000000 ) ) ;
#442 = SURFACE_STYLE_FILL_AREA ( #1095 ) ;
#443 = EDGE_CURVE ( 'NONE', #1348, #3331, #3291, .T. ) ;
#444 =( NAMED_UNIT ( * ) SI_UNIT ( $, .STERADIAN. ) SOLID_ANGLE_UNIT ( ) );
#445 = CARTESIAN_POINT ( 'NONE',  ( 2.095000000000000200, 2.982568851450467600, 0.0000000000000000000 ) ) ;
#446 = VECTOR ( 'NONE', #1616, 1000.000000000000100 ) ;
#447 = CARTESIAN_POINT ( 'NONE',  ( -2.095000000000000200, 2.574251882586301200, 0.03572310590088358800 ) ) ;
#448 = VECTOR ( 'NONE', #7294, 1000.000000000000200 ) ;
#449 = EDGE_CURVE ( 'NONE', #5570, #5192, #2820, .T. ) ;
#450 = ORIENTED_EDGE ( 'NONE', *, *, #1791, .T. ) ;
#451 = FILL_AREA_STYLE_COLOUR ( '', #4084 ) ;
#452 = ORIENTED_EDGE ( 'NONE', *, *, #6366, .T. ) ;
#453 = FACE_OUTER_BOUND ( 'NONE', #1665, .T. ) ;
#454 = VECTOR ( 'NONE', #7514, 1000.000000000000000 ) ;
#455 = VERTEX_POINT ( 'NONE', #6688 ) ;
#456 = VECTOR ( 'NONE', #7560, 1000.000000000000000 ) ;
#457 = AXIS2_PLACEMENT_3D ( 'NONE', #6160, #7378, #7914 ) ;
#458 = CARTESIAN_POINT ( 'NONE',  ( 2.095000000000000200, 2.500398605410600000, 0.3345815153284070200 ) ) ;
#459 = EDGE_CURVE ( 'NONE', #1430, #7479, #5049, .T. ) ;
#460 = LINE ( 'NONE', #3820, #5540 ) ;
#461 = VERTEX_POINT ( 'NONE', #3164 ) ;
#462 = PRESENTATION_STYLE_ASSIGNMENT (( #4128 ) ) ;
#463 = CARTESIAN_POINT ( 'NONE',  ( 2.095000000000000200, -2.200398605410600200, 0.6749999999999831700 ) ) ;
#464 = CARTESIAN_POINT ( 'NONE',  ( -1.714999999999999900, 1.950000000000000000, 0.7749999999999831500 ) ) ;
#465 = ORIENTED_EDGE ( 'NONE', *, *, #6674, .F. ) ;
#466 = UNCERTAINTY_MEASURE_WITH_UNIT (LENGTH_MEASURE( 1.000000000000000100E-005 ), #2123, 'distance_accuracy_value', 'NONE');
#467 = ORIENTED_EDGE ( 'NONE', *, *, #7266, .F. ) ;
#468 =( NAMED_UNIT ( * ) PLANE_ANGLE_UNIT ( ) SI_UNIT ( $, .RADIAN. ) );
#469 = CARTESIAN_POINT ( 'NONE',  ( 2.095000000000000200, 2.300398605410600300, 0.6749999999999831700 ) ) ;
#470 = PRESENTATION_STYLE_ASSIGNMENT (( #6701 ) ) ;
#471 = ORIENTED_EDGE ( 'NONE', *, *, #939, .T. ) ;
#472 = PRESENTATION_STYLE_ASSIGNMENT (( #3907 ) ) ;
#473 = MECHANICAL_DESIGN_GEOMETRIC_PRESENTATION_REPRESENTATION (  '', ( #5096 ), #7675 ) ;
#474 = ORIENTED_EDGE ( 'NONE', *, *, #7695, .T. ) ;
#475 = COLOUR_RGB ( '',1.000000000000000000, 1.000000000000000000, 1.000000000000000000 ) ;
#476 = CARTESIAN_POINT ( 'NONE',  ( -5.000000000000000000, -1.919999999999995000, 0.7749999999999805900 ) ) ;
#477 =( NAMED_UNIT ( * ) SI_UNIT ( $, .STERADIAN. ) SOLID_ANGLE_UNIT ( ) );
#478 = MECHANICAL_DESIGN_GEOMETRIC_PRESENTATION_REPRESENTATION (  '', ( #5032 ), #5414 ) ;
#479 =( NAMED_UNIT ( * ) PLANE_ANGLE_UNIT ( ) SI_UNIT ( $, .RADIAN. ) );
#480 = ORIENTED_EDGE ( 'NONE', *, *, #768, .F. ) ;
#481 = ORIENTED_EDGE ( 'NONE', *, *, #4659, .F. ) ;
#482 = FILL_AREA_STYLE_COLOUR ( '', #970 ) ;
#483 = VERTEX_POINT ( 'NONE', #1772 ) ;
#484 = VERTEX_POINT ( 'NONE', #3012 ) ;
#485 =( NAMED_UNIT ( * ) PLANE_ANGLE_UNIT ( ) SI_UNIT ( $, .RADIAN. ) );
#486 = CIRCLE ( 'NONE', #4905, 0.09999999999999988100 ) ;
#487 = CARTESIAN_POINT ( 'NONE',  ( -0.4450000000000000600, -2.200398605410600200, 0.7749999999999831500 ) ) ;
#488 =( GEOMETRIC_REPRESENTATION_CONTEXT ( 3 ) GLOBAL_UNCERTAINTY_ASSIGNED_CONTEXT ( ( #326 ) ) GLOBAL_UNIT_ASSIGNED_CONTEXT ( ( #5887, #7122, #6543 ) ) REPRESENTATION_CONTEXT ( 'NONE', 'WORKASPACE' ) );
#489 = ORIENTED_EDGE ( 'NONE', *, *, #571, .T. ) ;
#490 = ADVANCED_FACE ( 'NONE', ( #1933 ), #3786, .F. ) ;
#491 = PRESENTATION_LAYER_ASSIGNMENT (  '', '', ( #5565 ) ) ;
#492 = CARTESIAN_POINT ( 'NONE',  ( 2.145000000000000000, -2.200398605410600200, 0.6749999999999831700 ) ) ;
#493 = VERTEX_POINT ( 'NONE', #4417 ) ;
#494 = FILL_AREA_STYLE_COLOUR ( '', #92 ) ;
#495 = EDGE_LOOP ( 'NONE', ( #3519, #7602, #6059, #569, #2656, #6680, #665, #7263, #7185, #7758 ) ) ;
#496 = UNCERTAINTY_MEASURE_WITH_UNIT (LENGTH_MEASURE( 1.000000000000000100E-005 ), #3932, 'distance_accuracy_value', 'NONE');
#497 = DIRECTION ( 'NONE',  ( 0.0000000000000000000, 1.000000000000000000, -1.501620008892423100E-013 ) ) ;
#498 = CARTESIAN_POINT ( 'NONE',  ( -0.8250000000000001800, 2.982568851450467600, 0.0000000000000000000 ) ) ;
#499 = ORIENTED_EDGE ( 'NONE', *, *, #6968, .T. ) ;
#500 = CIRCLE ( 'NONE', #5798, 0.2999999999999856100 ) ;
#501 = EDGE_CURVE ( 'NONE', #4965, #254, #5620, .T. ) ;
#502 = ORIENTED_EDGE ( 'NONE', *, *, #7233, .F. ) ;
#503 = STYLED_ITEM ( 'NONE', ( #5734 ), #2794 ) ;
#504 = PLANE ( 'NONE',  #7161 ) ;
#505 = ORIENTED_EDGE ( 'NONE', *, *, #4184, .T. ) ;
#506 = DIRECTION ( 'NONE',  ( 0.0000000000000000000, 0.0000000000000000000, 1.000000000000000000 ) ) ;
#507 = DIRECTION ( 'NONE',  ( 0.0000000000000000000, 0.0000000000000000000, 1.000000000000000000 ) ) ;
#508 = DIRECTION ( 'NONE',  ( 0.0000000000000000000, 0.0000000000000000000, 1.000000000000000000 ) ) ;
#509 = SURFACE_SIDE_STYLE ('',( #648 ) ) ;
#510 = EDGE_LOOP ( 'NONE', ( #865, #4073, #1354, #3287 ) ) ;
#511 = CARTESIAN_POINT ( 'NONE',  ( -0.3949999999999999600, 2.290398605410596000, 0.9611817604250529900 ) ) ;
#512 = AXIS2_PLACEMENT_3D ( 'NONE', #340, #1677, #1592 ) ;
#513 =( LENGTH_UNIT ( ) NAMED_UNIT ( * ) SI_UNIT ( .MILLI., .METRE. ) );
#514 = EDGE_CURVE ( 'NONE', #5639, #3041, #1041, .T. ) ;
#515 = CARTESIAN_POINT ( 'NONE',  ( 2.145000000000000000, 2.290398605410596000, 0.9611817604250529900 ) ) ;
#516 = CARTESIAN_POINT ( 'NONE',  ( -0.4450000000000000600, 2.200398605410600200, 0.9749999999999531300 ) ) ;
#517 = LINE ( 'NONE', #1833, #4136 ) ;
#518 = CARTESIAN_POINT ( 'NONE',  ( 1.714999999999999900, 2.982568851450467600, 0.0000000000000000000 ) ) ;
#519 = EDGE_CURVE ( 'NONE', #2575, #5440, #2345, .T. ) ;
#520 = EDGE_CURVE ( 'NONE', #3636, #3371, #3591, .T. ) ;
#521 = DIRECTION ( 'NONE',  ( -0.9902680687415708100, -0.0000000000000000000, -0.1391731009600625200 ) ) ;
#522 = MECHANICAL_DESIGN_GEOMETRIC_PRESENTATION_REPRESENTATION (  '', ( #1622 ), #7027 ) ;
#523 = DIRECTION ( 'NONE',  ( 0.0000000000000000000, 0.0000000000000000000, 1.000000000000000000 ) ) ;
#524 = COLOUR_RGB ( '',1.000000000000000000, 1.000000000000000000, 1.000000000000000000 ) ;
#525 = EDGE_CURVE ( 'NONE', #1068, #7355, #3975, .T. ) ;
#526 = CIRCLE ( 'NONE', #512, 0.2999999999999999300 ) ;
#527 = PLANE ( 'NONE',  #3358 ) ;
#528 = SURFACE_STYLE_USAGE ( .BOTH. , #3007 ) ;
#529 = FACE_OUTER_BOUND ( 'NONE', #5723, .T. ) ;
#530 = FACE_OUTER_BOUND ( 'NONE', #2047, .T. ) ;
#531 = DIRECTION ( 'NONE',  ( -1.000000000000000000, 0.0000000000000000000, 0.0000000000000000000 ) ) ;
#532 = STYLED_ITEM ( 'NONE', ( #4767 ), #720 ) ;
#533 = LINE ( 'NONE', #2837, #3578 ) ;
#534 =( NAMED_UNIT ( * ) SI_UNIT ( $, .STERADIAN. ) SOLID_ANGLE_UNIT ( ) );
#535 = MECHANICAL_DESIGN_GEOMETRIC_PRESENTATION_REPRESENTATION (  '', ( #6884 ), #958 ) ;
#536 = PRESENTATION_STYLE_ASSIGNMENT (( #4408 ) ) ;
#537 = CARTESIAN_POINT ( 'NONE',  ( 0.8249999999999999600, 2.591683031135834100, 0.2349620455192326700 ) ) ;
#538 =( NAMED_UNIT ( * ) PLANE_ANGLE_UNIT ( ) SI_UNIT ( $, .RADIAN. ) );
#539 = CARTESIAN_POINT ( 'NONE',  ( 1.665000000000000000, -2.300398605410600300, 0.6749999999999831700 ) ) ;
#540 = VERTEX_POINT ( 'NONE', #6334 ) ;
#541 = SURFACE_STYLE_FILL_AREA ( #3989 ) ;
#542 = PRESENTATION_STYLE_ASSIGNMENT (( #5434 ) ) ;
#543 = STYLED_ITEM ( 'NONE', ( #7484 ), #2052 ) ;
#544 = FILL_AREA_STYLE ('',( #494 ) ) ;
#545 = LINE ( 'NONE', #1989, #6008 ) ;
#546 = CARTESIAN_POINT ( 'NONE',  ( 2.095000000000000200, 2.290398605410596000, 0.9611817604250529900 ) ) ;
#547 =( NAMED_UNIT ( * ) PLANE_ANGLE_UNIT ( ) SI_UNIT ( $, .RADIAN. ) );
#548 = VECTOR ( 'NONE', #716, 1000.000000000000000 ) ;
#549 = ORIENTED_EDGE ( 'NONE', *, *, #1716, .F. ) ;
#550 = LINE ( 'NONE', #5484, #5616 ) ;
#551 = STYLED_ITEM ( 'NONE', ( #6891 ), #7657 ) ;
#552 = FILL_AREA_STYLE_COLOUR ( '', #3775 ) ;
#553 = DIRECTION ( 'NONE',  ( -0.0000000000000000000, 1.000000000000000000, -0.0000000000000000000 ) ) ;
#554 = AXIS2_PLACEMENT_3D ( 'NONE', #4458, #3917, #5789 ) ;
#555 =( LENGTH_UNIT ( ) NAMED_UNIT ( * ) SI_UNIT ( .MILLI., .METRE. ) );
#556 =( NAMED_UNIT ( * ) PLANE_ANGLE_UNIT ( ) SI_UNIT ( $, .RADIAN. ) );
#557 = EDGE_CURVE ( 'NONE', #5961, #3207, #5821, .T. ) ;
#558 = ORIENTED_EDGE ( 'NONE', *, *, #5883, .F. ) ;
#559 = CARTESIAN_POINT ( 'NONE',  ( 1.714999999999999900, -1.921891833059526500, 0.9749999999999531300 ) ) ;
#560 = EDGE_LOOP ( 'NONE', ( #7292, #6489, #1676, #2381 ) ) ;
#561 = VECTOR ( 'NONE', #1449, 1000.000000000000100 ) ;
#562 = EDGE_CURVE ( 'NONE', #787, #7814, #6690, .T. ) ;
#563 = CARTESIAN_POINT ( 'NONE',  ( 0.8249999999999999600, -1.950000000000000000, 0.7749999999999831500 ) ) ;
#564 = CARTESIAN_POINT ( 'NONE',  ( -1.664999999999999800, -2.290398605410596000, 0.9611817604250529900 ) ) ;
#565 = VERTEX_POINT ( 'NONE', #7611 ) ;
#566 = LINE ( 'NONE', #2295, #3305 ) ;
#567 = AXIS2_PLACEMENT_3D ( 'NONE', #4391, #5227, #5687 ) ;
#568 = ADVANCED_FACE ( 'NONE', ( #31 ), #5740, .F. ) ;
#569 = ORIENTED_EDGE ( 'NONE', *, *, #2682, .T. ) ;
#570 = FILL_AREA_STYLE ('',( #6099 ) ) ;
#571 = EDGE_CURVE ( 'NONE', #4274, #7841, #3773, .T. ) ;
#572 = UNCERTAINTY_MEASURE_WITH_UNIT (LENGTH_MEASURE( 1.000000000000000100E-005 ), #3257, 'distance_accuracy_value', 'NONE');
#573 = VERTEX_POINT ( 'NONE', #6300 ) ;
#574 = LINE ( 'NONE', #1800, #2560 ) ;
#575 = PRESENTATION_LAYER_ASSIGNMENT (  '', '', ( #6309 ) ) ;
#576 = COLOUR_RGB ( '',1.000000000000000000, 1.000000000000000000, 1.000000000000000000 ) ;
#577 = CARTESIAN_POINT ( 'NONE',  ( -2.337567332238087200, 1.950000000000000000, 1.575000000000000000 ) ) ;
#578 = VERTEX_POINT ( 'NONE', #5769 ) ;
#579 = DIRECTION ( 'NONE',  ( 0.0000000000000000000, -0.3000000000000002700, -0.9539392014169455500 ) ) ;
#580 = COLOUR_RGB ( '',1.000000000000000000, 1.000000000000000000, 1.000000000000000000 ) ;
#581 = COLOUR_RGB ( '',1.000000000000000000, 1.000000000000000000, 1.000000000000000000 ) ;
#582 = ORIENTED_EDGE ( 'NONE', *, *, #3763, .F. ) ;
#583 = VECTOR ( 'NONE', #1659, 1000.000000000000000 ) ;
#584 = SURFACE_SIDE_STYLE ('',( #6963 ) ) ;
#585 = CARTESIAN_POINT ( 'NONE',  ( 2.145000000000000000, 2.230398605410600400, 0.7703939201416775100 ) ) ;
#586 = VERTEX_POINT ( 'NONE', #2700 ) ;
#587 =( GEOMETRIC_REPRESENTATION_CONTEXT ( 3 ) GLOBAL_UNCERTAINTY_ASSIGNED_CONTEXT ( ( #2674 ) ) GLOBAL_UNIT_ASSIGNED_CONTEXT ( ( #5994, #2256, #7797 ) ) REPRESENTATION_CONTEXT ( 'NONE', 'WORKASPACE' ) );
#588 = ORIENTED_EDGE ( 'NONE', *, *, #1448, .T. ) ;
#589 = DIRECTION ( 'NONE',  ( 0.0000000000000000000, -0.08715574274766148300, 0.9961946980917453200 ) ) ;
#590 = DIRECTION ( 'NONE',  ( 0.0000000000000000000, -0.1391731009600620800, -0.9902680687415708100 ) ) ;
#591 = VERTEX_POINT ( 'NONE', #7564 ) ;
#592 =( GEOMETRIC_REPRESENTATION_CONTEXT ( 3 ) GLOBAL_UNCERTAINTY_ASSIGNED_CONTEXT ( ( #1979 ) ) GLOBAL_UNIT_ASSIGNED_CONTEXT ( ( #6905, #5062, #6956 ) ) REPRESENTATION_CONTEXT ( 'NONE', 'WORKASPACE' ) );
#593 = CARTESIAN_POINT ( 'NONE',  ( -0.8250000000000001800, 2.200398605410600200, 0.6749999999999831700 ) ) ;
#594 = VERTEX_POINT ( 'NONE', #2613 ) ;
#595 = FACE_OUTER_BOUND ( 'NONE', #5550, .T. ) ;
#596 = SURFACE_STYLE_USAGE ( .BOTH. , #7343 ) ;
#597 = DIRECTION ( 'NONE',  ( 0.0000000000000000000, 0.08715574274766137200, -0.9961946980917453200 ) ) ;
#598 = ORIENTED_EDGE ( 'NONE', *, *, #1502, .F. ) ;
#599 = ORIENTED_EDGE ( 'NONE', *, *, #2338, .T. ) ;
#600 = ORIENTED_EDGE ( 'NONE', *, *, #3961, .F. ) ;
#601 = STYLED_ITEM ( 'NONE', ( #2275 ), #7669 ) ;
#602 = FILL_AREA_STYLE ('',( #1205 ) ) ;
#603 = ORIENTED_EDGE ( 'NONE', *, *, #4035, .T. ) ;
#604 = DIRECTION ( 'NONE',  ( 0.0000000000000000000, -1.501620008892423400E-013, -1.000000000000000000 ) ) ;
#605 = CARTESIAN_POINT ( 'NONE',  ( -1.664999999999999800, -2.300398605410600300, 0.6749999999999831700 ) ) ;
#606 = AXIS2_PLACEMENT_3D ( 'NONE', #3488, #265, #2966 ) ;
#607 = CARTESIAN_POINT ( 'NONE',  ( -2.145000000000000000, 2.200398605410600200, 0.6749999999999831700 ) ) ;
#608 = ADVANCED_FACE ( 'NONE', ( #2126 ), #5145, .T. ) ;
#609 = CARTESIAN_POINT ( 'NONE',  ( 0.3949999999999999600, 2.200398605410600200, 0.6749999999999831700 ) ) ;
#610 = APPLICATION_PROTOCOL_DEFINITION ( 'draft international standard', 'automotive_design', 1998, #4332 ) ;
#611 = SURFACE_STYLE_FILL_AREA ( #1289 ) ;
#612 = SURFACE_STYLE_USAGE ( .BOTH. , #4356 ) ;
#613 = COLOUR_RGB ( '',1.000000000000000000, 1.000000000000000000, 1.000000000000000000 ) ;
#614 = EDGE_CURVE ( 'NONE', #6064, #4871, #5815, .T. ) ;
#615 = DIRECTION ( 'NONE',  ( 0.0000000000000000000, 0.9961946980917452100, 0.08715574274766135800 ) ) ;
#616 = FILL_AREA_STYLE ('',( #5637 ) ) ;
#617 = EDGE_CURVE ( 'NONE', #6146, #5249, #5345, .T. ) ;
#618 = SURFACE_SIDE_STYLE ('',( #2589 ) ) ;
#619 = AXIS2_PLACEMENT_3D ( 'NONE', #3978, #203, #2567 ) ;
#620 = DIRECTION ( 'NONE',  ( -0.0000000000000000000, -1.000000000000000000, -0.0000000000000000000 ) ) ;
#621 = DIRECTION ( 'NONE',  ( -1.000000000000000000, 0.0000000000000000000, -0.0000000000000000000 ) ) ;
#622 = CARTESIAN_POINT ( 'NONE',  ( -0.4450000000000000600, -2.200398605410600200, 0.6749999999999531900 ) ) ;
#623 = AXIS2_PLACEMENT_3D ( 'NONE', #6277, #1717, #6070 ) ;
#624 = PRESENTATION_STYLE_ASSIGNMENT (( #3195 ) ) ;
#625 = COLOUR_RGB ( '',1.000000000000000000, 1.000000000000000000, 1.000000000000000000 ) ;
#626 = EDGE_CURVE ( 'NONE', #6522, #6732, #3285, .T. ) ;
#627 =( LENGTH_UNIT ( ) NAMED_UNIT ( * ) SI_UNIT ( .MILLI., .METRE. ) );
#628 = STYLED_ITEM ( 'NONE', ( #6971 ), #6168 ) ;
#629 =( NAMED_UNIT ( * ) SI_UNIT ( $, .STERADIAN. ) SOLID_ANGLE_UNIT ( ) );
#630 = ORIENTED_EDGE ( 'NONE', *, *, #6917, .F. ) ;
#631 = DIRECTION ( 'NONE',  ( 1.000000000000000000, -0.0000000000000000000, -0.0000000000000000000 ) ) ;
#632 = LINE ( 'NONE', #778, #7148 ) ;
#633 = VECTOR ( 'NONE', #4, 1000.000000000000000 ) ;
#634 = MECHANICAL_DESIGN_GEOMETRIC_PRESENTATION_REPRESENTATION (  '', ( #2693 ), #7860 ) ;
#635 = DIRECTION ( 'NONE',  ( 1.000000000000000000, 0.0000000000000000000, 0.0000000000000000000 ) ) ;
#636 =( NAMED_UNIT ( * ) PLANE_ANGLE_UNIT ( ) SI_UNIT ( $, .RADIAN. ) );
#637 = COLOUR_RGB ( '',1.000000000000000000, 1.000000000000000000, 1.000000000000000000 ) ;
#638 =( GEOMETRIC_REPRESENTATION_CONTEXT ( 3 ) GLOBAL_UNCERTAINTY_ASSIGNED_CONTEXT ( ( #2341 ) ) GLOBAL_UNIT_ASSIGNED_CONTEXT ( ( #5099, #3178, #5762 ) ) REPRESENTATION_CONTEXT ( 'NONE', 'WORKASPACE' ) );
#639 = ORIENTED_EDGE ( 'NONE', *, *, #443, .T. ) ;
#640 = DIRECTION ( 'NONE',  ( 0.0000000000000000000, -1.000000000000000000, 0.0000000000000000000 ) ) ;
#641 = PRESENTATION_LAYER_ASSIGNMENT (  '', '', ( #543 ) ) ;
#642 = ORIENTED_EDGE ( 'NONE', *, *, #2993, .T. ) ;
#643 =( LENGTH_UNIT ( ) NAMED_UNIT ( * ) SI_UNIT ( .MILLI., .METRE. ) );
#644 = DIRECTION ( 'NONE',  ( 0.0000000000000000000, 1.000000000000000000, -1.501620008892423100E-013 ) ) ;
#645 = DIRECTION ( 'NONE',  ( -1.000000000000000000, -0.0000000000000000000, -0.0000000000000000000 ) ) ;
#646 = ORIENTED_EDGE ( 'NONE', *, *, #3714, .F. ) ;
#647 = SURFACE_SIDE_STYLE ('',( #4843 ) ) ;
#648 = SURFACE_STYLE_FILL_AREA ( #2564 ) ;
#649 = DIRECTION ( 'NONE',  ( -0.0000000000000000000, 1.273963925350998900E-015, -1.000000000000000000 ) ) ;
#650 =( LENGTH_UNIT ( ) NAMED_UNIT ( * ) SI_UNIT ( .MILLI., .METRE. ) );
#651 = LINE ( 'NONE', #23, #4091 ) ;
#652 = EDGE_LOOP ( 'NONE', ( #4789, #5745, #5339, #5869 ) ) ;
#653 = COLOUR_RGB ( '',1.000000000000000000, 1.000000000000000000, 1.000000000000000000 ) ;
#654 = VERTEX_POINT ( 'NONE', #4082 ) ;
#655 = VECTOR ( 'NONE', #7463, 1000.000000000000100 ) ;
#656 =( GEOMETRIC_REPRESENTATION_CONTEXT ( 3 ) GLOBAL_UNCERTAINTY_ASSIGNED_CONTEXT ( ( #1547 ) ) GLOBAL_UNIT_ASSIGNED_CONTEXT ( ( #1477, #3293, #7077 ) ) REPRESENTATION_CONTEXT ( 'NONE', 'WORKASPACE' ) );
#657 = PLANE ( 'NONE',  #4341 ) ;
#658 = CARTESIAN_POINT ( 'NONE',  ( -1.714999999999999900, -1.921891833059526500, 0.9749999999999531300 ) ) ;
#659 = EDGE_CURVE ( 'NONE', #2186, #7841, #1836, .T. ) ;
#660 = EDGE_LOOP ( 'NONE', ( #6883, #2945, #5260, #2184, #6472, #4984, #5805, #5731 ) ) ;
#661 = VECTOR ( 'NONE', #4401, 1000.000000000000100 ) ;
#662 = ORIENTED_EDGE ( 'NONE', *, *, #2439, .T. ) ;
#663 = SURFACE_STYLE_USAGE ( .BOTH. , #509 ) ;
#664 = PLANE ( 'NONE',  #27 ) ;
#665 = ORIENTED_EDGE ( 'NONE', *, *, #7925, .F. ) ;
#666 =( NAMED_UNIT ( * ) PLANE_ANGLE_UNIT ( ) SI_UNIT ( $, .RADIAN. ) );
#667 = EDGE_CURVE ( 'NONE', #5369, #4219, #4966, .T. ) ;
#668 = VECTOR ( 'NONE', #5993, 1000.000000000000000 ) ;
#669 = FILL_AREA_STYLE_COLOUR ( '', #2754 ) ;
#670 = ORIENTED_EDGE ( 'NONE', *, *, #5546, .T. ) ;
#671 = UNCERTAINTY_MEASURE_WITH_UNIT (LENGTH_MEASURE( 1.000000000000000100E-005 ), #2250, 'distance_accuracy_value', 'NONE');
#672 =( GEOMETRIC_REPRESENTATION_CONTEXT ( 3 ) GLOBAL_UNCERTAINTY_ASSIGNED_CONTEXT ( ( #6282 ) ) GLOBAL_UNIT_ASSIGNED_CONTEXT ( ( #423, #485, #6587 ) ) REPRESENTATION_CONTEXT ( 'NONE', 'WORKASPACE' ) );
#673 = ORIENTED_EDGE ( 'NONE', *, *, #7676, .F. ) ;
#674 = DIRECTION ( 'NONE',  ( 0.0000000000000000000, -1.000000000000000000, 0.0000000000000000000 ) ) ;
#675 = EDGE_CURVE ( 'NONE', #7848, #1750, #6771, .T. ) ;
#676 = VECTOR ( 'NONE', #4041, 1000.000000000000000 ) ;
#677 = CARTESIAN_POINT ( 'NONE',  ( -1.714999999999999900, 2.591683031135834100, 0.2349620455192325500 ) ) ;
#678 = AXIS2_PLACEMENT_3D ( 'NONE', #5862, #2146, #1459 ) ;
#679 = FACE_OUTER_BOUND ( 'NONE', #6114, .T. ) ;
#680 = DIRECTION ( 'NONE',  ( 0.0000000000000000000, 0.0000000000000000000, 1.000000000000000000 ) ) ;
#681 =( NAMED_UNIT ( * ) PLANE_ANGLE_UNIT ( ) SI_UNIT ( $, .RADIAN. ) );
#682 = VERTEX_POINT ( 'NONE', #5899 ) ;
#683 = ORIENTED_EDGE ( 'NONE', *, *, #3189, .F. ) ;
#684 = CARTESIAN_POINT ( 'NONE',  ( -2.145000000000000000, -2.500398605410600000, 0.6749999999999530800 ) ) ;
#685 = DIRECTION ( 'NONE',  ( 0.0000000000000000000, 0.0000000000000000000, 1.000000000000000000 ) ) ;
#686 = AXIS2_PLACEMENT_3D ( 'NONE', #3891, #1973, #5150 ) ;
#687 = ORIENTED_EDGE ( 'NONE', *, *, #659, .T. ) ;
#688 = PLANE ( 'NONE',  #5380 ) ;
#689 = CARTESIAN_POINT ( 'NONE',  ( -0.8750000000000001100, 2.290398605410596000, 0.9611817604250529900 ) ) ;
#690 = VERTEX_POINT ( 'NONE', #3369 ) ;
#691 = PRESENTATION_LAYER_ASSIGNMENT (  '', '', ( #6588 ) ) ;
#692 = ORIENTED_EDGE ( 'NONE', *, *, #4918, .T. ) ;
#693 = DIRECTION ( 'NONE',  ( -0.0000000000000000000, 0.9539392014169455500, -0.3000000000000002700 ) ) ;
#694 = LINE ( 'NONE', #6416, #6351 ) ;
#695 = SURFACE_SIDE_STYLE ('',( #2639 ) ) ;
#696 = UNCERTAINTY_MEASURE_WITH_UNIT (LENGTH_MEASURE( 1.000000000000000100E-005 ), #2322, 'distance_accuracy_value', 'NONE');
#697 = CARTESIAN_POINT ( 'NONE',  ( -2.095000000000000200, 2.591683031135834100, 0.2349620455192326700 ) ) ;
#698 = MANIFOLD_SOLID_BREP ( 'Lead1', #3609 ) ;
#699 = DIRECTION ( 'NONE',  ( 0.0000000000000000000, -1.501620008892423400E-013, 1.000000000000000000 ) ) ;
#700 = MECHANICAL_DESIGN_GEOMETRIC_PRESENTATION_REPRESENTATION (  '', ( #543 ), #3748 ) ;
#701 =( NAMED_UNIT ( * ) SI_UNIT ( $, .STERADIAN. ) SOLID_ANGLE_UNIT ( ) );
#702 = SURFACE_STYLE_FILL_AREA ( #5671 ) ;
#703 = CARTESIAN_POINT ( 'NONE',  ( -1.714999999999999900, -2.982568851450467600, 0.0000000000000000000 ) ) ;
#704 =( NAMED_UNIT ( * ) PLANE_ANGLE_UNIT ( ) SI_UNIT ( $, .RADIAN. ) );
#705 =( LENGTH_UNIT ( ) NAMED_UNIT ( * ) SI_UNIT ( .MILLI., .METRE. ) );
#706 = SURFACE_SIDE_STYLE ('',( #4355 ) ) ;
#707 = VECTOR ( 'NONE', #3668, 1000.000000000000100 ) ;
#708 = PRESENTATION_LAYER_ASSIGNMENT (  '', '', ( #6847 ) ) ;
#709 = SURFACE_STYLE_USAGE ( .BOTH. , #5013 ) ;
#710 = DIRECTION ( 'NONE',  ( 0.0000000000000000000, 0.0000000000000000000, 1.000000000000000000 ) ) ;
#711 = EDGE_CURVE ( 'NONE', #5963, #4307, #5354, .T. ) ;
#712 = FACE_OUTER_BOUND ( 'NONE', #2967, .T. ) ;
#713 = FILL_AREA_STYLE ('',( #6876 ) ) ;
#714 = DIRECTION ( 'NONE',  ( -0.0000000000000000000, 0.3000000000000002700, -0.9539392014169455500 ) ) ;
#715 = SURFACE_STYLE_FILL_AREA ( #2922 ) ;
#716 = DIRECTION ( 'NONE',  ( -1.000000000000000000, -0.0000000000000000000, -0.0000000000000000000 ) ) ;
#717 = CARTESIAN_POINT ( 'NONE',  ( -0.8250000000000001800, -1.921891833059526500, 0.9749999999999531300 ) ) ;
#718 = COLOUR_RGB ( '',1.000000000000000000, 1.000000000000000000, 1.000000000000000000 ) ;
#719 = EDGE_CURVE ( 'NONE', #3831, #3207, #3874, .T. ) ;
#720 = ADVANCED_FACE ( 'NONE', ( #2709 ), #5850, .F. ) ;
#721 = SURFACE_STYLE_USAGE ( .BOTH. , #1978 ) ;
#722 = STYLED_ITEM ( 'NONE', ( #3236 ), #5329 ) ;
#723 = FILL_AREA_STYLE_COLOUR ( '', #6853 ) ;
#724 = DIRECTION ( 'NONE',  ( -1.000000000000000000, 0.0000000000000000000, 0.0000000000000000000 ) ) ;
#725 = ORIENTED_EDGE ( 'NONE', *, *, #4869, .T. ) ;
#726 = VECTOR ( 'NONE', #2012, 1000.000000000000000 ) ;
#727 = SURFACE_STYLE_FILL_AREA ( #6270 ) ;
#728 = CARTESIAN_POINT ( 'NONE',  ( 1.714999999999999900, 2.230398605410600400, 0.7703939201416775100 ) ) ;
#729 = DIRECTION ( 'NONE',  ( 0.0000000000000000000, 0.0000000000000000000, 1.000000000000000000 ) ) ;
#730 = DIRECTION ( 'NONE',  ( 1.000000000000000000, 0.0000000000000000000, 0.0000000000000000000 ) ) ;
#731 = AXIS2_PLACEMENT_3D ( 'NONE', #4173, #2911, #1605 ) ;
#732 = ORIENTED_EDGE ( 'NONE', *, *, #5445, .F. ) ;
#733 = CARTESIAN_POINT ( 'NONE',  ( -0.8250000000000001800, 1.950000000000000000, 0.7749999999999831500 ) ) ;
#734 = AXIS2_PLACEMENT_3D ( 'NONE', #985, #4099, #7828 ) ;
#735 = DIRECTION ( 'NONE',  ( 0.0000000000000000000, 0.3000000000000002700, 0.9539392014169455500 ) ) ;
#736 = FACE_OUTER_BOUND ( 'NONE', #4202, .T. ) ;
#737 = UNCERTAINTY_MEASURE_WITH_UNIT (LENGTH_MEASURE( 1.000000000000000100E-005 ), #4997, 'distance_accuracy_value', 'NONE');
#738 = DIRECTION ( 'NONE',  ( -0.0000000000000000000, 1.000000000000000000, 1.273963925350998900E-015 ) ) ;
#739 = ORIENTED_EDGE ( 'NONE', *, *, #5174, .T. ) ;
#740 = COLOUR_RGB ( '',1.000000000000000000, 1.000000000000000000, 1.000000000000000000 ) ;
#741 = STYLED_ITEM ( 'NONE', ( #4338 ), #1558 ) ;
#742 = DIRECTION ( 'NONE',  ( 1.000000000000000000, 0.0000000000000000000, 0.0000000000000000000 ) ) ;
#743 = DIRECTION ( 'NONE',  ( 0.0000000000000000000, 0.0000000000000000000, 1.000000000000000000 ) ) ;
#744 = PRESENTATION_LAYER_ASSIGNMENT (  '', '', ( #4363 ) ) ;
#745 =( NAMED_UNIT ( * ) PLANE_ANGLE_UNIT ( ) SI_UNIT ( $, .RADIAN. ) );
#746 = FACE_OUTER_BOUND ( 'NONE', #3434, .T. ) ;
#747 = VERTEX_POINT ( 'NONE', #1443 ) ;
#748 = ORIENTED_EDGE ( 'NONE', *, *, #7186, .F. ) ;
#749 = CARTESIAN_POINT ( 'NONE',  ( 2.095000000000000200, 2.500398605410600000, 0.3345815153284070200 ) ) ;
#750 = LINE ( 'NONE', #6758, #1136 ) ;
#751 = CIRCLE ( 'NONE', #5907, 0.2999999999999856100 ) ;
#752 = VECTOR ( 'NONE', #6162, 1000.000000000000000 ) ;
#753 = CARTESIAN_POINT ( 'NONE',  ( 2.095000000000000200, -1.950000000000000000, 0.7749999999999831500 ) ) ;
#754 = ORIENTED_EDGE ( 'NONE', *, *, #81, .F. ) ;
#755 = FACE_OUTER_BOUND ( 'NONE', #6591, .T. ) ;
#756 = VERTEX_POINT ( 'NONE', #6459 ) ;
#757 = ADVANCED_FACE ( 'NONE', ( #3783 ), #4057, .F. ) ;
#758 = DIRECTION ( 'NONE',  ( 0.0000000000000000000, -0.9961946980917452100, 0.08715574274766135800 ) ) ;
#759 = DIRECTION ( 'NONE',  ( -1.000000000000000000, 0.0000000000000000000, -0.0000000000000000000 ) ) ;
#760 = ORIENTED_EDGE ( 'NONE', *, *, #617, .F. ) ;
#761 = EDGE_LOOP ( 'NONE', ( #6794, #1148, #4908, #7270, #2467, #1835, #6703, #7550 ) ) ;
#762 = VECTOR ( 'NONE', #6547, 1000.000000000000000 ) ;
#763 = ORIENTED_EDGE ( 'NONE', *, *, #1436, .F. ) ;
#764 = AXIS2_PLACEMENT_3D ( 'NONE', #6654, #988, #3473 ) ;
#765 = FACE_OUTER_BOUND ( 'NONE', #6022, .T. ) ;
#766 = DIRECTION ( 'NONE',  ( -1.000000000000000000, -0.0000000000000000000, -0.0000000000000000000 ) ) ;
#767 = EDGE_LOOP ( 'NONE', ( #5938, #7336, #7749, #377 ) ) ;
#768 = EDGE_CURVE ( 'NONE', #4274, #5399, #1416, .T. ) ;
#769 = EDGE_LOOP ( 'NONE', ( #1869, #1139, #259, #7243 ) ) ;
#770 = SURFACE_SIDE_STYLE ('',( #1928 ) ) ;
#771 = FACE_OUTER_BOUND ( 'NONE', #1445, .T. ) ;
#772 = ORIENTED_EDGE ( 'NONE', *, *, #3087, .F. ) ;
#773 = CYLINDRICAL_SURFACE ( 'NONE', #5007, 0.09999999999999988100 ) ;
#774 = UNCERTAINTY_MEASURE_WITH_UNIT (LENGTH_MEASURE( 1.000000000000000100E-005 ), #1120, 'distance_accuracy_value', 'NONE');
#775 = CARTESIAN_POINT ( 'NONE',  ( -1.714999999999999900, -2.200398605410600200, 0.6749999999999531900 ) ) ;
#776 = VECTOR ( 'NONE', #6719, 1000.000000000000000 ) ;
#777 = AXIS2_PLACEMENT_3D ( 'NONE', #4252, #4146, #2372 ) ;
#778 = CARTESIAN_POINT ( 'NONE',  ( 2.095000000000000200, 2.200398605410600200, 0.9749999999999531300 ) ) ;
#779 = EDGE_LOOP ( 'NONE', ( #173, #5840, #3141, #8026 ) ) ;
#780 = DIRECTION ( 'NONE',  ( 0.0000000000000000000, -1.501620008892423400E-013, 1.000000000000000000 ) ) ;
#781 = AXIS2_PLACEMENT_3D ( 'NONE', #817, #1439, #6429 ) ;
#782 = ORIENTED_EDGE ( 'NONE', *, *, #7782, .F. ) ;
#783 = FILL_AREA_STYLE_COLOUR ( '', #580 ) ;
#784 = CARTESIAN_POINT ( 'NONE',  ( -2.450000000000000200, 1.950000000000000000, 1.575000000000000000 ) ) ;
#785 = SURFACE_SIDE_STYLE ('',( #2608 ) ) ;
#786 = FACE_OUTER_BOUND ( 'NONE', #7643, .T. ) ;
#787 = VERTEX_POINT ( 'NONE', #2334 ) ;
#788 = SURFACE_STYLE_USAGE ( .BOTH. , #5786 ) ;
#789 = EDGE_LOOP ( 'NONE', ( #7464, #2151, #3924, #7650, #6233, #1461, #3812, #5485 ) ) ;
#790 = PRESENTATION_LAYER_ASSIGNMENT (  '', '', ( #2693 ) ) ;
#791 = CARTESIAN_POINT ( 'NONE',  ( 2.095000000000000200, -2.200398605410600200, 0.9749999999999531300 ) ) ;
#792 = PRESENTATION_LAYER_ASSIGNMENT (  '', '', ( #2659 ) ) ;
#793 = COLOUR_RGB ( '',1.000000000000000000, 1.000000000000000000, 1.000000000000000000 ) ;
#794 =( NAMED_UNIT ( * ) SI_UNIT ( $, .STERADIAN. ) SOLID_ANGLE_UNIT ( ) );
#795 = LINE ( 'NONE', #2438, #1277 ) ;
#796 =( NAMED_UNIT ( * ) SI_UNIT ( $, .STERADIAN. ) SOLID_ANGLE_UNIT ( ) );
#797 = ADVANCED_FACE ( 'NONE', ( #5626 ), #6007, .F. ) ;
#798 = AXIS2_PLACEMENT_3D ( 'NONE', #1364, #72, #98 ) ;
#799 = DIRECTION ( 'NONE',  ( 1.000000000000000000, 0.0000000000000000000, 0.0000000000000000000 ) ) ;
#800 = SURFACE_STYLE_FILL_AREA ( #2919 ) ;
#801 = CARTESIAN_POINT ( 'NONE',  ( 0.8249999999999999600, -2.982568851450467600, 0.0000000000000000000 ) ) ;
#802 = VECTOR ( 'NONE', #7865, 1000.000000000000000 ) ;
#803 = DIRECTION ( 'NONE',  ( 0.0000000000000000000, 0.3000000000000002700, -0.9539392014169455500 ) ) ;
#804 = CARTESIAN_POINT ( 'NONE',  ( -1.664999999999999800, 2.500398605410600000, 0.6749999999999530800 ) ) ;
#805 = FILL_AREA_STYLE_COLOUR ( '', #3671 ) ;
#806 = COLOUR_RGB ( '',1.000000000000000000, 1.000000000000000000, 1.000000000000000000 ) ;
#807 = MECHANICAL_DESIGN_GEOMETRIC_PRESENTATION_REPRESENTATION (  '', ( #7601 ), #7710 ) ;
#808 = CARTESIAN_POINT ( 'NONE',  ( 0.4449999999999998400, -2.200398605410600200, 0.7749999999999831500 ) ) ;
#809 = VECTOR ( 'NONE', #2783, 1000.000000000000100 ) ;
#810 =( LENGTH_UNIT ( ) NAMED_UNIT ( * ) SI_UNIT ( .MILLI., .METRE. ) );
#811 = UNCERTAINTY_MEASURE_WITH_UNIT (LENGTH_MEASURE( 1.000000000000000100E-005 ), #7417, 'distance_accuracy_value', 'NONE');
#812 = EDGE_CURVE ( 'NONE', #654, #3143, #1311, .T. ) ;
#813 = DIRECTION ( 'NONE',  ( 0.0000000000000000000, 0.0000000000000000000, 1.000000000000000000 ) ) ;
#814 = CARTESIAN_POINT ( 'NONE',  ( -0.3949999999999999600, -2.290398605410596000, 0.9611817604250529900 ) ) ;
#815 =( LENGTH_UNIT ( ) NAMED_UNIT ( * ) SI_UNIT ( .MILLI., .METRE. ) );
#816 = VECTOR ( 'NONE', #1452, 1000.000000000000100 ) ;
#817 = CARTESIAN_POINT ( 'NONE',  ( 1.665000000000000000, -2.200398605410600200, 0.6749999999999831700 ) ) ;
#818 = PRESENTATION_STYLE_ASSIGNMENT (( #5242 ) ) ;
#819 = EDGE_CURVE ( 'NONE', #1171, #3526, #5051, .T. ) ;
#820 = SURFACE_STYLE_FILL_AREA ( #5189 ) ;
#821 = CARTESIAN_POINT ( 'NONE',  ( 0.8249999999999999600, 2.200398605410600200, 0.9749999999999531300 ) ) ;
#822 = SURFACE_SIDE_STYLE ('',( #3192 ) ) ;
#823 = EDGE_CURVE ( 'NONE', #2368, #4452, #6396, .T. ) ;
#824 = EDGE_LOOP ( 'NONE', ( #3218, #1544, #2750, #603 ) ) ;
#825 = SURFACE_STYLE_FILL_AREA ( #914 ) ;
#826 = FILL_AREA_STYLE_COLOUR ( '', #341 ) ;
#827 =( NAMED_UNIT ( * ) SI_UNIT ( $, .STERADIAN. ) SOLID_ANGLE_UNIT ( ) );
#828 = STYLED_ITEM ( 'NONE', ( #4981 ), #5915 ) ;
#829 = CIRCLE ( 'NONE', #7649, 0.09999999999999988100 ) ;
#830 = SURFACE_SIDE_STYLE ('',( #5896 ) ) ;
#831 = ORIENTED_EDGE ( 'NONE', *, *, #4491, .F. ) ;
#832 = VECTOR ( 'NONE', #649, 1000.000000000000000 ) ;
#833 = PRESENTATION_STYLE_ASSIGNMENT (( #5315 ) ) ;
#834 = CARTESIAN_POINT ( 'NONE',  ( -2.095000000000000200, -2.200398605410600200, 0.6749999999999831700 ) ) ;
#835 = PLANE ( 'NONE',  #8069 ) ;
#836 = LINE ( 'NONE', #5401, #8012 ) ;
#837 = PRESENTATION_LAYER_ASSIGNMENT (  '', '', ( #3063 ) ) ;
#838 = UNCERTAINTY_MEASURE_WITH_UNIT (LENGTH_MEASURE( 1.000000000000000100E-005 ), #4161, 'distance_accuracy_value', 'NONE');
#839 = UNCERTAINTY_MEASURE_WITH_UNIT (LENGTH_MEASURE( 1.000000000000000100E-005 ), #3600, 'distance_accuracy_value', 'NONE');
#840 = ADVANCED_FACE ( 'NONE', ( #2930 ), #1620, .F. ) ;
#841 =( NAMED_UNIT ( * ) SI_UNIT ( $, .STERADIAN. ) SOLID_ANGLE_UNIT ( ) );
#842 = AXIS2_PLACEMENT_3D ( 'NONE', #386, #1016, #6039 ) ;
#843 = DIRECTION ( 'NONE',  ( 0.09181363688609001100, 0.7515218438077530000, 0.6532879720012795300 ) ) ;
#844 = ORIENTED_EDGE ( 'NONE', *, *, #6562, .T. ) ;
#845 = PRESENTATION_STYLE_ASSIGNMENT (( #3520 ) ) ;
#846 = FACE_OUTER_BOUND ( 'NONE', #7532, .T. ) ;
#847 = ORIENTED_EDGE ( 'NONE', *, *, #4140, .F. ) ;
#848 = DIRECTION ( 'NONE',  ( 1.000000000000000000, -0.0000000000000000000, -0.0000000000000000000 ) ) ;
#849 = FACE_OUTER_BOUND ( 'NONE', #4877, .T. ) ;
#850 = FILL_AREA_STYLE_COLOUR ( '', #1664 ) ;
#851 = CARTESIAN_POINT ( 'NONE',  ( 0.8249999999999999600, -1.950000000000000000, 0.7749999999999831500 ) ) ;
#852 = COLOUR_RGB ( '',1.000000000000000000, 1.000000000000000000, 1.000000000000000000 ) ;
#853 = STYLED_ITEM ( 'NONE', ( #5130 ), #1540 ) ;
#854 = FACE_OUTER_BOUND ( 'NONE', #7962, .T. ) ;
#855 = VERTEX_POINT ( 'NONE', #7843 ) ;
#856 = FACE_OUTER_BOUND ( 'NONE', #1328, .T. ) ;
#857 =( NAMED_UNIT ( * ) PLANE_ANGLE_UNIT ( ) SI_UNIT ( $, .RADIAN. ) );
#858 = ORIENTED_EDGE ( 'NONE', *, *, #5695, .T. ) ;
#859 = VECTOR ( 'NONE', #6757, 1000.000000000000000 ) ;
#860 = ADVANCED_FACE ( 'NONE', ( #453 ), #6038, .F. ) ;
#861 = FILL_AREA_STYLE_COLOUR ( '', #7296 ) ;
#862 = CARTESIAN_POINT ( 'NONE',  ( 0.4449999999999998400, 3.000000000000000000, 0.1992389396183490100 ) ) ;
#863 = ORIENTED_EDGE ( 'NONE', *, *, #3251, .T. ) ;
#864 = LINE ( 'NONE', #4994, #6221 ) ;
#865 = ORIENTED_EDGE ( 'NONE', *, *, #2489, .F. ) ;
#866 = VECTOR ( 'NONE', #7279, 1000.000000000000000 ) ;
#867 = ORIENTED_EDGE ( 'NONE', *, *, #3925, .T. ) ;
#868 = ORIENTED_EDGE ( 'NONE', *, *, #1884, .F. ) ;
#869 = AXIS2_PLACEMENT_3D ( 'NONE', #3965, #5219, #1493 ) ;
#870 = EDGE_CURVE ( 'NONE', #6101, #3619, #6297, .T. ) ;
#871 = LINE ( 'NONE', #749, #3127 ) ;
#872 = DIRECTION ( 'NONE',  ( -0.0000000000000000000, -0.0000000000000000000, 1.000000000000000000 ) ) ;
#873 = ORIENTED_EDGE ( 'NONE', *, *, #2144, .F. ) ;
#874 = ORIENTED_EDGE ( 'NONE', *, *, #6083, .T. ) ;
#875 = DIRECTION ( 'NONE',  ( 0.0000000000000000000, 1.000000000000000000, 1.501620008892423400E-013 ) ) ;
#876 = DIRECTION ( 'NONE',  ( -1.000000000000000000, -0.0000000000000000000, 0.0000000000000000000 ) ) ;
#877 = EDGE_CURVE ( 'NONE', #455, #6339, #2720, .T. ) ;
#878 = VECTOR ( 'NONE', #6711, 1000.000000000000200 ) ;
#879 = LINE ( 'NONE', #1826, #3537 ) ;
#880 = DIRECTION ( 'NONE',  ( 0.0000000000000000000, -0.0000000000000000000, -1.000000000000000000 ) ) ;
#881 = VERTEX_POINT ( 'NONE', #6065 ) ;
#882 =( GEOMETRIC_REPRESENTATION_CONTEXT ( 3 ) GLOBAL_UNCERTAINTY_ASSIGNED_CONTEXT ( ( #5942 ) ) GLOBAL_UNIT_ASSIGNED_CONTEXT ( ( #7973, #3650, #4295 ) ) REPRESENTATION_CONTEXT ( 'NONE', 'WORKASPACE' ) );
#883 = ORIENTED_EDGE ( 'NONE', *, *, #4491, .T. ) ;
#884 = PRESENTATION_STYLE_ASSIGNMENT (( #4308 ) ) ;
#885 = PLANE ( 'NONE',  #3254 ) ;
#886 = DIRECTION ( 'NONE',  ( 0.0000000000000000000, -0.0000000000000000000, -1.000000000000000000 ) ) ;
#887 = EDGE_CURVE ( 'NONE', #3331, #5476, #4367, .T. ) ;
#888 = ORIENTED_EDGE ( 'NONE', *, *, #7882, .F. ) ;
#889 = ADVANCED_BREP_SHAPE_REPRESENTATION ( 'SOIC8-N', ( #4117, #6052, #698, #4620, #1657, #5060, #5553, #4829, #6646, #2208 ), #7878 ) ;
#890 = CARTESIAN_POINT ( 'NONE',  ( -0.4450000000000000600, -2.200398605410600200, 0.6749999999999831700 ) ) ;
#891 = PRESENTATION_LAYER_ASSIGNMENT (  '', '', ( #3521 ) ) ;
#892 = CARTESIAN_POINT ( 'NONE',  ( 0.8750000000000001100, -2.290398605410596000, 0.9611817604250529900 ) ) ;
#893 = EDGE_LOOP ( 'NONE', ( #4706, #3447, #6216, #2877 ) ) ;
#894 = ORIENTED_EDGE ( 'NONE', *, *, #514, .T. ) ;
#895 = ADVANCED_FACE ( 'NONE', ( #2824 ), #2365, .T. ) ;
#896 =( NAMED_UNIT ( * ) SI_UNIT ( $, .STERADIAN. ) SOLID_ANGLE_UNIT ( ) );
#897 = CARTESIAN_POINT ( 'NONE',  ( 0.4449999999999998400, -2.591683031135834100, 0.2349620455192325500 ) ) ;
#898 = ORIENTED_EDGE ( 'NONE', *, *, #998, .F. ) ;
#899 = CARTESIAN_POINT ( 'NONE',  ( -1.714999999999999900, -2.200398605410600200, 0.9749999999999531300 ) ) ;
#900 =( NAMED_UNIT ( * ) SI_UNIT ( $, .STERADIAN. ) SOLID_ANGLE_UNIT ( ) );
#901 = LINE ( 'NONE', #7730, #6918 ) ;
#902 = DIRECTION ( 'NONE',  ( -0.0000000000000000000, 1.273963925350998900E-015, -1.000000000000000000 ) ) ;
#903 = PRESENTATION_LAYER_ASSIGNMENT (  '', '', ( #4986 ) ) ;
#904 = DIRECTION ( 'NONE',  ( 0.0000000000000000000, 1.000000000000000000, -1.501620008892423100E-013 ) ) ;
#905 = LINE ( 'NONE', #516, #2979 ) ;
#906 = ADVANCED_FACE ( 'NONE', ( #1937 ), #4344, .F. ) ;
#907 = FILL_AREA_STYLE ('',( #6474 ) ) ;
#908 = LINE ( 'NONE', #6564, #5210 ) ;
#909 = DIRECTION ( 'NONE',  ( 1.000000000000000000, -0.0000000000000000000, -0.0000000000000000000 ) ) ;
#910 = SURFACE_STYLE_USAGE ( .BOTH. , #5895 ) ;
#911 = SURFACE_STYLE_USAGE ( .BOTH. , #1569 ) ;
#912 = FACE_OUTER_BOUND ( 'NONE', #3969, .T. ) ;
#913 = FILL_AREA_STYLE ('',( #5314 ) ) ;
#914 = FILL_AREA_STYLE ('',( #317 ) ) ;
#915 = EDGE_CURVE ( 'NONE', #176, #1766, #5148, .T. ) ;
#916 = MECHANICAL_DESIGN_GEOMETRIC_PRESENTATION_REPRESENTATION (  '', ( #5777 ), #6602 ) ;
#917 = FACE_OUTER_BOUND ( 'NONE', #6779, .T. ) ;
#918 = COLOUR_RGB ( '',1.000000000000000000, 1.000000000000000000, 1.000000000000000000 ) ;
#919 = CARTESIAN_POINT ( 'NONE',  ( 0.4449999999999998400, -1.921891833059526500, 0.9749999999999531300 ) ) ;
#920 = SURFACE_STYLE_USAGE ( .BOTH. , #2832 ) ;
#921 = CARTESIAN_POINT ( 'NONE',  ( -5.000000000000000000, 1.835675499178564700, 0.1750000000000000200 ) ) ;
#922 = UNCERTAINTY_MEASURE_WITH_UNIT (LENGTH_MEASURE( 1.000000000000000100E-005 ), #5075, 'distance_accuracy_value', 'NONE');
#923 = AXIS2_PLACEMENT_3D ( 'NONE', #3476, #5334, #5448 ) ;
#924 = VERTEX_POINT ( 'NONE', #1768 ) ;
#925 = VECTOR ( 'NONE', #243, 1000.000000000000000 ) ;
#926 = ADVANCED_FACE ( 'NONE', ( #6014 ), #527, .F. ) ;
#927 = CARTESIAN_POINT ( 'NONE',  ( -2.145000000000000000, -2.200398605410600200, 0.6749999999999831700 ) ) ;
#928 = EDGE_CURVE ( 'NONE', #6827, #5056, #2243, .T. ) ;
#929 = CARTESIAN_POINT ( 'NONE',  ( -1.664999999999999800, 2.300398605410600300, 0.6749999999999831700 ) ) ;
#930 = PLANE ( 'NONE',  #5614 ) ;
#931 = CARTESIAN_POINT ( 'NONE',  ( 0.4449999999999998400, -2.200398605410600200, 0.6749999999999831700 ) ) ;
#932 = EDGE_CURVE ( 'NONE', #594, #6200, #3097, .T. ) ;
#933 = ORIENTED_EDGE ( 'NONE', *, *, #7186, .T. ) ;
#934 = VECTOR ( 'NONE', #6322, 1000.000000000000000 ) ;
#935 = PRESENTATION_STYLE_ASSIGNMENT (( #528 ) ) ;
#936 = CARTESIAN_POINT ( 'NONE',  ( 2.420000000000000400, -5.000000000000000000, 0.7749999999999805900 ) ) ;
#938 = STYLED_ITEM ( 'NONE', ( #7875 ), #4887 ) ;
#937 = DIRECTION ( 'NONE',  ( 0.0000000000000000000, -0.1391731009600621300, 0.9902680687415707000 ) ) ;
#939 = EDGE_CURVE ( 'NONE', #144, #3707, #6481, .T. ) ;
#940 = ADVANCED_FACE ( 'NONE', ( #3489 ), #1818, .F. ) ;
#941 = CLOSED_SHELL ( 'NONE', ( #5459, #1639, #4849, #7750, #6437, #2132, #2675, #6203, #4641, #4542, #7711, #308, #292, #5759, #202, #87, #7615, #4264, #2891, #5964, #1363, #6601 ) ) ;
#942 = CLOSED_SHELL ( 'NONE', ( #1447, #1977, #1399, #1690, #6619, #4584, #3111, #7135, #3848, #1504, #5886, #4132, #1589, #263, #2052, #2794, #5271, #437, #4927, #3483, #4105, #5291 ) ) ;
#943 = DIRECTION ( 'NONE',  ( 0.0000000000000000000, -0.9961946980917452100, -0.08715574274766135800 ) ) ;
#944 = CARTESIAN_POINT ( 'NONE',  ( -2.337567332238087200, 1.837567332238086800, 1.575000000000000000 ) ) ;
#945 = AXIS2_PLACEMENT_3D ( 'NONE', #188, #5884, #6498 ) ;
#946 = COLOUR_RGB ( '',1.000000000000000000, 1.000000000000000000, 1.000000000000000000 ) ;
#947 =( NAMED_UNIT ( * ) PLANE_ANGLE_UNIT ( ) SI_UNIT ( $, .RADIAN. ) );
#948 = PRESENTATION_STYLE_ASSIGNMENT (( #2726 ) ) ;
#949 = UNCERTAINTY_MEASURE_WITH_UNIT (LENGTH_MEASURE( 1.000000000000000100E-005 ), #3958, 'distance_accuracy_value', 'NONE');
#950 = CARTESIAN_POINT ( 'NONE',  ( -2.145000000000000000, -2.500398605410600000, 0.6749999999999530800 ) ) ;
#951 = FACE_OUTER_BOUND ( 'NONE', #3144, .T. ) ;
#952 = ORIENTED_EDGE ( 'NONE', *, *, #626, .F. ) ;
#953 = DIRECTION ( 'NONE',  ( -1.000000000000000000, -0.0000000000000000000, -0.0000000000000000000 ) ) ;
#954 = VECTOR ( 'NONE', #3715, 1000.000000000000000 ) ;
#955 = VERTEX_POINT ( 'NONE', #6804 ) ;
#956 = PLANE ( 'NONE',  #6759 ) ;
#957 = DIRECTION ( 'NONE',  ( 0.0000000000000000000, 0.0000000000000000000, 1.000000000000000000 ) ) ;
#958 =( GEOMETRIC_REPRESENTATION_CONTEXT ( 3 ) GLOBAL_UNCERTAINTY_ASSIGNED_CONTEXT ( ( #3869 ) ) GLOBAL_UNIT_ASSIGNED_CONTEXT ( ( #7326, #4928, #6696 ) ) REPRESENTATION_CONTEXT ( 'NONE', 'WORKASPACE' ) );
#959 = DIRECTION ( 'NONE',  ( -1.000000000000000000, -0.0000000000000000000, -0.0000000000000000000 ) ) ;
#960 = FACE_OUTER_BOUND ( 'NONE', #5243, .T. ) ;
#961 = VECTOR ( 'NONE', #5092, 1000.000000000000000 ) ;
#962 = ORIENTED_EDGE ( 'NONE', *, *, #7227, .F. ) ;
#963 = FILL_AREA_STYLE_COLOUR ( '', #3266 ) ;
#964 = LINE ( 'NONE', #5442, #4187 ) ;
#965 = CARTESIAN_POINT ( 'NONE',  ( 0.8249999999999999600, -2.300398605410600300, 0.6749999999999831700 ) ) ;
#966 = VERTEX_POINT ( 'NONE', #4303 ) ;
#967 = DIRECTION ( 'NONE',  ( 1.000000000000000000, -0.0000000000000000000, -0.0000000000000000000 ) ) ;
#968 = PRESENTATION_LAYER_ASSIGNMENT (  '', '', ( #1812 ) ) ;
#969 = ORIENTED_EDGE ( 'NONE', *, *, #3658, .T. ) ;
#970 = COLOUR_RGB ( '',1.000000000000000000, 1.000000000000000000, 1.000000000000000000 ) ;
#971 =( NAMED_UNIT ( * ) SI_UNIT ( $, .STERADIAN. ) SOLID_ANGLE_UNIT ( ) );
#972 = SURFACE_SIDE_STYLE ('',( #4172 ) ) ;
#973 = ORIENTED_EDGE ( 'NONE', *, *, #6611, .F. ) ;
#974 = ORIENTED_EDGE ( 'NONE', *, *, #6714, .T. ) ;
#975 = ADVANCED_FACE ( 'NONE', ( #4862 ), #6753, .F. ) ;
#976 = CARTESIAN_POINT ( 'NONE',  ( 1.665000000000000000, -2.300398605410600300, 0.6749999999999831700 ) ) ;
#977 = AXIS2_PLACEMENT_3D ( 'NONE', #205, #2207, #1546 ) ;
#978 = SURFACE_STYLE_FILL_AREA ( #3788 ) ;
#979 = PLANE ( 'NONE',  #5646 ) ;
#980 = CIRCLE ( 'NONE', #4529, 0.2999999999999856100 ) ;
#981 = ORIENTED_EDGE ( 'NONE', *, *, #4068, .T. ) ;
#982 =( NAMED_UNIT ( * ) PLANE_ANGLE_UNIT ( ) SI_UNIT ( $, .RADIAN. ) );
#983 = CARTESIAN_POINT ( 'NONE',  ( 1.714999999999999900, -2.500398605410600000, 0.3345815153284070200 ) ) ;
#984 = EDGE_CURVE ( 'NONE', #6406, #3619, #550, .T. ) ;
#985 = CARTESIAN_POINT ( 'NONE',  ( -2.095000000000000200, 2.200398605410600200, 0.6749999999999531900 ) ) ;
#986 = PRESENTATION_STYLE_ASSIGNMENT (( #1751 ) ) ;
#987 = VERTEX_POINT ( 'NONE', #6269 ) ;
#988 = DIRECTION ( 'NONE',  ( 0.0000000000000000000, -0.9539392014169455500, 0.3000000000000002700 ) ) ;
#989 = ADVANCED_FACE ( 'NONE', ( #5538 ), #6904, .F. ) ;
#990 = SURFACE_SIDE_STYLE ('',( #800 ) ) ;
#991 = EDGE_CURVE ( 'NONE', #4821, #2186, #5818, .T. ) ;
#992 = VERTEX_POINT ( 'NONE', #5599 ) ;
#993 = CARTESIAN_POINT ( 'NONE',  ( -0.4450000000000000600, -2.982568851450467600, 0.0000000000000000000 ) ) ;
#994 = COLOUR_RGB ( '',1.000000000000000000, 1.000000000000000000, 1.000000000000000000 ) ;
#995 = STYLED_ITEM ( 'NONE', ( #7780 ), #4144 ) ;
#996 = FILL_AREA_STYLE ('',( #3513 ) ) ;
#997 = EDGE_LOOP ( 'NONE', ( #2086, #6953, #7507, #2806 ) ) ;
#998 = EDGE_CURVE ( 'NONE', #4468, #5086, #3970, .T. ) ;
#999 =( GEOMETRIC_REPRESENTATION_CONTEXT ( 3 ) GLOBAL_UNCERTAINTY_ASSIGNED_CONTEXT ( ( #4234 ) ) GLOBAL_UNIT_ASSIGNED_CONTEXT ( ( #6292, #1996, #2610 ) ) REPRESENTATION_CONTEXT ( 'NONE', 'WORKASPACE' ) );
#1000 = CARTESIAN_POINT ( 'NONE',  ( 2.145000000000000000, 2.300398605410600300, 0.6749999999999831700 ) ) ;
#1001 = CARTESIAN_POINT ( 'NONE',  ( -2.095000000000000200, -2.200398605410600200, 0.6749999999999831700 ) ) ;
#1002 = SURFACE_STYLE_FILL_AREA ( #2995 ) ;
#1003 = VECTOR ( 'NONE', #3720, 1000.000000000000000 ) ;
#1004 = DIRECTION ( 'NONE',  ( 0.0000000000000000000, 0.9961946980917453200, -0.08715574274766148300 ) ) ;
#1005 =( GEOMETRIC_REPRESENTATION_CONTEXT ( 3 ) GLOBAL_UNCERTAINTY_ASSIGNED_CONTEXT ( ( #7447 ) ) GLOBAL_UNIT_ASSIGNED_CONTEXT ( ( #1015, #2931, #3549 ) ) REPRESENTATION_CONTEXT ( 'NONE', 'WORKASPACE' ) );
#1006 = AXIS2_PLACEMENT_3D ( 'NONE', #137, #2651, #6323 ) ;
#1007 =( NAMED_UNIT ( * ) PLANE_ANGLE_UNIT ( ) SI_UNIT ( $, .RADIAN. ) );
#1008 = CARTESIAN_POINT ( 'NONE',  ( -0.4450000000000000600, -1.950000000000000000, 0.7749999999999831500 ) ) ;
#1009 = VECTOR ( 'NONE', #5811, 1000.000000000000000 ) ;
#1010 = FILL_AREA_STYLE ('',( #1032 ) ) ;
#1011 = AXIS2_PLACEMENT_3D ( 'NONE', #3501, #2182, #6500 ) ;
#1012 = CARTESIAN_POINT ( 'NONE',  ( -1.714999999999999900, -2.290398605410596000, 0.9611817604250529900 ) ) ;
#1013 =( NAMED_UNIT ( * ) SI_UNIT ( $, .STERADIAN. ) SOLID_ANGLE_UNIT ( ) );
#1014 = AXIS2_PLACEMENT_3D ( 'NONE', #5322, #5348, #2827 ) ;
#1015 =( LENGTH_UNIT ( ) NAMED_UNIT ( * ) SI_UNIT ( .MILLI., .METRE. ) );
#1016 = DIRECTION ( 'NONE',  ( -1.000000000000000000, 0.0000000000000000000, -0.0000000000000000000 ) ) ;
#1017 = ADVANCED_FACE ( 'NONE', ( #3585 ), #1903, .T. ) ;
#1018 = VECTOR ( 'NONE', #4062, 1000.000000000000000 ) ;
#1019 = STYLED_ITEM ( 'NONE', ( #2051 ), #2705 ) ;
#1020 = SURFACE_SIDE_STYLE ('',( #2875 ) ) ;
#1021 = CARTESIAN_POINT ( 'NONE',  ( -0.3949999999999999600, -2.500398605410600000, 0.6749999999999530800 ) ) ;
#1022 =( NAMED_UNIT ( * ) PLANE_ANGLE_UNIT ( ) SI_UNIT ( $, .RADIAN. ) );
#1023 = VERTEX_POINT ( 'NONE', #2578 ) ;
#1024 = VECTOR ( 'NONE', #5703, 1000.000000000000000 ) ;
#1025 = FILL_AREA_STYLE_COLOUR ( '', #5284 ) ;
#1026 = EDGE_CURVE ( 'NONE', #2276, #359, #2233, .T. ) ;
#1027 = UNCERTAINTY_MEASURE_WITH_UNIT (LENGTH_MEASURE( 1.000000000000000100E-005 ), #1099, 'distance_accuracy_value', 'NONE');
#1028 = FILL_AREA_STYLE ('',( #365 ) ) ;
#1030 =( NAMED_UNIT ( * ) PLANE_ANGLE_UNIT ( ) SI_UNIT ( $, .RADIAN. ) );
#1029 =( GEOMETRIC_REPRESENTATION_CONTEXT ( 3 ) GLOBAL_UNCERTAINTY_ASSIGNED_CONTEXT ( ( #2222 ) ) GLOBAL_UNIT_ASSIGNED_CONTEXT ( ( #2600, #7421, #49 ) ) REPRESENTATION_CONTEXT ( 'NONE', 'WORKASPACE' ) );
#1031 = PRESENTATION_STYLE_ASSIGNMENT (( #3320 ) ) ;
#1032 = FILL_AREA_STYLE_COLOUR ( '', #806 ) ;
#1033 = EDGE_CURVE ( 'NONE', #6867, #5299, #7815, .T. ) ;
#1034 = EDGE_LOOP ( 'NONE', ( #2912, #7846, #3044, #2816 ) ) ;
#1035 = VECTOR ( 'NONE', #2200, 1000.000000000000000 ) ;
#1036 = CARTESIAN_POINT ( 'NONE',  ( 0.4449999999999998400, -2.574251882586301200, 0.03572310590088358800 ) ) ;
#1037 = VECTOR ( 'NONE', #7787, 1000.000000000000000 ) ;
#1038 = DIRECTION ( 'NONE',  ( 0.0000000000000000000, -0.9539392014169455500, -0.3000000000000002700 ) ) ;
#1039 = CARTESIAN_POINT ( 'NONE',  ( -0.8750000000000001100, -2.200398605410600200, 0.6749999999999831700 ) ) ;
#1040 = DIRECTION ( 'NONE',  ( 0.0000000000000000000, 0.0000000000000000000, 1.000000000000000000 ) ) ;
#1041 = CIRCLE ( 'NONE', #7089, 0.09999999999999993600 ) ;
#1042 = EDGE_CURVE ( 'NONE', #2976, #1939, #8004, .T. ) ;
#1043 = ORIENTED_EDGE ( 'NONE', *, *, #6671, .T. ) ;
#1044 = DIRECTION ( 'NONE',  ( 1.000000000000000000, -0.0000000000000000000, -0.0000000000000000000 ) ) ;
#1046 =( GEOMETRIC_REPRESENTATION_CONTEXT ( 3 ) GLOBAL_UNCERTAINTY_ASSIGNED_CONTEXT ( ( #6538 ) ) GLOBAL_UNIT_ASSIGNED_CONTEXT ( ( #5024, #178, #4587 ) ) REPRESENTATION_CONTEXT ( 'NONE', 'WORKASPACE' ) );
#1045 =( NAMED_UNIT ( * ) SI_UNIT ( $, .STERADIAN. ) SOLID_ANGLE_UNIT ( ) );
#1047 = ORIENTED_EDGE ( 'NONE', *, *, #1888, .F. ) ;
#1048 = LINE ( 'NONE', #2218, #3205 ) ;
#1049 =( NAMED_UNIT ( * ) PLANE_ANGLE_UNIT ( ) SI_UNIT ( $, .RADIAN. ) );
#1050 = COLOUR_RGB ( '',1.000000000000000000, 1.000000000000000000, 1.000000000000000000 ) ;
#1051 = CARTESIAN_POINT ( 'NONE',  ( 0.4449999999999998400, 2.230398605410600400, 0.7703939201416775100 ) ) ;
#1052 = LINE ( 'NONE', #5544, #752 ) ;
#1053 = ORIENTED_EDGE ( 'NONE', *, *, #2906, .T. ) ;
#1054 = CIRCLE ( 'NONE', #5912, 0.09999999999999988100 ) ;
#1055 = CARTESIAN_POINT ( 'NONE',  ( 1.714999999999999900, -2.300398605410600300, 0.3345815153284068500 ) ) ;
#1056 = ORIENTED_EDGE ( 'NONE', *, *, #2427, .F. ) ;
#1057 = CARTESIAN_POINT ( 'NONE',  ( -1.714999999999999900, 2.500398605410600000, 0.6749999999999530800 ) ) ;
#1058 = DIRECTION ( 'NONE',  ( 1.000000000000000000, -0.0000000000000000000, -0.0000000000000000000 ) ) ;
#1059 = ORIENTED_EDGE ( 'NONE', *, *, #4331, .F. ) ;
#1060 =( GEOMETRIC_REPRESENTATION_CONTEXT ( 3 ) GLOBAL_UNCERTAINTY_ASSIGNED_CONTEXT ( ( #2068 ) ) GLOBAL_UNIT_ASSIGNED_CONTEXT ( ( #5098, #2525, #3858 ) ) REPRESENTATION_CONTEXT ( 'NONE', 'WORKASPACE' ) );
#1061 = VECTOR ( 'NONE', #1732, 1000.000000000000000 ) ;
#1062 = ORIENTED_EDGE ( 'NONE', *, *, #4437, .F. ) ;
#1063 = ORIENTED_EDGE ( 'NONE', *, *, #7173, .F. ) ;
#1064 = STYLED_ITEM ( 'NONE', ( #4640 ), #7091 ) ;
#1065 =( NAMED_UNIT ( * ) PLANE_ANGLE_UNIT ( ) SI_UNIT ( $, .RADIAN. ) );
#1066 = CARTESIAN_POINT ( 'NONE',  ( -0.4450000000000000600, 1.950000000000000000, 0.7749999999999831500 ) ) ;
#1067 = ORIENTED_EDGE ( 'NONE', *, *, #7996, .F. ) ;
#1068 = VERTEX_POINT ( 'NONE', #4430 ) ;
#1069 = CARTESIAN_POINT ( 'NONE',  ( -2.145000000000000000, 2.290398605410596000, 0.9611817604250529900 ) ) ;
#1070 = AXIS2_PLACEMENT_3D ( 'NONE', #7884, #7302, #1086 ) ;
#1071 = DIRECTION ( 'NONE',  ( -0.0000000000000000000, 0.3000000000000002700, -0.9539392014169455500 ) ) ;
#1072 = VECTOR ( 'NONE', #2735, 1000.000000000000000 ) ;
#1073 = FILL_AREA_STYLE ('',( #415 ) ) ;
#1074 = EDGE_LOOP ( 'NONE', ( #7043, #5475, #7702, #7737 ) ) ;
#1075 = CARTESIAN_POINT ( 'NONE',  ( -1.714999999999999900, -1.950000000000000000, 0.7749999999999831500 ) ) ;
#1076 = SURFACE_SIDE_STYLE ('',( #5079 ) ) ;
#1077 = ORIENTED_EDGE ( 'NONE', *, *, #6486, .T. ) ;
#1078 = CARTESIAN_POINT ( 'NONE',  ( 2.095000000000000200, -3.000000000000000000, 0.1992389396183490100 ) ) ;
#1079 = FILL_AREA_STYLE ('',( #4755 ) ) ;
#1080 = VERTEX_POINT ( 'NONE', #684 ) ;
#1081 = ORIENTED_EDGE ( 'NONE', *, *, #3286, .T. ) ;
#1082 = CARTESIAN_POINT ( 'NONE',  ( 0.3949999999999999600, 2.300398605410600300, 0.6749999999999831700 ) ) ;
#1083 = EDGE_CURVE ( 'NONE', #6146, #3147, #6191, .T. ) ;
#1084 = CARTESIAN_POINT ( 'NONE',  ( -0.4450000000000000600, -1.921891833059526500, 0.9749999999999531300 ) ) ;
#1085 = ORIENTED_EDGE ( 'NONE', *, *, #7888, .T. ) ;
#1086 = DIRECTION ( 'NONE',  ( 0.0000000000000000000, 0.0000000000000000000, 1.000000000000000000 ) ) ;
#1087 = EDGE_CURVE ( 'NONE', #1224, #5570, #1117, .T. ) ;
#1088 = VECTOR ( 'NONE', #2822, 1000.000000000000000 ) ;
#1089 = PRESENTATION_STYLE_ASSIGNMENT (( #6097 ) ) ;
#1090 = EDGE_LOOP ( 'NONE', ( #3229, #2289, #3203, #1418 ) ) ;
#1091 = AXIS2_PLACEMENT_3D ( 'NONE', #7221, #4127, #3534 ) ;
#1092 = UNCERTAINTY_MEASURE_WITH_UNIT (LENGTH_MEASURE( 1.000000000000000100E-005 ), #4889, 'distance_accuracy_value', 'NONE');
#1093 =( LENGTH_UNIT ( ) NAMED_UNIT ( * ) SI_UNIT ( .MILLI., .METRE. ) );
#1094 = EDGE_CURVE ( 'NONE', #6159, #6857, #329, .T. ) ;
#1095 = FILL_AREA_STYLE ('',( #2504 ) ) ;
#1096 = STYLED_ITEM ( 'NONE', ( #3804 ), #5926 ) ;
#1097 = CARTESIAN_POINT ( 'NONE',  ( 2.095000000000000200, -3.000000000000000000, 0.1992389396183490100 ) ) ;
#1098 = LINE ( 'NONE', #1008, #3258 ) ;
#1099 =( LENGTH_UNIT ( ) NAMED_UNIT ( * ) SI_UNIT ( .MILLI., .METRE. ) );
#1100 = PRESENTATION_LAYER_ASSIGNMENT (  '', '', ( #5864 ) ) ;
#1101 = VECTOR ( 'NONE', #2776, 1000.000000000000000 ) ;
#1102 = SURFACE_STYLE_FILL_AREA ( #279 ) ;
#1103 = SURFACE_STYLE_USAGE ( .BOTH. , #1720 ) ;
#1104 = VECTOR ( 'NONE', #2769, 1000.000000000000000 ) ;
#1105 = CARTESIAN_POINT ( 'NONE',  ( -1.714999999999999900, 2.982568851450467600, 0.0000000000000000000 ) ) ;
#1106 = LINE ( 'NONE', #3296, #6184 ) ;
#1107 = DIRECTION ( 'NONE',  ( 1.000000000000000000, -0.0000000000000000000, -0.0000000000000000000 ) ) ;
#1108 = AXIS2_PLACEMENT_3D ( 'NONE', #3826, #699, #6337 ) ;
#1109 = DIRECTION ( 'NONE',  ( 0.0000000000000000000, 0.0000000000000000000, -1.000000000000000000 ) ) ;
#1110 = CARTESIAN_POINT ( 'NONE',  ( 1.714999999999999900, 2.500398605410600000, 0.6749999999999530800 ) ) ;
#1111 = ORIENTED_EDGE ( 'NONE', *, *, #5743, .T. ) ;
#1112 = SURFACE_SIDE_STYLE ('',( #3198 ) ) ;
#1113 = SURFACE_STYLE_FILL_AREA ( #3232 ) ;
#1114 = PRESENTATION_LAYER_ASSIGNMENT (  '', '', ( #5727 ) ) ;
#1115 = ORIENTED_EDGE ( 'NONE', *, *, #1129, .F. ) ;
#1116 =( NAMED_UNIT ( * ) SI_UNIT ( $, .STERADIAN. ) SOLID_ANGLE_UNIT ( ) );
#1117 = CIRCLE ( 'NONE', #3741, 0.09999999999999993600 ) ;
#1118 = EDGE_CURVE ( 'NONE', #359, #6234, #1207, .T. ) ;
#1119 = CARTESIAN_POINT ( 'NONE',  ( -2.095000000000000200, -1.950000000000000000, 0.7749999999999831500 ) ) ;
#1120 =( LENGTH_UNIT ( ) NAMED_UNIT ( * ) SI_UNIT ( .MILLI., .METRE. ) );
#1121 = LINE ( 'NONE', #4323, #4762 ) ;
#1122 = FILL_AREA_STYLE ('',( #6743 ) ) ;
#1123 = EDGE_CURVE ( 'NONE', #7460, #1348, #4066, .T. ) ;
#1124 = CARTESIAN_POINT ( 'NONE',  ( 2.095000000000000200, 1.950000000000000000, 0.7749999999999831500 ) ) ;
#1125 = VERTEX_POINT ( 'NONE', #1878 ) ;
#1126 = ADVANCED_FACE ( 'NONE', ( #4351 ), #7603, .F. ) ;
#1127 = LINE ( 'NONE', #1322, #456 ) ;
#1128 = DIRECTION ( 'NONE',  ( 0.0000000000000000000, 0.0000000000000000000, 1.000000000000000000 ) ) ;
#1129 = EDGE_CURVE ( 'NONE', #7625, #3509, #6005, .T. ) ;
#1130 = VERTEX_POINT ( 'NONE', #733 ) ;
#1131 = CARTESIAN_POINT ( 'NONE',  ( -1.600000000000000300, -0.9499999999999998400, 1.575000000000000000 ) ) ;
#1132 =( GEOMETRIC_REPRESENTATION_CONTEXT ( 3 ) GLOBAL_UNCERTAINTY_ASSIGNED_CONTEXT ( ( #2038 ) ) GLOBAL_UNIT_ASSIGNED_CONTEXT ( ( #2101, #1380, #2044 ) ) REPRESENTATION_CONTEXT ( 'NONE', 'WORKASPACE' ) );
#1133 = LINE ( 'NONE', #4900, #4281 ) ;
#1134 =( LENGTH_UNIT ( ) NAMED_UNIT ( * ) SI_UNIT ( .MILLI., .METRE. ) );
#1135 = ORIENTED_EDGE ( 'NONE', *, *, #3087, .T. ) ;
#1136 = VECTOR ( 'NONE', #5560, 1000.000000000000000 ) ;
#1137 = PRESENTATION_STYLE_ASSIGNMENT (( #911 ) ) ;
#1138 =( NAMED_UNIT ( * ) PLANE_ANGLE_UNIT ( ) SI_UNIT ( $, .RADIAN. ) );
#1139 = ORIENTED_EDGE ( 'NONE', *, *, #6106, .F. ) ;
#1140 = AXIS2_PLACEMENT_3D ( 'NONE', #6457, #3568, #1647 ) ;
#1141 = ORIENTED_EDGE ( 'NONE', *, *, #118, .F. ) ;
#1142 = FACE_OUTER_BOUND ( 'NONE', #1247, .T. ) ;
#1143 = CARTESIAN_POINT ( 'NONE',  ( -0.8250000000000001800, 2.300398605410600300, 0.6749999999999831700 ) ) ;
#1144 =( NAMED_UNIT ( * ) SI_UNIT ( $, .STERADIAN. ) SOLID_ANGLE_UNIT ( ) );
#1145 = AXIS2_PLACEMENT_3D ( 'NONE', #4419, #7491, #7539 ) ;
#1146 = VERTEX_POINT ( 'NONE', #2752 ) ;
#1147 = PRESENTATION_STYLE_ASSIGNMENT (( #6643 ) ) ;
#1148 = ORIENTED_EDGE ( 'NONE', *, *, #6401, .T. ) ;
#1149 = CARTESIAN_POINT ( 'NONE',  ( 1.665000000000000000, -2.290398605410596000, 0.9611817604250529900 ) ) ;
#1150 = VERTEX_POINT ( 'NONE', #5760 ) ;
#1151 = ORIENTED_EDGE ( 'NONE', *, *, #2391, .T. ) ;
#1152 = DIRECTION ( 'NONE',  ( 0.0000000000000000000, 0.0000000000000000000, 1.000000000000000000 ) ) ;
#1153 = LINE ( 'NONE', #1021, #676 ) ;
#1154 = CARTESIAN_POINT ( 'NONE',  ( -0.4450000000000000600, -2.200398605410600200, 0.9749999999999531300 ) ) ;
#1155 = STYLED_ITEM ( 'NONE', ( #1188 ), #1624 ) ;
#1156 = ORIENTED_EDGE ( 'NONE', *, *, #6573, .F. ) ;
#1157 = VECTOR ( 'NONE', #4574, 1000.000000000000000 ) ;
#1158 =( GEOMETRIC_REPRESENTATION_CONTEXT ( 3 ) GLOBAL_UNCERTAINTY_ASSIGNED_CONTEXT ( ( #1631 ) ) GLOBAL_UNIT_ASSIGNED_CONTEXT ( ( #2665, #3272, #4469 ) ) REPRESENTATION_CONTEXT ( 'NONE', 'WORKASPACE' ) );
#1159 = CARTESIAN_POINT ( 'NONE',  ( -1.714999999999999900, 2.300398605410600300, 0.6749999999999831700 ) ) ;
#1160 = CARTESIAN_POINT ( 'NONE',  ( -0.4450000000000000600, -2.600398605410600100, 0.3345815153284071300 ) ) ;
#1161 = UNCERTAINTY_MEASURE_WITH_UNIT (LENGTH_MEASURE( 1.000000000000000100E-005 ), #1093, 'distance_accuracy_value', 'NONE');
#1162 = CARTESIAN_POINT ( 'NONE',  ( -1.664999999999999800, -2.300398605410600300, 0.6749999999999831700 ) ) ;
#1163 = COLOUR_RGB ( '',1.000000000000000000, 1.000000000000000000, 1.000000000000000000 ) ;
#1164 = DIRECTION ( 'NONE',  ( 0.0000000000000000000, -0.9961946980917453200, -0.08715574274766148300 ) ) ;
#1165 = DIRECTION ( 'NONE',  ( 0.0000000000000000000, -0.9961946980917452100, 0.08715574274766146900 ) ) ;
#1166 = ORIENTED_EDGE ( 'NONE', *, *, #1440, .T. ) ;
#1167 = AXIS2_PLACEMENT_3D ( 'NONE', #3132, #1821, #6170 ) ;
#1168 = ORIENTED_EDGE ( 'NONE', *, *, #5587, .T. ) ;
#1169 = DIRECTION ( 'NONE',  ( 1.000000000000000000, 0.0000000000000000000, 0.0000000000000000000 ) ) ;
#1170 = LINE ( 'NONE', #5861, #6736 ) ;
#1171 = VERTEX_POINT ( 'NONE', #3361 ) ;
#1172 = CIRCLE ( 'NONE', #5230, 0.2999999999999999300 ) ;
#1173 = ORIENTED_EDGE ( 'NONE', *, *, #5325, .F. ) ;
#1174 = CARTESIAN_POINT ( 'NONE',  ( 2.095000000000000200, -2.982568851450467600, 0.0000000000000000000 ) ) ;
#1175 = VECTOR ( 'NONE', #2062, 1000.000000000000000 ) ;
#1176 = DIRECTION ( 'NONE',  ( -1.000000000000000000, -0.0000000000000000000, -0.0000000000000000000 ) ) ;
#1177 = EDGE_CURVE ( 'NONE', #4652, #3603, #5806, .T. ) ;
#1178 = CARTESIAN_POINT ( 'NONE',  ( 0.3949999999999999600, 2.500398605410600000, 0.6749999999999530800 ) ) ;
#1179 = SURFACE_STYLE_USAGE ( .BOTH. , #5589 ) ;
#1180 = VECTOR ( 'NONE', #2066, 1000.000000000000000 ) ;
#1181 = UNCERTAINTY_MEASURE_WITH_UNIT (LENGTH_MEASURE( 1.000000000000000100E-005 ), #8010, 'distance_accuracy_value', 'NONE');
#1182 = CARTESIAN_POINT ( 'NONE',  ( -0.8750000000000001100, 2.200398605410600200, 0.6749999999999831700 ) ) ;
#1183 = UNCERTAINTY_MEASURE_WITH_UNIT (LENGTH_MEASURE( 1.000000000000000100E-005 ), #2080, 'distance_accuracy_value', 'NONE');
#1184 = DIRECTION ( 'NONE',  ( 0.0000000000000000000, 0.0000000000000000000, 1.000000000000000000 ) ) ;
#1185 = STYLED_ITEM ( 'NONE', ( #8068 ), #4927 ) ;
#1186 =( NAMED_UNIT ( * ) SI_UNIT ( $, .STERADIAN. ) SOLID_ANGLE_UNIT ( ) );
#1187 = CARTESIAN_POINT ( 'NONE',  ( -0.8250000000000001800, 2.600398605410600100, 0.3345815153284070800 ) ) ;
#1188 = PRESENTATION_STYLE_ASSIGNMENT (( #2547 ) ) ;
#1189 = EDGE_CURVE ( 'NONE', #7265, #3902, #2332, .T. ) ;
#1190 = CYLINDRICAL_SURFACE ( 'NONE', #4432, 0.09999999999999993600 ) ;
#1191 =( NAMED_UNIT ( * ) SI_UNIT ( $, .STERADIAN. ) SOLID_ANGLE_UNIT ( ) );
#1192 =( GEOMETRIC_REPRESENTATION_CONTEXT ( 3 ) GLOBAL_UNCERTAINTY_ASSIGNED_CONTEXT ( ( #1161 ) ) GLOBAL_UNIT_ASSIGNED_CONTEXT ( ( #1093, #5450, #3025 ) ) REPRESENTATION_CONTEXT ( 'NONE', 'WORKASPACE' ) );
#1193 =( NAMED_UNIT ( * ) SI_UNIT ( $, .STERADIAN. ) SOLID_ANGLE_UNIT ( ) );
#1194 = COLOUR_RGB ( '',1.000000000000000000, 1.000000000000000000, 1.000000000000000000 ) ;
#1195 = DIRECTION ( 'NONE',  ( 0.0000000000000000000, -0.9961946980917453200, -0.08715574274766148300 ) ) ;
#1196 = CARTESIAN_POINT ( 'NONE',  ( -2.095000000000000200, -2.230398605410600400, 0.7703939201416775100 ) ) ;
#1197 = DIRECTION ( 'NONE',  ( 0.0000000000000000000, -1.273963925350998900E-015, -1.000000000000000000 ) ) ;
#1198 = STYLED_ITEM ( 'NONE', ( #2535 ), #1017 ) ;
#1199 = FILL_AREA_STYLE ('',( #6819 ) ) ;
#1200 = AXIS2_PLACEMENT_3D ( 'NONE', #6656, #959, #3562 ) ;
#1201 = LINE ( 'NONE', #1905, #2698 ) ;
#1202 = CARTESIAN_POINT ( 'NONE',  ( 0.8249999999999999600, -2.591683031135834100, 0.2349620455192325500 ) ) ;
#1203 = FILL_AREA_STYLE_COLOUR ( '', #581 ) ;
#1204 = ADVANCED_FACE ( 'NONE', ( #1513 ), #5166, .T. ) ;
#1205 = FILL_AREA_STYLE_COLOUR ( '', #4527 ) ;
#1206 = ORIENTED_EDGE ( 'NONE', *, *, #5332, .T. ) ;
#1207 = LINE ( 'NONE', #56, #934 ) ;
#1208 = STYLED_ITEM ( 'NONE', ( #4983 ), #2201 ) ;
#1209 = DIRECTION ( 'NONE',  ( 0.0000000000000000000, 0.0000000000000000000, -1.000000000000000000 ) ) ;
#1210 = COLOUR_RGB ( '',1.000000000000000000, 1.000000000000000000, 1.000000000000000000 ) ;
#1211 = DIRECTION ( 'NONE',  ( 0.0000000000000000000, 0.0000000000000000000, 1.000000000000000000 ) ) ;
#1212 = DIRECTION ( 'NONE',  ( 0.0000000000000000000, 1.501620008892423400E-013, -1.000000000000000000 ) ) ;
#1213 = COLOUR_RGB ( '',1.000000000000000000, 1.000000000000000000, 1.000000000000000000 ) ;
#1214 = ORIENTED_EDGE ( 'NONE', *, *, #225, .T. ) ;
#1215 = SURFACE_STYLE_FILL_AREA ( #7919 ) ;
#1216 = CARTESIAN_POINT ( 'NONE',  ( -1.714999999999999900, 2.200398605410600200, 0.6749999999999831700 ) ) ;
#1217 = LINE ( 'NONE', #1682, #5047 ) ;
#1218 = STYLED_ITEM ( 'NONE', ( #7410 ), #3691 ) ;
#1219 = SURFACE_STYLE_USAGE ( .BOTH. , #5018 ) ;
#1220 =( LENGTH_UNIT ( ) NAMED_UNIT ( * ) SI_UNIT ( .MILLI., .METRE. ) );
#1221 = COLOUR_RGB ( '',1.000000000000000000, 1.000000000000000000, 1.000000000000000000 ) ;
#1222 = DIRECTION ( 'NONE',  ( 0.0000000000000000000, -0.9961946980917452100, 0.08715574274766263500 ) ) ;
#1223 = EDGE_CURVE ( 'NONE', #4697, #5639, #6586, .T. ) ;
#1224 = VERTEX_POINT ( 'NONE', #2072 ) ;
#1225 = PRESENTATION_STYLE_ASSIGNMENT (( #1711 ) ) ;
#1226 = ORIENTED_EDGE ( 'NONE', *, *, #7659, .T. ) ;
#1227 = DIRECTION ( 'NONE',  ( 0.0000000000000000000, -0.0000000000000000000, -1.000000000000000000 ) ) ;
#1228 = EDGE_CURVE ( 'NONE', #6717, #2972, #1398, .T. ) ;
#1229 = VERTEX_POINT ( 'NONE', #2695 ) ;
#1230 = AXIS2_PLACEMENT_3D ( 'NONE', #6669, #2344, #2973 ) ;
#1231 = ORIENTED_EDGE ( 'NONE', *, *, #4072, .F. ) ;
#1232 = LINE ( 'NONE', #658, #7626 ) ;
#1233 = EDGE_CURVE ( 'NONE', #2534, #747, #120, .T. ) ;
#1234 = ORIENTED_EDGE ( 'NONE', *, *, #928, .F. ) ;
#1235 = SURFACE_STYLE_USAGE ( .BOTH. , #2623 ) ;
#1236 = EDGE_LOOP ( 'NONE', ( #471, #3130, #2571, #3292 ) ) ;
#1237 = AXIS2_PLACEMENT_3D ( 'NONE', #2692, #3201, #6470 ) ;
#1238 = DIRECTION ( 'NONE',  ( -1.000000000000000000, -0.0000000000000000000, -0.0000000000000000000 ) ) ;
#1239 = ORIENTED_EDGE ( 'NONE', *, *, #5253, .T. ) ;
#1240 = DIRECTION ( 'NONE',  ( 0.0000000000000000000, -1.000000000000000000, 0.0000000000000000000 ) ) ;
#1241 = CARTESIAN_POINT ( 'NONE',  ( -0.8250000000000001800, -2.500398605410600000, 0.6749999999999530800 ) ) ;
#1242 =( NAMED_UNIT ( * ) PLANE_ANGLE_UNIT ( ) SI_UNIT ( $, .RADIAN. ) );
#1243 = CARTESIAN_POINT ( 'NONE',  ( -0.8250000000000001800, -3.000000000000000000, 0.1992389396183490100 ) ) ;
#1244 = FACE_OUTER_BOUND ( 'NONE', #7947, .T. ) ;
#1245 = VERTEX_POINT ( 'NONE', #3938 ) ;
#1246 = PRESENTATION_LAYER_ASSIGNMENT (  '', '', ( #2654 ) ) ;
#1247 = EDGE_LOOP ( 'NONE', ( #1067, #7829, #7728, #7533 ) ) ;
#1248 =( NAMED_UNIT ( * ) PLANE_ANGLE_UNIT ( ) SI_UNIT ( $, .RADIAN. ) );
#1249 = DIRECTION ( 'NONE',  ( 0.0000000000000000000, 0.0000000000000000000, 1.000000000000000000 ) ) ;
#1250 = ORIENTED_EDGE ( 'NONE', *, *, #3498, .T. ) ;
#1251 = STYLED_ITEM ( 'NONE', ( #1515 ), #6541 ) ;
#1252 = DIRECTION ( 'NONE',  ( 1.000000000000000000, 0.0000000000000000000, 0.0000000000000000000 ) ) ;
#1253 = ORIENTED_EDGE ( 'NONE', *, *, #519, .F. ) ;
#1254 = CARTESIAN_POINT ( 'NONE',  ( -1.714999999999999900, 2.200398605410600200, 0.7749999999999831500 ) ) ;
#1255 = DIRECTION ( 'NONE',  ( 0.0000000000000000000, -0.9961946980917452100, 0.08715574274766263500 ) ) ;
#1256 = VERTEX_POINT ( 'NONE', #6955 ) ;
#1257 = SURFACE_STYLE_USAGE ( .BOTH. , #7394 ) ;
#1258 = PRESENTATION_LAYER_ASSIGNMENT (  '', '', ( #853 ) ) ;
#1259 = ORIENTED_EDGE ( 'NONE', *, *, #617, .T. ) ;
#1260 =( NAMED_UNIT ( * ) SI_UNIT ( $, .STERADIAN. ) SOLID_ANGLE_UNIT ( ) );
#1261 = LINE ( 'NONE', #7213, #7655 ) ;
#1262 = ORIENTED_EDGE ( 'NONE', *, *, #6401, .F. ) ;
#1263 = CARTESIAN_POINT ( 'NONE',  ( 0.8249999999999999600, -2.200398605410600200, 0.6749999999999831700 ) ) ;
#1264 =( NAMED_UNIT ( * ) PLANE_ANGLE_UNIT ( ) SI_UNIT ( $, .RADIAN. ) );
#1265 = FILL_AREA_STYLE_COLOUR ( '', #2551 ) ;
#1266 = SURFACE_STYLE_USAGE ( .BOTH. , #4478 ) ;
#1267 = FACE_OUTER_BOUND ( 'NONE', #2638, .T. ) ;
#1268 = MECHANICAL_DESIGN_GEOMETRIC_PRESENTATION_REPRESENTATION (  '', ( #2673 ), #6710 ) ;
#1269 = PRESENTATION_STYLE_ASSIGNMENT (( #7699 ) ) ;
#1270 = CARTESIAN_POINT ( 'NONE',  ( 2.095000000000000200, -1.950000000000000000, 0.7749999999999831500 ) ) ;
#1271 = EDGE_CURVE ( 'NONE', #2368, #1415, #431, .T. ) ;
#1272 = CARTESIAN_POINT ( 'NONE',  ( -1.714999999999999900, -2.591683031135834100, 0.2349620455192326700 ) ) ;
#1273 =( LENGTH_UNIT ( ) NAMED_UNIT ( * ) SI_UNIT ( .MILLI., .METRE. ) );
#1274 = DIRECTION ( 'NONE',  ( 0.0000000000000000000, 0.08715574274766262100, 0.9961946980917451000 ) ) ;
#1275 = EDGE_CURVE ( 'NONE', #3717, #254, #3183, .T. ) ;
#1276 = SURFACE_SIDE_STYLE ('',( #7344 ) ) ;
#1277 = VECTOR ( 'NONE', #7971, 1000.000000000000000 ) ;
#1279 = STYLED_ITEM ( 'NONE', ( #5592 ), #4048 ) ;
#1278 = DIRECTION ( 'NONE',  ( 1.000000000000000000, -0.0000000000000000000, 0.0000000000000000000 ) ) ;
#1280 = UNCERTAINTY_MEASURE_WITH_UNIT (LENGTH_MEASURE( 1.000000000000000100E-005 ), #1331, 'distance_accuracy_value', 'NONE');
#1281 = COLOUR_RGB ( '',1.000000000000000000, 1.000000000000000000, 1.000000000000000000 ) ;
#1282 = EDGE_CURVE ( 'NONE', #2733, #1687, #2225, .T. ) ;
#1283 =( NAMED_UNIT ( * ) PLANE_ANGLE_UNIT ( ) SI_UNIT ( $, .RADIAN. ) );
#1284 = PRESENTATION_LAYER_ASSIGNMENT (  '', '', ( #722 ) ) ;
#1285 = SURFACE_STYLE_USAGE ( .BOTH. , #4440 ) ;
#1286 = LINE ( 'NONE', #2122, #809 ) ;
#1287 = SURFACE_STYLE_USAGE ( .BOTH. , #7450 ) ;
#1288 = DIRECTION ( 'NONE',  ( -1.000000000000000000, -0.0000000000000000000, -0.0000000000000000000 ) ) ;
#1289 = FILL_AREA_STYLE ('',( #54 ) ) ;
#1290 = MECHANICAL_DESIGN_GEOMETRIC_PRESENTATION_REPRESENTATION (  '', ( #4986 ), #2606 ) ;
#1291 = PRESENTATION_STYLE_ASSIGNMENT (( #7471 ) ) ;
#1292 = CARTESIAN_POINT ( 'NONE',  ( -1.714999999999999900, 2.574251882586301200, 0.03572310590088358800 ) ) ;
#1293 = EDGE_LOOP ( 'NONE', ( #6436, #630, #4291, #6155 ) ) ;
#1294 = CARTESIAN_POINT ( 'NONE',  ( -1.714999999999999900, -2.200398605410600200, 0.6749999999999831700 ) ) ;
#1295 = LINE ( 'NONE', #7712, #1505 ) ;
#1296 = FILL_AREA_STYLE ('',( #4434 ) ) ;
#1297 = CIRCLE ( 'NONE', #2294, 0.3000000000000001600 ) ;
#1298 =( GEOMETRIC_REPRESENTATION_CONTEXT ( 3 ) GLOBAL_UNCERTAINTY_ASSIGNED_CONTEXT ( ( #1425 ) ) GLOBAL_UNIT_ASSIGNED_CONTEXT ( ( #627, #1242, #3754 ) ) REPRESENTATION_CONTEXT ( 'NONE', 'WORKASPACE' ) );
#1299 = FILL_AREA_STYLE ('',( #39 ) ) ;
#1300 = ORIENTED_EDGE ( 'NONE', *, *, #2427, .T. ) ;
#1301 = AXIS2_PLACEMENT_3D ( 'NONE', #5948, #4768, #4801 ) ;
#1302 = EDGE_LOOP ( 'NONE', ( #1769, #888, #874, #4592 ) ) ;
#1303 =( NAMED_UNIT ( * ) PLANE_ANGLE_UNIT ( ) SI_UNIT ( $, .RADIAN. ) );
#1304 = LINE ( 'NONE', #4749, #1035 ) ;
#1305 = VECTOR ( 'NONE', #6182, 1000.000000000000000 ) ;
#1306 = PLANE ( 'NONE',  #3886 ) ;
#1307 = DIRECTION ( 'NONE',  ( 0.0000000000000000000, -0.1391731009600620800, -0.9902680687415708100 ) ) ;
#1308 = EDGE_CURVE ( 'NONE', #3396, #992, #1295, .T. ) ;
#1309 = MECHANICAL_DESIGN_GEOMETRIC_PRESENTATION_REPRESENTATION (  '', ( #3952 ), #5668 ) ;
#1310 = EDGE_LOOP ( 'NONE', ( #3419, #5244, #1115, #4313, #1762, #1736 ) ) ;
#1311 = LINE ( 'NONE', #7895, #2137 ) ;
#1312 = FILL_AREA_STYLE_COLOUR ( '', #6261 ) ;
#1313 = CARTESIAN_POINT ( 'NONE',  ( 1.665000000000000000, 2.230398605410600400, 0.7703939201416775100 ) ) ;
#1314 =( NAMED_UNIT ( * ) PLANE_ANGLE_UNIT ( ) SI_UNIT ( $, .RADIAN. ) );
#1315 = ADVANCED_FACE ( 'NONE', ( #318 ), #6681, .F. ) ;
#1316 = LINE ( 'NONE', #1661, #7722 ) ;
#1317 = ORIENTED_EDGE ( 'NONE', *, *, #7059, .T. ) ;
#1318 = UNCERTAINTY_MEASURE_WITH_UNIT (LENGTH_MEASURE( 1.000000000000000100E-005 ), #2992, 'distance_accuracy_value', 'NONE');
#1319 = EDGE_LOOP ( 'NONE', ( #6727, #5845, #1423, #3875 ) ) ;
#1320 = PRESENTATION_LAYER_ASSIGNMENT (  '', '', ( #6668 ) ) ;
#1321 = SURFACE_STYLE_USAGE ( .BOTH. , #5102 ) ;
#1322 = CARTESIAN_POINT ( 'NONE',  ( -0.4450000000000000600, 1.921891833059526500, 0.9749999999999531300 ) ) ;
#1323 = EDGE_CURVE ( 'NONE', #234, #3030, #2808, .T. ) ;
#1324 = FACE_OUTER_BOUND ( 'NONE', #1842, .T. ) ;
#1325 = EDGE_LOOP ( 'NONE', ( #7425, #7426, #6037, #7910 ) ) ;
#1326 = CARTESIAN_POINT ( 'NONE',  ( -2.145000000000000000, -2.300398605410600300, 0.6749999999999831700 ) ) ;
#1327 = CARTESIAN_POINT ( 'NONE',  ( 2.095000000000000200, -2.200398605410600200, 0.6749999999999831700 ) ) ;
#1328 = EDGE_LOOP ( 'NONE', ( #7377, #139, #6639, #7734 ) ) ;
#1329 = EDGE_CURVE ( 'NONE', #3611, #1572, #2430, .T. ) ;
#1330 = VECTOR ( 'NONE', #6713, 1000.000000000000000 ) ;
#1331 =( LENGTH_UNIT ( ) NAMED_UNIT ( * ) SI_UNIT ( .MILLI., .METRE. ) );
#1332 = EDGE_CURVE ( 'NONE', #7629, #5492, #4653, .T. ) ;
#1333 = ORIENTED_EDGE ( 'NONE', *, *, #4558, .T. ) ;
#1334 = PRESENTATION_STYLE_ASSIGNMENT (( #2886 ) ) ;
#1335 = ORIENTED_EDGE ( 'NONE', *, *, #525, .F. ) ;
#1336 = STYLED_ITEM ( 'NONE', ( #884 ), #5152 ) ;
#1337 = PLANE ( 'NONE',  #5810 ) ;
#1338 = ORIENTED_EDGE ( 'NONE', *, *, #2165, .T. ) ;
#1339 = CARTESIAN_POINT ( 'NONE',  ( -2.420000000000000400, -5.000000000000000000, 0.7749999999999805900 ) ) ;
#1340 = EDGE_CURVE ( 'NONE', #7015, #955, #533, .T. ) ;
#1341 = ORIENTED_EDGE ( 'NONE', *, *, #7173, .T. ) ;
#1342 = PRESENTATION_STYLE_ASSIGNMENT (( #3116 ) ) ;
#1343 = STYLED_ITEM ( 'NONE', ( #8023 ), #5795 ) ;
#1344 = COLOUR_RGB ( '',1.000000000000000000, 1.000000000000000000, 1.000000000000000000 ) ;
#1345 = SURFACE_STYLE_USAGE ( .BOTH. , #5672 ) ;
#1346 = CARTESIAN_POINT ( 'NONE',  ( -1.664999999999999800, 2.230398605410600400, 0.7703939201416775100 ) ) ;
#1347 = FACE_OUTER_BOUND ( 'NONE', #4311, .T. ) ;
#1348 = VERTEX_POINT ( 'NONE', #1560 ) ;
#1349 = ORIENTED_EDGE ( 'NONE', *, *, #6407, .T. ) ;
#1350 = DIRECTION ( 'NONE',  ( 1.000000000000000000, 0.0000000000000000000, -0.0000000000000000000 ) ) ;
#1351 = DIRECTION ( 'NONE',  ( 1.000000000000000000, 0.0000000000000000000, 0.0000000000000000000 ) ) ;
#1352 = FACE_OUTER_BOUND ( 'NONE', #5648, .T. ) ;
#1353 = AXIS2_PLACEMENT_3D ( 'NONE', #433, #1652, #348 ) ;
#1354 = ORIENTED_EDGE ( 'NONE', *, *, #1382, .T. ) ;
#1355 = ORIENTED_EDGE ( 'NONE', *, *, #1118, .T. ) ;
#1356 = LINE ( 'NONE', #6776, #3916 ) ;
#1357 = CARTESIAN_POINT ( 'NONE',  ( 1.714999999999999900, 2.591683031135834100, 0.2349620455192326700 ) ) ;
#1358 =( NAMED_UNIT ( * ) PLANE_ANGLE_UNIT ( ) SI_UNIT ( $, .RADIAN. ) );
#1359 = ORIENTED_EDGE ( 'NONE', *, *, #1765, .T. ) ;
#1360 = DIRECTION ( 'NONE',  ( -0.1378445374916257600, 0.1378445374916257600, 0.9808148484639899200 ) ) ;
#1361 = FILL_AREA_STYLE ('',( #6882 ) ) ;
#1362 = ORIENTED_EDGE ( 'NONE', *, *, #1042, .F. ) ;
#1363 = ADVANCED_FACE ( 'NONE', ( #7333 ), #2809, .T. ) ;
#1364 = CARTESIAN_POINT ( 'NONE',  ( 1.665000000000000000, 2.300398605410600300, 0.6749999999999831700 ) ) ;
#1365 =( GEOMETRIC_REPRESENTATION_CONTEXT ( 3 ) GLOBAL_UNCERTAINTY_ASSIGNED_CONTEXT ( ( #4616 ) ) GLOBAL_UNIT_ASSIGNED_CONTEXT ( ( #1781, #2946, #6055 ) ) REPRESENTATION_CONTEXT ( 'NONE', 'WORKASPACE' ) );
#1366 = ORIENTED_EDGE ( 'NONE', *, *, #7309, .F. ) ;
#1367 = FILL_AREA_STYLE_COLOUR ( '', #2523 ) ;
#1368 = CARTESIAN_POINT ( 'NONE',  ( 0.8750000000000001100, -2.230398605410600400, 0.7703939201416775100 ) ) ;
#1370 = CARTESIAN_POINT ( 'NONE',  ( 0.8249999999999999600, 2.200398605410600200, 0.7749999999999831500 ) ) ;
#1369 = MECHANICAL_DESIGN_GEOMETRIC_PRESENTATION_REPRESENTATION (  '', ( #3692 ), #7399 ) ;
#1371 = CARTESIAN_POINT ( 'NONE',  ( -2.450000000000000200, 1.950000000000000000, 1.575000000000000000 ) ) ;
#1372 = FILL_AREA_STYLE_COLOUR ( '', #3085 ) ;
#1373 = DIRECTION ( 'NONE',  ( 0.0000000000000000000, -0.08715574274766262100, -0.9961946980917451000 ) ) ;
#1374 = LINE ( 'NONE', #4339, #6166 ) ;
#1375 = LINE ( 'NONE', #6180, #5312 ) ;
#1376 = AXIS2_PLACEMENT_3D ( 'NONE', #3802, #1873, #6266 ) ;
#1377 = FILL_AREA_STYLE_COLOUR ( '', #918 ) ;
#1378 = EDGE_CURVE ( 'NONE', #2743, #1920, #112, .T. ) ;
#1379 = LINE ( 'NONE', #5519, #6365 ) ;
#1380 =( NAMED_UNIT ( * ) PLANE_ANGLE_UNIT ( ) SI_UNIT ( $, .RADIAN. ) );
#1381 = DIRECTION ( 'NONE',  ( -1.000000000000000000, 0.0000000000000000000, 0.0000000000000000000 ) ) ;
#1382 = EDGE_CURVE ( 'NONE', #565, #2976, #632, .T. ) ;
#1383 = FILL_AREA_STYLE_COLOUR ( '', #1213 ) ;
#1385 = PRESENTATION_LAYER_ASSIGNMENT (  '', '', ( #5690 ) ) ;
#1384 = DIRECTION ( 'NONE',  ( 0.0000000000000000000, 0.0000000000000000000, 1.000000000000000000 ) ) ;
#1386 = EDGE_CURVE ( 'NONE', #1023, #6715, #7510, .T. ) ;
#1387 = LINE ( 'NONE', #5182, #5888 ) ;
#1388 = DIRECTION ( 'NONE',  ( 0.0000000000000000000, -0.9902680687415708100, 0.1391731009600620800 ) ) ;
#1389 = MECHANICAL_DESIGN_GEOMETRIC_PRESENTATION_REPRESENTATION (  '', ( #290 ), #6460 ) ;
#1390 = SURFACE_STYLE_USAGE ( .BOTH. , #150 ) ;
#1391 = SURFACE_SIDE_STYLE ('',( #3926 ) ) ;
#1392 = CARTESIAN_POINT ( 'NONE',  ( 0.8249999999999999600, 2.591683031135834100, 0.2349620455192325500 ) ) ;
#1393 = FILL_AREA_STYLE ('',( #3301 ) ) ;
#1394 = PLANE ( 'NONE',  #210 ) ;
#1395 = CARTESIAN_POINT ( 'NONE',  ( -1.714999999999999900, -2.500398605410600000, 0.6749999999999530800 ) ) ;
#1396 =( GEOMETRIC_REPRESENTATION_CONTEXT ( 3 ) GLOBAL_UNCERTAINTY_ASSIGNED_CONTEXT ( ( #3517 ) ) GLOBAL_UNIT_ASSIGNED_CONTEXT ( ( #4936, #5526, #4325 ) ) REPRESENTATION_CONTEXT ( 'NONE', 'WORKASPACE' ) );
#1397 = VERTEX_POINT ( 'NONE', #2153 ) ;
#1398 = LINE ( 'NONE', #808, #726 ) ;
#1399 = ADVANCED_FACE ( 'NONE', ( #2119 ), #1337, .F. ) ;
#1400 =( LENGTH_UNIT ( ) NAMED_UNIT ( * ) SI_UNIT ( .MILLI., .METRE. ) );
#1401 = MECHANICAL_DESIGN_GEOMETRIC_PRESENTATION_REPRESENTATION (  '', ( #1251 ), #1970 ) ;
#1402 = LINE ( 'NONE', #4200, #7816 ) ;
#1403 = DIRECTION ( 'NONE',  ( -1.000000000000000000, -0.0000000000000000000, -0.0000000000000000000 ) ) ;
#1404 = UNCERTAINTY_MEASURE_WITH_UNIT (LENGTH_MEASURE( 1.000000000000000100E-005 ), #237, 'distance_accuracy_value', 'NONE');
#1405 = DIRECTION ( 'NONE',  ( -1.000000000000000000, 0.0000000000000000000, 0.0000000000000000000 ) ) ;
#1406 =( LENGTH_UNIT ( ) NAMED_UNIT ( * ) SI_UNIT ( .MILLI., .METRE. ) );
#1407 = VECTOR ( 'NONE', #260, 1000.000000000000000 ) ;
#1408 = ORIENTED_EDGE ( 'NONE', *, *, #1948, .T. ) ;
#1409 = FACE_OUTER_BOUND ( 'NONE', #7002, .T. ) ;
#1410 = STYLED_ITEM ( 'NONE', ( #1089 ), #2011 ) ;
#1411 = LINE ( 'NONE', #2280, #3777 ) ;
#1412 = CARTESIAN_POINT ( 'NONE',  ( 0.8750000000000001100, 2.500398605410600000, 0.6749999999999530800 ) ) ;
#1413 = SURFACE_STYLE_USAGE ( .BOTH. , #4551 ) ;
#1414 = SURFACE_STYLE_FILL_AREA ( #6253 ) ;
#1415 = VERTEX_POINT ( 'NONE', #1981 ) ;
#1416 = LINE ( 'NONE', #7282, #7256 ) ;
#1417 = VECTOR ( 'NONE', #2135, 1000.000000000000000 ) ;
#1418 = ORIENTED_EDGE ( 'NONE', *, *, #2324, .T. ) ;
#1419 = FILL_AREA_STYLE_COLOUR ( '', #2378 ) ;
#1420 = AXIS2_PLACEMENT_3D ( 'NONE', #8003, #4940, #590 ) ;
#1421 = DIRECTION ( 'NONE',  ( -1.000000000000000000, 0.0000000000000000000, -0.0000000000000000000 ) ) ;
#1422 = LINE ( 'NONE', #753, #7733 ) ;
#1423 = ORIENTED_EDGE ( 'NONE', *, *, #2586, .T. ) ;
#1424 = CARTESIAN_POINT ( 'NONE',  ( 1.665000000000000000, 2.230398605410600400, 0.7703939201416775100 ) ) ;
#1425 = UNCERTAINTY_MEASURE_WITH_UNIT (LENGTH_MEASURE( 1.000000000000000100E-005 ), #627, 'distance_accuracy_value', 'NONE');
#1426 = VERTEX_POINT ( 'NONE', #3255 ) ;
#1427 = UNCERTAINTY_MEASURE_WITH_UNIT (LENGTH_MEASURE( 1.000000000000000100E-005 ), #2329, 'distance_accuracy_value', 'NONE');
#1428 =( LENGTH_UNIT ( ) NAMED_UNIT ( * ) SI_UNIT ( .MILLI., .METRE. ) );
#1429 = EDGE_CURVE ( 'NONE', #654, #3541, #3004, .T. ) ;
#1430 = VERTEX_POINT ( 'NONE', #3271 ) ;
#1431 = CIRCLE ( 'NONE', #4194, 0.09999999999999982500 ) ;
#1432 = CIRCLE ( 'NONE', #5455, 0.2999999999999856100 ) ;
#1433 = ORIENTED_EDGE ( 'NONE', *, *, #4272, .F. ) ;
#1434 = CARTESIAN_POINT ( 'NONE',  ( 0.8750000000000001100, 2.230398605410600400, 0.7703939201416775100 ) ) ;
#1435 = STYLED_ITEM ( 'NONE', ( #7400 ), #3957 ) ;
#1436 = EDGE_CURVE ( 'NONE', #3104, #3810, #6093, .T. ) ;
#1437 =( NAMED_UNIT ( * ) SI_UNIT ( $, .STERADIAN. ) SOLID_ANGLE_UNIT ( ) );
#1438 = ORIENTED_EDGE ( 'NONE', *, *, #1727, .F. ) ;
#1439 = DIRECTION ( 'NONE',  ( 1.000000000000000000, -0.0000000000000000000, -0.0000000000000000000 ) ) ;
#1440 = EDGE_CURVE ( 'NONE', #992, #3538, #6760, .T. ) ;
#1441 = SURFACE_STYLE_FILL_AREA ( #7770 ) ;
#1442 = VERTEX_POINT ( 'NONE', #4506 ) ;
#1443 = CARTESIAN_POINT ( 'NONE',  ( 2.095000000000000200, 2.200398605410600200, 0.7749999999999831500 ) ) ;
#1444 = EDGE_LOOP ( 'NONE', ( #3993, #3227, #898, #7966 ) ) ;
#1445 = EDGE_LOOP ( 'NONE', ( #1141, #754, #883, #3389 ) ) ;
#1446 = EDGE_LOOP ( 'NONE', ( #642, #7567, #4490, #6800, #5446, #1964, #5496, #6414, #6901, #3642 ) ) ;
#1447 = ADVANCED_FACE ( 'NONE', ( #1816 ), #6890, .T. ) ;
#1448 = EDGE_CURVE ( 'NONE', #2733, #3923, #7141, .T. ) ;
#1449 = DIRECTION ( 'NONE',  ( 0.1378445374916257600, 0.1378445374916255100, -0.9808148484639899200 ) ) ;
#1450 = DIRECTION ( 'NONE',  ( -0.0000000000000000000, -1.000000000000000000, -0.0000000000000000000 ) ) ;
#1451 = MECHANICAL_DESIGN_GEOMETRIC_PRESENTATION_REPRESENTATION (  '', ( #5132 ), #6923 ) ;
#1452 = DIRECTION ( 'NONE',  ( 0.0000000000000000000, 0.9961946980917452100, 0.08715574274766146900 ) ) ;
#1453 = VERTEX_POINT ( 'NONE', #78 ) ;
#1454 = PRESENTATION_LAYER_ASSIGNMENT (  '', '', ( #2859 ) ) ;
#1455 = COLOUR_RGB ( '',1.000000000000000000, 1.000000000000000000, 1.000000000000000000 ) ;
#1456 = EDGE_CURVE ( 'NONE', #7476, #1442, #1106, .T. ) ;
#1457 = ORIENTED_EDGE ( 'NONE', *, *, #4143, .T. ) ;
#1458 = CARTESIAN_POINT ( 'NONE',  ( -2.095000000000000200, 2.600398605410600100, 0.3345815153284071300 ) ) ;
#1459 = DIRECTION ( 'NONE',  ( 0.0000000000000000000, 0.0000000000000000000, -1.000000000000000000 ) ) ;
#1460 = CARTESIAN_POINT ( 'NONE',  ( 0.8249999999999999600, 2.574251882586301200, 0.03572310590088358800 ) ) ;
#1461 = ORIENTED_EDGE ( 'NONE', *, *, #4828, .F. ) ;
#1462 = LINE ( 'NONE', #6603, #5404 ) ;
#1463 = ADVANCED_FACE ( 'NONE', ( #917 ), #1306, .F. ) ;
#1464 = CARTESIAN_POINT ( 'NONE',  ( -0.8750000000000001100, -2.230398605410600400, 0.7703939201416775100 ) ) ;
#1465 = FILL_AREA_STYLE_COLOUR ( '', #4247 ) ;
#1466 = ORIENTED_EDGE ( 'NONE', *, *, #1332, .T. ) ;
#1467 = PRESENTATION_LAYER_ASSIGNMENT (  '', '', ( #1198 ) ) ;
#1468 = FILL_AREA_STYLE_COLOUR ( '', #613 ) ;
#1469 = SURFACE_STYLE_FILL_AREA ( #2089 ) ;
#1470 = DIRECTION ( 'NONE',  ( 0.0000000000000000000, -0.3000000000000002700, 0.9539392014169455500 ) ) ;
#1471 = CARTESIAN_POINT ( 'NONE',  ( -0.4450000000000000600, -2.300398605410600300, 0.6749999999999831700 ) ) ;
#1472 = AXIS2_PLACEMENT_3D ( 'NONE', #7123, #215, #7037 ) ;
#1473 = LINE ( 'NONE', #2203, #6349 ) ;
#1474 =( NAMED_UNIT ( * ) PLANE_ANGLE_UNIT ( ) SI_UNIT ( $, .RADIAN. ) );
#1475 =( LENGTH_UNIT ( ) NAMED_UNIT ( * ) SI_UNIT ( .MILLI., .METRE. ) );
#1476 = PLANE ( 'NONE',  #2739 ) ;
#1477 =( LENGTH_UNIT ( ) NAMED_UNIT ( * ) SI_UNIT ( .MILLI., .METRE. ) );
#1478 = LINE ( 'NONE', #1395, #2782 ) ;
#1479 = FACE_OUTER_BOUND ( 'NONE', #4763, .T. ) ;
#1480 = DIRECTION ( 'NONE',  ( -1.000000000000000000, -0.0000000000000000000, -0.0000000000000000000 ) ) ;
#1481 = PRESENTATION_STYLE_ASSIGNMENT (( #3672 ) ) ;
#1483 = CARTESIAN_POINT ( 'NONE',  ( -0.4450000000000000600, 2.591683031135834100, 0.2349620455192326700 ) ) ;
#1482 = PRODUCT_DEFINITION ( 'UNKNOWN', '', #5675, #7709 ) ;
#1484 =( NAMED_UNIT ( * ) PLANE_ANGLE_UNIT ( ) SI_UNIT ( $, .RADIAN. ) );
#1485 = CARTESIAN_POINT ( 'NONE',  ( -0.8750000000000001100, 2.230398605410600400, 0.7703939201416775100 ) ) ;
#1486 = FACE_OUTER_BOUND ( 'NONE', #4507, .T. ) ;
#1487 = ADVANCED_FACE ( 'NONE', ( #529 ), #3442, .T. ) ;
#1488 = SURFACE_STYLE_USAGE ( .BOTH. , #4716 ) ;
#1489 = LINE ( 'NONE', #5228, #3078 ) ;
#1490 = DIRECTION ( 'NONE',  ( -0.0000000000000000000, 0.0000000000000000000, -1.000000000000000000 ) ) ;
#1491 = EDGE_CURVE ( 'NONE', #257, #6499, #1494, .T. ) ;
#1492 =( LENGTH_UNIT ( ) NAMED_UNIT ( * ) SI_UNIT ( .MILLI., .METRE. ) );
#1493 = DIRECTION ( 'NONE',  ( 0.0000000000000000000, 1.000000000000000000, -1.501620008892423400E-013 ) ) ;
#1494 = LINE ( 'NONE', #2798, #1018 ) ;
#1495 = FILL_AREA_STYLE_COLOUR ( '', #7842 ) ;
#1496 = VECTOR ( 'NONE', #5167, 1000.000000000000000 ) ;
#1497 = EDGE_CURVE ( 'NONE', #493, #5733, #5800, .T. ) ;
#1498 = LINE ( 'NONE', #4131, #7900 ) ;
#1499 = DIRECTION ( 'NONE',  ( 0.0000000000000000000, -0.3000000000000002700, -0.9539392014169455500 ) ) ;
#1501 = MECHANICAL_DESIGN_GEOMETRIC_PRESENTATION_REPRESENTATION (  '', ( #995 ), #3765 ) ;
#1500 = FILL_AREA_STYLE_COLOUR ( '', #7054 ) ;
#1502 = EDGE_CURVE ( 'NONE', #4219, #3890, #7502, .T. ) ;
#1503 = EDGE_LOOP ( 'NONE', ( #7640, #2061, #7175, #4065 ) ) ;
#1504 = ADVANCED_FACE ( 'NONE', ( #3951 ), #3377, .F. ) ;
#1505 = VECTOR ( 'NONE', #7093, 1000.000000000000000 ) ;
#1506 = LINE ( 'NONE', #7312, #7511 ) ;
#1507 = CARTESIAN_POINT ( 'NONE',  ( -2.095000000000000200, -2.591683031135834100, 0.2349620455192326700 ) ) ;
#1508 = CARTESIAN_POINT ( 'NONE',  ( 0.8249999999999999600, -1.950000000000000000, 0.7749999999999831500 ) ) ;
#1509 = AXIS2_PLACEMENT_3D ( 'NONE', #6730, #3565, #7946 ) ;
#1510 = LINE ( 'NONE', #3451, #1923 ) ;
#1511 = FILL_AREA_STYLE_COLOUR ( '', #7682 ) ;
#1512 = ORIENTED_EDGE ( 'NONE', *, *, #4436, .T. ) ;
#1513 = FACE_OUTER_BOUND ( 'NONE', #6809, .T. ) ;
#1514 = FILL_AREA_STYLE ('',( #7651 ) ) ;
#1515 = PRESENTATION_STYLE_ASSIGNMENT (( #6632 ) ) ;
#1516 = SURFACE_STYLE_USAGE ( .BOTH. , #7706 ) ;
#1517 = CARTESIAN_POINT ( 'NONE',  ( -0.4450000000000000600, -2.200398605410600200, 0.9749999999999531300 ) ) ;
#1518 = UNCERTAINTY_MEASURE_WITH_UNIT (LENGTH_MEASURE( 1.000000000000000100E-005 ), #1571, 'distance_accuracy_value', 'NONE');
#1519 = VECTOR ( 'NONE', #7687, 1000.000000000000200 ) ;
#1520 = MECHANICAL_DESIGN_GEOMETRIC_PRESENTATION_REPRESENTATION (  '', ( #5864 ), #1005 ) ;
#1521 = DIRECTION ( 'NONE',  ( -1.000000000000000000, 0.0000000000000000000, -0.0000000000000000000 ) ) ;
#1522 =( GEOMETRIC_REPRESENTATION_CONTEXT ( 3 ) GLOBAL_UNCERTAINTY_ASSIGNED_CONTEXT ( ( #1788 ) ) GLOBAL_UNIT_ASSIGNED_CONTEXT ( ( #4913, #6663, #7897 ) ) REPRESENTATION_CONTEXT ( 'NONE', 'WORKASPACE' ) );
#1523 =( NAMED_UNIT ( * ) SI_UNIT ( $, .STERADIAN. ) SOLID_ANGLE_UNIT ( ) );
#1524 = ORIENTED_EDGE ( 'NONE', *, *, #3168, .F. ) ;
#1525 = SURFACE_STYLE_FILL_AREA ( #4226 ) ;
#1526 = FACE_OUTER_BOUND ( 'NONE', #8042, .T. ) ;
#1527 = ORIENTED_EDGE ( 'NONE', *, *, #1552, .F. ) ;
#1528 = FILL_AREA_STYLE ('',( #1468 ) ) ;
#1529 = VECTOR ( 'NONE', #6959, 1000.000000000000000 ) ;
#1530 = CARTESIAN_POINT ( 'NONE',  ( -0.4450000000000000600, 1.950000000000000000, 0.7749999999999831500 ) ) ;
#1531 = DIRECTION ( 'NONE',  ( 0.0000000000000000000, 1.273963925350998900E-015, 1.000000000000000000 ) ) ;
#1532 = DIRECTION ( 'NONE',  ( 0.0000000000000000000, 0.0000000000000000000, -1.000000000000000000 ) ) ;
#1533 = DIRECTION ( 'NONE',  ( -1.000000000000000000, -0.0000000000000000000, -0.0000000000000000000 ) ) ;
#1534 = AXIS2_PLACEMENT_3D ( 'NONE', #4445, #5090, #6795 ) ;
#1535 = ORIENTED_EDGE ( 'NONE', *, *, #7411, .T. ) ;
#1536 =( LENGTH_UNIT ( ) NAMED_UNIT ( * ) SI_UNIT ( .MILLI., .METRE. ) );
#1537 = DIRECTION ( 'NONE',  ( 0.0000000000000000000, 0.0000000000000000000, -1.000000000000000000 ) ) ;
#1538 = ORIENTED_EDGE ( 'NONE', *, *, #2766, .T. ) ;
#1539 = PRESENTATION_STYLE_ASSIGNMENT (( #6329 ) ) ;
#1540 = ADVANCED_FACE ( 'NONE', ( #6571 ), #1542, .T. ) ;
#1541 = FILL_AREA_STYLE ('',( #5381 ) ) ;
#1542 = PLANE ( 'NONE',  #312 ) ;
#1543 = PRESENTATION_STYLE_ASSIGNMENT (( #6080 ) ) ;
#1544 = ORIENTED_EDGE ( 'NONE', *, *, #3185, .T. ) ;
#1545 = FACE_OUTER_BOUND ( 'NONE', #7963, .T. ) ;
#1546 = DIRECTION ( 'NONE',  ( 0.0000000000000000000, 0.0000000000000000000, -1.000000000000000000 ) ) ;
#1547 = UNCERTAINTY_MEASURE_WITH_UNIT (LENGTH_MEASURE( 1.000000000000000100E-005 ), #1477, 'distance_accuracy_value', 'NONE');
#1548 = ORIENTED_EDGE ( 'NONE', *, *, #812, .F. ) ;
#1549 = LINE ( 'NONE', #4207, #3307 ) ;
#1550 =( GEOMETRIC_REPRESENTATION_CONTEXT ( 3 ) GLOBAL_UNCERTAINTY_ASSIGNED_CONTEXT ( ( #4451 ) ) GLOBAL_UNIT_ASSIGNED_CONTEXT ( ( #3815, #4433, #63 ) ) REPRESENTATION_CONTEXT ( 'NONE', 'WORKASPACE' ) );
#1551 = SURFACE_STYLE_USAGE ( .BOTH. , #2801 ) ;
#1552 = EDGE_CURVE ( 'NONE', #3314, #3224, #6755, .T. ) ;
#1553 = DIRECTION ( 'NONE',  ( 0.0000000000000000000, 0.0000000000000000000, 1.000000000000000000 ) ) ;
#1554 = EDGE_LOOP ( 'NONE', ( #2660, #4183, #5609, #2473 ) ) ;
#1555 = ORIENTED_EDGE ( 'NONE', *, *, #2489, .T. ) ;
#1556 = ORIENTED_EDGE ( 'NONE', *, *, #5220, .T. ) ;
#1557 = SURFACE_SIDE_STYLE ('',( #7335 ) ) ;
#1558 = ADVANCED_FACE ( 'NONE', ( #10 ), #6493, .T. ) ;
#1559 = ORIENTED_EDGE ( 'NONE', *, *, #7721, .F. ) ;
#1560 = CARTESIAN_POINT ( 'NONE',  ( 2.145000000000000000, 2.230398605410600400, 0.7703939201416775100 ) ) ;
#1561 = CARTESIAN_POINT ( 'NONE',  ( 2.095000000000000200, 2.200398605410600200, 0.9749999999999531300 ) ) ;
#1562 = EDGE_CURVE ( 'NONE', #4812, #3104, #3567, .T. ) ;
#1563 = DIRECTION ( 'NONE',  ( -1.000000000000000000, 0.0000000000000000000, 0.0000000000000000000 ) ) ;
#1564 = LINE ( 'NONE', #6442, #6332 ) ;
#1565 = ORIENTED_EDGE ( 'NONE', *, *, #7659, .F. ) ;
#1566 = PRESENTATION_LAYER_ASSIGNMENT (  '', '', ( #1279 ) ) ;
#1567 = CARTESIAN_POINT ( 'NONE',  ( 2.372360607478101600, -1.872360607478102100, 1.327432982814607600 ) ) ;
#1568 =( NAMED_UNIT ( * ) PLANE_ANGLE_UNIT ( ) SI_UNIT ( $, .RADIAN. ) );
#1569 = SURFACE_SIDE_STYLE ('',( #6976 ) ) ;
#1570 = EDGE_CURVE ( 'NONE', #5077, #7660, #6461, .T. ) ;
#1571 =( LENGTH_UNIT ( ) NAMED_UNIT ( * ) SI_UNIT ( .MILLI., .METRE. ) );
#1572 = VERTEX_POINT ( 'NONE', #1908 ) ;
#1573 = ORIENTED_EDGE ( 'NONE', *, *, #337, .T. ) ;
#1574 = EDGE_LOOP ( 'NONE', ( #6206, #5268, #6765, #2834, #3584, #3441 ) ) ;
#1575 = CARTESIAN_POINT ( 'NONE',  ( -1.714999999999999900, -2.300398605410600300, 0.6749999999999831700 ) ) ;
#1576 = FILL_AREA_STYLE ('',( #2823 ) ) ;
#1577 = ORIENTED_EDGE ( 'NONE', *, *, #6825, .T. ) ;
#1578 =( NAMED_UNIT ( * ) SI_UNIT ( $, .STERADIAN. ) SOLID_ANGLE_UNIT ( ) );
#1579 = LINE ( 'NONE', #7053, #6433 ) ;
#1580 = CARTESIAN_POINT ( 'NONE',  ( -2.095000000000000200, -2.591683031135834100, 0.2349620455192325500 ) ) ;
#1581 = MECHANICAL_DESIGN_GEOMETRIC_PRESENTATION_REPRESENTATION (  '', ( #2742 ), #7424 ) ;
#1582 = VECTOR ( 'NONE', #4087, 1000.000000000000000 ) ;
#1583 = CARTESIAN_POINT ( 'NONE',  ( -0.4450000000000000600, 2.200398605410600200, 0.6749999999999531900 ) ) ;
#1584 = AXIS2_PLACEMENT_3D ( 'NONE', #2565, #5023, #5129 ) ;
#1585 = CARTESIAN_POINT ( 'NONE',  ( 2.095000000000000200, 2.300398605410600300, 0.6749999999999831700 ) ) ;
#1586 = ORIENTED_EDGE ( 'NONE', *, *, #6095, .T. ) ;
#1587 = CARTESIAN_POINT ( 'NONE',  ( 1.714999999999999900, 2.230398605410600400, 0.7703939201416775100 ) ) ;
#1588 = DIRECTION ( 'NONE',  ( 0.0000000000000000000, 1.000000000000000000, 0.0000000000000000000 ) ) ;
#1589 = ADVANCED_FACE ( 'NONE', ( #7800 ), #5621, .F. ) ;
#1590 = CARTESIAN_POINT ( 'NONE',  ( 2.095000000000000200, -2.200398605410600200, 0.9749999999999531300 ) ) ;
#1591 = SURFACE_STYLE_FILL_AREA ( #5975 ) ;
#1592 = DIRECTION ( 'NONE',  ( 0.0000000000000000000, 0.0000000000000000000, 1.000000000000000000 ) ) ;
#1593 = CARTESIAN_POINT ( 'NONE',  ( -0.4450000000000000600, 1.950000000000000000, 0.7749999999999831500 ) ) ;
#1594 = SURFACE_SIDE_STYLE ('',( #4473 ) ) ;
#1595 = MECHANICAL_DESIGN_GEOMETRIC_PRESENTATION_REPRESENTATION (  '', ( #4363 ), #4809 ) ;
#1596 = LINE ( 'NONE', #3694, #6932 ) ;
#1597 = FILL_AREA_STYLE_COLOUR ( '', #1831 ) ;
#1598 = UNCERTAINTY_MEASURE_WITH_UNIT (LENGTH_MEASURE( 1.000000000000000100E-005 ), #3256, 'distance_accuracy_value', 'NONE');
#1599 = PRESENTATION_STYLE_ASSIGNMENT (( #4239 ) ) ;
#1600 = ADVANCED_FACE ( 'NONE', ( #422 ), #2419, .T. ) ;
#1601 = PRESENTATION_STYLE_ASSIGNMENT (( #5951 ) ) ;
#1602 = STYLED_ITEM ( 'NONE', ( #1539 ), #2807 ) ;
#1603 =( NAMED_UNIT ( * ) PLANE_ANGLE_UNIT ( ) SI_UNIT ( $, .RADIAN. ) );
#1604 =( LENGTH_UNIT ( ) NAMED_UNIT ( * ) SI_UNIT ( .MILLI., .METRE. ) );
#1605 = DIRECTION ( 'NONE',  ( 0.0000000000000000000, 0.0000000000000000000, -1.000000000000000000 ) ) ;
#1606 = UNCERTAINTY_MEASURE_WITH_UNIT (LENGTH_MEASURE( 1.000000000000000100E-005 ), #6934, 'distance_accuracy_value', 'NONE');
#1607 = SURFACE_SIDE_STYLE ('',( #6032 ) ) ;
#1608 = DIRECTION ( 'NONE',  ( -1.000000000000000000, 0.0000000000000000000, 0.0000000000000000000 ) ) ;
#1610 = CARTESIAN_POINT ( 'NONE',  ( 0.8249999999999999600, 1.921891833059526500, 0.9749999999999531300 ) ) ;
#1609 = PRESENTATION_LAYER_ASSIGNMENT (  '', '', ( #7601 ) ) ;
#1611 = SURFACE_STYLE_FILL_AREA ( #44 ) ;
#1612 = CARTESIAN_POINT ( 'NONE',  ( -1.714999999999999900, 2.230398605410600400, 0.7703939201416775100 ) ) ;
#1613 = EDGE_CURVE ( 'NONE', #7556, #5733, #7225, .T. ) ;
#1614 = SURFACE_SIDE_STYLE ('',( #715 ) ) ;
#1615 = DIRECTION ( 'NONE',  ( -1.000000000000000000, -0.0000000000000000000, -0.0000000000000000000 ) ) ;
#1616 = DIRECTION ( 'NONE',  ( 0.0000000000000000000, 0.9961946980917452100, -0.08715574274766135800 ) ) ;
#1617 = EDGE_LOOP ( 'NONE', ( #3059, #2188, #7383, #858 ) ) ;
#1618 = LINE ( 'NONE', #7237, #3683 ) ;
#1619 = EDGE_CURVE ( 'NONE', #5669, #2140, #5990, .T. ) ;
#1620 = PLANE ( 'NONE',  #1353 ) ;
#1621 = PRESENTATION_STYLE_ASSIGNMENT (( #4879 ) ) ;
#1622 = STYLED_ITEM ( 'NONE', ( #4822 ), #5122 ) ;
#1623 = AXIS2_PLACEMENT_3D ( 'NONE', #5897, #5814, #5280 ) ;
#1625 = ORIENTED_EDGE ( 'NONE', *, *, #109, .T. ) ;
#1624 = ADVANCED_FACE ( 'NONE', ( #712 ), #4246, .T. ) ;
#1626 = ORIENTED_EDGE ( 'NONE', *, *, #47, .F. ) ;
#1627 = SURFACE_SIDE_STYLE ('',( #3646 ) ) ;
#1628 = CARTESIAN_POINT ( 'NONE',  ( -1.714999999999999900, -2.574251882586301200, 0.03572310590088358800 ) ) ;
#1629 =( NAMED_UNIT ( * ) SI_UNIT ( $, .STERADIAN. ) SOLID_ANGLE_UNIT ( ) );
#1630 = DIRECTION ( 'NONE',  ( 0.0000000000000000000, 0.0000000000000000000, 1.000000000000000000 ) ) ;
#1631 = UNCERTAINTY_MEASURE_WITH_UNIT (LENGTH_MEASURE( 1.000000000000000100E-005 ), #2665, 'distance_accuracy_value', 'NONE');
#1632 =( NAMED_UNIT ( * ) PLANE_ANGLE_UNIT ( ) SI_UNIT ( $, .RADIAN. ) );
#1633 = ORIENTED_EDGE ( 'NONE', *, *, #346, .T. ) ;
#1634 = PRESENTATION_STYLE_ASSIGNMENT (( #3098 ) ) ;
#1635 = LINE ( 'NONE', #487, #7726 ) ;
#1636 = AXIS2_PLACEMENT_3D ( 'NONE', #3240, #6830, #8 ) ;
#1637 = ORIENTED_EDGE ( 'NONE', *, *, #5495, .F. ) ;
#1638 = CARTESIAN_POINT ( 'NONE',  ( -0.3949999999999999600, -2.290398605410596000, 0.9611817604250529900 ) ) ;
#1639 = ADVANCED_FACE ( 'NONE', ( #416 ), #3151, .T. ) ;
#1640 = PRESENTATION_LAYER_ASSIGNMENT (  '', '', ( #6884 ) ) ;
#1641 = CYLINDRICAL_SURFACE ( 'NONE', #7999, 0.3000000000000001600 ) ;
#1642 = ORIENTED_EDGE ( 'NONE', *, *, #2944, .T. ) ;
#1643 = CARTESIAN_POINT ( 'NONE',  ( 0.8750000000000001100, -2.300398605410600300, 0.6749999999999831700 ) ) ;
#1644 = COLOUR_RGB ( '',1.000000000000000000, 1.000000000000000000, 1.000000000000000000 ) ;
#1645 = DIRECTION ( 'NONE',  ( 1.000000000000000000, 0.0000000000000000000, 0.0000000000000000000 ) ) ;
#1646 = VERTEX_POINT ( 'NONE', #6931 ) ;
#1647 = DIRECTION ( 'NONE',  ( 0.0000000000000000000, 0.0000000000000000000, 1.000000000000000000 ) ) ;
#1648 = LINE ( 'NONE', #8029, #2650 ) ;
#1649 = MECHANICAL_DESIGN_GEOMETRIC_PRESENTATION_REPRESENTATION (  '', ( #383 ), #7208 ) ;
#1650 = ORIENTED_EDGE ( 'NONE', *, *, #1993, .T. ) ;
#1651 = VECTOR ( 'NONE', #2125, 1000.000000000000000 ) ;
#1652 = DIRECTION ( 'NONE',  ( 0.0000000000000000000, -0.08715574274766137200, -0.9961946980917453200 ) ) ;
#1653 =( NAMED_UNIT ( * ) PLANE_ANGLE_UNIT ( ) SI_UNIT ( $, .RADIAN. ) );
#1654 = ORIENTED_EDGE ( 'NONE', *, *, #3624, .T. ) ;
#1655 = VECTOR ( 'NONE', #904, 1000.000000000000000 ) ;
#1656 = LINE ( 'NONE', #3166, #561 ) ;
#1657 = MANIFOLD_SOLID_BREP ( 'Lead6', #942 ) ;
#1658 = DIRECTION ( 'NONE',  ( 1.000000000000000000, 0.0000000000000000000, 0.0000000000000000000 ) ) ;
#1659 = DIRECTION ( 'NONE',  ( -0.0000000000000000000, 1.000000000000000000, -0.0000000000000000000 ) ) ;
#1660 = PRODUCT_RELATED_PRODUCT_CATEGORY ( 'part', '', ( #5891 ) ) ;
#1661 = CARTESIAN_POINT ( 'NONE',  ( 0.3949999999999999600, -2.300398605410600300, 0.6749999999999831700 ) ) ;
#1662 = VERTEX_POINT ( 'NONE', #1241 ) ;
#1663 =( NAMED_UNIT ( * ) SI_UNIT ( $, .STERADIAN. ) SOLID_ANGLE_UNIT ( ) );
#1664 = COLOUR_RGB ( '',1.000000000000000000, 1.000000000000000000, 1.000000000000000000 ) ;
#1665 = EDGE_LOOP ( 'NONE', ( #2242, #5568, #3210, #1855 ) ) ;
#1666 = MECHANICAL_DESIGN_GEOMETRIC_PRESENTATION_REPRESENTATION (  '', ( #1218 ), #61 ) ;
#1667 = ORIENTED_EDGE ( 'NONE', *, *, #1619, .F. ) ;
#1668 = FILL_AREA_STYLE ('',( #2293 ) ) ;
#1669 = LINE ( 'NONE', #8015, #7096 ) ;
#1670 = EDGE_CURVE ( 'NONE', #5829, #3731, #4532, .T. ) ;
#1671 = DIRECTION ( 'NONE',  ( 0.0000000000000000000, 0.0000000000000000000, -1.000000000000000000 ) ) ;
#1672 = VECTOR ( 'NONE', #3824, 1000.000000000000000 ) ;
#1673 = ORIENTED_EDGE ( 'NONE', *, *, #7478, .T. ) ;
#1674 = PLANE ( 'NONE',  #4850 ) ;
#1675 = EDGE_CURVE ( 'NONE', #5111, #6247, #7133, .T. ) ;
#1676 = ORIENTED_EDGE ( 'NONE', *, *, #6366, .F. ) ;
#1677 = DIRECTION ( 'NONE',  ( -1.000000000000000000, -0.0000000000000000000, -0.0000000000000000000 ) ) ;
#1678 = LINE ( 'NONE', #5973, #5970 ) ;
#1679 = AXIS2_PLACEMENT_3D ( 'NONE', #1392, #5753, #5828 ) ;
#1680 = EDGE_LOOP ( 'NONE', ( #7647, #6004, #4517, #4396 ) ) ;
#1681 = CARTESIAN_POINT ( 'NONE',  ( 2.145000000000000000, 2.500398605410600000, 0.6749999999999530800 ) ) ;
#1682 = CARTESIAN_POINT ( 'NONE',  ( -1.714999999999999900, 2.500398605410600000, 0.3345815153284070200 ) ) ;
#1683 = CARTESIAN_POINT ( 'NONE',  ( 0.3949999999999999600, -2.200398605410600200, 0.6749999999999831700 ) ) ;
#1684 = ORIENTED_EDGE ( 'NONE', *, *, #2847, .F. ) ;
#1685 = EDGE_CURVE ( 'NONE', #455, #5733, #6364, .T. ) ;
#1686 = COLOUR_RGB ( '',1.000000000000000000, 1.000000000000000000, 1.000000000000000000 ) ;
#1687 = VERTEX_POINT ( 'NONE', #4539 ) ;
#1688 =( GEOMETRIC_REPRESENTATION_CONTEXT ( 3 ) GLOBAL_UNCERTAINTY_ASSIGNED_CONTEXT ( ( #1404 ) ) GLOBAL_UNIT_ASSIGNED_CONTEXT ( ( #237, #4597, #3954 ) ) REPRESENTATION_CONTEXT ( 'NONE', 'WORKASPACE' ) );
#1689 = VECTOR ( 'NONE', #5801, 1000.000000000000000 ) ;
#1690 = ADVANCED_FACE ( 'NONE', ( #2211 ), #5238, .F. ) ;
#1691 = DIRECTION ( 'NONE',  ( 0.0000000000000000000, 0.08715574274766262100, -0.9961946980917451000 ) ) ;
#1692 = CARTESIAN_POINT ( 'NONE',  ( 0.4449999999999998400, -2.300398605410600300, 0.3345815153284068500 ) ) ;
#1693 =( NAMED_UNIT ( * ) PLANE_ANGLE_UNIT ( ) SI_UNIT ( $, .RADIAN. ) );
#1694 = ORIENTED_EDGE ( 'NONE', *, *, #2389, .T. ) ;
#1695 = VECTOR ( 'NONE', #3330, 1000.000000000000000 ) ;
#1696 = DIRECTION ( 'NONE',  ( -1.000000000000000000, -0.0000000000000000000, -0.0000000000000000000 ) ) ;
#1697 = MECHANICAL_DESIGN_GEOMETRIC_PRESENTATION_REPRESENTATION (  '', ( #2654 ), #1848 ) ;
#1698 = CIRCLE ( 'NONE', #6303, 0.09999999999999993600 ) ;
#1699 = PLANE ( 'NONE',  #4773 ) ;
#1700 = AXIS2_PLACEMENT_3D ( 'NONE', #4695, #5989, #1537 ) ;
#1701 = DIRECTION ( 'NONE',  ( -1.000000000000000000, 0.0000000000000000000, -0.0000000000000000000 ) ) ;
#1702 = DIRECTION ( 'NONE',  ( 0.0000000000000000000, 0.0000000000000000000, 1.000000000000000000 ) ) ;
#1703 = PRESENTATION_STYLE_ASSIGNMENT (( #310 ) ) ;
#1704 =( NAMED_UNIT ( * ) SI_UNIT ( $, .STERADIAN. ) SOLID_ANGLE_UNIT ( ) );
#1705 = AXIS2_PLACEMENT_3D ( 'NONE', #3835, #5674, #3259 ) ;
#1706 =( NAMED_UNIT ( * ) SI_UNIT ( $, .STERADIAN. ) SOLID_ANGLE_UNIT ( ) );
#1707 = CARTESIAN_POINT ( 'NONE',  ( -0.8250000000000001800, -2.230398605410600400, 0.7703939201416775100 ) ) ;
#1708 = VECTOR ( 'NONE', #3780, 1000.000000000000000 ) ;
#1709 = DIRECTION ( 'NONE',  ( 1.000000000000000000, 0.0000000000000000000, 0.0000000000000000000 ) ) ;
#1710 = FACE_OUTER_BOUND ( 'NONE', #6210, .T. ) ;
#1711 = SURFACE_STYLE_USAGE ( .BOTH. , #2961 ) ;
#1712 = PLANE ( 'NONE',  #5303 ) ;
#1713 = AXIS2_PLACEMENT_3D ( 'NONE', #6801, #2602, #4402 ) ;
#1714 = DIRECTION ( 'NONE',  ( -1.000000000000000000, -0.0000000000000000000, -0.0000000000000000000 ) ) ;
#1715 = SURFACE_STYLE_FILL_AREA ( #6026 ) ;
#1716 = EDGE_CURVE ( 'NONE', #1397, #1820, #2985, .T. ) ;
#1717 = DIRECTION ( 'NONE',  ( -1.000000000000000000, -0.0000000000000000000, -0.0000000000000000000 ) ) ;
#1718 = CARTESIAN_POINT ( 'NONE',  ( -0.4450000000000000600, 2.500398605410600000, 0.3345815153284070200 ) ) ;
#1719 = CLOSED_SHELL ( 'NONE', ( #3239, #3957, #2011, #355, #4961, #6168, #242, #7075, #7657, #7288, #2226, #1126, #7669, #7807, #7543, #4086, #2239, #5795, #6541, #6954, #6525, #7035 ) ) ;
#1720 = SURFACE_SIDE_STYLE ('',( #3836 ) ) ;
#1721 = VECTOR ( 'NONE', #7555, 1000.000000000000200 ) ;
#1722 = DIRECTION ( 'NONE',  ( 0.0000000000000000000, -0.1391731009600621100, 0.9902680687415708100 ) ) ;
#1723 = LINE ( 'NONE', #307, #6581 ) ;
#1724 = STYLED_ITEM ( 'NONE', ( #1995 ), #4105 ) ;
#1725 = ADVANCED_FACE ( 'NONE', ( #5693 ), #835, .F. ) ;
#1726 = CARTESIAN_POINT ( 'NONE',  ( -1.714999999999999900, 2.300398605410600300, 0.3345815153284068500 ) ) ;
#1727 = EDGE_CURVE ( 'NONE', #586, #3717, #6559, .T. ) ;
#1728 = ORIENTED_EDGE ( 'NONE', *, *, #3763, .T. ) ;
#1729 = FACE_OUTER_BOUND ( 'NONE', #1680, .T. ) ;
#1730 = DIRECTION ( 'NONE',  ( 1.000000000000000000, 0.0000000000000000000, 0.0000000000000000000 ) ) ;
#1731 = MECHANICAL_DESIGN_GEOMETRIC_PRESENTATION_REPRESENTATION (  '', ( #2688 ), #7667 ) ;
#1732 = DIRECTION ( 'NONE',  ( -1.000000000000000000, 0.0000000000000000000, -0.0000000000000000000 ) ) ;
#1733 = SURFACE_SIDE_STYLE ('',( #3684 ) ) ;
#1734 = CARTESIAN_POINT ( 'NONE',  ( 2.095000000000000200, 1.950000000000000000, 0.7749999999999831500 ) ) ;
#1735 = VECTOR ( 'NONE', #1360, 1000.000000000000100 ) ;
#1736 = ORIENTED_EDGE ( 'NONE', *, *, #675, .F. ) ;
#1737 = SURFACE_STYLE_USAGE ( .BOTH. , #584 ) ;
#1738 = LINE ( 'NONE', #3761, #454 ) ;
#1739 =( NAMED_UNIT ( * ) PLANE_ANGLE_UNIT ( ) SI_UNIT ( $, .RADIAN. ) );
#1740 = ORIENTED_EDGE ( 'NONE', *, *, #5396, .T. ) ;
#1741 = VECTOR ( 'NONE', #4687, 1000.000000000000000 ) ;
#1742 = AXIS2_PLACEMENT_3D ( 'NONE', #7241, #2315, #4785 ) ;
#1743 = SURFACE_SIDE_STYLE ('',( #7108 ) ) ;
#1744 = CARTESIAN_POINT ( 'NONE',  ( 0.4449999999999998400, -2.600398605410600100, 0.3345815153284070800 ) ) ;
#1745 = AXIS2_PLACEMENT_3D ( 'NONE', #1327, #4496, #743 ) ;
#1746 = DIRECTION ( 'NONE',  ( 0.0000000000000000000, -1.000000000000000000, -1.501620008892423100E-013 ) ) ;
#1747 = ORIENTED_EDGE ( 'NONE', *, *, #2105, .F. ) ;
#1748 = ORIENTED_EDGE ( 'NONE', *, *, #2060, .F. ) ;
#1749 = DIRECTION ( 'NONE',  ( -1.000000000000000000, 0.0000000000000000000, 0.0000000000000000000 ) ) ;
#1750 = VERTEX_POINT ( 'NONE', #104 ) ;
#1751 = SURFACE_STYLE_USAGE ( .BOTH. , #5493 ) ;
#1752 = PLANE ( 'NONE',  #1904 ) ;
#1753 = DIRECTION ( 'NONE',  ( -1.000000000000000000, 0.0000000000000000000, -0.0000000000000000000 ) ) ;
#1754 = STYLED_ITEM ( 'NONE', ( #624 ), #1447 ) ;
#1755 = CYLINDRICAL_SURFACE ( 'NONE', #6264, 0.09999999999999993600 ) ;
#1756 = ORIENTED_EDGE ( 'NONE', *, *, #1497, .F. ) ;
#1757 = ORIENTED_EDGE ( 'NONE', *, *, #1189, .F. ) ;
#1758 = AXIS2_PLACEMENT_3D ( 'NONE', #2258, #4174, #4842 ) ;
#1759 = CARTESIAN_POINT ( 'NONE',  ( 0.8249999999999999600, -2.591683031135834100, 0.2349620455192326700 ) ) ;
#1760 = PRESENTATION_STYLE_ASSIGNMENT (( #6556 ) ) ;
#1761 = ORIENTED_EDGE ( 'NONE', *, *, #2580, .F. ) ;
#1762 = ORIENTED_EDGE ( 'NONE', *, *, #6305, .F. ) ;
#1763 = COLOUR_RGB ( '',1.000000000000000000, 1.000000000000000000, 1.000000000000000000 ) ;
#1764 = ORIENTED_EDGE ( 'NONE', *, *, #5501, .T. ) ;
#1765 = EDGE_CURVE ( 'NONE', #1885, #5379, #7672, .T. ) ;
#1766 = VERTEX_POINT ( 'NONE', #1460 ) ;
#1767 = MECHANICAL_DESIGN_GEOMETRIC_PRESENTATION_REPRESENTATION (  '', ( #3551 ), #7976 ) ;
#1768 = CARTESIAN_POINT ( 'NONE',  ( -1.714999999999999900, -1.921891833059526500, 0.9749999999999531300 ) ) ;
#1769 = ORIENTED_EDGE ( 'NONE', *, *, #3251, .F. ) ;
#1770 = CARTESIAN_POINT ( 'NONE',  ( -1.714999999999999900, -2.300398605410600300, 0.6749999999999831700 ) ) ;
#1771 = CARTESIAN_POINT ( 'NONE',  ( -1.714999999999999900, -2.591683031135834100, 0.2349620455192325500 ) ) ;
#1772 = CARTESIAN_POINT ( 'NONE',  ( -1.714999999999999900, 1.950000000000000000, 0.7749999999999831500 ) ) ;
#1773 = VECTOR ( 'NONE', #3496, 1000.000000000000000 ) ;
#1774 = EDGE_LOOP ( 'NONE', ( #5528, #2658, #1650, #2587 ) ) ;
#1775 = MECHANICAL_DESIGN_GEOMETRIC_PRESENTATION_REPRESENTATION (  '', ( #5834 ), #7557 ) ;
#1776 = FILL_AREA_STYLE_COLOUR ( '', #1163 ) ;
#1777 = ORIENTED_EDGE ( 'NONE', *, *, #2046, .T. ) ;
#1778 = EDGE_CURVE ( 'NONE', #5086, #3248, #3163, .T. ) ;
#1779 = SURFACE_STYLE_USAGE ( .BOTH. , #6691 ) ;
#1780 = ORIENTED_EDGE ( 'NONE', *, *, #6003, .F. ) ;
#1781 =( LENGTH_UNIT ( ) NAMED_UNIT ( * ) SI_UNIT ( .MILLI., .METRE. ) );
#1782 = VECTOR ( 'NONE', #4674, 1000.000000000000000 ) ;
#1783 = EDGE_CURVE ( 'NONE', #2127, #4267, #1478, .T. ) ;
#1784 = VECTOR ( 'NONE', #4642, 1000.000000000000000 ) ;
#1785 = EDGE_CURVE ( 'NONE', #6048, #2024, #6930, .T. ) ;
#1786 = ORIENTED_EDGE ( 'NONE', *, *, #3852, .F. ) ;
#1787 = SURFACE_SIDE_STYLE ('',( #1797 ) ) ;
#1788 = UNCERTAINTY_MEASURE_WITH_UNIT (LENGTH_MEASURE( 1.000000000000000100E-005 ), #4913, 'distance_accuracy_value', 'NONE');
#1789 = AXIS2_PLACEMENT_3D ( 'NONE', #5529, #589, #1195 ) ;
#1790 =( LENGTH_UNIT ( ) NAMED_UNIT ( * ) SI_UNIT ( .MILLI., .METRE. ) );
#1791 = EDGE_CURVE ( 'NONE', #45, #3334, #6165, .T. ) ;
#1792 = SURFACE_STYLE_USAGE ( .BOTH. , #2448 ) ;
#1793 =( GEOMETRIC_REPRESENTATION_CONTEXT ( 3 ) GLOBAL_UNCERTAINTY_ASSIGNED_CONTEXT ( ( #3976 ) ) GLOBAL_UNIT_ASSIGNED_CONTEXT ( ( #2803, #1484, #207 ) ) REPRESENTATION_CONTEXT ( 'NONE', 'WORKASPACE' ) );
#1794 = SURFACE_STYLE_USAGE ( .BOTH. , #7874 ) ;
#1795 = FACE_OUTER_BOUND ( 'NONE', #1310, .T. ) ;
#1796 = FACE_OUTER_BOUND ( 'NONE', #2845, .T. ) ;
#1797 = SURFACE_STYLE_FILL_AREA ( #7993 ) ;
#1798 = FILL_AREA_STYLE_COLOUR ( '', #4492 ) ;
#1799 = CARTESIAN_POINT ( 'NONE',  ( 0.8249999999999999600, -2.200398605410600200, 0.7749999999999831500 ) ) ;
#1800 = CARTESIAN_POINT ( 'NONE',  ( -1.664999999999999800, -2.300398605410600300, 0.6749999999999831700 ) ) ;
#1801 = SURFACE_STYLE_FILL_AREA ( #6590 ) ;
#1802 = CARTESIAN_POINT ( 'NONE',  ( 2.095000000000000200, -2.200398605410600200, 0.6749999999999531900 ) ) ;
#1803 = PRESENTATION_LAYER_ASSIGNMENT (  '', '', ( #1064 ) ) ;
#1804 = VECTOR ( 'NONE', #2244, 1000.000000000000000 ) ;
#1805 = FILL_AREA_STYLE ('',( #5974 ) ) ;
#1806 = UNCERTAINTY_MEASURE_WITH_UNIT (LENGTH_MEASURE( 1.000000000000000100E-005 ), #3277, 'distance_accuracy_value', 'NONE');
#1807 = VECTOR ( 'NONE', #7483, 1000.000000000000000 ) ;
#1808 = DIRECTION ( 'NONE',  ( 0.0000000000000000000, -0.3000000000000002700, -0.9539392014169455500 ) ) ;
#1809 = UNCERTAINTY_MEASURE_WITH_UNIT (LENGTH_MEASURE( 1.000000000000000100E-005 ), #6596, 'distance_accuracy_value', 'NONE');
#1810 = DIRECTION ( 'NONE',  ( -1.000000000000000000, -0.0000000000000000000, -0.0000000000000000000 ) ) ;
#1811 = SURFACE_STYLE_FILL_AREA ( #7110 ) ;
#1812 = STYLED_ITEM ( 'NONE', ( #287 ), #2095 ) ;
#1813 = PLANE ( 'NONE',  #5499 ) ;
#1814 = CARTESIAN_POINT ( 'NONE',  ( 0.8249999999999999600, 2.500398605410600000, 0.3345815153284070200 ) ) ;
#1815 = CARTESIAN_POINT ( 'NONE',  ( -0.4450000000000000600, 2.300398605410600300, 0.3345815153284068500 ) ) ;
#1816 = FACE_OUTER_BOUND ( 'NONE', #1877, .T. ) ;
#1817 = AXIS2_PLACEMENT_3D ( 'NONE', #2059, #7007, #2618 ) ;
#1818 = PLANE ( 'NONE',  #4788 ) ;
#1819 =( GEOMETRIC_REPRESENTATION_CONTEXT ( 3 ) GLOBAL_UNCERTAINTY_ASSIGNED_CONTEXT ( ( #6050 ) ) GLOBAL_UNIT_ASSIGNED_CONTEXT ( ( #1790, #3002, #7995 ) ) REPRESENTATION_CONTEXT ( 'NONE', 'WORKASPACE' ) );
#1820 = VERTEX_POINT ( 'NONE', #3332 ) ;
#1821 = DIRECTION ( 'NONE',  ( 0.0000000000000000000, -1.000000000000000000, 0.0000000000000000000 ) ) ;
#1822 = VECTOR ( 'NONE', #2717, 1000.000000000000000 ) ;
#1823 = EDGE_CURVE ( 'NONE', #4225, #4307, #1998, .T. ) ;
#1824 = DIRECTION ( 'NONE',  ( 1.000000000000000000, -0.0000000000000000000, -0.0000000000000000000 ) ) ;
#1825 = FACE_OUTER_BOUND ( 'NONE', #7162, .T. ) ;
#1826 = CARTESIAN_POINT ( 'NONE',  ( -2.450000000000000200, -1.950000000000000000, 0.7749999999999805900 ) ) ;
#1827 = EDGE_CURVE ( 'NONE', #2393, #6402, #7885, .T. ) ;
#1828 = DIRECTION ( 'NONE',  ( 1.000000000000000000, 0.0000000000000000000, 0.0000000000000000000 ) ) ;
#1829 = VERTEX_POINT ( 'NONE', #3449 ) ;
#1830 = DIRECTION ( 'NONE',  ( -0.0000000000000000000, 0.0000000000000000000, -1.000000000000000000 ) ) ;
#1831 = COLOUR_RGB ( '',1.000000000000000000, 1.000000000000000000, 1.000000000000000000 ) ;
#1832 = AXIS2_PLACEMENT_3D ( 'NONE', #5778, #3953, #186 ) ;
#1833 = CARTESIAN_POINT ( 'NONE',  ( -0.8250000000000001800, -1.950000000000000000, 0.7749999999999831500 ) ) ;
#1834 = EDGE_CURVE ( 'NONE', #6259, #4699, #7979, .T. ) ;
#1835 = ORIENTED_EDGE ( 'NONE', *, *, #2950, .T. ) ;
#1836 = CIRCLE ( 'NONE', #4894, 0.2999999999999999300 ) ;
#1837 = DIRECTION ( 'NONE',  ( -1.000000000000000000, 0.0000000000000000000, 0.0000000000000000000 ) ) ;
#1838 =( GEOMETRIC_REPRESENTATION_CONTEXT ( 3 ) GLOBAL_UNCERTAINTY_ASSIGNED_CONTEXT ( ( #303 ) ) GLOBAL_UNIT_ASSIGNED_CONTEXT ( ( #7486, #2657, #3814 ) ) REPRESENTATION_CONTEXT ( 'NONE', 'WORKASPACE' ) );
#1839 = LINE ( 'NONE', #6150, #6781 ) ;
#1840 = CARTESIAN_POINT ( 'NONE',  ( 0.8249999999999999600, -2.200398605410600200, 0.6749999999999531900 ) ) ;
#1841 = DIRECTION ( 'NONE',  ( -1.000000000000000000, 0.0000000000000000000, 0.0000000000000000000 ) ) ;
#1842 = EDGE_LOOP ( 'NONE', ( #868, #5176, #6895, #7820 ) ) ;
#1843 = CARTESIAN_POINT ( 'NONE',  ( 0.4449999999999998400, -2.300398605410600300, 0.6749999999999831700 ) ) ;
#1844 = EDGE_LOOP ( 'NONE', ( #7090, #6979, #1756, #4606 ) ) ;
#1845 = SURFACE_STYLE_FILL_AREA ( #4537 ) ;
#1846 = ORIENTED_EDGE ( 'NONE', *, *, #5080, .T. ) ;
#1847 = VECTOR ( 'NONE', #2747, 1000.000000000000000 ) ;
#1848 =( GEOMETRIC_REPRESENTATION_CONTEXT ( 3 ) GLOBAL_UNCERTAINTY_ASSIGNED_CONTEXT ( ( #2071 ) ) GLOBAL_UNIT_ASSIGNED_CONTEXT ( ( #2790, #7691, #971 ) ) REPRESENTATION_CONTEXT ( 'NONE', 'WORKASPACE' ) );
#1849 = EDGE_LOOP ( 'NONE', ( #6987, #4377, #6716, #1053, #5749, #3036 ) ) ;
#1850 = LINE ( 'NONE', #1771, #5372 ) ;
#1851 = CARTESIAN_POINT ( 'NONE',  ( -2.095000000000000200, -2.300398605410600300, 0.3345815153284068500 ) ) ;
#1852 = FILL_AREA_STYLE_COLOUR ( '', #7542 ) ;
#1853 = AXIS2_PLACEMENT_3D ( 'NONE', #4037, #261, #4142 ) ;
#1854 = VERTEX_POINT ( 'NONE', #7055 ) ;
#1855 = ORIENTED_EDGE ( 'NONE', *, *, #7331, .T. ) ;
#1856 = FILL_AREA_STYLE_COLOUR ( '', #4287 ) ;
#1857 = LINE ( 'NONE', #3121, #661 ) ;
#1858 = VERTEX_POINT ( 'NONE', #2297 ) ;
#1859 = VECTOR ( 'NONE', #3357, 1000.000000000000000 ) ;
#1860 = SURFACE_STYLE_FILL_AREA ( #3084 ) ;
#1861 = ORIENTED_EDGE ( 'NONE', *, *, #2533, .F. ) ;
#1862 = CARTESIAN_POINT ( 'NONE',  ( 0.8249999999999999600, 2.200398605410600200, 0.6749999999999831700 ) ) ;
#1863 = DIRECTION ( 'NONE',  ( 0.0000000000000000000, 0.0000000000000000000, 1.000000000000000000 ) ) ;
#1864 = PRESENTATION_LAYER_ASSIGNMENT (  '', '', ( #1410 ) ) ;
#1865 = EDGE_LOOP ( 'NONE', ( #4977, #6518, #6585, #1081 ) ) ;
#1866 = EDGE_LOOP ( 'NONE', ( #5572, #4381, #7382, #3861 ) ) ;
#1867 = AXIS2_PLACEMENT_3D ( 'NONE', #4974, #6842, #4397 ) ;
#1868 =( NAMED_UNIT ( * ) PLANE_ANGLE_UNIT ( ) SI_UNIT ( $, .RADIAN. ) );
#1869 = ORIENTED_EDGE ( 'NONE', *, *, #6611, .T. ) ;
#1870 =( NAMED_UNIT ( * ) PLANE_ANGLE_UNIT ( ) SI_UNIT ( $, .RADIAN. ) );
#1871 = FACE_OUTER_BOUND ( 'NONE', #264, .T. ) ;
#1872 = CARTESIAN_POINT ( 'NONE',  ( -2.095000000000000200, -2.500398605410600000, 0.3345815153284070200 ) ) ;
#1873 = DIRECTION ( 'NONE',  ( 0.0000000000000000000, 0.0000000000000000000, -1.000000000000000000 ) ) ;
#1874 = ORIENTED_EDGE ( 'NONE', *, *, #3168, .T. ) ;
#1875 = EDGE_LOOP ( 'NONE', ( #639, #7255, #2339, #3904 ) ) ;
#1876 = AXIS2_PLACEMENT_3D ( 'NONE', #4783, #2884, #4753 ) ;
#1877 = EDGE_LOOP ( 'NONE', ( #7084, #5287, #7060, #1062, #3996, #2398, #4911, #6597 ) ) ;
#1878 = CARTESIAN_POINT ( 'NONE',  ( -0.8250000000000001800, 1.921891833059526500, 0.9749999999999531300 ) ) ;
#1879 = CARTESIAN_POINT ( 'NONE',  ( -0.4450000000000000600, -2.500398605410600000, 0.6749999999999530800 ) ) ;
#1880 = ORIENTED_EDGE ( 'NONE', *, *, #2144, .T. ) ;
#1881 = LINE ( 'NONE', #476, #5101 ) ;
#1882 =( NAMED_UNIT ( * ) PLANE_ANGLE_UNIT ( ) SI_UNIT ( $, .RADIAN. ) );
#1883 = CARTESIAN_POINT ( 'NONE',  ( 1.665000000000000000, 2.290398605410596000, 0.9611817604250529900 ) ) ;
#1884 = EDGE_CURVE ( 'NONE', #3146, #288, #7576, .T. ) ;
#1885 = VERTEX_POINT ( 'NONE', #7707 ) ;
#1886 =( GEOMETRIC_REPRESENTATION_CONTEXT ( 3 ) GLOBAL_UNCERTAINTY_ASSIGNED_CONTEXT ( ( #4866 ) ) GLOBAL_UNIT_ASSIGNED_CONTEXT ( ( #2274, #2895, #3510 ) ) REPRESENTATION_CONTEXT ( 'NONE', 'WORKASPACE' ) );
#1887 =( NAMED_UNIT ( * ) SI_UNIT ( $, .STERADIAN. ) SOLID_ANGLE_UNIT ( ) );
#1888 = EDGE_CURVE ( 'NONE', #6341, #1854, #1098, .T. ) ;
#1889 = SURFACE_STYLE_USAGE ( .BOTH. , #7347 ) ;
#1890 = VECTOR ( 'NONE', #4153, 1000.000000000000000 ) ;
#1891 = LINE ( 'NONE', #801, #3346 ) ;
#1892 = PRESENTATION_STYLE_ASSIGNMENT (( #5091 ) ) ;
#1893 = CARTESIAN_POINT ( 'NONE',  ( -0.4450000000000000600, -1.950000000000000000, 0.7749999999999831500 ) ) ;
#1894 = EDGE_CURVE ( 'NONE', #4468, #3323, #3560, .T. ) ;
#1895 = DIRECTION ( 'NONE',  ( -1.000000000000000000, -0.0000000000000000000, -0.0000000000000000000 ) ) ;
#1896 = SURFACE_SIDE_STYLE ('',( #4632 ) ) ;
#1897 = PRESENTATION_LAYER_ASSIGNMENT (  '', '', ( #1336 ) ) ;
#1898 = DIRECTION ( 'NONE',  ( -0.0000000000000000000, 0.3000000000000002700, -0.9539392014169455500 ) ) ;
#1899 = VECTOR ( 'NONE', #6535, 1000.000000000000000 ) ;
#1900 = STYLED_ITEM ( 'NONE', ( #3102 ), #490 ) ;
#1901 = EDGE_CURVE ( 'NONE', #7563, #5541, #908, .T. ) ;
#1902 = SURFACE_STYLE_FILL_AREA ( #6623 ) ;
#1903 = PLANE ( 'NONE',  #2074 ) ;
#1904 = AXIS2_PLACEMENT_3D ( 'NONE', #2458, #2994, #3083 ) ;
#1905 = CARTESIAN_POINT ( 'NONE',  ( -1.714999999999999900, -2.200398605410600200, 0.9749999999999531300 ) ) ;
#1906 = DIRECTION ( 'NONE',  ( 1.000000000000000000, 0.0000000000000000000, -0.0000000000000000000 ) ) ;
#1907 = SURFACE_SIDE_STYLE ('',( #5359 ) ) ;
#1908 = CARTESIAN_POINT ( 'NONE',  ( 0.8249999999999999600, 2.300398605410600300, 0.6749999999999831700 ) ) ;
#1909 = VECTOR ( 'NONE', #6383, 1000.000000000000000 ) ;
#1910 = PRESENTATION_LAYER_ASSIGNMENT (  '', '', ( #4995 ) ) ;
#1911 = CARTESIAN_POINT ( 'NONE',  ( 1.714999999999999900, -3.000000000000000000, 0.1992389396183490100 ) ) ;
#1912 =( LENGTH_UNIT ( ) NAMED_UNIT ( * ) SI_UNIT ( .MILLI., .METRE. ) );
#1913 = UNCERTAINTY_MEASURE_WITH_UNIT (LENGTH_MEASURE( 1.000000000000000100E-005 ), #5613, 'distance_accuracy_value', 'NONE');
#1914 = DIRECTION ( 'NONE',  ( 0.0000000000000000000, 0.08715574274766262100, 0.9961946980917451000 ) ) ;
#1915 =( GEOMETRIC_REPRESENTATION_CONTEXT ( 3 ) GLOBAL_UNCERTAINTY_ASSIGNED_CONTEXT ( ( #2235 ) ) GLOBAL_UNIT_ASSIGNED_CONTEXT ( ( #2696, #7058, #7016 ) ) REPRESENTATION_CONTEXT ( 'NONE', 'WORKASPACE' ) );
#1916 = SURFACE_STYLE_FILL_AREA ( #4456 ) ;
#1917 =( LENGTH_UNIT ( ) NAMED_UNIT ( * ) SI_UNIT ( .MILLI., .METRE. ) );
#1918 = LINE ( 'NONE', #5856, #4439 ) ;
#1919 = CARTESIAN_POINT ( 'NONE',  ( 2.335675499178564900, 1.835675499178564700, 0.1750000000000000400 ) ) ;
#1920 = VERTEX_POINT ( 'NONE', #331 ) ;
#1921 = AXIS2_PLACEMENT_3D ( 'NONE', #3745, #6152, #8041 ) ;
#1922 = DIRECTION ( 'NONE',  ( 0.0000000000000000000, 1.000000000000000000, 0.0000000000000000000 ) ) ;
#1923 = VECTOR ( 'NONE', #2008, 1000.000000000000000 ) ;
#1924 = SURFACE_SIDE_STYLE ('',( #7358 ) ) ;
#1925 =( NAMED_UNIT ( * ) PLANE_ANGLE_UNIT ( ) SI_UNIT ( $, .RADIAN. ) );
#1926 = ORIENTED_EDGE ( 'NONE', *, *, #7572, .F. ) ;
#1927 = CARTESIAN_POINT ( 'NONE',  ( 2.095000000000000200, 2.200398605410600200, 0.9749999999999531300 ) ) ;
#1928 = SURFACE_STYLE_FILL_AREA ( #7566 ) ;
#1929 = FILL_AREA_STYLE_COLOUR ( '', #2019 ) ;
#1930 = VECTOR ( 'NONE', #2758, 1000.000000000000000 ) ;
#1931 =( GEOMETRIC_REPRESENTATION_CONTEXT ( 3 ) GLOBAL_UNCERTAINTY_ASSIGNED_CONTEXT ( ( #3512 ) ) GLOBAL_UNIT_ASSIGNED_CONTEXT ( ( #5870, #2722, #7632 ) ) REPRESENTATION_CONTEXT ( 'NONE', 'WORKASPACE' ) );
#1932 = DIRECTION ( 'NONE',  ( -1.000000000000000000, -0.0000000000000000000, -0.0000000000000000000 ) ) ;
#1933 = FACE_OUTER_BOUND ( 'NONE', #3719, .T. ) ;
#1934 = UNCERTAINTY_MEASURE_WITH_UNIT (LENGTH_MEASURE( 1.000000000000000100E-005 ), #6844, 'distance_accuracy_value', 'NONE');
#1935 = EDGE_CURVE ( 'NONE', #6243, #6147, #4237, .T. ) ;
#1936 = ORIENTED_EDGE ( 'NONE', *, *, #216, .T. ) ;
#1937 = FACE_OUTER_BOUND ( 'NONE', #2721, .T. ) ;
#1938 = CYLINDRICAL_SURFACE ( 'NONE', #1745, 0.09999999999999993600 ) ;
#1939 = VERTEX_POINT ( 'NONE', #7805 ) ;
#1940 = SURFACE_SIDE_STYLE ('',( #1414 ) ) ;
#1941 = COLOUR_RGB ( '',1.000000000000000000, 1.000000000000000000, 1.000000000000000000 ) ;
#1942 =( NAMED_UNIT ( * ) PLANE_ANGLE_UNIT ( ) SI_UNIT ( $, .RADIAN. ) );
#1943 = SURFACE_STYLE_USAGE ( .BOTH. , #7516 ) ;
#1944 = EDGE_CURVE ( 'NONE', #4267, #5756, #6745, .T. ) ;
#1945 = SURFACE_SIDE_STYLE ('',( #3722 ) ) ;
#1946 = ORIENTED_EDGE ( 'NONE', *, *, #405, .T. ) ;
#1947 = EDGE_LOOP ( 'NONE', ( #8037, #7764, #6350, #2764, #3448, #6874, #4348, #2296 ) ) ;
#1948 = EDGE_CURVE ( 'NONE', #5397, #4697, #195, .T. ) ;
#1949 = SURFACE_SIDE_STYLE ('',( #702 ) ) ;
#1950 = LINE ( 'NONE', #6816, #3992 ) ;
#1951 = CIRCLE ( 'NONE', #781, 0.09999999999999982500 ) ;
#1952 = STYLED_ITEM ( 'NONE', ( #6977 ), #5718 ) ;
#1953 = EDGE_CURVE ( 'NONE', #6524, #5103, #6664, .T. ) ;
#1954 = VECTOR ( 'NONE', #4270, 1000.000000000000000 ) ;
#1955 = DIRECTION ( 'NONE',  ( 0.0000000000000000000, 0.0000000000000000000, 1.000000000000000000 ) ) ;
#1956 = ORIENTED_EDGE ( 'NONE', *, *, #6968, .F. ) ;
#1957 = DIRECTION ( 'NONE',  ( 0.0000000000000000000, 1.000000000000000000, -1.501620008892423100E-013 ) ) ;
#1958 = LINE ( 'NONE', #6978, #4798 ) ;
#1959 = VERTEX_POINT ( 'NONE', #4019 ) ;
#1960 = LINE ( 'NONE', #7189, #668 ) ;
#1961 = FILL_AREA_STYLE_COLOUR ( '', #625 ) ;
#1962 = ORIENTED_EDGE ( 'NONE', *, *, #3193, .F. ) ;
#1963 = FACE_OUTER_BOUND ( 'NONE', #3133, .T. ) ;
#1964 = ORIENTED_EDGE ( 'NONE', *, *, #4068, .F. ) ;
#1965 =( GEOMETRIC_REPRESENTATION_CONTEXT ( 3 ) GLOBAL_UNCERTAINTY_ASSIGNED_CONTEXT ( ( #839 ) ) GLOBAL_UNIT_ASSIGNED_CONTEXT ( ( #3600, #7490, #2374 ) ) REPRESENTATION_CONTEXT ( 'NONE', 'WORKASPACE' ) );
#1966 = UNCERTAINTY_MEASURE_WITH_UNIT (LENGTH_MEASURE( 1.000000000000000100E-005 ), #3091, 'distance_accuracy_value', 'NONE');
#1967 = LINE ( 'NONE', #2245, #7945 ) ;
#1968 = ORIENTED_EDGE ( 'NONE', *, *, #3658, .F. ) ;
#1969 = ORIENTED_EDGE ( 'NONE', *, *, #5488, .T. ) ;
#1970 =( GEOMETRIC_REPRESENTATION_CONTEXT ( 3 ) GLOBAL_UNCERTAINTY_ASSIGNED_CONTEXT ( ( #671 ) ) GLOBAL_UNIT_ASSIGNED_CONTEXT ( ( #2250, #3462, #2309 ) ) REPRESENTATION_CONTEXT ( 'NONE', 'WORKASPACE' ) );
#1971 = FACE_OUTER_BOUND ( 'NONE', #2559, .T. ) ;
#1972 = ORIENTED_EDGE ( 'NONE', *, *, #3053, .T. ) ;
#1973 = DIRECTION ( 'NONE',  ( 0.0000000000000000000, -0.9539392014169455500, -0.3000000000000002700 ) ) ;
#1974 = DIRECTION ( 'NONE',  ( 0.0000000000000000000, 0.0000000000000000000, -1.000000000000000000 ) ) ;
#1975 = SURFACE_STYLE_FILL_AREA ( #4546 ) ;
#1976 = ORIENTED_EDGE ( 'NONE', *, *, #3082, .T. ) ;
#1977 = ADVANCED_FACE ( 'NONE', ( #1795 ), #5327, .T. ) ;
#1978 = SURFACE_SIDE_STYLE ('',( #5657 ) ) ;
#1979 = UNCERTAINTY_MEASURE_WITH_UNIT (LENGTH_MEASURE( 1.000000000000000100E-005 ), #6905, 'distance_accuracy_value', 'NONE');
#1980 = STYLED_ITEM ( 'NONE', ( #1342 ), #2287 ) ;
#1981 = CARTESIAN_POINT ( 'NONE',  ( 0.8249999999999999600, -2.200398605410600200, 0.9749999999999531300 ) ) ;
#1982 = EDGE_LOOP ( 'NONE', ( #687, #7286, #481, #3421 ) ) ;
#1983 = DIRECTION ( 'NONE',  ( 0.0000000000000000000, 0.9961946980917452100, 0.08715574274766146900 ) ) ;
#1984 = COLOUR_RGB ( '',1.000000000000000000, 1.000000000000000000, 1.000000000000000000 ) ;
#1985 = ORIENTED_EDGE ( 'NONE', *, *, #3348, .F. ) ;
#1986 = ORIENTED_EDGE ( 'NONE', *, *, #7955, .T. ) ;
#1987 = FILL_AREA_STYLE ('',( #1312 ) ) ;
#1988 =( LENGTH_UNIT ( ) NAMED_UNIT ( * ) SI_UNIT ( .MILLI., .METRE. ) );
#1989 = CARTESIAN_POINT ( 'NONE',  ( -0.3949999999999999600, 2.300398605410600300, 0.6749999999999831700 ) ) ;
#1990 = AXIS2_PLACEMENT_3D ( 'NONE', #6105, #3697, #5575 ) ;
#1991 = DIRECTION ( 'NONE',  ( 0.0000000000000000000, 0.0000000000000000000, -1.000000000000000000 ) ) ;
#1992 = CARTESIAN_POINT ( 'NONE',  ( -0.8250000000000001800, -3.000000000000000000, 0.1992389396183490100 ) ) ;
#1993 = EDGE_CURVE ( 'NONE', #690, #1068, #3648, .T. ) ;
#1994 = EDGE_LOOP ( 'NONE', ( #1168, #2247, #6326, #5562, #894, #6307, #4550, #7269, #474, #3049 ) ) ;
#1995 = PRESENTATION_STYLE_ASSIGNMENT (( #3 ) ) ;
#1996 =( NAMED_UNIT ( * ) PLANE_ANGLE_UNIT ( ) SI_UNIT ( $, .RADIAN. ) );
#1997 = EDGE_CURVE ( 'NONE', #3216, #7015, #3553, .T. ) ;
#1998 = LINE ( 'NONE', #3955, #4925 ) ;
#1999 = DIRECTION ( 'NONE',  ( -1.000000000000000000, -0.0000000000000000000, -0.0000000000000000000 ) ) ;
#2000 = PRESENTATION_LAYER_ASSIGNMENT (  '', '', ( #4545 ) ) ;
#2001 = CIRCLE ( 'NONE', #4389, 0.4000000000000001900 ) ;
#2002 = EDGE_CURVE ( 'NONE', #6339, #7556, #6258, .T. ) ;
#2003 = FILL_AREA_STYLE ('',( #5719 ) ) ;
#2004 = STYLED_ITEM ( 'NONE', ( #7470 ), #5240 ) ;
#2005 = CARTESIAN_POINT ( 'NONE',  ( 0.8249999999999999600, -2.500398605410600000, 0.6749999999999530800 ) ) ;
#2006 = CARTESIAN_POINT ( 'NONE',  ( -0.4450000000000000600, -2.574251882586301200, 0.03572310590088358800 ) ) ;
#2007 = PRESENTATION_STYLE_ASSIGNMENT (( #281 ) ) ;
#2008 = DIRECTION ( 'NONE',  ( 1.000000000000000000, 0.0000000000000000000, 0.0000000000000000000 ) ) ;
#2009 =( GEOMETRIC_REPRESENTATION_CONTEXT ( 3 ) GLOBAL_UNCERTAINTY_ASSIGNED_CONTEXT ( ( #3159 ) ) GLOBAL_UNIT_ASSIGNED_CONTEXT ( ( #3366, #2196, #220 ) ) REPRESENTATION_CONTEXT ( 'NONE', 'WORKASPACE' ) );
#2010 = PRESENTATION_STYLE_ASSIGNMENT (( #57 ) ) ;
#2011 = ADVANCED_FACE ( 'NONE', ( #5678 ), #6122, .F. ) ;
#2012 = DIRECTION ( 'NONE',  ( 0.0000000000000000000, 1.000000000000000000, 0.0000000000000000000 ) ) ;
#2013 =( GEOMETRIC_REPRESENTATION_CONTEXT ( 3 ) GLOBAL_UNCERTAINTY_ASSIGNED_CONTEXT ( ( #922 ) ) GLOBAL_UNIT_ASSIGNED_CONTEXT ( ( #5075, #5686, #2590 ) ) REPRESENTATION_CONTEXT ( 'NONE', 'WORKASPACE' ) );
#2014 = CARTESIAN_POINT ( 'NONE',  ( -0.4450000000000000600, 2.200398605410600200, 0.7749999999999831500 ) ) ;
#2015 = CARTESIAN_POINT ( 'NONE',  ( -0.4450000000000000600, -2.600398605410600100, 0.3345815153284071300 ) ) ;
#2016 = FILL_AREA_STYLE_COLOUR ( '', #6398 ) ;
#2017 = VECTOR ( 'NONE', #5184, 1000.000000000000000 ) ;
#2018 = CARTESIAN_POINT ( 'NONE',  ( 2.095000000000000200, -2.200398605410600200, 0.6749999999999531900 ) ) ;
#2019 = COLOUR_RGB ( '',1.000000000000000000, 1.000000000000000000, 1.000000000000000000 ) ;
#2020 = PRESENTATION_LAYER_ASSIGNMENT (  '', '', ( #4220 ) ) ;
#2021 = FILL_AREA_STYLE_COLOUR ( '', #226 ) ;
#2022 = PLANE ( 'NONE',  #1584 ) ;
#2023 =( GEOMETRIC_REPRESENTATION_CONTEXT ( 3 ) GLOBAL_UNCERTAINTY_ASSIGNED_CONTEXT ( ( #2375 ) ) GLOBAL_UNIT_ASSIGNED_CONTEXT ( ( #7242, #4819, #1629 ) ) REPRESENTATION_CONTEXT ( 'NONE', 'WORKASPACE' ) );
#2024 = VERTEX_POINT ( 'NONE', #1587 ) ;
#2025 = VECTOR ( 'NONE', #640, 1000.000000000000000 ) ;
#2026 = SURFACE_STYLE_USAGE ( .BOTH. , #7495 ) ;
#2027 =( LENGTH_UNIT ( ) NAMED_UNIT ( * ) SI_UNIT ( .MILLI., .METRE. ) );
#2028 = VECTOR ( 'NONE', #4036, 1000.000000000000000 ) ;
#2029 = AXIS2_PLACEMENT_3D ( 'NONE', #5736, #5126, #6911 ) ;
#2030 = ORIENTED_EDGE ( 'NONE', *, *, #5332, .F. ) ;
#2031 = PRESENTATION_STYLE_ASSIGNMENT (( #1792 ) ) ;
#2032 = CARTESIAN_POINT ( 'NONE',  ( 0.4449999999999998400, -2.982568851450467600, 0.0000000000000000000 ) ) ;
#2033 = LINE ( 'NONE', #7469, #2449 ) ;
#2034 = CARTESIAN_POINT ( 'NONE',  ( -0.8250000000000001800, -2.591683031135834100, 0.2349620455192325500 ) ) ;
#2035 = CARTESIAN_POINT ( 'NONE',  ( -5.000000000000000000, 1.919999999999995000, 0.7749999999999804800 ) ) ;
#2036 = VECTOR ( 'NONE', #5482, 1000.000000000000100 ) ;
#2037 = CARTESIAN_POINT ( 'NONE',  ( 2.095000000000000200, 2.200398605410600200, 0.6749999999999831700 ) ) ;
#2038 = UNCERTAINTY_MEASURE_WITH_UNIT (LENGTH_MEASURE( 1.000000000000000100E-005 ), #2101, 'distance_accuracy_value', 'NONE');
#2039 = VERTEX_POINT ( 'NONE', #7246 ) ;
#2040 = COLOUR_RGB ( '',1.000000000000000000, 1.000000000000000000, 1.000000000000000000 ) ;
#2041 = VECTOR ( 'NONE', #2384, 1000.000000000000000 ) ;
#2042 = ORIENTED_EDGE ( 'NONE', *, *, #2728, .T. ) ;
#2043 = MECHANICAL_DESIGN_GEOMETRIC_PRESENTATION_REPRESENTATION (  '', ( #5787 ), #1029 ) ;
#2044 =( NAMED_UNIT ( * ) SI_UNIT ( $, .STERADIAN. ) SOLID_ANGLE_UNIT ( ) );
#2045 =( NAMED_UNIT ( * ) PLANE_ANGLE_UNIT ( ) SI_UNIT ( $, .RADIAN. ) );
#2046 = EDGE_CURVE ( 'NONE', #5008, #4680, #5203, .T. ) ;
#2047 = EDGE_LOOP ( 'NONE', ( #5403, #4572, #588, #4162 ) ) ;
#2048 = CARTESIAN_POINT ( 'NONE',  ( -1.714999999999999900, -2.600398605410600100, 0.3345815153284071300 ) ) ;
#2049 = SURFACE_STYLE_FILL_AREA ( #1028 ) ;
#2050 = ORIENTED_EDGE ( 'NONE', *, *, #3563, .F. ) ;
#2051 = PRESENTATION_STYLE_ASSIGNMENT (( #6812 ) ) ;
#2052 = ADVANCED_FACE ( 'NONE', ( #5015 ), #3935, .T. ) ;
#2053 = EDGE_CURVE ( 'NONE', #4510, #2821, #2091, .T. ) ;
#2054 = DIRECTION ( 'NONE',  ( 0.0000000000000000000, -0.1391731009600620800, -0.9902680687415708100 ) ) ;
#2055 = ORIENTED_EDGE ( 'NONE', *, *, #5275, .F. ) ;
#2056 = MECHANICAL_DESIGN_GEOMETRIC_PRESENTATION_REPRESENTATION (  '', ( #1185 ), #6864 ) ;
#2057 = ORIENTED_EDGE ( 'NONE', *, *, #3079, .T. ) ;
#2058 = PRESENTATION_STYLE_ASSIGNMENT (( #5237 ) ) ;
#2059 = CARTESIAN_POINT ( 'NONE',  ( 2.095000000000000200, 2.200398605410600200, 0.6749999999999531900 ) ) ;
#2060 = EDGE_CURVE ( 'NONE', #1820, #7556, #4830, .T. ) ;
#2061 = ORIENTED_EDGE ( 'NONE', *, *, #6720, .F. ) ;
#2062 = DIRECTION ( 'NONE',  ( 0.0000000000000000000, -0.3000000000000002700, -0.9539392014169455500 ) ) ;
#2063 = AXIS2_PLACEMENT_3D ( 'NONE', #5779, #157, #680 ) ;
#2064 = DIRECTION ( 'NONE',  ( 0.0000000000000000000, 0.1391731009600621100, 0.9902680687415708100 ) ) ;
#2065 =( LENGTH_UNIT ( ) NAMED_UNIT ( * ) SI_UNIT ( .MILLI., .METRE. ) );
#2066 = DIRECTION ( 'NONE',  ( -1.000000000000000000, -0.0000000000000000000, -0.0000000000000000000 ) ) ;
#2067 = ORIENTED_EDGE ( 'NONE', *, *, #2901, .F. ) ;
#2068 = UNCERTAINTY_MEASURE_WITH_UNIT (LENGTH_MEASURE( 1.000000000000000100E-005 ), #5098, 'distance_accuracy_value', 'NONE');
#2069 = LINE ( 'NONE', #2757, #269 ) ;
#2070 = VERTEX_POINT ( 'NONE', #5517 ) ;
#2071 = UNCERTAINTY_MEASURE_WITH_UNIT (LENGTH_MEASURE( 1.000000000000000100E-005 ), #2790, 'distance_accuracy_value', 'NONE');
#2072 = CARTESIAN_POINT ( 'NONE',  ( -1.714999999999999900, 2.230398605410600400, 0.7703939201416775100 ) ) ;
#2073 = PLANE ( 'NONE',  #7244 ) ;
#2074 = AXIS2_PLACEMENT_3D ( 'NONE', #4374, #6244, #6870 ) ;
#2075 = ORIENTED_EDGE ( 'NONE', *, *, #7992, .F. ) ;
#2076 = SURFACE_STYLE_USAGE ( .BOTH. , #2160 ) ;
#2077 = PLANE ( 'NONE',  #2029 ) ;
#2078 = ORIENTED_EDGE ( 'NONE', *, *, #7931, .F. ) ;
#2079 = AXIS2_PLACEMENT_3D ( 'NONE', #1182, #7911, #1128 ) ;
#2080 =( LENGTH_UNIT ( ) NAMED_UNIT ( * ) SI_UNIT ( .MILLI., .METRE. ) );
#2081 = VECTOR ( 'NONE', #7739, 1000.000000000000200 ) ;
#2082 = DIRECTION ( 'NONE',  ( -1.000000000000000000, -0.0000000000000000000, -0.0000000000000000000 ) ) ;
#2083 = ORIENTED_EDGE ( 'NONE', *, *, #1382, .F. ) ;
#2084 =( GEOMETRIC_REPRESENTATION_CONTEXT ( 3 ) GLOBAL_UNCERTAINTY_ASSIGNED_CONTEXT ( ( #1181 ) ) GLOBAL_UNIT_ASSIGNED_CONTEXT ( ( #8010, #7967, #4336 ) ) REPRESENTATION_CONTEXT ( 'NONE', 'WORKASPACE' ) );
#2085 = DIRECTION ( 'NONE',  ( 0.0000000000000000000, 0.9961946980917452100, -0.08715574274766135800 ) ) ;
#2086 = ORIENTED_EDGE ( 'NONE', *, *, #114, .T. ) ;
#2087 =( NAMED_UNIT ( * ) SI_UNIT ( $, .STERADIAN. ) SOLID_ANGLE_UNIT ( ) );
#2088 = DIRECTION ( 'NONE',  ( 1.000000000000000000, -0.0000000000000000000, -0.0000000000000000000 ) ) ;
#2089 = FILL_AREA_STYLE ('',( #2520 ) ) ;
#2090 = CARTESIAN_POINT ( 'NONE',  ( -0.4450000000000000600, 1.950000000000000000, 0.7749999999999831500 ) ) ;
#2091 = CIRCLE ( 'NONE', #1070, 0.09999999999999988100 ) ;
#2092 = VECTOR ( 'NONE', #5157, 1000.000000000000000 ) ;
#2093 = LINE ( 'NONE', #3749, #6448 ) ;
#2094 = PRESENTATION_LAYER_ASSIGNMENT (  '', '', ( #5439 ) ) ;
#2095 = ADVANCED_FACE ( 'NONE', ( #6445 ), #6693, .T. ) ;
#2096 =( NAMED_UNIT ( * ) PLANE_ANGLE_UNIT ( ) SI_UNIT ( $, .RADIAN. ) );
#2097 = DIRECTION ( 'NONE',  ( 0.0000000000000000000, 0.0000000000000000000, 1.000000000000000000 ) ) ;
#2098 = EDGE_CURVE ( 'NONE', #1130, #1125, #7396, .T. ) ;
#2099 = CARTESIAN_POINT ( 'NONE',  ( 1.714999999999999900, 2.300398605410600300, 0.3345815153284068500 ) ) ;
#2100 = CIRCLE ( 'NONE', #95, 0.3000000000000001600 ) ;
#2101 =( LENGTH_UNIT ( ) NAMED_UNIT ( * ) SI_UNIT ( .MILLI., .METRE. ) );
#2102 = CARTESIAN_POINT ( 'NONE',  ( -2.095000000000000200, -2.290398605410591600, 0.9611817604250397800 ) ) ;
#2103 = DIRECTION ( 'NONE',  ( 0.0000000000000000000, 1.000000000000000000, 0.0000000000000000000 ) ) ;
#2104 = LINE ( 'NONE', #250, #2311 ) ;
#2105 = EDGE_CURVE ( 'NONE', #3637, #6993, #905, .T. ) ;
#2106 = DIRECTION ( 'NONE',  ( 0.0000000000000000000, -0.9539392014169455500, 0.3000000000000002700 ) ) ;
#2107 = AXIS2_PLACEMENT_3D ( 'NONE', #5515, #3108, #1227 ) ;
#2108 = VECTOR ( 'NONE', #4027, 1000.000000000000000 ) ;
#2109 = EDGE_CURVE ( 'NONE', #5829, #591, #5781, .T. ) ;
#2110 =( LENGTH_UNIT ( ) NAMED_UNIT ( * ) SI_UNIT ( .MILLI., .METRE. ) );
#2111 = CARTESIAN_POINT ( 'NONE',  ( -1.664999999999999800, -2.200398605410600200, 0.6749999999999831700 ) ) ;
#2112 = MECHANICAL_DESIGN_GEOMETRIC_PRESENTATION_REPRESENTATION (  '', ( #1952 ), #6684 ) ;
#2113 =( LENGTH_UNIT ( ) NAMED_UNIT ( * ) SI_UNIT ( .MILLI., .METRE. ) );
#2114 = FILL_AREA_STYLE ('',( #5827 ) ) ;
#2115 =( NAMED_UNIT ( * ) PLANE_ANGLE_UNIT ( ) SI_UNIT ( $, .RADIAN. ) );
#2116 = FILL_AREA_STYLE ('',( #5755 ) ) ;
#2117 = PRESENTATION_LAYER_ASSIGNMENT (  '', '', ( #532 ) ) ;
#2118 = ORIENTED_EDGE ( 'NONE', *, *, #7506, .F. ) ;
#2119 = FACE_OUTER_BOUND ( 'NONE', #3704, .T. ) ;
#2120 = LINE ( 'NONE', #3569, #7046 ) ;
#2121 = FILL_AREA_STYLE_COLOUR ( '', #7232 ) ;
#2122 = CARTESIAN_POINT ( 'NONE',  ( 2.095000000000000200, -2.982568851450467600, 0.0000000000000000000 ) ) ;
#2123 =( LENGTH_UNIT ( ) NAMED_UNIT ( * ) SI_UNIT ( .MILLI., .METRE. ) );
#2124 = SURFACE_SIDE_STYLE ('',( #6495 ) ) ;
#2125 = DIRECTION ( 'NONE',  ( 0.0000000000000000000, -1.000000000000000000, -1.501620008892423100E-013 ) ) ;
#2126 = FACE_OUTER_BOUND ( 'NONE', #2171, .T. ) ;
#2127 = VERTEX_POINT ( 'NONE', #7990 ) ;
#2128 = MECHANICAL_DESIGN_GEOMETRIC_PRESENTATION_REPRESENTATION (  '', ( #853 ), #2462 ) ;
#2129 = DIRECTION ( 'NONE',  ( 0.0000000000000000000, -1.000000000000000000, 1.273963925350998900E-015 ) ) ;
#2130 = LINE ( 'NONE', #1593, #5239 ) ;
#2131 = DIRECTION ( 'NONE',  ( 0.0000000000000000000, 0.0000000000000000000, 1.000000000000000000 ) ) ;
#2132 = ADVANCED_FACE ( 'NONE', ( #5416 ), #5472, .F. ) ;
#2133 = VECTOR ( 'NONE', #6357, 1000.000000000000000 ) ;
#2134 = ORIENTED_EDGE ( 'NONE', *, *, #2497, .T. ) ;
#2135 = DIRECTION ( 'NONE',  ( -0.0000000000000000000, 0.3000000000000002700, -0.9539392014169455500 ) ) ;
#2136 = DIRECTION ( 'NONE',  ( 0.0000000000000000000, -1.273963925350998900E-015, -1.000000000000000000 ) ) ;
#2137 = VECTOR ( 'NONE', #384, 1000.000000000000000 ) ;
#2138 = LINE ( 'NONE', #3821, #2825 ) ;
#2139 = DIRECTION ( 'NONE',  ( 0.0000000000000000000, -1.000000000000000000, 1.273963925350998900E-015 ) ) ;
#2140 = VERTEX_POINT ( 'NONE', #3643 ) ;
#2141 = DIRECTION ( 'NONE',  ( -1.000000000000000000, 0.0000000000000000000, 0.0000000000000000000 ) ) ;
#2142 = MECHANICAL_DESIGN_GEOMETRIC_PRESENTATION_REPRESENTATION (  '', ( #5727 ), #7114 ) ;
#2143 = DIRECTION ( 'NONE',  ( 0.0000000000000000000, -1.000000000000000000, 0.0000000000000000000 ) ) ;
#2144 = EDGE_CURVE ( 'NONE', #3526, #119, #89, .T. ) ;
#2145 = VECTOR ( 'NONE', #6799, 1000.000000000000000 ) ;
#2146 = DIRECTION ( 'NONE',  ( 1.000000000000000000, 0.0000000000000000000, 0.0000000000000000000 ) ) ;
#2147 = ORIENTED_EDGE ( 'NONE', *, *, #1901, .T. ) ;
#2148 = SURFACE_STYLE_USAGE ( .BOTH. , #5163 ) ;
#2149 = UNCERTAINTY_MEASURE_WITH_UNIT (LENGTH_MEASURE( 1.000000000000000100E-005 ), #3290, 'distance_accuracy_value', 'NONE');
#2150 = LINE ( 'NONE', #2090, #6982 ) ;
#2151 = ORIENTED_EDGE ( 'NONE', *, *, #5838, .F. ) ;
#2152 = ADVANCED_FACE ( 'NONE', ( #6158 ), #5606, .F. ) ;
#2153 = CARTESIAN_POINT ( 'NONE',  ( -2.335675499178564400, -1.835675499178564900, 0.1750000000000000200 ) ) ;
#2154 = EDGE_CURVE ( 'NONE', #3003, #1572, #7984, .T. ) ;
#2155 = VECTOR ( 'NONE', #3106, 1000.000000000000000 ) ;
#2156 = ORIENTED_EDGE ( 'NONE', *, *, #7327, .F. ) ;
#2157 = LINE ( 'NONE', #2355, #4384 ) ;
#2158 = ORIENTED_EDGE ( 'NONE', *, *, #5026, .F. ) ;
#2159 = AXIS2_PLACEMENT_3D ( 'NONE', #4425, #1922, #1209 ) ;
#2160 = SURFACE_SIDE_STYLE ('',( #1975 ) ) ;
#2161 =( LENGTH_UNIT ( ) NAMED_UNIT ( * ) SI_UNIT ( .MILLI., .METRE. ) );
#2162 = ORIENTED_EDGE ( 'NONE', *, *, #449, .T. ) ;
#2163 = SURFACE_SIDE_STYLE ('',( #2267 ) ) ;
#2164 = PRESENTATION_STYLE_ASSIGNMENT (( #5413 ) ) ;
#2165 = EDGE_CURVE ( 'NONE', #4590, #6283, #6294, .T. ) ;
#2166 = ORIENTED_EDGE ( 'NONE', *, *, #5396, .F. ) ;
#2167 = VERTEX_POINT ( 'NONE', #564 ) ;
#2168 = SURFACE_SIDE_STYLE ('',( #2532 ) ) ;
#2169 = CARTESIAN_POINT ( 'NONE',  ( 1.714999999999999900, 2.200398605410600200, 0.6749999999999531900 ) ) ;
#2170 = ORIENTED_EDGE ( 'NONE', *, *, #5796, .F. ) ;
#2171 = EDGE_LOOP ( 'NONE', ( #7755, #6395, #7538, #1355 ) ) ;
#2172 = CARTESIAN_POINT ( 'NONE',  ( -0.4450000000000000600, -2.200398605410600200, 0.7749999999999831500 ) ) ;
#2173 = CARTESIAN_POINT ( 'NONE',  ( -0.4450000000000000600, -2.600398605410600100, 0.3345815153284070800 ) ) ;
#2174 = ORIENTED_EDGE ( 'NONE', *, *, #7834, .T. ) ;
#2175 = SURFACE_STYLE_USAGE ( .BOTH. , #7648 ) ;
#2176 = STYLED_ITEM ( 'NONE', ( #3789 ), #403 ) ;
#2177 = UNCERTAINTY_MEASURE_WITH_UNIT (LENGTH_MEASURE( 1.000000000000000100E-005 ), #6187, 'distance_accuracy_value', 'NONE');
#2178 = VECTOR ( 'NONE', #7559, 1000.000000000000000 ) ;
#2179 = DIRECTION ( 'NONE',  ( -0.0000000000000000000, 1.000000000000000000, -0.0000000000000000000 ) ) ;
#2180 = PRESENTATION_LAYER_ASSIGNMENT (  '', '', ( #628 ) ) ;
#2181 = DIRECTION ( 'NONE',  ( 0.0000000000000000000, -0.3000000000000002700, -0.9539392014169455500 ) ) ;
#2182 = DIRECTION ( 'NONE',  ( 1.000000000000000000, 0.0000000000000000000, 0.0000000000000000000 ) ) ;
#2183 = ORIENTED_EDGE ( 'NONE', *, *, #7975, .T. ) ;
#2184 = ORIENTED_EDGE ( 'NONE', *, *, #3919, .T. ) ;
#2185 = CIRCLE ( 'NONE', #181, 0.2999999999999856100 ) ;
#2186 = VERTEX_POINT ( 'NONE', #6840 ) ;
#2187 = ADVANCED_FACE ( 'NONE', ( #7666 ), #5567, .F. ) ;
#2188 = ORIENTED_EDGE ( 'NONE', *, *, #2631, .F. ) ;
#2189 = DIRECTION ( 'NONE',  ( 0.0000000000000000000, -0.3000000000000002700, -0.9539392014169455500 ) ) ;
#2190 = PLANE ( 'NONE',  #5816 ) ;
#2191 = EDGE_LOOP ( 'NONE', ( #1173, #1747, #7368, #2330, #1565, #41, #4290, #5775, #6615, #5931 ) ) ;
#2192 = STYLED_ITEM ( 'NONE', ( #5701 ), #1463 ) ;
#2193 = FILL_AREA_STYLE ('',( #5892 ) ) ;
#2194 = CARTESIAN_POINT ( 'NONE',  ( -1.714999999999999900, 2.200398605410600200, 0.6749999999999531900 ) ) ;
#2195 = DIRECTION ( 'NONE',  ( -1.000000000000000000, 0.0000000000000000000, 0.0000000000000000000 ) ) ;
#2196 =( NAMED_UNIT ( * ) PLANE_ANGLE_UNIT ( ) SI_UNIT ( $, .RADIAN. ) );
#2197 = AXIS2_PLACEMENT_3D ( 'NONE', #445, #2970, #1004 ) ;
#2198 = VERTEX_POINT ( 'NONE', #4924 ) ;
#2199 = DIRECTION ( 'NONE',  ( 0.0000000000000000000, 0.0000000000000000000, 1.000000000000000000 ) ) ;
#2200 = DIRECTION ( 'NONE',  ( 1.000000000000000000, 0.0000000000000000000, 0.0000000000000000000 ) ) ;
#2201 = ADVANCED_FACE ( 'NONE', ( #372 ), #7418, .T. ) ;
#2202 = EDGE_CURVE ( 'NONE', #1646, #4219, #5181, .T. ) ;
#2203 = CARTESIAN_POINT ( 'NONE',  ( -1.664999999999999800, 2.300398605410600300, 0.6749999999999831700 ) ) ;
#2204 = CARTESIAN_POINT ( 'NONE',  ( 0.3949999999999999600, -2.500398605410600000, 0.6749999999999530800 ) ) ;
#2205 =( LENGTH_UNIT ( ) NAMED_UNIT ( * ) SI_UNIT ( .MILLI., .METRE. ) );
#2206 = LINE ( 'NONE', #4320, #4733 ) ;
#2207 = DIRECTION ( 'NONE',  ( 1.000000000000000000, 0.0000000000000000000, 0.0000000000000000000 ) ) ;
#2209 =( NAMED_UNIT ( * ) PLANE_ANGLE_UNIT ( ) SI_UNIT ( $, .RADIAN. ) );
#2208 = AXIS2_PLACEMENT_3D ( 'NONE', #6172, #6879, #1252 ) ;
#2210 = SURFACE_STYLE_USAGE ( .BOTH. , #5044 ) ;
#2211 = FACE_OUTER_BOUND ( 'NONE', #2858, .T. ) ;
#2213 = FILL_AREA_STYLE ('',( #1372 ) ) ;
#2212 = MECHANICAL_DESIGN_GEOMETRIC_PRESENTATION_REPRESENTATION (  '', ( #6503 ), #6248 ) ;
#2214 = SURFACE_STYLE_FILL_AREA ( #1528 ) ;
#2215 = SURFACE_STYLE_USAGE ( .BOTH. , #2753 ) ;
#2216 = EDGE_CURVE ( 'NONE', #2976, #5563, #5763, .T. ) ;
#2217 = SURFACE_SIDE_STYLE ('',( #3621 ) ) ;
#2218 = CARTESIAN_POINT ( 'NONE',  ( 2.095000000000000200, -2.200398605410600200, 0.7749999999999831500 ) ) ;
#2219 = VECTOR ( 'NONE', #2085, 1000.000000000000100 ) ;
#2220 = DIRECTION ( 'NONE',  ( 1.000000000000000000, 0.0000000000000000000, -0.0000000000000000000 ) ) ;
#2221 = AXIS2_PLACEMENT_3D ( 'NONE', #5436, #5487, #5992 ) ;
#2222 = UNCERTAINTY_MEASURE_WITH_UNIT (LENGTH_MEASURE( 1.000000000000000100E-005 ), #2600, 'distance_accuracy_value', 'NONE');
#2223 = EDGE_CURVE ( 'NONE', #7369, #6320, #2283, .T. ) ;
#2224 = ORIENTED_EDGE ( 'NONE', *, *, #6452, .F. ) ;
#2225 = LINE ( 'NONE', #6392, #213 ) ;
#2226 = ADVANCED_FACE ( 'NONE', ( #765 ), #773, .F. ) ;
#2227 = CIRCLE ( 'NONE', #3535, 0.09999999999999993600 ) ;
#2228 = PLANE ( 'NONE',  #4835 ) ;
#2229 = FILL_AREA_STYLE ('',( #7239 ) ) ;
#2230 =( GEOMETRIC_REPRESENTATION_CONTEXT ( 3 ) GLOBAL_UNCERTAINTY_ASSIGNED_CONTEXT ( ( #4330 ) ) GLOBAL_UNIT_ASSIGNED_CONTEXT ( ( #1988, #103, #6316 ) ) REPRESENTATION_CONTEXT ( 'NONE', 'WORKASPACE' ) );
#2231 = CARTESIAN_POINT ( 'NONE',  ( -0.3949999999999999600, -2.200398605410600200, 0.6749999999999831700 ) ) ;
#2232 = ORIENTED_EDGE ( 'NONE', *, *, #1785, .F. ) ;
#2233 = LINE ( 'NONE', #4406, #4453 ) ;
#2234 =( NAMED_UNIT ( * ) SI_UNIT ( $, .STERADIAN. ) SOLID_ANGLE_UNIT ( ) );
#2235 = UNCERTAINTY_MEASURE_WITH_UNIT (LENGTH_MEASURE( 1.000000000000000100E-005 ), #2696, 'distance_accuracy_value', 'NONE');
#2236 = DIRECTION ( 'NONE',  ( 1.000000000000000000, 0.0000000000000000000, 0.0000000000000000000 ) ) ;
#2237 = MECHANICAL_DESIGN_GEOMETRIC_PRESENTATION_REPRESENTATION (  '', ( #5467 ), #1396 ) ;
#2238 = CARTESIAN_POINT ( 'NONE',  ( -0.8750000000000001100, 2.300398605410600300, 0.6749999999999831700 ) ) ;
#2239 = ADVANCED_FACE ( 'NONE', ( #7187 ), #5131, .F. ) ;
#2240 = MECHANICAL_DESIGN_GEOMETRIC_PRESENTATION_REPRESENTATION (  '', ( #5427 ), #1915 ) ;
#2241 = DIRECTION ( 'NONE',  ( 0.0000000000000000000, -0.9961946980917452100, 0.08715574274766263500 ) ) ;
#2242 = ORIENTED_EDGE ( 'NONE', *, *, #7289, .T. ) ;
#2243 = LINE ( 'NONE', #2476, #6592 ) ;
#2244 = DIRECTION ( 'NONE',  ( -0.0000000000000000000, -0.0000000000000000000, 1.000000000000000000 ) ) ;
#2245 = CARTESIAN_POINT ( 'NONE',  ( 0.8249999999999999600, -2.591683031135834100, 0.2349620455192326700 ) ) ;
#2246 = AXIS2_PLACEMENT_3D ( 'NONE', #4181, #4825, #1702 ) ;
#2247 = ORIENTED_EDGE ( 'NONE', *, *, #1429, .F. ) ;
#2248 = DIRECTION ( 'NONE',  ( 0.0000000000000000000, 1.000000000000000000, -1.501620008892423100E-013 ) ) ;
#2249 = VECTOR ( 'NONE', #3641, 1000.000000000000000 ) ;
#2250 =( LENGTH_UNIT ( ) NAMED_UNIT ( * ) SI_UNIT ( .MILLI., .METRE. ) );
#2251 = ORIENTED_EDGE ( 'NONE', *, *, #7939, .F. ) ;
#2252 = DIRECTION ( 'NONE',  ( 1.000000000000000000, 0.0000000000000000000, 0.0000000000000000000 ) ) ;
#2253 = SURFACE_SIDE_STYLE ('',( #7188 ) ) ;
#2254 = AXIS2_PLACEMENT_3D ( 'NONE', #3410, #5859, #7701 ) ;
#2255 = FACE_OUTER_BOUND ( 'NONE', #1982, .T. ) ;
#2256 =( NAMED_UNIT ( * ) PLANE_ANGLE_UNIT ( ) SI_UNIT ( $, .RADIAN. ) );
#2257 = ORIENTED_EDGE ( 'NONE', *, *, #5998, .T. ) ;
#2258 = CARTESIAN_POINT ( 'NONE',  ( 0.8249999999999999600, -2.600398605410600100, 0.3345815153284071300 ) ) ;
#2259 = ORIENTED_EDGE ( 'NONE', *, *, #7609, .F. ) ;
#2260 = LINE ( 'NONE', #4917, #1330 ) ;
#2261 = STYLED_ITEM ( 'NONE', ( #948 ), #2854 ) ;
#2262 = CARTESIAN_POINT ( 'NONE',  ( 2.145000000000000000, -2.200398605410600200, 0.6749999999999831700 ) ) ;
#2263 = EDGE_CURVE ( 'NONE', #5756, #4795, #7858, .T. ) ;
#2264 = UNCERTAINTY_MEASURE_WITH_UNIT (LENGTH_MEASURE( 1.000000000000000100E-005 ), #2027, 'distance_accuracy_value', 'NONE');
#2265 = CARTESIAN_POINT ( 'NONE',  ( -0.4450000000000000600, -2.230398605410600400, 0.7703939201416775100 ) ) ;
#2266 = ORIENTED_EDGE ( 'NONE', *, *, #6622, .T. ) ;
#2267 = SURFACE_STYLE_FILL_AREA ( #4000 ) ;
#2268 = ORIENTED_EDGE ( 'NONE', *, *, #6506, .T. ) ;
#2269 = PLANE ( 'NONE',  #3179 ) ;
#2270 = ORIENTED_EDGE ( 'NONE', *, *, #3728, .F. ) ;
#2271 = ADVANCED_FACE ( 'NONE', ( #5274 ), #5109, .F. ) ;
#2272 = DIRECTION ( 'NONE',  ( -1.000000000000000000, -0.0000000000000000000, 0.0000000000000000000 ) ) ;
#2273 = EDGE_CURVE ( 'NONE', #5056, #6327, #4899, .T. ) ;
#2274 =( LENGTH_UNIT ( ) NAMED_UNIT ( * ) SI_UNIT ( .MILLI., .METRE. ) );
#2275 = PRESENTATION_STYLE_ASSIGNMENT (( #5750 ) ) ;
#2276 = VERTEX_POINT ( 'NONE', #703 ) ;
#2277 = AXIS2_PLACEMENT_3D ( 'NONE', #3604, #4177, #4845 ) ;
#2278 = CARTESIAN_POINT ( 'NONE',  ( -0.8750000000000001100, -2.290398605410596000, 0.9611817604250529900 ) ) ;
#2279 = ORIENTED_EDGE ( 'NONE', *, *, #1033, .T. ) ;
#2280 = CARTESIAN_POINT ( 'NONE',  ( 0.8750000000000001100, -2.230398605410600400, 0.7703939201416775100 ) ) ;
#2281 = SURFACE_SIDE_STYLE ('',( #7536 ) ) ;
#2282 = EDGE_CURVE ( 'NONE', #4781, #7636, #6424, .T. ) ;
#2283 = LINE ( 'NONE', #4359, #5956 ) ;
#2284 = MECHANICAL_DESIGN_GEOMETRIC_PRESENTATION_REPRESENTATION (  '', ( #722 ), #1132 ) ;
#2285 = FACE_OUTER_BOUND ( 'NONE', #1444, .T. ) ;
#2286 = ORIENTED_EDGE ( 'NONE', *, *, #5853, .F. ) ;
#2287 = ADVANCED_FACE ( 'NONE', ( #3818 ), #2855, .T. ) ;
#2288 = DIRECTION ( 'NONE',  ( 0.0000000000000000000, -1.501620008892423400E-013, -1.000000000000000000 ) ) ;
#2289 = ORIENTED_EDGE ( 'NONE', *, *, #7478, .F. ) ;
#2290 = VECTOR ( 'NONE', #5235, 1000.000000000000100 ) ;
#2291 = FILL_AREA_STYLE ('',( #4149 ) ) ;
#2292 = ORIENTED_EDGE ( 'NONE', *, *, #3809, .F. ) ;
#2293 = FILL_AREA_STYLE_COLOUR ( '', #75 ) ;
#2294 = AXIS2_PLACEMENT_3D ( 'NONE', #5509, #6735, #6110 ) ;
#2295 = CARTESIAN_POINT ( 'NONE',  ( -0.3949999999999999600, -2.300398605410600300, 0.6749999999999831700 ) ) ;
#2296 = ORIENTED_EDGE ( 'NONE', *, *, #3498, .F. ) ;
#2297 = CARTESIAN_POINT ( 'NONE',  ( 2.145000000000000000, -2.230398605410600400, 0.7703939201416775100 ) ) ;
#2298 = SURFACE_SIDE_STYLE ('',( #3575 ) ) ;
#2299 = AXIS2_PLACEMENT_3D ( 'NONE', #3772, #730, #5011 ) ;
#2300 = DIRECTION ( 'NONE',  ( 0.0000000000000000000, 1.501620008892423400E-013, -1.000000000000000000 ) ) ;
#2301 = LINE ( 'NONE', #6893, #2784 ) ;
#2302 =( NAMED_UNIT ( * ) PLANE_ANGLE_UNIT ( ) SI_UNIT ( $, .RADIAN. ) );
#2303 = DIRECTION ( 'NONE',  ( 1.000000000000000000, -0.0000000000000000000, -0.0000000000000000000 ) ) ;
#2304 = CARTESIAN_POINT ( 'NONE',  ( -1.714999999999999900, 1.921891833059526500, 0.9749999999999531300 ) ) ;
#2305 = PRESENTATION_LAYER_ASSIGNMENT (  '', '', ( #7155 ) ) ;
#2306 = LINE ( 'NONE', #3770, #7120 ) ;
#2307 = UNCERTAINTY_MEASURE_WITH_UNIT (LENGTH_MEASURE( 1.000000000000000100E-005 ), #5516, 'distance_accuracy_value', 'NONE');
#2308 =( NAMED_UNIT ( * ) SI_UNIT ( $, .STERADIAN. ) SOLID_ANGLE_UNIT ( ) );
#2309 =( NAMED_UNIT ( * ) SI_UNIT ( $, .STERADIAN. ) SOLID_ANGLE_UNIT ( ) );
#2310 = COLOUR_RGB ( '',1.000000000000000000, 1.000000000000000000, 1.000000000000000000 ) ;
#2311 = VECTOR ( 'NONE', #909, 1000.000000000000000 ) ;
#2312 = MECHANICAL_DESIGN_GEOMETRIC_PRESENTATION_REPRESENTATION (  '', ( #2767 ), #2882 ) ;
#2313 = DIRECTION ( 'NONE',  ( 0.0000000000000000000, 0.0000000000000000000, -1.000000000000000000 ) ) ;
#2314 = CARTESIAN_POINT ( 'NONE',  ( -0.4450000000000000600, -2.300398605410600300, 0.6749999999999831700 ) ) ;
#2315 = DIRECTION ( 'NONE',  ( 0.0000000000000000000, 0.0000000000000000000, 1.000000000000000000 ) ) ;
#2316 = CARTESIAN_POINT ( 'NONE',  ( 1.714999999999999900, -2.200398605410600200, 0.7749999999999831500 ) ) ;
#2317 = FACE_OUTER_BOUND ( 'NONE', #2191, .T. ) ;
#2318 = CARTESIAN_POINT ( 'NONE',  ( 1.665000000000000000, 2.290398605410596000, 0.9611817604250529900 ) ) ;
#2319 = EDGE_CURVE ( 'NONE', #591, #7467, #6235, .T. ) ;
#2320 =( LENGTH_UNIT ( ) NAMED_UNIT ( * ) SI_UNIT ( .MILLI., .METRE. ) );
#2322 =( LENGTH_UNIT ( ) NAMED_UNIT ( * ) SI_UNIT ( .MILLI., .METRE. ) );
#2321 = PRESENTATION_LAYER_ASSIGNMENT (  '', '', ( #3250 ) ) ;
#2323 = SURFACE_STYLE_FILL_AREA ( #267 ) ;
#2324 = EDGE_CURVE ( 'NONE', #881, #3890, #6721, .T. ) ;
#2325 = CARTESIAN_POINT ( 'NONE',  ( 2.145000000000000000, 2.230398605410600400, 0.7703939201416775100 ) ) ;
#2326 = UNCERTAINTY_MEASURE_WITH_UNIT (LENGTH_MEASURE( 1.000000000000000100E-005 ), #3889, 'distance_accuracy_value', 'NONE');
#2327 =( NAMED_UNIT ( * ) SI_UNIT ( $, .STERADIAN. ) SOLID_ANGLE_UNIT ( ) );
#2328 = CARTESIAN_POINT ( 'NONE',  ( -0.8250000000000001800, -2.200398605410600200, 0.7749999999999831500 ) ) ;
#2329 =( LENGTH_UNIT ( ) NAMED_UNIT ( * ) SI_UNIT ( .MILLI., .METRE. ) );
#2330 = ORIENTED_EDGE ( 'NONE', *, *, #7894, .F. ) ;
#2331 = UNCERTAINTY_MEASURE_WITH_UNIT (LENGTH_MEASURE( 1.000000000000000100E-005 ), #7535, 'distance_accuracy_value', 'NONE');
#2332 = CIRCLE ( 'NONE', #35, 0.3000000000000001600 ) ;
#2333 = EDGE_CURVE ( 'NONE', #4483, #2575, #1669, .T. ) ;
#2334 = CARTESIAN_POINT ( 'NONE',  ( 2.095000000000000200, -2.200398605410600200, 0.7749999999999831500 ) ) ;
#2335 = SURFACE_SIDE_STYLE ('',( #825 ) ) ;
#2336 = MECHANICAL_DESIGN_GEOMETRIC_PRESENTATION_REPRESENTATION (  '', ( #2859 ), #4836 ) ;
#2337 = ORIENTED_EDGE ( 'NONE', *, *, #3134, .F. ) ;
#2338 = EDGE_CURVE ( 'NONE', #540, #4466, #486, .T. ) ;
#2339 = ORIENTED_EDGE ( 'NONE', *, *, #5115, .T. ) ;
#2340 = CARTESIAN_POINT ( 'NONE',  ( -2.420000000000000400, -1.919999999999995000, 0.7749999999999805900 ) ) ;
#2341 = UNCERTAINTY_MEASURE_WITH_UNIT (LENGTH_MEASURE( 1.000000000000000100E-005 ), #5099, 'distance_accuracy_value', 'NONE');
#2342 = AXIS2_PLACEMENT_3D ( 'NONE', #1862, #3743, #6199 ) ;
#2343 = SURFACE_STYLE_FILL_AREA ( #8067 ) ;
#2344 = DIRECTION ( 'NONE',  ( -0.0000000000000000000, 1.000000000000000000, 1.273963925350998900E-015 ) ) ;
#2345 = LINE ( 'NONE', #5128, #1735 ) ;
#2346 = ORIENTED_EDGE ( 'NONE', *, *, #2788, .T. ) ;
#2347 = DIRECTION ( 'NONE',  ( 0.0000000000000000000, 0.1391731009600620800, -0.9902680687415708100 ) ) ;
#2348 = MECHANICAL_DESIGN_GEOMETRIC_PRESENTATION_REPRESENTATION (  '', ( #4995 ), #4154 ) ;
#2349 = EDGE_LOOP ( 'NONE', ( #6542, #5552 ) ) ;
#2350 = FACE_OUTER_BOUND ( 'NONE', #5270, .T. ) ;
#2351 =( GEOMETRIC_REPRESENTATION_CONTEXT ( 3 ) GLOBAL_UNCERTAINTY_ASSIGNED_CONTEXT ( ( #7365 ) ) GLOBAL_UNIT_ASSIGNED_CONTEXT ( ( #5444, #4158, #1704 ) ) REPRESENTATION_CONTEXT ( 'NONE', 'WORKASPACE' ) );
#2352 = ORIENTED_EDGE ( 'NONE', *, *, #2098, .T. ) ;
#2353 = DIRECTION ( 'NONE',  ( 0.0000000000000000000, -0.9961946980917453200, -0.08715574274766148300 ) ) ;
#2354 = CIRCLE ( 'NONE', #4623, 0.3000000000000001600 ) ;
#2355 = CARTESIAN_POINT ( 'NONE',  ( -0.4450000000000000600, -2.500398605410600000, 0.3345815153284070200 ) ) ;
#2356 = CARTESIAN_POINT ( 'NONE',  ( 2.337567332238086800, -1.587567332238087000, 1.575000000000000000 ) ) ;
#2357 = VERTEX_POINT ( 'NONE', #3140 ) ;
#2358 = CARTESIAN_POINT ( 'NONE',  ( -0.3949999999999999600, -2.300398605410600300, 0.6749999999999831700 ) ) ;
#2359 = PRESENTATION_STYLE_ASSIGNMENT (( #5019 ) ) ;
#2360 = EDGE_CURVE ( 'NONE', #1125, #6993, #4603, .T. ) ;
#2361 = STYLED_ITEM ( 'NONE', ( #8050 ), #2271 ) ;
#2362 = ORIENTED_EDGE ( 'NONE', *, *, #1123, .F. ) ;
#2363 = VECTOR ( 'NONE', #1197, 1000.000000000000000 ) ;
#2364 = ORIENTED_EDGE ( 'NONE', *, *, #1118, .F. ) ;
#2365 = PLANE ( 'NONE',  #2805 ) ;
#2366 = DIRECTION ( 'NONE',  ( 0.0000000000000000000, 0.1391731009600621100, 0.9902680687415708100 ) ) ;
#2367 = LINE ( 'NONE', #3173, #7081 ) ;
#2368 = VERTEX_POINT ( 'NONE', #3171 ) ;
#2369 = SURFACE_STYLE_FILL_AREA ( #3985 ) ;
#2370 = ADVANCED_FACE ( 'NONE', ( #1971 ), #504, .T. ) ;
#2371 = EDGE_LOOP ( 'NONE', ( #5858, #7540, #7741, #3649 ) ) ;
#2372 = DIRECTION ( 'NONE',  ( 0.0000000000000000000, 0.0000000000000000000, 1.000000000000000000 ) ) ;
#2373 = CARTESIAN_POINT ( 'NONE',  ( -0.4450000000000000600, -2.500398605410600000, 0.3345815153284070200 ) ) ;
#2374 =( NAMED_UNIT ( * ) SI_UNIT ( $, .STERADIAN. ) SOLID_ANGLE_UNIT ( ) );
#2375 = UNCERTAINTY_MEASURE_WITH_UNIT (LENGTH_MEASURE( 1.000000000000000100E-005 ), #7242, 'distance_accuracy_value', 'NONE');
#2376 = VECTOR ( 'NONE', #4672, 1000.000000000000000 ) ;
#2377 = ORIENTED_EDGE ( 'NONE', *, *, #2439, .F. ) ;
#2378 = COLOUR_RGB ( '',1.000000000000000000, 1.000000000000000000, 1.000000000000000000 ) ;
#2379 = ORIENTED_EDGE ( 'NONE', *, *, #6770, .F. ) ;
#2380 = AXIS2_PLACEMENT_3D ( 'NONE', #5276, #166, #813 ) ;
#2381 = ORIENTED_EDGE ( 'NONE', *, *, #3241, .F. ) ;
#2382 =( NAMED_UNIT ( * ) SI_UNIT ( $, .STERADIAN. ) SOLID_ANGLE_UNIT ( ) );
#2383 = EDGE_CURVE ( 'NONE', #6867, #6880, #1153, .T. ) ;
#2384 = DIRECTION ( 'NONE',  ( 1.000000000000000000, -0.0000000000000000000, -0.0000000000000000000 ) ) ;
#2385 = DIRECTION ( 'NONE',  ( -1.000000000000000000, -0.0000000000000000000, -0.0000000000000000000 ) ) ;
#2386 = ORIENTED_EDGE ( 'NONE', *, *, #2766, .F. ) ;
#2387 = ORIENTED_EDGE ( 'NONE', *, *, #4500, .F. ) ;
#2388 = DIRECTION ( 'NONE',  ( 0.0000000000000000000, -0.3000000000000002700, -0.9539392014169455500 ) ) ;
#2389 = EDGE_CURVE ( 'NONE', #2649, #578, #4108, .T. ) ;
#2390 = EDGE_LOOP ( 'NONE', ( #683, #3339, #7839, #4485 ) ) ;
#2391 = EDGE_CURVE ( 'NONE', #6880, #540, #3614, .T. ) ;
#2392 = AXIS2_PLACEMENT_3D ( 'NONE', #4536, #4561, #803 ) ;
#2393 = VERTEX_POINT ( 'NONE', #2204 ) ;
#2394 = CARTESIAN_POINT ( 'NONE',  ( -0.4450000000000000600, -2.982568851450467600, 0.0000000000000000000 ) ) ;
#2395 = PLANE ( 'NONE',  #1990 ) ;
#2396 = CLOSED_SHELL ( 'NONE', ( #1017, #2201, #122, #3308, #1315, #5152, #3539, #7044, #5718, #5194, #4681, #6321, #4751, #797, #6485, #2751, #2271, #568, #2765, #7763, #3927, #940 ) ) ;
#2397 = EDGE_CURVE ( 'NONE', #3331, #6146, #7849, .T. ) ;
#2398 = ORIENTED_EDGE ( 'NONE', *, *, #7416, .F. ) ;
#2399 = ORIENTED_EDGE ( 'NONE', *, *, #4277, .F. ) ;
#2400 = DIRECTION ( 'NONE',  ( -0.0000000000000000000, 0.9961946980917452100, 0.08715574274766263500 ) ) ;
#2401 = MECHANICAL_DESIGN_GEOMETRIC_PRESENTATION_REPRESENTATION (  '', ( #7573 ), #2230 ) ;
#2402 = CARTESIAN_POINT ( 'NONE',  ( -1.714999999999999900, -2.230398605410600400, 0.7703939201416775100 ) ) ;
#2403 = LINE ( 'NONE', #5159, #1175 ) ;
#2404 = CARTESIAN_POINT ( 'NONE',  ( -0.8250000000000001800, 3.000000000000000000, 0.1992389396183490100 ) ) ;
#2405 = PLANE ( 'NONE',  #3982 ) ;
#2406 = VECTOR ( 'NONE', #1753, 1000.000000000000000 ) ;
#2407 = DIRECTION ( 'NONE',  ( -1.000000000000000000, 0.0000000000000000000, -0.0000000000000000000 ) ) ;
#2408 = AXIS2_PLACEMENT_3D ( 'NONE', #4858, #4141, #6575 ) ;
#2409 = MECHANICAL_DESIGN_GEOMETRIC_PRESENTATION_REPRESENTATION (  '', ( #4147 ), #5603 ) ;
#2410 = CARTESIAN_POINT ( 'NONE',  ( -2.095000000000000200, -2.574251882586301200, 0.03572310590088358800 ) ) ;
#2411 =( NAMED_UNIT ( * ) PLANE_ANGLE_UNIT ( ) SI_UNIT ( $, .RADIAN. ) );
#2412 = PRESENTATION_STYLE_ASSIGNMENT (( #305 ) ) ;
#2413 = ADVANCED_FACE ( 'NONE', ( #7085 ), #3125, .F. ) ;
#2414 = SURFACE_SIDE_STYLE ('',( #3850 ) ) ;
#2415 = PRESENTATION_LAYER_ASSIGNMENT (  '', '', ( #5720 ) ) ;
#2416 = DIRECTION ( 'NONE',  ( 0.0000000000000000000, -0.08715574274766262100, -0.9961946980917451000 ) ) ;
#2417 = FILL_AREA_STYLE_COLOUR ( '', #576 ) ;
#2418 = CARTESIAN_POINT ( 'NONE',  ( -2.450000000000000200, 1.837567332238086800, 1.575000000000000000 ) ) ;
#2419 = CYLINDRICAL_SURFACE ( 'NONE', #5608, 0.2999999999999999300 ) ;
#2420 = FACE_OUTER_BOUND ( 'NONE', #3297, .T. ) ;
#2421 = CARTESIAN_POINT ( 'NONE',  ( 0.0000000000000000000, 1.950000000000000000, 0.7749999999999805900 ) ) ;
#2422 = DIRECTION ( 'NONE',  ( -1.000000000000000000, 0.0000000000000000000, 0.0000000000000000000 ) ) ;
#2423 = FACE_OUTER_BOUND ( 'NONE', #7610, .T. ) ;
#2424 =( GEOMETRIC_REPRESENTATION_CONTEXT ( 3 ) GLOBAL_UNCERTAINTY_ASSIGNED_CONTEXT ( ( #7898 ) ) GLOBAL_UNIT_ASSIGNED_CONTEXT ( ( #2161, #1568, #7065 ) ) REPRESENTATION_CONTEXT ( 'NONE', 'WORKASPACE' ) );
#2425 =( NAMED_UNIT ( * ) SI_UNIT ( $, .STERADIAN. ) SOLID_ANGLE_UNIT ( ) );
#2426 = DIRECTION ( 'NONE',  ( 0.0000000000000000000, -0.9961946980917452100, -0.08715574274766135800 ) ) ;
#2427 = EDGE_CURVE ( 'NONE', #955, #7904, #1960, .T. ) ;
#2428 = DIRECTION ( 'NONE',  ( 0.0000000000000000000, 0.0000000000000000000, -1.000000000000000000 ) ) ;
#2429 = ORIENTED_EDGE ( 'NONE', *, *, #443, .F. ) ;
#2430 = LINE ( 'NONE', #6504, #5903 ) ;
#2431 = CARTESIAN_POINT ( 'NONE',  ( 1.714999999999999900, -1.950000000000000000, 0.7749999999999831500 ) ) ;
#2432 = LINE ( 'NONE', #3776, #7149 ) ;
#2433 = EDGE_CURVE ( 'NONE', #2928, #1858, #2474, .T. ) ;
#2434 = CARTESIAN_POINT ( 'NONE',  ( 2.095000000000000200, 2.200398605410600200, 0.7749999999999831500 ) ) ;
#2435 = SURFACE_SIDE_STYLE ('',( #1002 ) ) ;
#2436 = MECHANICAL_DESIGN_GEOMETRIC_PRESENTATION_REPRESENTATION (  '', ( #4238 ), #4655 ) ;
#2437 = UNCERTAINTY_MEASURE_WITH_UNIT (LENGTH_MEASURE( 1.000000000000000100E-005 ), #1400, 'distance_accuracy_value', 'NONE');
#2438 = CARTESIAN_POINT ( 'NONE',  ( 0.8249999999999999600, -2.200398605410600200, 0.7749999999999831500 ) ) ;
#2439 = EDGE_CURVE ( 'NONE', #5100, #5249, #6885, .T. ) ;
#2440 = VERTEX_POINT ( 'NONE', #6604 ) ;
#2441 = VECTOR ( 'NONE', #2366, 1000.000000000000000 ) ;
#2442 = SURFACE_STYLE_USAGE ( .BOTH. , #1787 ) ;
#2443 =( GEOMETRIC_REPRESENTATION_CONTEXT ( 3 ) GLOBAL_UNCERTAINTY_ASSIGNED_CONTEXT ( ( #3374 ) ) GLOBAL_UNIT_ASSIGNED_CONTEXT ( ( #3779, #3181, #3264 ) ) REPRESENTATION_CONTEXT ( 'NONE', 'WORKASPACE' ) );
#2444 = CARTESIAN_POINT ( 'NONE',  ( -0.4450000000000000600, -2.300398605410600300, 0.6749999999999831700 ) ) ;
#2445 = DIRECTION ( 'NONE',  ( 0.1378445374916252300, 0.1378445374916257600, 0.9808148484639899200 ) ) ;
#2446 = VECTOR ( 'NONE', #1499, 1000.000000000000000 ) ;
#2447 = ORIENTED_EDGE ( 'NONE', *, *, #2586, .F. ) ;
#2448 = SURFACE_SIDE_STYLE ('',( #442 ) ) ;
#2449 = VECTOR ( 'NONE', #6278, 1000.000000000000000 ) ;
#2450 = VECTOR ( 'NONE', #714, 1000.000000000000000 ) ;
#2451 = STYLED_ITEM ( 'NONE', ( #3507 ), #263 ) ;
#2452 = ADVANCED_FACE ( 'NONE', ( #5262 ), #4730, .F. ) ;
#2453 = PLANE ( 'NONE',  #1789 ) ;
#2454 = DIRECTION ( 'NONE',  ( -1.000000000000000000, -0.0000000000000000000, -0.0000000000000000000 ) ) ;
#2455 = MECHANICAL_DESIGN_GEOMETRIC_PRESENTATION_REPRESENTATION (  '', ( #7531 ), #4562 ) ;
#2456 = VERTEX_POINT ( 'NONE', #3529 ) ;
#2457 = ORIENTED_EDGE ( 'NONE', *, *, #4028, .F. ) ;
#2458 = CARTESIAN_POINT ( 'NONE',  ( 2.095000000000000200, -2.200398605410600200, 0.9749999999999531300 ) ) ;
#2459 = SURFACE_STYLE_FILL_AREA ( #7412 ) ;
#2460 = CARTESIAN_POINT ( 'NONE',  ( 0.4449999999999998400, -3.000000000000000000, 0.1992389396183490100 ) ) ;
#2461 = FACE_OUTER_BOUND ( 'NONE', #55, .T. ) ;
#2462 =( GEOMETRIC_REPRESENTATION_CONTEXT ( 3 ) GLOBAL_UNCERTAINTY_ASSIGNED_CONTEXT ( ( #5794 ) ) GLOBAL_UNIT_ASSIGNED_CONTEXT ( ( #6410, #6530, #2826 ) ) REPRESENTATION_CONTEXT ( 'NONE', 'WORKASPACE' ) );
#2463 = VERTEX_POINT ( 'NONE', #3466 ) ;
#2464 = ORIENTED_EDGE ( 'NONE', *, *, #6356, .F. ) ;
#2465 = AXIS2_PLACEMENT_3D ( 'NONE', #325, #2799, #7113 ) ;
#2466 = DIRECTION ( 'NONE',  ( 0.0000000000000000000, 0.0000000000000000000, 1.000000000000000000 ) ) ;
#2467 = ORIENTED_EDGE ( 'NONE', *, *, #2643, .T. ) ;
#2468 =( NAMED_UNIT ( * ) PLANE_ANGLE_UNIT ( ) SI_UNIT ( $, .RADIAN. ) );
#2469 = LINE ( 'NONE', #2787, #3120 ) ;
#2470 = FILL_AREA_STYLE_COLOUR ( '', #7441 ) ;
#2471 = VERTEX_POINT ( 'NONE', #944 ) ;
#2472 = FILL_AREA_STYLE_COLOUR ( '', #4164 ) ;
#2473 = ORIENTED_EDGE ( 'NONE', *, *, #3395, .T. ) ;
#2474 = LINE ( 'NONE', #2909, #2568 ) ;
#2475 = MECHANICAL_DESIGN_GEOMETRIC_PRESENTATION_REPRESENTATION (  '', ( #1602 ), #3700 ) ;
#2476 = CARTESIAN_POINT ( 'NONE',  ( 0.8249999999999999600, -2.230398605410600400, 0.7703939201416775100 ) ) ;
#2477 = DIRECTION ( 'NONE',  ( -1.000000000000000000, -0.0000000000000000000, -0.0000000000000000000 ) ) ;
#2478 = COLOUR_RGB ( '',1.000000000000000000, 1.000000000000000000, 1.000000000000000000 ) ;
#2479 = ORIENTED_EDGE ( 'NONE', *, *, #2360, .T. ) ;
#2480 =( LENGTH_UNIT ( ) NAMED_UNIT ( * ) SI_UNIT ( .MILLI., .METRE. ) );
#2481 = FILL_AREA_STYLE ('',( #5556 ) ) ;
#2482 = VERTEX_POINT ( 'NONE', #2314 ) ;
#2483 = LINE ( 'NONE', #7905, #4612 ) ;
#2484 = DIRECTION ( 'NONE',  ( -1.000000000000000000, -0.0000000000000000000, -0.0000000000000000000 ) ) ;
#2485 = UNCERTAINTY_MEASURE_WITH_UNIT (LENGTH_MEASURE( 1.000000000000000100E-005 ), #6675, 'distance_accuracy_value', 'NONE');
#2486 = ORIENTED_EDGE ( 'NONE', *, *, #1827, .T. ) ;
#2487 = PRESENTATION_LAYER_ASSIGNMENT (  '', '', ( #4076 ) ) ;
#2488 = CARTESIAN_POINT ( 'NONE',  ( -1.664999999999999800, 2.300398605410600300, 0.6749999999999831700 ) ) ;
#2489 = EDGE_CURVE ( 'NONE', #288, #1939, #155, .T. ) ;
#2490 = CARTESIAN_POINT ( 'NONE',  ( 0.4449999999999998400, 1.950000000000000000, 0.7749999999999831500 ) ) ;
#2491 = ORIENTED_EDGE ( 'NONE', *, *, #1570, .T. ) ;
#2492 = FILL_AREA_STYLE_COLOUR ( '', #4422 ) ;
#2493 = FACE_OUTER_BOUND ( 'NONE', #3129, .T. ) ;
#2494 = ADVANCED_FACE ( 'NONE', ( #7456 ), #3527, .F. ) ;
#2495 = CLOSED_SHELL ( 'NONE', ( #5875, #3385, #7160, #3974, #926, #895, #3360, #6010, #7580, #860, #757, #6566, #4664 ) ) ;
#2496 =( LENGTH_UNIT ( ) NAMED_UNIT ( * ) SI_UNIT ( .MILLI., .METRE. ) );
#2497 = EDGE_CURVE ( 'NONE', #2928, #4611, #8040, .T. ) ;
#2498 = ORIENTED_EDGE ( 'NONE', *, *, #2165, .F. ) ;
#2499 =( NAMED_UNIT ( * ) SI_UNIT ( $, .STERADIAN. ) SOLID_ANGLE_UNIT ( ) );
#2500 = STYLED_ITEM ( 'NONE', ( #4619 ), #5060 ) ;
#2501 = CARTESIAN_POINT ( 'NONE',  ( 0.4449999999999998400, 2.574251882586301200, 0.03572310590088358800 ) ) ;
#2502 = SURFACE_STYLE_USAGE ( .BOTH. , #706 ) ;
#2503 = EDGE_CURVE ( 'NONE', #5344, #6717, #6229, .T. ) ;
#2504 = FILL_AREA_STYLE_COLOUR ( '', #4358 ) ;
#2505 = MECHANICAL_DESIGN_GEOMETRIC_PRESENTATION_REPRESENTATION (  '', ( #3262 ), #6214 ) ;
#2506 = DIRECTION ( 'NONE',  ( 0.0000000000000000000, -0.9961946980917452100, 0.08715574274766146900 ) ) ;
#2507 = LINE ( 'NONE', #3070, #2885 ) ;
#2508 = SURFACE_SIDE_STYLE ('',( #6249 ) ) ;
#2509 =( NAMED_UNIT ( * ) SI_UNIT ( $, .STERADIAN. ) SOLID_ANGLE_UNIT ( ) );
#2510 = CARTESIAN_POINT ( 'NONE',  ( 0.8249999999999999600, -2.574251882586301200, 0.03572310590088358800 ) ) ;
#2511 = COLOUR_RGB ( '',1.000000000000000000, 1.000000000000000000, 1.000000000000000000 ) ;
#2512 = AXIS2_PLACEMENT_3D ( 'NONE', #492, #1107, #5500 ) ;
#2513 = LINE ( 'NONE', #7685, #5790 ) ;
#2514 = CARTESIAN_POINT ( 'NONE',  ( 0.8249999999999999600, -3.000000000000000000, 0.1992389396183490100 ) ) ;
#2515 = DIRECTION ( 'NONE',  ( 0.0000000000000000000, 0.9961946980917453200, -0.08715574274766148300 ) ) ;
#2516 = COLOUR_RGB ( '',1.000000000000000000, 1.000000000000000000, 1.000000000000000000 ) ;
#2517 = VECTOR ( 'NONE', #6057, 1000.000000000000000 ) ;
#2518 =( LENGTH_UNIT ( ) NAMED_UNIT ( * ) SI_UNIT ( .MILLI., .METRE. ) );
#2519 =( GEOMETRIC_REPRESENTATION_CONTEXT ( 3 ) GLOBAL_UNCERTAINTY_ASSIGNED_CONTEXT ( ( #3857 ) ) GLOBAL_UNIT_ASSIGNED_CONTEXT ( ( #1917, #538, #4946 ) ) REPRESENTATION_CONTEXT ( 'NONE', 'WORKASPACE' ) );
#2520 = FILL_AREA_STYLE_COLOUR ( '', #3152 ) ;
#2521 = DIRECTION ( 'NONE',  ( -1.000000000000000000, -0.0000000000000000000, -0.0000000000000000000 ) ) ;
#2522 = CARTESIAN_POINT ( 'NONE',  ( 0.4449999999999998400, 2.200398605410600200, 0.6749999999999531900 ) ) ;
#2523 = COLOUR_RGB ( '',1.000000000000000000, 1.000000000000000000, 1.000000000000000000 ) ;
#2524 = VECTOR ( 'NONE', #5273, 1000.000000000000000 ) ;
#2525 =( NAMED_UNIT ( * ) PLANE_ANGLE_UNIT ( ) SI_UNIT ( $, .RADIAN. ) );
#2526 = FILL_AREA_STYLE_COLOUR ( '', #2621 ) ;
#2527 = PRESENTATION_LAYER_ASSIGNMENT (  '', '', ( #334 ) ) ;
#2528 = ORIENTED_EDGE ( 'NONE', *, *, #7124, .T. ) ;
#2529 =( NAMED_UNIT ( * ) PLANE_ANGLE_UNIT ( ) SI_UNIT ( $, .RADIAN. ) );
#2530 = EDGE_CURVE ( 'NONE', #5100, #7563, #2260, .T. ) ;
#2531 = DIRECTION ( 'NONE',  ( 0.0000000000000000000, -0.9902680687415708100, 0.1391731009600620800 ) ) ;
#2532 = SURFACE_STYLE_FILL_AREA ( #3971 ) ;
#2533 = EDGE_CURVE ( 'NONE', #5399, #4766, #363, .T. ) ;
#2534 = VERTEX_POINT ( 'NONE', #3573 ) ;
#2535 = PRESENTATION_STYLE_ASSIGNMENT (( #4481 ) ) ;
#2536 = DIRECTION ( 'NONE',  ( 0.0000000000000000000, 0.08715574274766148300, 0.9961946980917453200 ) ) ;
#2537 = LINE ( 'NONE', #464, #3494 ) ;
#2538 =( GEOMETRIC_REPRESENTATION_CONTEXT ( 3 ) GLOBAL_UNCERTAINTY_ASSIGNED_CONTEXT ( ( #110 ) ) GLOBAL_UNIT_ASSIGNED_CONTEXT ( ( #7192, #7802, #4944 ) ) REPRESENTATION_CONTEXT ( 'NONE', 'WORKASPACE' ) );
#2539 = CARTESIAN_POINT ( 'NONE',  ( 1.665000000000000000, 2.500398605410600000, 0.6749999999999530800 ) ) ;
#2540 = EDGE_CURVE ( 'NONE', #6225, #3526, #6792, .T. ) ;
#2541 = SURFACE_STYLE_FILL_AREA ( #5684 ) ;
#2542 = VERTEX_POINT ( 'NONE', #4890 ) ;
#2543 = DIRECTION ( 'NONE',  ( 0.0000000000000000000, 0.0000000000000000000, -1.000000000000000000 ) ) ;
#2544 = MECHANICAL_DESIGN_GEOMETRIC_PRESENTATION_REPRESENTATION (  '', ( #3467 ), #2644 ) ;
#2545 = DIRECTION ( 'NONE',  ( 0.0000000000000000000, -0.08715574274766262100, -0.9961946980917451000 ) ) ;
#2546 = VERTEX_POINT ( 'NONE', #3631 ) ;
#2547 = SURFACE_STYLE_USAGE ( .BOTH. , #6287 ) ;
#2548 = LINE ( 'NONE', #851, #1741 ) ;
#2549 = DIRECTION ( 'NONE',  ( -1.000000000000000000, 0.0000000000000000000, 0.0000000000000000000 ) ) ;
#2550 = CARTESIAN_POINT ( 'NONE',  ( -2.095000000000000200, 2.200398605410600200, 0.6749999999999831700 ) ) ;
#2551 = COLOUR_RGB ( '',1.000000000000000000, 1.000000000000000000, 1.000000000000000000 ) ;
#2552 = ORIENTED_EDGE ( 'NONE', *, *, #7289, .F. ) ;
#2553 = LINE ( 'NONE', #7167, #6124 ) ;
#2554 = AXIS2_PLACEMENT_3D ( 'NONE', #890, #3345, #3461 ) ;
#2555 = ORIENTED_EDGE ( 'NONE', *, *, #5020, .F. ) ;
#2556 = CIRCLE ( 'NONE', #7009, 0.09999999999999988100 ) ;
#2557 = FILL_AREA_STYLE ('',( #3245 ) ) ;
#2558 = STYLED_ITEM ( 'NONE', ( #833 ), #6578 ) ;
#2559 = EDGE_LOOP ( 'NONE', ( #7561, #1559, #6494, #725 ) ) ;
#2560 = VECTOR ( 'NONE', #4255, 1000.000000000000000 ) ;
#2561 = ORIENTED_EDGE ( 'NONE', *, *, #4423, .T. ) ;
#2562 = LINE ( 'NONE', #3050, #4796 ) ;
#2563 = ORIENTED_EDGE ( 'NONE', *, *, #557, .T. ) ;
#2564 = FILL_AREA_STYLE ('',( #7468 ) ) ;
#2565 = CARTESIAN_POINT ( 'NONE',  ( -1.714999999999999900, 2.200398605410600200, 0.9749999999999531300 ) ) ;
#2566 = ORIENTED_EDGE ( 'NONE', *, *, #2580, .T. ) ;
#2567 = DIRECTION ( 'NONE',  ( 0.0000000000000000000, -0.08715574274766262100, 0.9961946980917451000 ) ) ;
#2568 = VECTOR ( 'NONE', #4088, 1000.000000000000000 ) ;
#2569 = CARTESIAN_POINT ( 'NONE',  ( 2.095000000000000200, 2.600398605410600100, 0.3345815153284070800 ) ) ;
#2570 =( GEOMETRIC_REPRESENTATION_CONTEXT ( 3 ) GLOBAL_UNCERTAINTY_ASSIGNED_CONTEXT ( ( #6860 ) ) GLOBAL_UNIT_ASSIGNED_CONTEXT ( ( #2205, #4591, #444 ) ) REPRESENTATION_CONTEXT ( 'NONE', 'WORKASPACE' ) );
#2571 = ORIENTED_EDGE ( 'NONE', *, *, #2338, .F. ) ;
#2572 = VERTEX_POINT ( 'NONE', #1692 ) ;
#2573 = COLOUR_RGB ( '',1.000000000000000000, 1.000000000000000000, 1.000000000000000000 ) ;
#2574 = PLANE ( 'NONE',  #1713 ) ;
#2575 = VERTEX_POINT ( 'NONE', #3599 ) ;
#2576 = AXIS2_PLACEMENT_3D ( 'NONE', #7231, #4114, #7812 ) ;
#2577 = ORIENTED_EDGE ( 'NONE', *, *, #4698, .F. ) ;
#2578 = CARTESIAN_POINT ( 'NONE',  ( 2.095000000000000200, -2.591683031135834100, 0.2349620455192326700 ) ) ;
#2579 =( NAMED_UNIT ( * ) PLANE_ANGLE_UNIT ( ) SI_UNIT ( $, .RADIAN. ) );
#2580 = EDGE_CURVE ( 'NONE', #3603, #3197, #2556, .T. ) ;
#2581 = LINE ( 'NONE', #2431, #776 ) ;
#2582 = ORIENTED_EDGE ( 'NONE', *, *, #1502, .T. ) ;
#2583 = UNCERTAINTY_MEASURE_WITH_UNIT (LENGTH_MEASURE( 1.000000000000000100E-005 ), #3675, 'distance_accuracy_value', 'NONE');
#2584 = ORIENTED_EDGE ( 'NONE', *, *, #3919, .F. ) ;
#2585 = DIRECTION ( 'NONE',  ( 0.0000000000000000000, 0.0000000000000000000, 1.000000000000000000 ) ) ;
#2586 = EDGE_CURVE ( 'NONE', #6539, #3637, #7361, .T. ) ;
#2587 = ORIENTED_EDGE ( 'NONE', *, *, #4727, .T. ) ;
#2588 = CARTESIAN_POINT ( 'NONE',  ( 0.3949999999999999600, 2.230398605410600400, 0.7703939201416775100 ) ) ;
#2589 = SURFACE_STYLE_FILL_AREA ( #6863 ) ;
#2591 = PRESENTATION_LAYER_ASSIGNMENT (  '', '', ( #1724 ) ) ;
#2590 =( NAMED_UNIT ( * ) SI_UNIT ( $, .STERADIAN. ) SOLID_ANGLE_UNIT ( ) );
#2592 =( NAMED_UNIT ( * ) SI_UNIT ( $, .STERADIAN. ) SOLID_ANGLE_UNIT ( ) );
#2593 = EDGE_CURVE ( 'NONE', #6041, #955, #3515, .T. ) ;
#2594 = VECTOR ( 'NONE', #943, 1000.000000000000100 ) ;
#2595 = DIRECTION ( 'NONE',  ( 0.0000000000000000000, 0.0000000000000000000, 1.000000000000000000 ) ) ;
#2596 = ORIENTED_EDGE ( 'NONE', *, *, #7827, .T. ) ;
#2597 = AXIS2_PLACEMENT_3D ( 'NONE', #3862, #6910, #62 ) ;
#2598 = CARTESIAN_POINT ( 'NONE',  ( -0.8750000000000001100, -2.300398605410600300, 0.6749999999999831700 ) ) ;
#2599 = DIRECTION ( 'NONE',  ( 0.0000000000000000000, 0.0000000000000000000, 1.000000000000000000 ) ) ;
#2600 =( LENGTH_UNIT ( ) NAMED_UNIT ( * ) SI_UNIT ( .MILLI., .METRE. ) );
#2601 = DIRECTION ( 'NONE',  ( -1.000000000000000000, 0.0000000000000000000, -0.0000000000000000000 ) ) ;
#2602 = DIRECTION ( 'NONE',  ( 1.000000000000000000, 0.0000000000000000000, 0.0000000000000000000 ) ) ;
#2603 = PRESENTATION_STYLE_ASSIGNMENT (( #2148 ) ) ;
#2604 =( LENGTH_UNIT ( ) NAMED_UNIT ( * ) SI_UNIT ( .MILLI., .METRE. ) );
#2605 = DIRECTION ( 'NONE',  ( 0.0000000000000000000, 0.0000000000000000000, 1.000000000000000000 ) ) ;
#2606 =( GEOMETRIC_REPRESENTATION_CONTEXT ( 3 ) GLOBAL_UNCERTAINTY_ASSIGNED_CONTEXT ( ( #6115 ) ) GLOBAL_UNIT_ASSIGNED_CONTEXT ( ( #1912, #1942, #3249 ) ) REPRESENTATION_CONTEXT ( 'NONE', 'WORKASPACE' ) );
#2607 = SURFACE_SIDE_STYLE ('',( #7325 ) ) ;
#2608 = SURFACE_STYLE_FILL_AREA ( #2116 ) ;
#2609 = LINE ( 'NONE', #4568, #2108 ) ;
#2610 =( NAMED_UNIT ( * ) SI_UNIT ( $, .STERADIAN. ) SOLID_ANGLE_UNIT ( ) );
#2611 = FILL_AREA_STYLE_COLOUR ( '', #4881 ) ;
#2612 = MECHANICAL_DESIGN_GEOMETRIC_PRESENTATION_REPRESENTATION (  '', ( #4416 ), #488 ) ;
#2613 = CARTESIAN_POINT ( 'NONE',  ( -2.145000000000000000, 2.500398605410600000, 0.6749999999999530800 ) ) ;
#2614 = DIRECTION ( 'NONE',  ( 0.0000000000000000000, 0.9902680687415708100, 0.1391731009600620800 ) ) ;
#2615 = AXIS2_PLACEMENT_3D ( 'NONE', #6532, #1480, #4044 ) ;
#2616 = FILL_AREA_STYLE ('',( #3220 ) ) ;
#2617 = CARTESIAN_POINT ( 'NONE',  ( 0.8249999999999999600, 2.200398605410600200, 0.6749999999999831700 ) ) ;
#2618 = DIRECTION ( 'NONE',  ( 0.0000000000000000000, 0.0000000000000000000, 1.000000000000000000 ) ) ;
#2619 = ORIENTED_EDGE ( 'NONE', *, *, #2540, .F. ) ;
#2620 = EDGE_CURVE ( 'NONE', #8009, #2711, #3895, .T. ) ;
#2621 = COLOUR_RGB ( '',1.000000000000000000, 1.000000000000000000, 1.000000000000000000 ) ;
#2622 = AXIS2_PLACEMENT_3D ( 'NONE', #2373, #7316, #5512 ) ;
#2623 = SURFACE_SIDE_STYLE ('',( #191 ) ) ;
#2624 = PLANE ( 'NONE',  #6352 ) ;
#2625 = ORIENTED_EDGE ( 'NONE', *, *, #6912, .F. ) ;
#2626 = DIRECTION ( 'NONE',  ( 0.0000000000000000000, -0.3000000000000002700, -0.9539392014169455500 ) ) ;
#2627 = COLOUR_RGB ( '',0.0000000000000000000, 0.0000000000000000000, 1.000000000000000000 ) ;
#2628 = CARTESIAN_POINT ( 'NONE',  ( 2.095000000000000200, 2.591683031135834100, 0.2349620455192326700 ) ) ;
#2629 = FILL_AREA_STYLE_COLOUR ( '', #3392 ) ;
#2630 = LINE ( 'NONE', #1119, #5722 ) ;
#2631 = EDGE_CURVE ( 'NONE', #6715, #1430, #1549, .T. ) ;
#2632 = ORIENTED_EDGE ( 'NONE', *, *, #4437, .T. ) ;
#2633 =( NAMED_UNIT ( * ) PLANE_ANGLE_UNIT ( ) SI_UNIT ( $, .RADIAN. ) );
#2634 = CARTESIAN_POINT ( 'NONE',  ( 2.095000000000000200, 2.982568851450467600, 0.0000000000000000000 ) ) ;
#2635 = ADVANCED_FACE ( 'NONE', ( #4193 ), #4839, .F. ) ;
#2636 = SURFACE_STYLE_USAGE ( .BOTH. , #1945 ) ;
#2637 = EDGE_CURVE ( 'NONE', #5379, #992, #2846, .T. ) ;
#2638 = EDGE_LOOP ( 'NONE', ( #873, #2619, #4950, #167 ) ) ;
#2639 = SURFACE_STYLE_FILL_AREA ( #1361 ) ;
#2640 =( GEOMETRIC_REPRESENTATION_CONTEXT ( 3 ) GLOBAL_UNCERTAINTY_ASSIGNED_CONTEXT ( ( #4079 ) ) GLOBAL_UNIT_ASSIGNED_CONTEXT ( ( #2480, #1248, #2425 ) ) REPRESENTATION_CONTEXT ( 'NONE', 'WORKASPACE' ) );
#2641 = DIRECTION ( 'NONE',  ( -0.0000000000000000000, 1.000000000000000000, -0.0000000000000000000 ) ) ;
#2642 = ORIENTED_EDGE ( 'NONE', *, *, #1823, .T. ) ;
#2643 = EDGE_CURVE ( 'NONE', #5265, #5557, #1850, .T. ) ;
#2644 =( GEOMETRIC_REPRESENTATION_CONTEXT ( 3 ) GLOBAL_UNCERTAINTY_ASSIGNED_CONTEXT ( ( #3481 ) ) GLOBAL_UNIT_ASSIGNED_CONTEXT ( ( #1134, #5521, #2327 ) ) REPRESENTATION_CONTEXT ( 'NONE', 'WORKASPACE' ) );
#2645 = CARTESIAN_POINT ( 'NONE',  ( -2.145000000000000000, 2.230398605410600400, 0.7703939201416775100 ) ) ;
#2646 = ORIENTED_EDGE ( 'NONE', *, *, #6198, .T. ) ;
#2647 =( NAMED_UNIT ( * ) PLANE_ANGLE_UNIT ( ) SI_UNIT ( $, .RADIAN. ) );
#2648 =( NAMED_UNIT ( * ) SI_UNIT ( $, .STERADIAN. ) SOLID_ANGLE_UNIT ( ) );
#2649 = VERTEX_POINT ( 'NONE', #4329 ) ;
#2650 = VECTOR ( 'NONE', #1932, 1000.000000000000000 ) ;
#2651 = DIRECTION ( 'NONE',  ( 1.000000000000000000, -0.0000000000000000000, -0.0000000000000000000 ) ) ;
#2652 = UNCERTAINTY_MEASURE_WITH_UNIT (LENGTH_MEASURE( 1.000000000000000100E-005 ), #379, 'distance_accuracy_value', 'NONE');
#2653 = ORIENTED_EDGE ( 'NONE', *, *, #7512, .T. ) ;
#2654 = STYLED_ITEM ( 'NONE', ( #3485 ), #698 ) ;
#2655 = ORIENTED_EDGE ( 'NONE', *, *, #1087, .T. ) ;
#2656 = ORIENTED_EDGE ( 'NONE', *, *, #6394, .T. ) ;
#2657 =( NAMED_UNIT ( * ) PLANE_ANGLE_UNIT ( ) SI_UNIT ( $, .RADIAN. ) );
#2658 = ORIENTED_EDGE ( 'NONE', *, *, #5488, .F. ) ;
#2659 = STYLED_ITEM ( 'NONE', ( #7406 ), #7135 ) ;
#2660 = ORIENTED_EDGE ( 'NONE', *, *, #3139, .F. ) ;
#2661 =( NAMED_UNIT ( * ) PLANE_ANGLE_UNIT ( ) SI_UNIT ( $, .RADIAN. ) );
#2662 = STYLED_ITEM ( 'NONE', ( #73 ), #2187 ) ;
#2663 =( LENGTH_UNIT ( ) NAMED_UNIT ( * ) SI_UNIT ( .MILLI., .METRE. ) );
#2664 = ORIENTED_EDGE ( 'NONE', *, *, #6458, .F. ) ;
#2665 =( LENGTH_UNIT ( ) NAMED_UNIT ( * ) SI_UNIT ( .MILLI., .METRE. ) );
#2667 = DIRECTION ( 'NONE',  ( 0.0000000000000000000, -0.3000000000000002700, -0.9539392014169455500 ) ) ;
#2666 = AXIS2_PLACEMENT_3D ( 'NONE', #7217, #3602, #6017 ) ;
#2668 =( LENGTH_UNIT ( ) NAMED_UNIT ( * ) SI_UNIT ( .MILLI., .METRE. ) );
#2669 = DIRECTION ( 'NONE',  ( -0.0000000000000000000, 0.9539392014169455500, -0.3000000000000002700 ) ) ;
#2670 = LINE ( 'NONE', #7704, #174 ) ;
#2671 = UNCERTAINTY_MEASURE_WITH_UNIT (LENGTH_MEASURE( 1.000000000000000100E-005 ), #12, 'distance_accuracy_value', 'NONE');
#2672 = ORIENTED_EDGE ( 'NONE', *, *, #2319, .T. ) ;
#2673 = STYLED_ITEM ( 'NONE', ( #434 ), #3270 ) ;
#2674 = UNCERTAINTY_MEASURE_WITH_UNIT (LENGTH_MEASURE( 1.000000000000000100E-005 ), #5994, 'distance_accuracy_value', 'NONE');
#2675 = ADVANCED_FACE ( 'NONE', ( #7738 ), #3657, .F. ) ;
#2676 = DIRECTION ( 'NONE',  ( 0.0000000000000000000, -0.3000000000000002700, -0.9539392014169455500 ) ) ;
#2677 =( NAMED_UNIT ( * ) SI_UNIT ( $, .STERADIAN. ) SOLID_ANGLE_UNIT ( ) );
#2678 = EDGE_CURVE ( 'NONE', #4522, #484, #5935, .T. ) ;
#2679 = ORIENTED_EDGE ( 'NONE', *, *, #4558, .F. ) ;
#2680 = PRESENTATION_STYLE_ASSIGNMENT (( #6949 ) ) ;
#2681 = PLANE ( 'NONE',  #554 ) ;
#2682 = EDGE_CURVE ( 'NONE', #1959, #5739, #3705, .T. ) ;
#2684 = AXIS2_PLACEMENT_3D ( 'NONE', #301, #4707, #2861 ) ;
#2683 = CARTESIAN_POINT ( 'NONE',  ( -0.8750000000000001100, 2.230398605410600400, 0.7703939201416775100 ) ) ;
#2685 = VECTOR ( 'NONE', #3617, 1000.000000000000000 ) ;
#2686 = EDGE_CURVE ( 'NONE', #5557, #6051, #1648, .T. ) ;
#2687 = CARTESIAN_POINT ( 'NONE',  ( -2.095000000000000200, -2.982568851450467600, 0.0000000000000000000 ) ) ;
#2688 = STYLED_ITEM ( 'NONE', ( #6232 ), #5426 ) ;
#2689 =( NAMED_UNIT ( * ) PLANE_ANGLE_UNIT ( ) SI_UNIT ( $, .RADIAN. ) );
#2690 = PRESENTATION_STYLE_ASSIGNMENT (( #3540 ) ) ;
#2691 = CARTESIAN_POINT ( 'NONE',  ( 2.095000000000000200, -2.300398605410600300, 0.3345815153284068500 ) ) ;
#2692 = CARTESIAN_POINT ( 'NONE',  ( 0.8249999999999999600, 2.600398605410600100, 0.3345815153284070800 ) ) ;
#2693 = STYLED_ITEM ( 'NONE', ( #3191 ), #975 ) ;
#2694 = LINE ( 'NONE', #245, #6841 ) ;
#2695 = CARTESIAN_POINT ( 'NONE',  ( -0.8250000000000001800, 2.300398605410600300, 0.3345815153284068500 ) ) ;
#2696 =( LENGTH_UNIT ( ) NAMED_UNIT ( * ) SI_UNIT ( .MILLI., .METRE. ) );
#2697 = FILL_AREA_STYLE ('',( #2629 ) ) ;
#2698 = VECTOR ( 'NONE', #1403, 1000.000000000000000 ) ;
#2699 =( GEOMETRIC_REPRESENTATION_CONTEXT ( 3 ) GLOBAL_UNCERTAINTY_ASSIGNED_CONTEXT ( ( #6738 ) ) GLOBAL_UNIT_ASSIGNED_CONTEXT ( ( #7671, #947, #2087 ) ) REPRESENTATION_CONTEXT ( 'NONE', 'WORKASPACE' ) );
#2700 = CARTESIAN_POINT ( 'NONE',  ( -1.714999999999999900, -2.200398605410600200, 0.7749999999999831500 ) ) ;
#2701 = DIRECTION ( 'NONE',  ( 0.0000000000000000000, 0.0000000000000000000, 1.000000000000000000 ) ) ;
#2702 =( GEOMETRIC_REPRESENTATION_CONTEXT ( 3 ) GLOBAL_UNCERTAINTY_ASSIGNED_CONTEXT ( ( #5405 ) ) GLOBAL_UNIT_ASSIGNED_CONTEXT ( ( #2496, #6791, #5004 ) ) REPRESENTATION_CONTEXT ( 'NONE', 'WORKASPACE' ) );
#2703 = ORIENTED_EDGE ( 'NONE', *, *, #270, .F. ) ;
#2704 = VECTOR ( 'NONE', #4518, 1000.000000000000000 ) ;
#2705 = ADVANCED_FACE ( 'NONE', ( #1142 ), #4413, .F. ) ;
#2706 = VECTOR ( 'NONE', #4165, 1000.000000000000200 ) ;
#2707 = CARTESIAN_POINT ( 'NONE',  ( 0.8249999999999999600, -3.000000000000000000, 0.1992389396183490100 ) ) ;
#2708 = CARTESIAN_POINT ( 'NONE',  ( 0.8249999999999999600, 2.500398605410600000, 0.3345815153284070200 ) ) ;
#2709 = FACE_OUTER_BOUND ( 'NONE', #4366, .T. ) ;
#2710 = MECHANICAL_DESIGN_GEOMETRIC_PRESENTATION_REPRESENTATION (  '', ( #1019 ), #6488 ) ;
#2711 = VERTEX_POINT ( 'NONE', #1196 ) ;
#2712 = PRESENTATION_STYLE_ASSIGNMENT (( #709 ) ) ;
#2713 = CARTESIAN_POINT ( 'NONE',  ( 0.4449999999999998400, -2.500398605410600000, 0.3345815153284070200 ) ) ;
#2714 = SURFACE_STYLE_FILL_AREA ( #4663 ) ;
#2715 = CARTESIAN_POINT ( 'NONE',  ( -2.095000000000000200, 2.300398605410600300, 0.3345815153284068500 ) ) ;
#2716 = FILL_AREA_STYLE_COLOUR ( '', #5981 ) ;
#2717 = DIRECTION ( 'NONE',  ( -1.000000000000000000, -0.0000000000000000000, -0.0000000000000000000 ) ) ;
#2718 = CARTESIAN_POINT ( 'NONE',  ( -0.8750000000000001100, 2.200398605410600200, 0.6749999999999831700 ) ) ;
#2719 = ORIENTED_EDGE ( 'NONE', *, *, #5281, .T. ) ;
#2720 = LINE ( 'NONE', #4163, #33 ) ;
#2721 = EDGE_LOOP ( 'NONE', ( #5579, #6397, #7958, #5917 ) ) ;
#2722 =( NAMED_UNIT ( * ) PLANE_ANGLE_UNIT ( ) SI_UNIT ( $, .RADIAN. ) );
#2723 = VECTOR ( 'NONE', #4608, 1000.000000000000000 ) ;
#2724 = MECHANICAL_DESIGN_GEOMETRIC_PRESENTATION_REPRESENTATION (  '', ( #3250 ), #5218 ) ;
#2725 = FILL_AREA_STYLE_COLOUR ( '', #2860 ) ;
#2726 = SURFACE_STYLE_USAGE ( .BOTH. , #5920 ) ;
#2727 = CARTESIAN_POINT ( 'NONE',  ( 0.4449999999999998400, 2.300398605410600300, 0.6749999999999831700 ) ) ;
#2728 = EDGE_CURVE ( 'NONE', #924, #6299, #1232, .T. ) ;
#2729 = PRESENTATION_STYLE_ASSIGNMENT (( #3856 ) ) ;
#2730 = ORIENTED_EDGE ( 'NONE', *, *, #221, .T. ) ;
#2731 = DIRECTION ( 'NONE',  ( 0.1391731009600712700, 0.0000000000000000000, 0.9902680687415695800 ) ) ;
#2732 = VECTOR ( 'NONE', #5326, 1000.000000000000000 ) ;
#2733 = VERTEX_POINT ( 'NONE', #6877 ) ;
#2734 = SURFACE_STYLE_FILL_AREA ( #3739 ) ;
#2735 = DIRECTION ( 'NONE',  ( -1.000000000000000000, 0.0000000000000000000, -0.0000000000000000000 ) ) ;
#2736 = CARTESIAN_POINT ( 'NONE',  ( -0.8250000000000001800, -2.300398605410600300, 0.6749999999999831700 ) ) ;
#2737 = ORIENTED_EDGE ( 'NONE', *, *, #13, .F. ) ;
#2738 = PRESENTATION_STYLE_ASSIGNMENT (( #7102 ) ) ;
#2739 = AXIS2_PLACEMENT_3D ( 'NONE', #5078, #1255, #1914 ) ;
#2740 = SURFACE_STYLE_USAGE ( .BOTH. , #830 ) ;
#2741 = ORIENTED_EDGE ( 'NONE', *, *, #7472, .T. ) ;
#2742 = STYLED_ITEM ( 'NONE', ( #7057 ), #437 ) ;
#2743 = VERTEX_POINT ( 'NONE', #4309 ) ;
#2744 = SURFACE_STYLE_FILL_AREA ( #356 ) ;
#2745 = DIRECTION ( 'NONE',  ( -1.000000000000000000, -0.0000000000000000000, -0.0000000000000000000 ) ) ;
#2746 = PRESENTATION_LAYER_ASSIGNMENT (  '', '', ( #4519 ) ) ;
#2747 = DIRECTION ( 'NONE',  ( -0.0000000000000000000, 0.3000000000000002700, -0.9539392014169455500 ) ) ;
#2748 =( LENGTH_UNIT ( ) NAMED_UNIT ( * ) SI_UNIT ( .MILLI., .METRE. ) );
#2749 = ORIENTED_EDGE ( 'NONE', *, *, #4178, .T. ) ;
#2750 = ORIENTED_EDGE ( 'NONE', *, *, #5594, .T. ) ;
#2751 = ADVANCED_FACE ( 'NONE', ( #3115 ), #6190, .F. ) ;
#2752 = CARTESIAN_POINT ( 'NONE',  ( 1.714999999999999900, 2.982568851450467600, 0.0000000000000000000 ) ) ;
#2753 = SURFACE_SIDE_STYLE ('',( #7497 ) ) ;
#2754 = COLOUR_RGB ( '',1.000000000000000000, 1.000000000000000000, 1.000000000000000000 ) ;
#2755 = AXIS2_PLACEMENT_3D ( 'NONE', #6340, #4531, #6945 ) ;
#2756 = ORIENTED_EDGE ( 'NONE', *, *, #1323, .T. ) ;
#2757 = CARTESIAN_POINT ( 'NONE',  ( -0.3949999999999999600, 2.300398605410600300, 0.6749999999999831700 ) ) ;
#2758 = DIRECTION ( 'NONE',  ( 0.0000000000000000000, -0.3000000000000002700, -0.9539392014169455500 ) ) ;
#2759 = PLANE ( 'NONE',  #6869 ) ;
#2760 = AXIS2_PLACEMENT_3D ( 'NONE', #7582, #108, #759 ) ;
#2761 = CARTESIAN_POINT ( 'NONE',  ( 0.4449999999999998400, 2.200398605410600200, 0.9749999999999531300 ) ) ;
#2762 = CARTESIAN_POINT ( 'NONE',  ( -0.4450000000000000600, 2.300398605410600300, 0.6749999999999831700 ) ) ;
#2763 = ORIENTED_EDGE ( 'NONE', *, *, #6262, .F. ) ;
#2764 = ORIENTED_EDGE ( 'NONE', *, *, #1456, .F. ) ;
#2765 = ADVANCED_FACE ( 'NONE', ( #140 ), #5040, .T. ) ;
#2766 = EDGE_CURVE ( 'NONE', #2357, #5756, #5158, .T. ) ;
#2767 = STYLED_ITEM ( 'NONE', ( #4378 ), #2635 ) ;
#2768 = SURFACE_SIDE_STYLE ('',( #6550 ) ) ;
#2769 = DIRECTION ( 'NONE',  ( -1.000000000000000000, 0.0000000000000000000, 0.0000000000000000000 ) ) ;
#2770 = ORIENTED_EDGE ( 'NONE', *, *, #280, .T. ) ;
#2771 = DIRECTION ( 'NONE',  ( 0.0000000000000000000, 0.0000000000000000000, -1.000000000000000000 ) ) ;
#2772 = UNCERTAINTY_MEASURE_WITH_UNIT (LENGTH_MEASURE( 1.000000000000000100E-005 ), #3934, 'distance_accuracy_value', 'NONE');
#2773 = FACE_OUTER_BOUND ( 'NONE', #4968, .T. ) ;
#2774 = CARTESIAN_POINT ( 'NONE',  ( -1.714999999999999900, 2.574251882586301200, 0.03572310590088358800 ) ) ;
#2775 = CARTESIAN_POINT ( 'NONE',  ( 0.8249999999999999600, 2.300398605410600300, 0.6749999999999831700 ) ) ;
#2776 = DIRECTION ( 'NONE',  ( 1.000000000000000000, -0.0000000000000000000, -0.0000000000000000000 ) ) ;
#2777 = LINE ( 'NONE', #6263, #7025 ) ;
#2778 = MECHANICAL_DESIGN_GEOMETRIC_PRESENTATION_REPRESENTATION (  '', ( #334 ), #4711 ) ;
#2779 = CARTESIAN_POINT ( 'NONE',  ( 0.8249999999999999600, -2.200398605410600200, 0.6749999999999831700 ) ) ;
#2780 = DIRECTION ( 'NONE',  ( -1.000000000000000000, 0.0000000000000000000, 0.0000000000000000000 ) ) ;
#2781 = EDGE_CURVE ( 'NONE', #493, #1820, #4470, .T. ) ;
#2782 = VECTOR ( 'NONE', #7014, 1000.000000000000000 ) ;
#2783 = DIRECTION ( 'NONE',  ( 0.0000000000000000000, 0.9961946980917452100, 0.08715574274766146900 ) ) ;
#2784 = VECTOR ( 'NONE', #2, 1000.000000000000000 ) ;
#2785 = FILL_AREA_STYLE ('',( #6399 ) ) ;
#2786 = CARTESIAN_POINT ( 'NONE',  ( -2.095000000000000200, 2.500398605410600000, 0.3345815153284070200 ) ) ;
#2787 = CARTESIAN_POINT ( 'NONE',  ( 0.3949999999999999600, 2.300398605410600300, 0.6749999999999831700 ) ) ;
#2788 = EDGE_CURVE ( 'NONE', #3396, #5077, #5925, .T. ) ;
#2789 = EDGE_CURVE ( 'NONE', #955, #573, #3503, .T. ) ;
#2790 =( LENGTH_UNIT ( ) NAMED_UNIT ( * ) SI_UNIT ( .MILLI., .METRE. ) );
#2792 = MECHANICAL_DESIGN_GEOMETRIC_PRESENTATION_REPRESENTATION (  '', ( #8043 ), #7890 ) ;
#2791 = DIRECTION ( 'NONE',  ( 0.0000000000000000000, -0.9961946980917452100, 0.08715574274766146900 ) ) ;
#2793 = EDGE_CURVE ( 'NONE', #3143, #1662, #46, .T. ) ;
#2794 = ADVANCED_FACE ( 'NONE', ( #6119 ), #2077, .F. ) ;
#2795 = LINE ( 'NONE', #229, #1104 ) ;
#2796 = DIRECTION ( 'NONE',  ( -1.000000000000000000, 0.0000000000000000000, 0.0000000000000000000 ) ) ;
#2797 =( GEOMETRIC_REPRESENTATION_CONTEXT ( 3 ) GLOBAL_UNCERTAINTY_ASSIGNED_CONTEXT ( ( #3136 ) ) GLOBAL_UNIT_ASSIGNED_CONTEXT ( ( #705, #5725, #4475 ) ) REPRESENTATION_CONTEXT ( 'NONE', 'WORKASPACE' ) );
#2798 = CARTESIAN_POINT ( 'NONE',  ( 2.145000000000000000, -2.300398605410600300, 0.6749999999999831700 ) ) ;
#2799 = DIRECTION ( 'NONE',  ( 0.0000000000000000000, 0.9539392014169455500, 0.3000000000000002700 ) ) ;
#2800 = LINE ( 'NONE', #1292, #1807 ) ;
#2801 = SURFACE_SIDE_STYLE ('',( #5001 ) ) ;
#2802 = LINE ( 'NONE', #4588, #2219 ) ;
#2803 =( LENGTH_UNIT ( ) NAMED_UNIT ( * ) SI_UNIT ( .MILLI., .METRE. ) );
#2804 = CARTESIAN_POINT ( 'NONE',  ( -1.714999999999999900, 2.600398605410600100, 0.3345815153284070800 ) ) ;
#2805 = AXIS2_PLACEMENT_3D ( 'NONE', #6683, #2878, #3482 ) ;
#2806 = ORIENTED_EDGE ( 'NONE', *, *, #4856, .T. ) ;
#2807 = ADVANCED_FACE ( 'NONE', ( #6875 ), #688, .T. ) ;
#2808 = LINE ( 'NONE', #5272, #7045 ) ;
#2809 = PLANE ( 'NONE',  #4310 ) ;
#2810 = PRESENTATION_LAYER_ASSIGNMENT (  '', '', ( #244 ) ) ;
#2811 = DIRECTION ( 'NONE',  ( 0.0000000000000000000, 0.08715574274766137200, -0.9961946980917453200 ) ) ;
#2812 = COLOUR_RGB ( '',1.000000000000000000, 1.000000000000000000, 1.000000000000000000 ) ;
#2813 = DIRECTION ( 'NONE',  ( 0.0000000000000000000, 0.0000000000000000000, -1.000000000000000000 ) ) ;
#2814 = FILL_AREA_STYLE ('',( #3429 ) ) ;
#2815 = CARTESIAN_POINT ( 'NONE',  ( 2.095000000000000200, -2.300398605410600300, 0.6749999999999831700 ) ) ;
#2816 = ORIENTED_EDGE ( 'NONE', *, *, #4549, .T. ) ;
#2817 = PRESENTATION_LAYER_ASSIGNMENT (  '', '', ( #2662 ) ) ;
#2818 = FILL_AREA_STYLE ('',( #7132 ) ) ;
#2819 = UNCERTAINTY_MEASURE_WITH_UNIT (LENGTH_MEASURE( 1.000000000000000100E-005 ), #7499, 'distance_accuracy_value', 'NONE');
#2820 = LINE ( 'NONE', #1254, #6487 ) ;
#2821 = VERTEX_POINT ( 'NONE', #1357 ) ;
#2822 = DIRECTION ( 'NONE',  ( -1.000000000000000000, -0.0000000000000000000, -0.0000000000000000000 ) ) ;
#2823 = FILL_AREA_STYLE_COLOUR ( '', #6995 ) ;
#2824 = FACE_OUTER_BOUND ( 'NONE', #7018, .T. ) ;
#2825 = VECTOR ( 'NONE', #6254, 1000.000000000000000 ) ;
#2826 =( NAMED_UNIT ( * ) SI_UNIT ( $, .STERADIAN. ) SOLID_ANGLE_UNIT ( ) );
#2827 = DIRECTION ( 'NONE',  ( 0.0000000000000000000, 0.0000000000000000000, 1.000000000000000000 ) ) ;
#2828 = FACE_OUTER_BOUND ( 'NONE', #3981, .T. ) ;
#2829 = PRESENTATION_LAYER_ASSIGNMENT (  '', '', ( #2673 ) ) ;
#2830 = COLOUR_RGB ( '',1.000000000000000000, 1.000000000000000000, 1.000000000000000000 ) ;
#2831 = EDGE_CURVE ( 'NONE', #8014, #573, #5057, .T. ) ;
#2832 = SURFACE_SIDE_STYLE ('',( #3711 ) ) ;
#2833 = ORIENTED_EDGE ( 'NONE', *, *, #7925, .T. ) ;
#2834 = ORIENTED_EDGE ( 'NONE', *, *, #7420, .T. ) ;
#2835 = DIRECTION ( 'NONE',  ( 0.0000000000000000000, 0.0000000000000000000, -1.000000000000000000 ) ) ;
#2836 = ADVANCED_FACE ( 'NONE', ( #2828 ), #2681, .F. ) ;
#2837 = CARTESIAN_POINT ( 'NONE',  ( -0.4450000000000000600, 2.300398605410600300, 0.6749999999999831700 ) ) ;
#2838 =( NAMED_UNIT ( * ) SI_UNIT ( $, .STERADIAN. ) SOLID_ANGLE_UNIT ( ) );
#2839 = EDGE_CURVE ( 'NONE', #6539, #1125, #1127, .T. ) ;
#2840 = COLOUR_RGB ( '',1.000000000000000000, 1.000000000000000000, 1.000000000000000000 ) ;
#2841 = ORIENTED_EDGE ( 'NONE', *, *, #6912, .T. ) ;
#2842 = VECTOR ( 'NONE', #2181, 1000.000000000000000 ) ;
#2843 = PRESENTATION_LAYER_ASSIGNMENT (  '', '', ( #1435 ) ) ;
#2844 = DIRECTION ( 'NONE',  ( 0.0000000000000000000, -1.273963925350998900E-015, -1.000000000000000000 ) ) ;
#2845 = EDGE_LOOP ( 'NONE', ( #4095, #2948, #3894, #4129 ) ) ;
#2846 = LINE ( 'NONE', #7338, #6984 ) ;
#2847 = EDGE_CURVE ( 'NONE', #4611, #1829, #5458, .T. ) ;
#2848 = ORIENTED_EDGE ( 'NONE', *, *, #6523, .T. ) ;
#2849 = VECTOR ( 'NONE', #4354, 1000.000000000000000 ) ;
#2850 = ORIENTED_EDGE ( 'NONE', *, *, #1429, .T. ) ;
#2851 = CARTESIAN_POINT ( 'NONE',  ( -5.000000000000000000, -1.919999999999995000, 0.7749999999999805900 ) ) ;
#2852 = COLOUR_RGB ( '',1.000000000000000000, 1.000000000000000000, 1.000000000000000000 ) ;
#2853 = ORIENTED_EDGE ( 'NONE', *, *, #346, .F. ) ;
#2854 = ADVANCED_FACE ( 'NONE', ( #4462 ), #930, .F. ) ;
#2855 = CYLINDRICAL_SURFACE ( 'NONE', #4857, 0.2999999999999999300 ) ;
#2856 =( NAMED_UNIT ( * ) PLANE_ANGLE_UNIT ( ) SI_UNIT ( $, .RADIAN. ) );
#2857 = DIRECTION ( 'NONE',  ( 0.0000000000000000000, 0.08715574274766137200, -0.9961946980917453200 ) ) ;
#2858 = EDGE_LOOP ( 'NONE', ( #3622, #3730, #59, #1880, #4029, #154, #4617, #670 ) ) ;
#2859 = STYLED_ITEM ( 'NONE', ( #4578 ), #212 ) ;
#2860 = COLOUR_RGB ( '',1.000000000000000000, 1.000000000000000000, 1.000000000000000000 ) ;
#2861 = DIRECTION ( 'NONE',  ( 0.0000000000000000000, 0.0000000000000000000, -1.000000000000000000 ) ) ;
#2862 =( GEOMETRIC_REPRESENTATION_CONTEXT ( 3 ) GLOBAL_UNCERTAINTY_ASSIGNED_CONTEXT ( ( #2307 ) ) GLOBAL_UNIT_ASSIGNED_CONTEXT ( ( #5516, #6121, #3066 ) ) REPRESENTATION_CONTEXT ( 'NONE', 'WORKASPACE' ) );
#2863 = DIRECTION ( 'NONE',  ( 1.000000000000000000, -0.0000000000000000000, -0.0000000000000000000 ) ) ;
#2864 = DIRECTION ( 'NONE',  ( -1.000000000000000000, -0.0000000000000000000, -0.0000000000000000000 ) ) ;
#2865 = ORIENTED_EDGE ( 'NONE', *, *, #5253, .F. ) ;
#2866 = CARTESIAN_POINT ( 'NONE',  ( 0.4449999999999998400, -2.500398605410600000, 0.6749999999999530800 ) ) ;
#2867 = COLOUR_RGB ( '',1.000000000000000000, 1.000000000000000000, 1.000000000000000000 ) ;
#2868 = DIRECTION ( 'NONE',  ( -5.531643737170940500E-018, 0.0000000000000000000, 1.000000000000000000 ) ) ;
#2869 = EDGE_LOOP ( 'NONE', ( #3046, #6821, #238, #4312 ) ) ;
#2870 = MECHANICAL_DESIGN_GEOMETRIC_PRESENTATION_REPRESENTATION (  '', ( #4220 ), #4638 ) ;
#2871 = DIRECTION ( 'NONE',  ( 0.0000000000000000000, -1.000000000000000000, -1.501620008892423400E-013 ) ) ;
#2872 = CARTESIAN_POINT ( 'NONE',  ( -1.714999999999999900, 2.200398605410600200, 0.9749999999999531300 ) ) ;
#2873 = ORIENTED_EDGE ( 'NONE', *, *, #2324, .F. ) ;
#2874 = STYLED_ITEM ( 'NONE', ( #1334 ), #7807 ) ;
#2875 = SURFACE_STYLE_FILL_AREA ( #3630 ) ;
#2876 = SURFACE_STYLE_FILL_AREA ( #3067 ) ;
#2877 = ORIENTED_EDGE ( 'NONE', *, *, #1785, .T. ) ;
#2878 = DIRECTION ( 'NONE',  ( 0.0000000000000000000, -0.9902680687415708100, 0.1391731009600625200 ) ) ;
#2879 = DIRECTION ( 'NONE',  ( 0.0000000000000000000, 0.9961946980917453200, -0.08715574274766148300 ) ) ;
#2880 = CIRCLE ( 'NONE', #224, 0.2999999999999999300 ) ;
#2881 = ADVANCED_FACE ( 'NONE', ( #3787 ), #6512, .F. ) ;
#2882 =( GEOMETRIC_REPRESENTATION_CONTEXT ( 3 ) GLOBAL_UNCERTAINTY_ASSIGNED_CONTEXT ( ( #4721 ) ) GLOBAL_UNIT_ASSIGNED_CONTEXT ( ( #7291, #4228, #477 ) ) REPRESENTATION_CONTEXT ( 'NONE', 'WORKASPACE' ) );
#2883 =( NAMED_UNIT ( * ) SI_UNIT ( $, .STERADIAN. ) SOLID_ANGLE_UNIT ( ) );
#2884 = DIRECTION ( 'NONE',  ( -1.000000000000000000, 0.0000000000000000000, -0.0000000000000000000 ) ) ;
#2885 = VECTOR ( 'NONE', #7375, 1000.000000000000000 ) ;
#2886 = SURFACE_STYLE_USAGE ( .BOTH. , #7853 ) ;
#2887 = CARTESIAN_POINT ( 'NONE',  ( 0.8249999999999999600, 2.200398605410600200, 0.7749999999999831500 ) ) ;
#2888 = DIRECTION ( 'NONE',  ( 1.000000000000000000, 0.0000000000000000000, 0.0000000000000000000 ) ) ;
#2890 =( NAMED_UNIT ( * ) SI_UNIT ( $, .STERADIAN. ) SOLID_ANGLE_UNIT ( ) );
#2889 = MECHANICAL_DESIGN_GEOMETRIC_PRESENTATION_REPRESENTATION (  '', ( #4076 ), #3282 ) ;
#2891 = ADVANCED_FACE ( 'NONE', ( #2350 ), #7101, .T. ) ;
#2892 = VECTOR ( 'NONE', #7251, 1000.000000000000000 ) ;
#2893 = CARTESIAN_POINT ( 'NONE',  ( 0.8249999999999999600, 2.200398605410600200, 0.9749999999999531300 ) ) ;
#2894 = EDGE_CURVE ( 'NONE', #3032, #7936, #4372, .T. ) ;
#2895 =( NAMED_UNIT ( * ) PLANE_ANGLE_UNIT ( ) SI_UNIT ( $, .RADIAN. ) );
#2896 = DIRECTION ( 'NONE',  ( -1.000000000000000000, -0.0000000000000000000, -0.0000000000000000000 ) ) ;
#2897 = CARTESIAN_POINT ( 'NONE',  ( -2.145000000000000000, -2.300398605410600300, 0.6749999999999831700 ) ) ;
#2898 = VECTOR ( 'NONE', #4459, 1000.000000000000000 ) ;
#2899 = CARTESIAN_POINT ( 'NONE',  ( -2.145000000000000000, -2.230398605410600400, 0.7703939201416775100 ) ) ;
#2900 = FACE_OUTER_BOUND ( 'NONE', #5288, .T. ) ;
#2901 = EDGE_CURVE ( 'NONE', #4223, #2368, #2548, .T. ) ;
#2902 = UNCERTAINTY_MEASURE_WITH_UNIT (LENGTH_MEASURE( 1.000000000000000100E-005 ), #5298, 'distance_accuracy_value', 'NONE');
#2903 = FILL_AREA_STYLE_COLOUR ( '', #3979 ) ;
#2905 = PRESENTATION_LAYER_ASSIGNMENT (  '', '', ( #4555 ) ) ;
#2904 = DIRECTION ( 'NONE',  ( -1.000000000000000000, 0.0000000000000000000, 0.0000000000000000000 ) ) ;
#2906 = EDGE_CURVE ( 'NONE', #787, #6873, #1048, .T. ) ;
#2907 = PRESENTATION_STYLE_ASSIGNMENT (( #2740 ) ) ;
#2908 =( NAMED_UNIT ( * ) SI_UNIT ( $, .STERADIAN. ) SOLID_ANGLE_UNIT ( ) );
#2909 = CARTESIAN_POINT ( 'NONE',  ( 2.145000000000000000, -2.230398605410600400, 0.7703939201416775100 ) ) ;
#2910 = AXIS2_PLACEMENT_3D ( 'NONE', #2169, #2082, #1384 ) ;
#2911 = DIRECTION ( 'NONE',  ( 1.000000000000000000, 0.0000000000000000000, 0.0000000000000000000 ) ) ;
#2912 = ORIENTED_EDGE ( 'NONE', *, *, #7366, .F. ) ;
#2913 = LINE ( 'NONE', #469, #5340 ) ;
#2914 = CARTESIAN_POINT ( 'NONE',  ( 2.095000000000000200, -2.500398605410600000, 0.6749999999999530800 ) ) ;
#2915 = VECTOR ( 'NONE', #3174, 1000.000000000000000 ) ;
#2916 =( NAMED_UNIT ( * ) SI_UNIT ( $, .STERADIAN. ) SOLID_ANGLE_UNIT ( ) );
#2917 = SURFACE_STYLE_FILL_AREA ( #913 ) ;
#2918 =( GEOMETRIC_REPRESENTATION_CONTEXT ( 3 ) GLOBAL_UNCERTAINTY_ASSIGNED_CONTEXT ( ( #3670 ) ) GLOBAL_UNIT_ASSIGNED_CONTEXT ( ( #1428, #6475, #1523 ) ) REPRESENTATION_CONTEXT ( 'NONE', 'WORKASPACE' ) );
#2919 = FILL_AREA_STYLE ('',( #4741 ) ) ;
#2920 = ORIENTED_EDGE ( 'NONE', *, *, #6212, .F. ) ;
#2921 = COLOUR_RGB ( '',1.000000000000000000, 1.000000000000000000, 1.000000000000000000 ) ;
#2922 = FILL_AREA_STYLE ('',( #376 ) ) ;
#2923 = UNCERTAINTY_MEASURE_WITH_UNIT (LENGTH_MEASURE( 1.000000000000000100E-005 ), #2748, 'distance_accuracy_value', 'NONE');
#2924 = DIRECTION ( 'NONE',  ( 0.0000000000000000000, 0.1391731009600620800, -0.9902680687415708100 ) ) ;
#2925 = CARTESIAN_POINT ( 'NONE',  ( 0.8249999999999999600, 2.300398605410600300, 0.3345815153284068500 ) ) ;
#2926 = FILL_AREA_STYLE ('',( #2959 ) ) ;
#2927 = AXIS2_PLACEMENT_3D ( 'NONE', #7544, #6306, #6280 ) ;
#2928 = VERTEX_POINT ( 'NONE', #5200 ) ;
#2929 = ORIENTED_EDGE ( 'NONE', *, *, #6156, .F. ) ;
#2930 = FACE_OUTER_BOUND ( 'NONE', #779, .T. ) ;
#2931 =( NAMED_UNIT ( * ) PLANE_ANGLE_UNIT ( ) SI_UNIT ( $, .RADIAN. ) );
#2932 = ORIENTED_EDGE ( 'NONE', *, *, #1083, .F. ) ;
#2933 = ADVANCED_FACE ( 'NONE', ( #849 ), #6548, .F. ) ;
#2934 = CARTESIAN_POINT ( 'NONE',  ( 0.8249999999999999600, 2.600398605410600100, 0.3345815153284071300 ) ) ;
#2935 = CARTESIAN_POINT ( 'NONE',  ( 1.714999999999999900, 2.200398605410600200, 0.9749999999999531300 ) ) ;
#2936 = VECTOR ( 'NONE', #1709, 1000.000000000000000 ) ;
#2937 = FILL_AREA_STYLE_COLOUR ( '', #2830 ) ;
#2938 = ORIENTED_EDGE ( 'NONE', *, *, #1894, .F. ) ;
#2939 = LINE ( 'NONE', #5937, #2732 ) ;
#2940 = CARTESIAN_POINT ( 'NONE',  ( -1.714999999999999900, 2.982568851450467600, 0.0000000000000000000 ) ) ;
#2941 = ORIENTED_EDGE ( 'NONE', *, *, #5689, .T. ) ;
#2942 = AXIS2_PLACEMENT_3D ( 'NONE', #4573, #4030, #880 ) ;
#2943 = PLANE ( 'NONE',  #2107 ) ;
#2944 = EDGE_CURVE ( 'NONE', #4793, #338, #5618, .T. ) ;
#2945 = ORIENTED_EDGE ( 'NONE', *, *, #2894, .T. ) ;
#2946 =( NAMED_UNIT ( * ) PLANE_ANGLE_UNIT ( ) SI_UNIT ( $, .RADIAN. ) );
#2947 = EDGE_LOOP ( 'NONE', ( #6983, #600, #6531, #7854 ) ) ;
#2948 = ORIENTED_EDGE ( 'NONE', *, *, #8048, .F. ) ;
#2949 =( LENGTH_UNIT ( ) NAMED_UNIT ( * ) SI_UNIT ( .MILLI., .METRE. ) );
#2950 = EDGE_CURVE ( 'NONE', #5557, #2276, #6202, .T. ) ;
#2951 =( LENGTH_UNIT ( ) NAMED_UNIT ( * ) SI_UNIT ( .MILLI., .METRE. ) );
#2952 = FACE_OUTER_BOUND ( 'NONE', #7644, .T. ) ;
#2953 = ORIENTED_EDGE ( 'NONE', *, *, #7472, .F. ) ;
#2954 =( GEOMETRIC_REPRESENTATION_CONTEXT ( 3 ) GLOBAL_UNCERTAINTY_ASSIGNED_CONTEXT ( ( #7944 ) ) GLOBAL_UNIT_ASSIGNED_CONTEXT ( ( #3662, #3081, #534 ) ) REPRESENTATION_CONTEXT ( 'NONE', 'WORKASPACE' ) );
#2955 = SURFACE_STYLE_FILL_AREA ( #996 ) ;
#2956 = SURFACE_SIDE_STYLE ('',( #5474 ) ) ;
#2957 = VERTEX_POINT ( 'NONE', #2102 ) ;
#2958 = DIRECTION ( 'NONE',  ( -1.000000000000000000, -0.0000000000000000000, -0.0000000000000000000 ) ) ;
#2959 = FILL_AREA_STYLE_COLOUR ( '', #5071 ) ;
#2960 = EDGE_CURVE ( 'NONE', #2482, #6880, #3289, .T. ) ;
#2961 = SURFACE_SIDE_STYLE ('',( #4872 ) ) ;
#2962 =( GEOMETRIC_REPRESENTATION_CONTEXT ( 3 ) GLOBAL_UNCERTAINTY_ASSIGNED_CONTEXT ( ( #572 ) ) GLOBAL_UNIT_ASSIGNED_CONTEXT ( ( #3257, #6899, #5054 ) ) REPRESENTATION_CONTEXT ( 'NONE', 'WORKASPACE' ) );
#2963 = LINE ( 'NONE', #7320, #1072 ) ;
#2964 = ORIENTED_EDGE ( 'NONE', *, *, #6825, .F. ) ;
#2965 = FACE_OUTER_BOUND ( 'NONE', #8001, .T. ) ;
#2966 = DIRECTION ( 'NONE',  ( 0.0000000000000000000, 0.0000000000000000000, 1.000000000000000000 ) ) ;
#2967 = EDGE_LOOP ( 'NONE', ( #6855, #847, #8060, #7952, #2964, #4786, #2279, #3956, #4280, #7620 ) ) ;
#2968 = DIRECTION ( 'NONE',  ( 0.0000000000000000000, 0.08715574274766148300, 0.9961946980917453200 ) ) ;
#2969 = PRESENTATION_STYLE_ASSIGNMENT (( #612 ) ) ;
#2970 = DIRECTION ( 'NONE',  ( 0.0000000000000000000, 0.08715574274766148300, 0.9961946980917453200 ) ) ;
#2971 = AXIS2_PLACEMENT_3D ( 'NONE', #6598, #1044, #7235 ) ;
#2972 = VERTEX_POINT ( 'NONE', #6659 ) ;
#2973 = DIRECTION ( 'NONE',  ( 0.0000000000000000000, -1.273963925350998900E-015, 1.000000000000000000 ) ) ;
#2974 = MECHANICAL_DESIGN_GEOMETRIC_PRESENTATION_REPRESENTATION (  '', ( #2558 ), #6936 ) ;
#2975 = CARTESIAN_POINT ( 'NONE',  ( -2.450000000000000200, -1.587567332238086800, 1.575000000000000000 ) ) ;
#2976 = VERTEX_POINT ( 'NONE', #4190 ) ;
#2977 = FILL_AREA_STYLE ('',( #6672 ) ) ;
#2978 = PRESENTATION_STYLE_ASSIGNMENT (( #5188 ) ) ;
#2979 = VECTOR ( 'NONE', #7909, 1000.000000000000000 ) ;
#2980 = DIRECTION ( 'NONE',  ( 0.0000000000000000000, 0.9961946980917452100, -0.08715574274766135800 ) ) ;
#2981 = CARTESIAN_POINT ( 'NONE',  ( -2.339703678458467700, -1.839703678458466800, 1.559799106786975400 ) ) ;
#2982 = LINE ( 'NONE', #2999, #412 ) ;
#2983 = CARTESIAN_POINT ( 'NONE',  ( 0.8249999999999999600, -1.921891833059526500, 0.9749999999999531300 ) ) ;
#2984 =( LENGTH_UNIT ( ) NAMED_UNIT ( * ) SI_UNIT ( .MILLI., .METRE. ) );
#2985 = LINE ( 'NONE', #6981, #4525 ) ;
#2986 = FACE_OUTER_BOUND ( 'NONE', #7821, .T. ) ;
#2987 = LINE ( 'NONE', #3586, #5880 ) ;
#2988 = MECHANICAL_DESIGN_GEOMETRIC_PRESENTATION_REPRESENTATION (  '', ( #7362 ), #2424 ) ;
#2989 = SURFACE_STYLE_USAGE ( .BOTH. , #7899 ) ;
#2990 = EDGE_CURVE ( 'NONE', #7660, #5056, #1411, .T. ) ;
#2991 = PLANE ( 'NONE',  #2666 ) ;
#2992 =( LENGTH_UNIT ( ) NAMED_UNIT ( * ) SI_UNIT ( .MILLI., .METRE. ) );
#2993 = EDGE_CURVE ( 'NONE', #5379, #7260, #5349, .T. ) ;
#2994 = DIRECTION ( 'NONE',  ( 0.0000000000000000000, 0.0000000000000000000, -1.000000000000000000 ) ) ;
#2995 = FILL_AREA_STYLE ('',( #4847 ) ) ;
#2996 = MECHANICAL_DESIGN_GEOMETRIC_PRESENTATION_REPRESENTATION (  '', ( #1724 ), #6724 ) ;
#2997 = EDGE_CURVE ( 'NONE', #6225, #3918, #4362, .T. ) ;
#2998 = PRESENTATION_STYLE_ASSIGNMENT (( #6589 ) ) ;
#2999 = CARTESIAN_POINT ( 'NONE',  ( -2.145000000000000000, -2.230398605410600400, 0.7703939201416775100 ) ) ;
#3000 = PRESENTATION_LAYER_ASSIGNMENT (  '', '', ( #5900 ) ) ;
#3001 = SURFACE_SIDE_STYLE ('',( #8035 ) ) ;
#3002 =( NAMED_UNIT ( * ) PLANE_ANGLE_UNIT ( ) SI_UNIT ( $, .RADIAN. ) );
#3003 = VERTEX_POINT ( 'NONE', #2925 ) ;
#3004 = LINE ( 'NONE', #2598, #4750 ) ;
#3005 = CARTESIAN_POINT ( 'NONE',  ( -1.714999999999999900, -3.000000000000000000, 0.1992389396183490100 ) ) ;
#3006 = FACE_OUTER_BOUND ( 'NONE', #824, .T. ) ;
#3007 = SURFACE_SIDE_STYLE ('',( #6381 ) ) ;
#3008 = AXIS2_PLACEMENT_3D ( 'NONE', #2899, #343, #3545 ) ;
#3009 = ORIENTED_EDGE ( 'NONE', *, *, #4331, .T. ) ;
#3010 = DIRECTION ( 'NONE',  ( 0.0000000000000000000, 0.0000000000000000000, 1.000000000000000000 ) ) ;
#3011 = DIRECTION ( 'NONE',  ( -1.000000000000000000, -0.0000000000000000000, 0.0000000000000000000 ) ) ;
#3012 = CARTESIAN_POINT ( 'NONE',  ( 1.714999999999999900, 2.290398605410591600, 0.9611817604250397800 ) ) ;
#3013 = CARTESIAN_POINT ( 'NONE',  ( -2.145000000000000000, -2.230398605410600400, 0.7703939201416775100 ) ) ;
#3014 = CARTESIAN_POINT ( 'NONE',  ( 1.714999999999999900, 2.500398605410600000, 0.3345815153284070200 ) ) ;
#3015 = ORIENTED_EDGE ( 'NONE', *, *, #109, .F. ) ;
#3016 = CARTESIAN_POINT ( 'NONE',  ( 2.095000000000000200, -2.200398605410600200, 0.7749999999999831500 ) ) ;
#3017 = VECTOR ( 'NONE', #5223, 1000.000000000000000 ) ;
#3018 = MECHANICAL_DESIGN_GEOMETRIC_PRESENTATION_REPRESENTATION (  '', ( #2192 ), #5105 ) ;
#3019 = UNCERTAINTY_MEASURE_WITH_UNIT (LENGTH_MEASURE( 1.000000000000000100E-005 ), #5999, 'distance_accuracy_value', 'NONE');
#3020 = STYLED_ITEM ( 'NONE', ( #3310 ), #7847 ) ;
#3021 = LINE ( 'NONE', #6641, #7530 ) ;
#3022 = ORIENTED_EDGE ( 'NONE', *, *, #991, .F. ) ;
#3023 = DIRECTION ( 'NONE',  ( -1.000000000000000000, -0.0000000000000000000, -0.0000000000000000000 ) ) ;
#3024 = LINE ( 'NONE', #3686, #3399 ) ;
#3025 =( NAMED_UNIT ( * ) SI_UNIT ( $, .STERADIAN. ) SOLID_ANGLE_UNIT ( ) );
#3026 = ORIENTED_EDGE ( 'NONE', *, *, #6467, .T. ) ;
#3027 = EDGE_CURVE ( 'NONE', #1426, #4855, #133, .T. ) ;
#3028 =( NAMED_UNIT ( * ) PLANE_ANGLE_UNIT ( ) SI_UNIT ( $, .RADIAN. ) );
#3029 = CARTESIAN_POINT ( 'NONE',  ( 2.095000000000000200, -2.200398605410600200, 0.9749999999999531300 ) ) ;
#3030 = VERTEX_POINT ( 'NONE', #2872 ) ;
#3031 = CYLINDRICAL_SURFACE ( 'NONE', #4731, 0.09999999999999988100 ) ;
#3032 = VERTEX_POINT ( 'NONE', #4775 ) ;
#3033 = FILL_AREA_STYLE_COLOUR ( '', #1984 ) ;
#3034 = FILL_AREA_STYLE ('',( #3405 ) ) ;
#3035 = SURFACE_STYLE_USAGE ( .BOTH. , #1276 ) ;
#3036 = ORIENTED_EDGE ( 'NONE', *, *, #5275, .T. ) ;
#3037 = ORIENTED_EDGE ( 'NONE', *, *, #6100, .F. ) ;
#3038 = PRESENTATION_STYLE_ASSIGNMENT (( #6595 ) ) ;
#3039 = ORIENTED_EDGE ( 'NONE', *, *, #3283, .T. ) ;
#3040 = PRESENTATION_LAYER_ASSIGNMENT (  '', '', ( #6503 ) ) ;
#3041 = VERTEX_POINT ( 'NONE', #2328 ) ;
#3042 = EDGE_CURVE ( 'NONE', #5266, #2821, #836, .T. ) ;
#3043 = CARTESIAN_POINT ( 'NONE',  ( -2.145000000000000000, -2.290398605410596000, 0.9611817604250529900 ) ) ;
#3044 = ORIENTED_EDGE ( 'NONE', *, *, #6458, .T. ) ;
#3045 = CARTESIAN_POINT ( 'NONE',  ( 1.714999999999999900, -2.200398605410600200, 0.6749999999999531900 ) ) ;
#3046 = ORIENTED_EDGE ( 'NONE', *, *, #5622, .T. ) ;
#3047 = EDGE_CURVE ( 'NONE', #3923, #6539, #2130, .T. ) ;
#3048 = PRESENTATION_LAYER_ASSIGNMENT (  '', '', ( #2500 ) ) ;
#3049 = ORIENTED_EDGE ( 'NONE', *, *, #3613, .T. ) ;
#3050 = CARTESIAN_POINT ( 'NONE',  ( -0.8250000000000001800, 2.300398605410600300, 0.6749999999999831700 ) ) ;
#3051 = DIRECTION ( 'NONE',  ( 1.000000000000000000, -0.0000000000000000000, -0.0000000000000000000 ) ) ;
#3052 = VERTEX_POINT ( 'NONE', #7177 ) ;
#3053 = EDGE_CURVE ( 'NONE', #4371, #7373, #4566, .T. ) ;
#3054 = ORIENTED_EDGE ( 'NONE', *, *, #768, .T. ) ;
#3055 = ORIENTED_EDGE ( 'NONE', *, *, #1993, .F. ) ;
#3056 = DIRECTION ( 'NONE',  ( 0.0000000000000000000, -0.9961946980917452100, 0.08715574274766146900 ) ) ;
#3057 = MECHANICAL_DESIGN_GEOMETRIC_PRESENTATION_REPRESENTATION (  '', ( #1096 ), #1688 ) ;
#3058 = FACE_OUTER_BOUND ( 'NONE', #6784, .T. ) ;
#3059 = ORIENTED_EDGE ( 'NONE', *, *, #4828, .T. ) ;
#3060 = LINE ( 'NONE', #5347, #1088 ) ;
#3061 = FILL_AREA_STYLE_COLOUR ( '', #2867 ) ;
#3062 = ORIENTED_EDGE ( 'NONE', *, *, #7568, .F. ) ;
#3063 = STYLED_ITEM ( 'NONE', ( #1031 ), #608 ) ;
#3064 = UNCERTAINTY_MEASURE_WITH_UNIT (LENGTH_MEASURE( 1.000000000000000100E-005 ), #6103, 'distance_accuracy_value', 'NONE');
#3065 = AXIS2_PLACEMENT_3D ( 'NONE', #2893, #404, #2272 ) ;
#3066 =( NAMED_UNIT ( * ) SI_UNIT ( $, .STERADIAN. ) SOLID_ANGLE_UNIT ( ) );
#3067 = FILL_AREA_STYLE ('',( #3716 ) ) ;
#3068 = VECTOR ( 'NONE', #4851, 1000.000000000000200 ) ;
#3069 = SURFACE_STYLE_FILL_AREA ( #4720 ) ;
#3070 = CARTESIAN_POINT ( 'NONE',  ( -2.420000000000000400, -5.000000000000000000, 0.7749999999999805900 ) ) ;
#3071 = PLANE ( 'NONE',  #457 ) ;
#3072 = DIRECTION ( 'NONE',  ( 1.000000000000000000, -0.0000000000000000000, -0.0000000000000000000 ) ) ;
#3073 = PRESENTATION_LAYER_ASSIGNMENT (  '', '', ( #2874 ) ) ;
#3074 = DIRECTION ( 'NONE',  ( -1.000000000000000000, 0.0000000000000000000, 0.0000000000000000000 ) ) ;
#3075 = LINE ( 'NONE', #1590, #2517 ) ;
#3076 = MECHANICAL_DESIGN_GEOMETRIC_PRESENTATION_REPRESENTATION (  '', ( #4535 ), #1550 ) ;
#3077 =( LENGTH_UNIT ( ) NAMED_UNIT ( * ) SI_UNIT ( .MILLI., .METRE. ) );
#3078 = VECTOR ( 'NONE', #2136, 1000.000000000000000 ) ;
#3079 = EDGE_CURVE ( 'NONE', #2039, #4483, #6689, .T. ) ;
#3080 = CARTESIAN_POINT ( 'NONE',  ( -2.095000000000000200, -3.000000000000000000, 0.1992389396183490100 ) ) ;
#3081 =( NAMED_UNIT ( * ) PLANE_ANGLE_UNIT ( ) SI_UNIT ( $, .RADIAN. ) );
#3082 = EDGE_CURVE ( 'NONE', #4697, #654, #6594, .T. ) ;
#3083 = DIRECTION ( 'NONE',  ( -1.000000000000000000, 0.0000000000000000000, -0.0000000000000000000 ) ) ;
#3084 = FILL_AREA_STYLE ('',( #2492 ) ) ;
#3085 = COLOUR_RGB ( '',1.000000000000000000, 1.000000000000000000, 1.000000000000000000 ) ;
#3086 = MECHANICAL_DESIGN_GEOMETRIC_PRESENTATION_REPRESENTATION (  '', ( #5591 ), #672 ) ;
#3087 = EDGE_CURVE ( 'NONE', #4501, #690, #1217, .T. ) ;
#3088 = EDGE_LOOP ( 'NONE', ( #60, #1362, #3867, #2920, #6533, #2653, #1077, #5169, #1214, #4106 ) ) ;
#3089 = VECTOR ( 'NONE', #6450, 1000.000000000000000 ) ;
#3090 = FILL_AREA_STYLE_COLOUR ( '', #7465 ) ;
#3091 =( LENGTH_UNIT ( ) NAMED_UNIT ( * ) SI_UNIT ( .MILLI., .METRE. ) );
#3092 = MECHANICAL_DESIGN_GEOMETRIC_PRESENTATION_REPRESENTATION (  '', ( #20 ), #999 ) ;
#3093 = VECTOR ( 'NONE', #1957, 1000.000000000000000 ) ;
#3094 = CARTESIAN_POINT ( 'NONE',  ( -2.095000000000000200, -2.200398605410600200, 0.9749999999999531300 ) ) ;
#3095 = CARTESIAN_POINT ( 'NONE',  ( 2.095000000000000200, 3.000000000000000000, 0.1992389396183490100 ) ) ;
#3096 = ORIENTED_EDGE ( 'NONE', *, *, #6761, .T. ) ;
#3097 = CIRCLE ( 'NONE', #6536, 0.2999999999999856100 ) ;
#3098 = SURFACE_STYLE_USAGE ( .BOTH. , #1112 ) ;
#3099 = AXIS2_PLACEMENT_3D ( 'NONE', #2048, #3288, #2199 ) ;
#3100 = CARTESIAN_POINT ( 'NONE',  ( 2.145000000000000000, 2.200398605410600200, 0.6749999999999831700 ) ) ;
#3101 = CARTESIAN_POINT ( 'NONE',  ( 0.3949999999999999600, -2.200398605410600200, 0.6749999999999831700 ) ) ;
#3102 = PRESENTATION_STYLE_ASSIGNMENT (( #6881 ) ) ;
#3103 =( NAMED_UNIT ( * ) PLANE_ANGLE_UNIT ( ) SI_UNIT ( $, .RADIAN. ) );
#3104 = VERTEX_POINT ( 'NONE', #2356 ) ;
#3105 = LINE ( 'NONE', #7228, #1417 ) ;
#3106 = DIRECTION ( 'NONE',  ( 1.000000000000000000, -0.0000000000000000000, -0.0000000000000000000 ) ) ;
#3107 = ORIENTED_EDGE ( 'NONE', *, *, #1275, .T. ) ;
#3108 = DIRECTION ( 'NONE',  ( 0.0000000000000000000, -1.000000000000000000, 0.0000000000000000000 ) ) ;
#3109 = SURFACE_STYLE_USAGE ( .BOTH. , #4999 ) ;
#3110 = ORIENTED_EDGE ( 'NONE', *, *, #6295, .T. ) ;
#3111 = ADVANCED_FACE ( 'NONE', ( #4772 ), #5451, .F. ) ;
#3112 = ORIENTED_EDGE ( 'NONE', *, *, #1083, .T. ) ;
#3113 = AXIS2_PLACEMENT_3D ( 'NONE', #6824, #5029, #7401 ) ;
#3114 = CARTESIAN_POINT ( 'NONE',  ( 0.8249999999999999600, 2.600398605410600100, 0.3345815153284070800 ) ) ;
#3115 = FACE_OUTER_BOUND ( 'NONE', #7156, .T. ) ;
#3116 = SURFACE_STYLE_USAGE ( .BOTH. , #6237 ) ;
#3117 = VERTEX_POINT ( 'NONE', #7757 ) ;
#3118 = DIRECTION ( 'NONE',  ( 0.0000000000000000000, -1.000000000000000000, 1.501620008892423400E-013 ) ) ;
#3119 = SURFACE_STYLE_FILL_AREA ( #1079 ) ;
#3120 = VECTOR ( 'NONE', #7040, 1000.000000000000000 ) ;
#3121 = CARTESIAN_POINT ( 'NONE',  ( 1.714999999999999900, -2.982568851450467600, 0.0000000000000000000 ) ) ;
#3122 = ORIENTED_EDGE ( 'NONE', *, *, #5338, .F. ) ;
#3123 = DIRECTION ( 'NONE',  ( 0.0000000000000000000, 1.000000000000000000, 1.501620008892423400E-013 ) ) ;
#3124 = EDGE_LOOP ( 'NONE', ( #5138, #3625, #2183, #6025 ) ) ;
#3125 = CYLINDRICAL_SURFACE ( 'NONE', #1876, 0.09999999999999988100 ) ;
#3126 = CARTESIAN_POINT ( 'NONE',  ( 2.095000000000000200, -2.500398605410600000, 0.3345815153284070200 ) ) ;
#3127 = VECTOR ( 'NONE', #153, 1000.000000000000000 ) ;
#3128 = ORIENTED_EDGE ( 'NONE', *, *, #4875, .F. ) ;
#3129 = EDGE_LOOP ( 'NONE', ( #5147, #7209, #7103, #1986 ) ) ;
#3130 = ORIENTED_EDGE ( 'NONE', *, *, #7074, .F. ) ;
#3131 = DIRECTION ( 'NONE',  ( 0.0000000000000000000, 0.0000000000000000000, 1.000000000000000000 ) ) ;
#3132 = CARTESIAN_POINT ( 'NONE',  ( 0.8249999999999999600, -2.300398605410600300, 0.6749999999999831700 ) ) ;
#3133 = EDGE_LOOP ( 'NONE', ( #1777, #7276, #4385, #7111 ) ) ;
#3134 = EDGE_CURVE ( 'NONE', #2357, #5265, #4175, .T. ) ;
#3135 = PRESENTATION_STYLE_ASSIGNMENT (( #2210 ) ) ;
#3136 = UNCERTAINTY_MEASURE_WITH_UNIT (LENGTH_MEASURE( 1.000000000000000100E-005 ), #705, 'distance_accuracy_value', 'NONE');
#3137 = ORIENTED_EDGE ( 'NONE', *, *, #7827, .F. ) ;
#3138 =( GEOMETRIC_REPRESENTATION_CONTEXT ( 3 ) GLOBAL_UNCERTAINTY_ASSIGNED_CONTEXT ( ( #3401 ) ) GLOBAL_UNIT_ASSIGNED_CONTEXT ( ( #643, #1870, #4399 ) ) REPRESENTATION_CONTEXT ( 'NONE', 'WORKASPACE' ) );
#3139 = EDGE_CURVE ( 'NONE', #7467, #4777, #3972, .T. ) ;
#3140 = CARTESIAN_POINT ( 'NONE',  ( -1.714999999999999900, -2.500398605410600000, 0.3345815153284070200 ) ) ;
#3141 = ORIENTED_EDGE ( 'NONE', *, *, #3563, .T. ) ;
#3142 = VECTOR ( 'NONE', #4628, 1000.000000000000000 ) ;
#3143 = VERTEX_POINT ( 'NONE', #7917 ) ;
#3144 = EDGE_LOOP ( 'NONE', ( #7693, #1047, #8054, #5365 ) ) ;
#3145 = DIRECTION ( 'NONE',  ( 1.000000000000000000, -0.0000000000000000000, -0.0000000000000000000 ) ) ;
#3146 = VERTEX_POINT ( 'NONE', #5507 ) ;
#3147 = VERTEX_POINT ( 'NONE', #6081 ) ;
#3148 = DIRECTION ( 'NONE',  ( 0.0000000000000000000, 1.000000000000000000, 0.0000000000000000000 ) ) ;
#3149 = PRESENTATION_LAYER_ASSIGNMENT (  '', '', ( #3870 ) ) ;
#3150 = CARTESIAN_POINT ( 'NONE',  ( -2.095000000000000200, -2.300398605410600300, 0.6749999999999831700 ) ) ;
#3151 = PLANE ( 'NONE',  #2299 ) ;
#3152 = COLOUR_RGB ( '',1.000000000000000000, 1.000000000000000000, 1.000000000000000000 ) ;
#3153 =( GEOMETRIC_REPRESENTATION_CONTEXT ( 3 ) GLOBAL_UNCERTAINTY_ASSIGNED_CONTEXT ( ( #1427 ) ) GLOBAL_UNIT_ASSIGNED_CONTEXT ( ( #2329, #7254, #6183 ) ) REPRESENTATION_CONTEXT ( 'NONE', 'WORKASPACE' ) );
#3154 = EDGE_CURVE ( 'NONE', #3731, #5353, #5819, .T. ) ;
#3155 = CARTESIAN_POINT ( 'NONE',  ( 2.095000000000000200, -2.574251882586301200, 0.03572310590088358800 ) ) ;
#3156 = STYLED_ITEM ( 'NONE', ( #4779 ), #6360 ) ;
#3157 = UNCERTAINTY_MEASURE_WITH_UNIT (LENGTH_MEASURE( 1.000000000000000100E-005 ), #2320, 'distance_accuracy_value', 'NONE');
#3158 = COLOUR_RGB ( '',1.000000000000000000, 1.000000000000000000, 1.000000000000000000 ) ;
#3159 = UNCERTAINTY_MEASURE_WITH_UNIT (LENGTH_MEASURE( 1.000000000000000100E-005 ), #3366, 'distance_accuracy_value', 'NONE');
#3160 = CARTESIAN_POINT ( 'NONE',  ( -0.3949999999999999600, 2.230398605410600400, 0.7703939201416775100 ) ) ;
#3161 = CARTESIAN_POINT ( 'NONE',  ( 0.8750000000000001100, -2.230398605410600400, 0.7703939201416775100 ) ) ;
#3162 = AXIS2_PLACEMENT_3D ( 'NONE', #2779, #3453, #957 ) ;
#3163 = LINE ( 'NONE', #3384, #1180 ) ;
#3164 = CARTESIAN_POINT ( 'NONE',  ( -2.095000000000000200, 3.000000000000000000, 0.1992389396183490100 ) ) ;
#3165 = SURFACE_STYLE_USAGE ( .BOTH. , #695 ) ;
#3166 = CARTESIAN_POINT ( 'NONE',  ( 2.450000000000000200, 1.950000000000000000, 0.7749999999999805900 ) ) ;
#3167 = DIRECTION ( 'NONE',  ( -1.000000000000000000, -0.0000000000000000000, -0.0000000000000000000 ) ) ;
#3168 = EDGE_CURVE ( 'NONE', #483, #5111, #2537, .T. ) ;
#3169 = COLOUR_RGB ( '',1.000000000000000000, 1.000000000000000000, 1.000000000000000000 ) ;
#3170 = MECHANICAL_DESIGN_GEOMETRIC_PRESENTATION_REPRESENTATION (  '', ( #6896 ), #48 ) ;
#3171 = CARTESIAN_POINT ( 'NONE',  ( 0.8249999999999999600, -1.921891833059526500, 0.9749999999999531300 ) ) ;
#3172 = DIRECTION ( 'NONE',  ( 0.0000000000000000000, -0.9961946980917452100, 0.08715574274766135800 ) ) ;
#3173 = CARTESIAN_POINT ( 'NONE',  ( 1.714999999999999900, 2.300398605410600300, 0.6749999999999831700 ) ) ;
#3174 = DIRECTION ( 'NONE',  ( -1.000000000000000000, 0.0000000000000000000, -0.0000000000000000000 ) ) ;
#3175 = DIRECTION ( 'NONE',  ( 0.0000000000000000000, 0.0000000000000000000, 1.000000000000000000 ) ) ;
#3176 = DIRECTION ( 'NONE',  ( -1.000000000000000000, 0.0000000000000000000, -0.0000000000000000000 ) ) ;
#3177 = FACE_OUTER_BOUND ( 'NONE', #5944, .T. ) ;
#3178 =( NAMED_UNIT ( * ) PLANE_ANGLE_UNIT ( ) SI_UNIT ( $, .RADIAN. ) );
#3179 = AXIS2_PLACEMENT_3D ( 'NONE', #1508, #1388, #2054 ) ;
#3180 = ORIENTED_EDGE ( 'NONE', *, *, #2333, .T. ) ;
#3181 =( NAMED_UNIT ( * ) PLANE_ANGLE_UNIT ( ) SI_UNIT ( $, .RADIAN. ) );
#3182 = CARTESIAN_POINT ( 'NONE',  ( -0.4450000000000000600, 2.500398605410600000, 0.6749999999999530800 ) ) ;
#3183 = LINE ( 'NONE', #5123, #925 ) ;
#3184 = LINE ( 'NONE', #3839, #1496 ) ;
#3185 = EDGE_CURVE ( 'NONE', #3636, #1080, #4865, .T. ) ;
#3186 = PRODUCT_CONTEXT ( 'NONE', #4332, 'mechanical' ) ;
#3187 = FILL_AREA_STYLE ('',( #4254 ) ) ;
#3188 = SURFACE_SIDE_STYLE ('',( #7258 ) ) ;
#3189 = EDGE_CURVE ( 'NONE', #6283, #3831, #6484, .T. ) ;
#3190 = ORIENTED_EDGE ( 'NONE', *, *, #2593, .F. ) ;
#3191 = PRESENTATION_STYLE_ASSIGNMENT (( #1737 ) ) ;
#3192 = SURFACE_STYLE_FILL_AREA ( #7106 ) ;
#3193 = EDGE_CURVE ( 'NONE', #2542, #370, #7708, .T. ) ;
#3194 = AXIS2_PLACEMENT_3D ( 'NONE', #4333, #8007, #4285 ) ;
#3195 = SURFACE_STYLE_USAGE ( .BOTH. , #3931 ) ;
#3196 = EDGE_CURVE ( 'NONE', #4307, #3032, #6775, .T. ) ;
#3197 = VERTEX_POINT ( 'NONE', #7381 ) ;
#3198 = SURFACE_STYLE_FILL_AREA ( #6662 ) ;
#3199 = PLANE ( 'NONE',  #6196 ) ;
#3200 = MECHANICAL_DESIGN_GEOMETRIC_PRESENTATION_REPRESENTATION (  '', ( #5968 ), #1192 ) ;
#3201 = DIRECTION ( 'NONE',  ( -1.000000000000000000, 0.0000000000000000000, -0.0000000000000000000 ) ) ;
#3202 = CARTESIAN_POINT ( 'NONE',  ( -0.8250000000000001800, -2.300398605410600300, 0.3345815153284068500 ) ) ;
#3203 = ORIENTED_EDGE ( 'NONE', *, *, #7834, .F. ) ;
#3204 =( NAMED_UNIT ( * ) SI_UNIT ( $, .STERADIAN. ) SOLID_ANGLE_UNIT ( ) );
#3205 = VECTOR ( 'NONE', #171, 1000.000000000000000 ) ;
#3206 = FILL_AREA_STYLE ('',( #1961 ) ) ;
#3207 = VERTEX_POINT ( 'NONE', #5522 ) ;
#3208 = LINE ( 'NONE', #563, #954 ) ;
#3209 = AXIS2_PLACEMENT_3D ( 'NONE', #4461, #742, #6938 ) ;
#3210 = ORIENTED_EDGE ( 'NONE', *, *, #6856, .F. ) ;
#3211 = SURFACE_STYLE_FILL_AREA ( #7586 ) ;
#3212 = SURFACE_STYLE_USAGE ( .BOTH. , #7508 ) ;
#3213 = SURFACE_STYLE_USAGE ( .BOTH. , #5069 ) ;
#3214 =( GEOMETRIC_REPRESENTATION_CONTEXT ( 3 ) GLOBAL_UNCERTAINTY_ASSIGNED_CONTEXT ( ( #5532 ) ) GLOBAL_UNIT_ASSIGNED_CONTEXT ( ( #6831, #5651, #629 ) ) REPRESENTATION_CONTEXT ( 'NONE', 'WORKASPACE' ) );
#3215 = LINE ( 'NONE', #5308, #866 ) ;
#3216 = VERTEX_POINT ( 'NONE', #1815 ) ;
#3217 =( LENGTH_UNIT ( ) NAMED_UNIT ( * ) SI_UNIT ( .MILLI., .METRE. ) );
#3218 = ORIENTED_EDGE ( 'NONE', *, *, #7116, .T. ) ;
#3219 = FILL_AREA_STYLE ('',( #6916 ) ) ;
#3220 = FILL_AREA_STYLE_COLOUR ( '', #3903 ) ;
#3221 =( GEOMETRIC_REPRESENTATION_CONTEXT ( 3 ) GLOBAL_UNCERTAINTY_ASSIGNED_CONTEXT ( ( #5551 ) ) GLOBAL_UNIT_ASSIGNED_CONTEXT ( ( #6920, #1283, #6886 ) ) REPRESENTATION_CONTEXT ( 'NONE', 'WORKASPACE' ) );
#3222 = VERTEX_POINT ( 'NONE', #7974 ) ;
#3223 = VECTOR ( 'NONE', #393, 1000.000000000000000 ) ;
#3224 = VERTEX_POINT ( 'NONE', #6749 ) ;
#3225 =( LENGTH_UNIT ( ) NAMED_UNIT ( * ) SI_UNIT ( .MILLI., .METRE. ) );
#3226 = LINE ( 'NONE', #170, #6521 ) ;
#3227 = ORIENTED_EDGE ( 'NONE', *, *, #1778, .F. ) ;
#3228 = DIRECTION ( 'NONE',  ( 0.0000000000000000000, 0.0000000000000000000, 1.000000000000000000 ) ) ;
#3229 = ORIENTED_EDGE ( 'NONE', *, *, #7067, .T. ) ;
#3230 = COLOUR_RGB ( '',1.000000000000000000, 1.000000000000000000, 1.000000000000000000 ) ;
#3231 = DIRECTION ( 'NONE',  ( 0.0000000000000000000, -0.3000000000000002700, -0.9539392014169455500 ) ) ;
#3232 = FILL_AREA_STYLE ('',( #6929 ) ) ;
#3233 = PRESENTATION_STYLE_ASSIGNMENT (( #2175 ) ) ;
#3234 =( NAMED_UNIT ( * ) PLANE_ANGLE_UNIT ( ) SI_UNIT ( $, .RADIAN. ) );
#3235 = ORIENTED_EDGE ( 'NONE', *, *, #5743, .F. ) ;
#3236 = PRESENTATION_STYLE_ASSIGNMENT (( #6456 ) ) ;
#3237 = AXIS2_PLACEMENT_3D ( 'NONE', #2522, #645, #6209 ) ;
#3238 = ORIENTED_EDGE ( 'NONE', *, *, #6567, .F. ) ;
#3239 = ADVANCED_FACE ( 'NONE', ( #736 ), #2395, .T. ) ;
#3240 = CARTESIAN_POINT ( 'NONE',  ( -1.714999999999999900, 2.200398605410600200, 0.7749999999999831500 ) ) ;
#3241 = EDGE_CURVE ( 'NONE', #3810, #2471, #3771, .T. ) ;
#3242 = UNCERTAINTY_MEASURE_WITH_UNIT (LENGTH_MEASURE( 1.000000000000000100E-005 ), #2984, 'distance_accuracy_value', 'NONE');
#3243 = ORIENTED_EDGE ( 'NONE', *, *, #5063, .T. ) ;
#3244 = ORIENTED_EDGE ( 'NONE', *, *, #1675, .T. ) ;
#3245 = FILL_AREA_STYLE_COLOUR ( '', #4813 ) ;
#3246 = SURFACE_SIDE_STYLE ('',( #4248 ) ) ;
#3247 = EDGE_CURVE ( 'NONE', #4897, #966, #7605, .T. ) ;
#3248 = VERTEX_POINT ( 'NONE', #7948 ) ;
#3250 = STYLED_ITEM ( 'NONE', ( #1892 ), #4060 ) ;
#3249 =( NAMED_UNIT ( * ) SI_UNIT ( $, .STERADIAN. ) SOLID_ANGLE_UNIT ( ) );
#3251 = EDGE_CURVE ( 'NONE', #2440, #3530, #829, .T. ) ;
#3252 =( LENGTH_UNIT ( ) NAMED_UNIT ( * ) SI_UNIT ( .MILLI., .METRE. ) );
#3253 = ORIENTED_EDGE ( 'NONE', *, *, #4134, .T. ) ;
#3254 = AXIS2_PLACEMENT_3D ( 'NONE', #3316, #3998, #3284 ) ;
#3255 = CARTESIAN_POINT ( 'NONE',  ( 0.4449999999999998400, -2.200398605410600200, 0.9749999999999531300 ) ) ;
#3256 =( LENGTH_UNIT ( ) NAMED_UNIT ( * ) SI_UNIT ( .MILLI., .METRE. ) );
#3257 =( LENGTH_UNIT ( ) NAMED_UNIT ( * ) SI_UNIT ( .MILLI., .METRE. ) );
#3258 = VECTOR ( 'NONE', #953, 1000.000000000000000 ) ;
#3259 = DIRECTION ( 'NONE',  ( 0.0000000000000000000, 0.0000000000000000000, 1.000000000000000000 ) ) ;
#3260 = UNCERTAINTY_MEASURE_WITH_UNIT (LENGTH_MEASURE( 1.000000000000000100E-005 ), #4553, 'distance_accuracy_value', 'NONE');
#3261 = DIRECTION ( 'NONE',  ( -0.0000000000000000000, -1.000000000000000000, -0.0000000000000000000 ) ) ;
#3262 = STYLED_ITEM ( 'NONE', ( #4771 ), #6485 ) ;
#3263 = VECTOR ( 'NONE', #1373, 1000.000000000000200 ) ;
#3264 =( NAMED_UNIT ( * ) SI_UNIT ( $, .STERADIAN. ) SOLID_ANGLE_UNIT ( ) );
#3265 = DIRECTION ( 'NONE',  ( -1.000000000000000000, 0.0000000000000000000, -0.0000000000000000000 ) ) ;
#3266 = COLOUR_RGB ( '',1.000000000000000000, 1.000000000000000000, 1.000000000000000000 ) ;
#3267 = CARTESIAN_POINT ( 'NONE',  ( 1.665000000000000000, -2.230398605410600400, 0.7703939201416775100 ) ) ;
#3268 = PRESENTATION_LAYER_ASSIGNMENT (  '', '', ( #601 ) ) ;
#3269 = LINE ( 'NONE', #7684, #2524 ) ;
#3270 = ADVANCED_FACE ( 'NONE', ( #7247 ), #3652, .F. ) ;
#3271 = CARTESIAN_POINT ( 'NONE',  ( 1.714999999999999900, -3.000000000000000000, 0.1992389396183490100 ) ) ;
#3272 =( NAMED_UNIT ( * ) PLANE_ANGLE_UNIT ( ) SI_UNIT ( $, .RADIAN. ) );
#3273 = LINE ( 'NONE', #6245, #113 ) ;
#3274 = PRESENTATION_LAYER_ASSIGNMENT (  '', '', ( #1019 ) ) ;
#3275 = CARTESIAN_POINT ( 'NONE',  ( -2.145000000000000000, 2.300398605410600300, 0.6749999999999831700 ) ) ;
#3276 = PRESENTATION_STYLE_ASSIGNMENT (( #2502 ) ) ;
#3277 =( LENGTH_UNIT ( ) NAMED_UNIT ( * ) SI_UNIT ( .MILLI., .METRE. ) );
#3278 = FILL_AREA_STYLE ('',( #2716 ) ) ;
#3279 = ORIENTED_EDGE ( 'NONE', *, *, #667, .T. ) ;
#3280 = SURFACE_STYLE_FILL_AREA ( #5140 ) ;
#3281 = SURFACE_STYLE_USAGE ( .BOTH. , #6985 ) ;
#3282 =( GEOMETRIC_REPRESENTATION_CONTEXT ( 3 ) GLOBAL_UNCERTAINTY_ASSIGNED_CONTEXT ( ( #1598 ) ) GLOBAL_UNIT_ASSIGNED_CONTEXT ( ( #3256, #7011, #3299 ) ) REPRESENTATION_CONTEXT ( 'NONE', 'WORKASPACE' ) );
#3283 = EDGE_CURVE ( 'NONE', #3207, #4793, #5612, .T. ) ;
#3284 = DIRECTION ( 'NONE',  ( 0.0000000000000000000, 0.0000000000000000000, 1.000000000000000000 ) ) ;
#3285 = LINE ( 'NONE', #7760, #6780 ) ;
#3286 = EDGE_CURVE ( 'NONE', #3731, #7467, #1121, .T. ) ;
#3287 = ORIENTED_EDGE ( 'NONE', *, *, #1042, .T. ) ;
#3288 = DIRECTION ( 'NONE',  ( -1.000000000000000000, -0.0000000000000000000, -0.0000000000000000000 ) ) ;
#3289 = LINE ( 'NONE', #1471, #1037 ) ;
#3290 =( LENGTH_UNIT ( ) NAMED_UNIT ( * ) SI_UNIT ( .MILLI., .METRE. ) );
#3291 = CIRCLE ( 'NONE', #623, 0.09999999999999982500 ) ;
#3292 = ORIENTED_EDGE ( 'NONE', *, *, #5583, .T. ) ;
#3293 =( NAMED_UNIT ( * ) PLANE_ANGLE_UNIT ( ) SI_UNIT ( $, .RADIAN. ) );
#3294 = COLOUR_RGB ( '',1.000000000000000000, 1.000000000000000000, 1.000000000000000000 ) ;
#3295 = MECHANICAL_DESIGN_GEOMETRIC_PRESENTATION_REPRESENTATION (  '', ( #3870 ), #3570 ) ;
#3296 = CARTESIAN_POINT ( 'NONE',  ( -0.8250000000000001800, -2.982568851450467600, 0.0000000000000000000 ) ) ;
#3297 = EDGE_LOOP ( 'NONE', ( #4007, #2158, #6634, #2563 ) ) ;
#3298 = EDGE_CURVE ( 'NONE', #3484, #8014, #5342, .T. ) ;
#3299 =( NAMED_UNIT ( * ) SI_UNIT ( $, .STERADIAN. ) SOLID_ANGLE_UNIT ( ) );
#3300 = AXIS2_PLACEMENT_3D ( 'NONE', #5793, #6404, #2701 ) ;
#3301 = FILL_AREA_STYLE_COLOUR ( '', #6788 ) ;
#3302 = ORIENTED_EDGE ( 'NONE', *, *, #4718, .T. ) ;
#3303 = CARTESIAN_POINT ( 'NONE',  ( 0.8750000000000001100, -2.500398605410600000, 0.6749999999999530800 ) ) ;
#3304 = CARTESIAN_POINT ( 'NONE',  ( 0.3949999999999999600, 2.500398605410600000, 0.6749999999999530800 ) ) ;
#3305 = VECTOR ( 'NONE', #7223, 1000.000000000000000 ) ;
#3306 = ORIENTED_EDGE ( 'NONE', *, *, #4659, .T. ) ;
#3307 = VECTOR ( 'NONE', #1714, 1000.000000000000000 ) ;
#3308 = ADVANCED_FACE ( 'NONE', ( #1825 ), #2574, .F. ) ;
#3309 = ORIENTED_EDGE ( 'NONE', *, *, #2223, .T. ) ;
#3310 = PRESENTATION_STYLE_ASSIGNMENT (( #6583 ) ) ;
#3311 = LINE ( 'NONE', #5201, #1651 ) ;
#3312 = AXIS2_PLACEMENT_3D ( 'NONE', #3005, #2400, #6705 ) ;
#3313 = VECTOR ( 'NONE', #620, 1000.000000000000000 ) ;
#3314 = VERTEX_POINT ( 'NONE', #3095 ) ;
#3315 = CYLINDRICAL_SURFACE ( 'NONE', #1237, 0.09999999999999988100 ) ;
#3316 = CARTESIAN_POINT ( 'NONE',  ( 0.8750000000000001100, 2.200398605410600200, 0.6749999999999831700 ) ) ;
#3317 = ORIENTED_EDGE ( 'NONE', *, *, #1233, .T. ) ;
#3318 = AXIS2_PLACEMENT_3D ( 'NONE', #3114, #3145, #2599 ) ;
#3319 = ORIENTED_EDGE ( 'NONE', *, *, #5791, .F. ) ;
#3320 = SURFACE_STYLE_USAGE ( .BOTH. , #6914 ) ;
#3321 = CARTESIAN_POINT ( 'NONE',  ( 2.095000000000000200, 2.500398605410600000, 0.6749999999999530800 ) ) ;
#3322 = ORIENTED_EDGE ( 'NONE', *, *, #6149, .F. ) ;
#3323 = VERTEX_POINT ( 'NONE', #5055 ) ;
#3324 = VECTOR ( 'NONE', #390, 1000.000000000000000 ) ;
#3325 = MECHANICAL_DESIGN_GEOMETRIC_PRESENTATION_REPRESENTATION (  '', ( #1410 ), #1365 ) ;
#3326 = CARTESIAN_POINT ( 'NONE',  ( 0.4449999999999998400, -2.500398605410600000, 0.3345815153284070200 ) ) ;
#3327 = PRESENTATION_STYLE_ASSIGNMENT (( #3639 ) ) ;
#3328 = DIRECTION ( 'NONE',  ( 0.0000000000000000000, -1.000000000000000000, 1.501620008892423400E-013 ) ) ;
#3329 = ORIENTED_EDGE ( 'NONE', *, *, #1765, .F. ) ;
#3330 = DIRECTION ( 'NONE',  ( -0.0000000000000000000, -0.0000000000000000000, 1.000000000000000000 ) ) ;
#3331 = VERTEX_POINT ( 'NONE', #6845 ) ;
#3332 = CARTESIAN_POINT ( 'NONE',  ( 2.335675499178564400, -1.835675499178564900, 0.1750000000000001300 ) ) ;
#3333 = LINE ( 'NONE', #206, #2081 ) ;
#3334 = VERTEX_POINT ( 'NONE', #3202 ) ;
#3335 = PRESENTATION_LAYER_ASSIGNMENT (  '', '', ( #1218 ) ) ;
#3336 = LINE ( 'NONE', #6712, #4224 ) ;
#3337 = FILL_AREA_STYLE_COLOUR ( '', #5910 ) ;
#3338 = EDGE_CURVE ( 'NONE', #234, #6247, #4554, .T. ) ;
#3339 = ORIENTED_EDGE ( 'NONE', *, *, #6143, .F. ) ;
#3340 = SURFACE_SIDE_STYLE ('',( #6179 ) ) ;
#3341 = VECTOR ( 'NONE', #102, 1000.000000000000000 ) ;
#3342 = DIRECTION ( 'NONE',  ( 0.0000000000000000000, 0.9539392014169455500, 0.3000000000000002700 ) ) ;
#3343 = EDGE_CURVE ( 'NONE', #4522, #6048, #6195, .T. ) ;
#3344 = FACE_OUTER_BOUND ( 'NONE', #5767, .T. ) ;
#3345 = DIRECTION ( 'NONE',  ( -1.000000000000000000, -0.0000000000000000000, -0.0000000000000000000 ) ) ;
#3346 = VECTOR ( 'NONE', #1983, 1000.000000000000100 ) ;
#3347 = AXIS2_PLACEMENT_3D ( 'NONE', #2262, #7086, #4045 ) ;
#3348 = EDGE_CURVE ( 'NONE', #4903, #6041, #545, .T. ) ;
#3349 = ADVANCED_FACE ( 'NONE', ( #7422 ), #4343, .T. ) ;
#3350 =( LENGTH_UNIT ( ) NAMED_UNIT ( * ) SI_UNIT ( .MILLI., .METRE. ) );
#3351 = DIRECTION ( 'NONE',  ( -1.000000000000000000, -0.0000000000000000000, -0.0000000000000000000 ) ) ;
#3352 = AXIS2_PLACEMENT_3D ( 'NONE', #3725, #5033, #1164 ) ;
#3353 = VECTOR ( 'NONE', #2864, 1000.000000000000000 ) ;
#3354 = SURFACE_SIDE_STYLE ('',( #7459 ) ) ;
#3355 = UNCERTAINTY_MEASURE_WITH_UNIT (LENGTH_MEASURE( 1.000000000000000100E-005 ), #1273, 'distance_accuracy_value', 'NONE');
#3356 = DIRECTION ( 'NONE',  ( 1.000000000000000000, -0.0000000000000000000, -0.0000000000000000000 ) ) ;
#3357 = DIRECTION ( 'NONE',  ( 0.0000000000000000000, 1.000000000000000000, -1.501620008892423100E-013 ) ) ;
#3358 = AXIS2_PLACEMENT_3D ( 'NONE', #2421, #7405, #7949 ) ;
#3359 = COLOUR_RGB ( '',1.000000000000000000, 1.000000000000000000, 1.000000000000000000 ) ;
#3360 = ADVANCED_FACE ( 'NONE', ( #3376 ), #3751, .F. ) ;
#3361 = CARTESIAN_POINT ( 'NONE',  ( 0.4449999999999998400, 2.500398605410600000, 0.3345815153284070200 ) ) ;
#3362 = LINE ( 'NONE', #6439, #6670 ) ;
#3363 = SURFACE_SIDE_STYLE ('',( #5605 ) ) ;
#3364 = CARTESIAN_POINT ( 'NONE',  ( -0.8250000000000001800, 2.200398605410600200, 0.6749999999999531900 ) ) ;
#3365 = CARTESIAN_POINT ( 'NONE',  ( -1.714999999999999900, 2.500398605410600000, 0.3345815153284070200 ) ) ;
#3366 =( LENGTH_UNIT ( ) NAMED_UNIT ( * ) SI_UNIT ( .MILLI., .METRE. ) );
#3367 = COLOUR_RGB ( '',1.000000000000000000, 1.000000000000000000, 1.000000000000000000 ) ;
#3368 = STYLED_ITEM ( 'NONE', ( #6836 ), #1657 ) ;
#3369 = CARTESIAN_POINT ( 'NONE',  ( -1.714999999999999900, 2.500398605410600000, 0.3345815153284070200 ) ) ;
#3370 = DIRECTION ( 'NONE',  ( -1.000000000000000000, 0.0000000000000000000, -0.0000000000000000000 ) ) ;
#3371 = VERTEX_POINT ( 'NONE', #3150 ) ;
#3372 = PRESENTATION_STYLE_ASSIGNMENT (( #1488 ) ) ;
#3373 = LINE ( 'NONE', #1992, #1721 ) ;
#3374 = UNCERTAINTY_MEASURE_WITH_UNIT (LENGTH_MEASURE( 1.000000000000000100E-005 ), #3779, 'distance_accuracy_value', 'NONE');
#3375 = DIRECTION ( 'NONE',  ( -1.000000000000000000, -0.0000000000000000000, -0.0000000000000000000 ) ) ;
#3376 = FACE_OUTER_BOUND ( 'NONE', #5706, .T. ) ;
#3377 = PLANE ( 'NONE',  #4802 ) ;
#3378 = PLANE ( 'NONE',  #4116 ) ;
#3379 = AXIS2_PLACEMENT_3D ( 'NONE', #4222, #7308, #523 ) ;
#3380 = ORIENTED_EDGE ( 'NONE', *, *, #4143, .F. ) ;
#3381 = VECTOR ( 'NONE', #3370, 1000.000000000000000 ) ;
#3382 = EDGE_CURVE ( 'NONE', #5387, #6406, #5229, .T. ) ;
#3383 = PLANE ( 'NONE',  #85 ) ;
#3384 = CARTESIAN_POINT ( 'NONE',  ( 2.095000000000000200, -2.500398605410600000, 0.3345815153284070200 ) ) ;
#3385 = ADVANCED_FACE ( 'NONE', ( #4447 ), #3880, .F. ) ;
#3386 = VECTOR ( 'NONE', #1999, 1000.000000000000000 ) ;
#3387 = DIRECTION ( 'NONE',  ( 0.0000000000000000000, 0.9961946980917452100, 0.08715574274766135800 ) ) ;
#3388 = EDGE_CURVE ( 'NONE', #5440, #966, #1723, .T. ) ;
#3389 = ORIENTED_EDGE ( 'NONE', *, *, #1834, .T. ) ;
#3390 = ORIENTED_EDGE ( 'NONE', *, *, #4929, .F. ) ;
#3391 = DIRECTION ( 'NONE',  ( -1.000000000000000000, 0.0000000000000000000, -0.0000000000000000000 ) ) ;
#3392 = COLOUR_RGB ( '',1.000000000000000000, 1.000000000000000000, 1.000000000000000000 ) ;
#3393 =( NAMED_UNIT ( * ) SI_UNIT ( $, .STERADIAN. ) SOLID_ANGLE_UNIT ( ) );
#3394 = CARTESIAN_POINT ( 'NONE',  ( -1.714999999999999900, -2.200398605410600200, 0.7749999999999831500 ) ) ;
#3395 = EDGE_CURVE ( 'NONE', #5353, #4777, #7810, .T. ) ;
#3396 = VERTEX_POINT ( 'NONE', #3303 ) ;
#3397 = ORIENTED_EDGE ( 'NONE', *, *, #5583, .F. ) ;
#3398 = PRESENTATION_LAYER_ASSIGNMENT (  '', '', ( #2004 ) ) ;
#3399 = VECTOR ( 'NONE', #7908, 1000.000000000000000 ) ;
#3400 = DIRECTION ( 'NONE',  ( 0.0000000000000000000, 0.9902680687415708100, 0.1391731009600621600 ) ) ;
#3401 = UNCERTAINTY_MEASURE_WITH_UNIT (LENGTH_MEASURE( 1.000000000000000100E-005 ), #643, 'distance_accuracy_value', 'NONE');
#3402 = ORIENTED_EDGE ( 'NONE', *, *, #1440, .F. ) ;
#3403 = ADVANCED_FACE ( 'NONE', ( #7597 ), #2624, .F. ) ;
#3404 = CARTESIAN_POINT ( 'NONE',  ( -0.4450000000000000600, -1.950000000000000000, 0.7749999999999831500 ) ) ;
#3405 = FILL_AREA_STYLE_COLOUR ( '', #3169 ) ;
#3406 = LINE ( 'NONE', #1149, #2155 ) ;
#3407 = PRESENTATION_STYLE_ASSIGNMENT (( #7840 ) ) ;
#3408 = FACE_OUTER_BOUND ( 'NONE', #4302, .T. ) ;
#3409 = EDGE_LOOP ( 'NONE', ( #6803, #6906, #4167, #4807 ) ) ;
#3410 = CARTESIAN_POINT ( 'NONE',  ( 2.095000000000000200, 3.000000000000000000, 0.1992389396183490100 ) ) ;
#3411 = AXIS2_PLACEMENT_3D ( 'NONE', #4723, #5337, #4115 ) ;
#3412 = ORIENTED_EDGE ( 'NONE', *, *, #270, .T. ) ;
#3413 = COLOUR_RGB ( '',1.000000000000000000, 1.000000000000000000, 1.000000000000000000 ) ;
#3414 = DIRECTION ( 'NONE',  ( -0.0000000000000000000, 0.3000000000000002700, -0.9539392014169455500 ) ) ;
#3415 = AXIS2_PLACEMENT_3D ( 'NONE', #2975, #3499, #5420 ) ;
#3416 = ORIENTED_EDGE ( 'NONE', *, *, #4078, .F. ) ;
#3417 = SURFACE_STYLE_FILL_AREA ( #2291 ) ;
#3418 = DIRECTION ( 'NONE',  ( -1.000000000000000000, 0.0000000000000000000, 0.0000000000000000000 ) ) ;
#3419 = ORIENTED_EDGE ( 'NONE', *, *, #4922, .F. ) ;
#3420 = FACE_OUTER_BOUND ( 'NONE', #1325, .T. ) ;
#3421 = ORIENTED_EDGE ( 'NONE', *, *, #991, .T. ) ;
#3422 = ORIENTED_EDGE ( 'NONE', *, *, #337, .F. ) ;
#3423 = DIRECTION ( 'NONE',  ( 0.0000000000000000000, 1.000000000000000000, -1.501620008892423100E-013 ) ) ;
#3424 = PLANE ( 'NONE',  #6375 ) ;
#3425 = SURFACE_STYLE_FILL_AREA ( #5554 ) ;
#3426 = PRESENTATION_LAYER_ASSIGNMENT (  '', '', ( #5976 ) ) ;
#3427 = ORIENTED_EDGE ( 'NONE', *, *, #3463, .F. ) ;
#3428 = CARTESIAN_POINT ( 'NONE',  ( 0.4449999999999998400, -2.230398605410600400, 0.7703939201416775100 ) ) ;
#3429 = FILL_AREA_STYLE_COLOUR ( '', #7438 ) ;
#3430 = PLANE ( 'NONE',  #4618 ) ;
#3431 = PRESENTATION_LAYER_ASSIGNMENT (  '', '', ( #5371 ) ) ;
#3432 = DIRECTION ( 'NONE',  ( -0.0000000000000000000, 1.000000000000000000, -0.0000000000000000000 ) ) ;
#3433 = ORIENTED_EDGE ( 'NONE', *, *, #932, .T. ) ;
#3434 = EDGE_LOOP ( 'NONE', ( #7940, #3319, #5003, #5817 ) ) ;
#3435 = EDGE_CURVE ( 'NONE', #4059, #4793, #1510, .T. ) ;
#3436 = ORIENTED_EDGE ( 'NONE', *, *, #5216, .T. ) ;
#3437 = ADVANCED_FACE ( 'NONE', ( #5713 ), #956, .T. ) ;
#3438 = AXIS2_PLACEMENT_3D ( 'NONE', #7982, #6273, #2585 ) ;
#3439 = DIRECTION ( 'NONE',  ( 0.0000000000000000000, 0.0000000000000000000, -1.000000000000000000 ) ) ;
#3440 =( NAMED_UNIT ( * ) PLANE_ANGLE_UNIT ( ) SI_UNIT ( $, .RADIAN. ) );
#3441 = ORIENTED_EDGE ( 'NONE', *, *, #1271, .T. ) ;
#3442 = PLANE ( 'NONE',  #3790 ) ;
#3443 = CIRCLE ( 'NONE', #1091, 0.2999999999999999300 ) ;
#3444 = PLANE ( 'NONE',  #977 ) ;
#3445 = FILL_AREA_STYLE ('',( #7652 ) ) ;
#3446 = PRESENTATION_STYLE_ASSIGNMENT (( #1889 ) ) ;
#3447 = ORIENTED_EDGE ( 'NONE', *, *, #2678, .F. ) ;
#3448 = ORIENTED_EDGE ( 'NONE', *, *, #6957, .F. ) ;
#3449 = CARTESIAN_POINT ( 'NONE',  ( 2.095000000000000200, -2.230398605410600400, 0.7703939201416775100 ) ) ;
#3451 = CARTESIAN_POINT ( 'NONE',  ( 0.3949999999999999600, 2.290398605410596000, 0.9611817604250529900 ) ) ;
#3450 = MECHANICAL_DESIGN_GEOMETRIC_PRESENTATION_REPRESENTATION (  '', ( #8027 ), #3860 ) ;
#3452 = ADVANCED_FACE ( 'NONE', ( #3006 ), #4477, .T. ) ;
#3453 = DIRECTION ( 'NONE',  ( -1.000000000000000000, -0.0000000000000000000, -0.0000000000000000000 ) ) ;
#3454 =( NAMED_UNIT ( * ) SI_UNIT ( $, .STERADIAN. ) SOLID_ANGLE_UNIT ( ) );
#3455 = EDGE_CURVE ( 'NONE', #3707, #6922, #316, .T. ) ;
#3456 = SURFACE_STYLE_FILL_AREA ( #3278 ) ;
#3457 =( NAMED_UNIT ( * ) SI_UNIT ( $, .STERADIAN. ) SOLID_ANGLE_UNIT ( ) );
#3458 = CIRCLE ( 'NONE', #3547, 0.2999999999999856100 ) ;
#3459 =( NAMED_UNIT ( * ) SI_UNIT ( $, .STERADIAN. ) SOLID_ANGLE_UNIT ( ) );
#3460 = FACE_OUTER_BOUND ( 'NONE', #4954, .T. ) ;
#3461 = DIRECTION ( 'NONE',  ( 0.0000000000000000000, 0.0000000000000000000, -1.000000000000000000 ) ) ;
#3462 =( NAMED_UNIT ( * ) PLANE_ANGLE_UNIT ( ) SI_UNIT ( $, .RADIAN. ) );
#3463 = EDGE_CURVE ( 'NONE', #3314, #2463, #4648, .T. ) ;
#3464 = VECTOR ( 'NONE', #2980, 1000.000000000000100 ) ;
#3465 = DIRECTION ( 'NONE',  ( -1.000000000000000000, 0.0000000000000000000, 0.0000000000000000000 ) ) ;
#3466 = CARTESIAN_POINT ( 'NONE',  ( 1.714999999999999900, 3.000000000000000000, 0.1992389396183490100 ) ) ;
#3467 = STYLED_ITEM ( 'NONE', ( #470 ), #5569 ) ;
#3468 = COLOUR_RGB ( '',1.000000000000000000, 1.000000000000000000, 1.000000000000000000 ) ;
#3469 = DIRECTION ( 'NONE',  ( 1.000000000000000000, -0.0000000000000000000, -0.0000000000000000000 ) ) ;
#3470 = CARTESIAN_POINT ( 'NONE',  ( 0.8249999999999999600, 1.950000000000000000, 0.7749999999999831500 ) ) ;
#3471 = SURFACE_SIDE_STYLE ('',( #1591 ) ) ;
#3472 = STYLED_ITEM ( 'NONE', ( #2907 ), #1487 ) ;
#3473 = DIRECTION ( 'NONE',  ( 0.0000000000000000000, 0.3000000000000002700, 0.9539392014169455500 ) ) ;
#3474 = ADVANCED_FACE ( 'NONE', ( #5607 ), #1394, .F. ) ;
#3475 = AXIS2_PLACEMENT_3D ( 'NONE', #458, #4949, #4218 ) ;
#3476 = CARTESIAN_POINT ( 'NONE',  ( 2.095000000000000200, 2.600398605410600100, 0.3345815153284070800 ) ) ;
#3477 = DIRECTION ( 'NONE',  ( 0.0000000000000000000, -1.501620008892423400E-013, 1.000000000000000000 ) ) ;
#3478 =( NAMED_UNIT ( * ) PLANE_ANGLE_UNIT ( ) SI_UNIT ( $, .RADIAN. ) );
#3479 = ORIENTED_EDGE ( 'NONE', *, *, #18, .F. ) ;
#3480 = PRESENTATION_LAYER_ASSIGNMENT (  '', '', ( #383 ) ) ;
#3481 = UNCERTAINTY_MEASURE_WITH_UNIT (LENGTH_MEASURE( 1.000000000000000100E-005 ), #1134, 'distance_accuracy_value', 'NONE');
#3482 = DIRECTION ( 'NONE',  ( -1.000000000000000000, 0.0000000000000000000, 0.0000000000000000000 ) ) ;
#3483 = ADVANCED_FACE ( 'NONE', ( #4055 ), #3504, .T. ) ;
#3484 = VERTEX_POINT ( 'NONE', #2238 ) ;
#3485 = PRESENTATION_STYLE_ASSIGNMENT (( #6483 ) ) ;
#3486 = ORIENTED_EDGE ( 'NONE', *, *, #562, .F. ) ;
#3487 = DIRECTION ( 'NONE',  ( 0.0000000000000000000, 0.0000000000000000000, 1.000000000000000000 ) ) ;
#3488 = CARTESIAN_POINT ( 'NONE',  ( -1.714999999999999900, -2.200398605410600200, 0.6749999999999831700 ) ) ;
#3489 = FACE_OUTER_BOUND ( 'NONE', #3409, .T. ) ;
#3490 = MECHANICAL_DESIGN_GEOMETRIC_PRESENTATION_REPRESENTATION (  '', ( #2874 ), #3905 ) ;
#3491 = CYLINDRICAL_SURFACE ( 'NONE', #3732, 0.2999999999999999300 ) ;
#3492 = DIRECTION ( 'NONE',  ( -1.000000000000000000, -0.0000000000000000000, -0.0000000000000000000 ) ) ;
#3493 = SURFACE_SIDE_STYLE ('',( #3417 ) ) ;
#3494 = VECTOR ( 'NONE', #3623, 1000.000000000000000 ) ;
#3495 =( GEOMETRIC_REPRESENTATION_CONTEXT ( 3 ) GLOBAL_UNCERTAINTY_ASSIGNED_CONTEXT ( ( #4006 ) ) GLOBAL_UNIT_ASSIGNED_CONTEXT ( ( #815, #4657, #7021 ) ) REPRESENTATION_CONTEXT ( 'NONE', 'WORKASPACE' ) );
#3496 = DIRECTION ( 'NONE',  ( -1.000000000000000000, 0.0000000000000000000, -0.0000000000000000000 ) ) ;
#3497 = PRESENTATION_STYLE_ASSIGNMENT (( #7190 ) ) ;
#3498 = EDGE_CURVE ( 'NONE', #1662, #144, #1498, .T. ) ;
#3499 = DIRECTION ( 'NONE',  ( 0.0000000000000000000, -0.6560590289905086100, 0.7547095802227709000 ) ) ;
#3500 = ORIENTED_EDGE ( 'NONE', *, *, #185, .F. ) ;
#3501 = CARTESIAN_POINT ( 'NONE',  ( 0.8249999999999999600, 2.200398605410600200, 0.6749999999999831700 ) ) ;
#3502 = ORIENTED_EDGE ( 'NONE', *, *, #1953, .T. ) ;
#3503 = LINE ( 'NONE', #3182, #4782 ) ;
#3504 = PLANE ( 'NONE',  #764 ) ;
#3505 =( LENGTH_UNIT ( ) NAMED_UNIT ( * ) SI_UNIT ( .MILLI., .METRE. ) );
#3506 = EDGE_CURVE ( 'NONE', #747, #4120, #3859, .T. ) ;
#3507 = PRESENTATION_STYLE_ASSIGNMENT (( #1413 ) ) ;
#3508 = LINE ( 'NONE', #7012, #961 ) ;
#3509 = VERTEX_POINT ( 'NONE', #1610 ) ;
#3510 =( NAMED_UNIT ( * ) SI_UNIT ( $, .STERADIAN. ) SOLID_ANGLE_UNIT ( ) );
#3511 = PRESENTATION_LAYER_ASSIGNMENT (  '', '', ( #7786 ) ) ;
#3512 = UNCERTAINTY_MEASURE_WITH_UNIT (LENGTH_MEASURE( 1.000000000000000100E-005 ), #5870, 'distance_accuracy_value', 'NONE');
#3513 = FILL_AREA_STYLE_COLOUR ( '', #7746 ) ;
#3514 = ORIENTED_EDGE ( 'NONE', *, *, #4392, .F. ) ;
#3515 = LINE ( 'NONE', #4816, #859 ) ;
#3516 = EDGE_CURVE ( 'NONE', #5299, #4498, #4159, .T. ) ;
#3517 = UNCERTAINTY_MEASURE_WITH_UNIT (LENGTH_MEASURE( 1.000000000000000100E-005 ), #4936, 'distance_accuracy_value', 'NONE');
#3518 = ORIENTED_EDGE ( 'NONE', *, *, #1271, .F. ) ;
#3519 = ORIENTED_EDGE ( 'NONE', *, *, #6506, .F. ) ;
#3520 = SURFACE_STYLE_USAGE ( .BOTH. , #7817 ) ;
#3521 = STYLED_ITEM ( 'NONE', ( #3038 ), #5361 ) ;
#3522 = DIRECTION ( 'NONE',  ( -1.000000000000000000, 0.0000000000000000000, 0.0000000000000000000 ) ) ;
#3523 = LINE ( 'NONE', #2444, #4201 ) ;
#3524 = ORIENTED_EDGE ( 'NONE', *, *, #1340, .T. ) ;
#3525 = PRESENTATION_STYLE_ASSIGNMENT (( #2636 ) ) ;
#3526 = VERTEX_POINT ( 'NONE', #7806 ) ;
#3527 = CYLINDRICAL_SURFACE ( 'NONE', #606, 0.09999999999999993600 ) ;
#3528 = CARTESIAN_POINT ( 'NONE',  ( 0.8249999999999999600, 1.921891833059526500, 0.9749999999999531300 ) ) ;
#3529 = CARTESIAN_POINT ( 'NONE',  ( -2.095000000000000200, 2.200398605410600200, 0.9749999999999531300 ) ) ;
#3530 = VERTEX_POINT ( 'NONE', #4104 ) ;
#3531 = PRESENTATION_LAYER_ASSIGNMENT (  '', '', ( #5705 ) ) ;
#3532 = EDGE_LOOP ( 'NONE', ( #4103, #4724, #7547, #6502 ) ) ;
#3533 = ORIENTED_EDGE ( 'NONE', *, *, #413, .T. ) ;
#3534 = DIRECTION ( 'NONE',  ( 0.0000000000000000000, 0.0000000000000000000, 1.000000000000000000 ) ) ;
#3535 = AXIS2_PLACEMENT_3D ( 'NONE', #8000, #6164, #6774 ) ;
#3536 = DIRECTION ( 'NONE',  ( 0.0000000000000000000, 0.0000000000000000000, 1.000000000000000000 ) ) ;
#3537 = VECTOR ( 'NONE', #6148, 1000.000000000000000 ) ;
#3538 = VERTEX_POINT ( 'NONE', #2866 ) ;
#3539 = ADVANCED_FACE ( 'NONE', ( #3177 ), #2269, .F. ) ;
#3540 = SURFACE_STYLE_USAGE ( .BOTH. , #990 ) ;
#3541 = VERTEX_POINT ( 'NONE', #2736 ) ;
#3542 = PRESENTATION_LAYER_ASSIGNMENT (  '', '', ( #3945 ) ) ;
#3543 = CARTESIAN_POINT ( 'NONE',  ( 2.095000000000000200, -2.300398605410600300, 0.6749999999999831700 ) ) ;
#3544 = CARTESIAN_POINT ( 'NONE',  ( 0.0000000000000000000, 1.950000000000000000, 0.7749999999999805900 ) ) ;
#3545 = DIRECTION ( 'NONE',  ( 0.0000000000000000000, 0.3000000000000002700, -0.9539392014169455500 ) ) ;
#3546 = ORIENTED_EDGE ( 'NONE', *, *, #6361, .T. ) ;
#3547 = AXIS2_PLACEMENT_3D ( 'NONE', #183, #724, #3228 ) ;
#3548 = EDGE_LOOP ( 'NONE', ( #3727, #2083, #2763, #4390, #7350, #7301 ) ) ;
#3549 =( NAMED_UNIT ( * ) SI_UNIT ( $, .STERADIAN. ) SOLID_ANGLE_UNIT ( ) );
#3550 = DIRECTION ( 'NONE',  ( 0.0000000000000000000, -1.000000000000000000, -1.501620008892423100E-013 ) ) ;
#3551 = STYLED_ITEM ( 'NONE', ( #6516 ), #2494 ) ;
#3552 = FILL_AREA_STYLE ('',( #2937 ) ) ;
#3553 = LINE ( 'NONE', #4046, #6921 ) ;
#3554 = CYLINDRICAL_SURFACE ( 'NONE', #3113, 0.2999999999999999300 ) ;
#3555 = DIRECTION ( 'NONE',  ( 0.0000000000000000000, -0.9961946980917452100, 0.08715574274766146900 ) ) ;
#3556 = CARTESIAN_POINT ( 'NONE',  ( 1.714999999999999900, 2.500398605410600000, 0.3345815153284070200 ) ) ;
#3557 = EDGE_CURVE ( 'NONE', #4452, #1426, #1918, .T. ) ;
#3558 = CARTESIAN_POINT ( 'NONE',  ( -2.095000000000000200, -3.000000000000000000, 0.1992389396183490100 ) ) ;
#3559 =( NAMED_UNIT ( * ) SI_UNIT ( $, .STERADIAN. ) SOLID_ANGLE_UNIT ( ) );
#3560 = LINE ( 'NONE', #2914, #3353 ) ;
#3561 = MECHANICAL_DESIGN_GEOMETRIC_PRESENTATION_REPRESENTATION (  '', ( #6668 ), #7662 ) ;
#3562 = DIRECTION ( 'NONE',  ( 0.0000000000000000000, 0.0000000000000000000, 1.000000000000000000 ) ) ;
#3563 = EDGE_CURVE ( 'NONE', #4395, #5829, #2802, .T. ) ;
#3564 = CARTESIAN_POINT ( 'NONE',  ( -2.095000000000000200, 2.591683031135834100, 0.2349620455192325500 ) ) ;
#3565 = DIRECTION ( 'NONE',  ( -1.000000000000000000, -0.0000000000000000000, -0.0000000000000000000 ) ) ;
#3566 = DIRECTION ( 'NONE',  ( -1.000000000000000000, -0.0000000000000000000, -0.0000000000000000000 ) ) ;
#3567 = LINE ( 'NONE', #6274, #2898 ) ;
#3568 = DIRECTION ( 'NONE',  ( -1.000000000000000000, -0.0000000000000000000, -0.0000000000000000000 ) ) ;
#3570 =( GEOMETRIC_REPRESENTATION_CONTEXT ( 3 ) GLOBAL_UNCERTAINTY_ASSIGNED_CONTEXT ( ( #3660 ) ) GLOBAL_UNIT_ASSIGNED_CONTEXT ( ( #6279, #1603, #2883 ) ) REPRESENTATION_CONTEXT ( 'NONE', 'WORKASPACE' ) );
#3569 = CARTESIAN_POINT ( 'NONE',  ( 1.714999999999999900, -2.300398605410600300, 0.6749999999999831700 ) ) ;
#3571 = AXIS2_PLACEMENT_3D ( 'NONE', #1078, #4841, #5382 ) ;
#3572 = DIRECTION ( 'NONE',  ( -1.000000000000000000, 0.0000000000000000000, -0.0000000000000000000 ) ) ;
#3573 = CARTESIAN_POINT ( 'NONE',  ( 2.095000000000000200, 2.230398605410600400, 0.7703939201416775100 ) ) ;
#3574 = PRESENTATION_LAYER_ASSIGNMENT (  '', '', ( #3156 ) ) ;
#3575 = SURFACE_STYLE_FILL_AREA ( #5977 ) ;
#3576 = DIRECTION ( 'NONE',  ( 0.0000000000000000000, 0.9961946980917452100, 0.08715574274766135800 ) ) ;
#3577 = ORIENTED_EDGE ( 'NONE', *, *, #4334, .F. ) ;
#3578 = VECTOR ( 'NONE', #3423, 1000.000000000000000 ) ;
#3579 = CARTESIAN_POINT ( 'NONE',  ( 1.665000000000000000, 2.230398605410600400, 0.7703939201416775100 ) ) ;
#3580 = SURFACE_STYLE_USAGE ( .BOTH. , #2435 ) ;
#3581 = PRESENTATION_LAYER_ASSIGNMENT (  '', '', ( #5422 ) ) ;
#3582 =( GEOMETRIC_REPRESENTATION_CONTEXT ( 3 ) GLOBAL_UNCERTAINTY_ASSIGNED_CONTEXT ( ( #5807 ) ) GLOBAL_UNIT_ASSIGNED_CONTEXT ( ( #7863, #5362, #3454 ) ) REPRESENTATION_CONTEXT ( 'NONE', 'WORKASPACE' ) );
#3583 = DIRECTION ( 'NONE',  ( 0.0000000000000000000, 0.1391731009600621100, 0.9902680687415708100 ) ) ;
#3584 = ORIENTED_EDGE ( 'NONE', *, *, #2901, .T. ) ;
#3585 = FACE_OUTER_BOUND ( 'NONE', #6480, .T. ) ;
#3586 = CARTESIAN_POINT ( 'NONE',  ( -0.4450000000000000600, -2.982568851450467600, 0.0000000000000000000 ) ) ;
#3587 = UNCERTAINTY_MEASURE_WITH_UNIT (LENGTH_MEASURE( 1.000000000000000100E-005 ), #1475, 'distance_accuracy_value', 'NONE');
#3588 = DIRECTION ( 'NONE',  ( -0.0000000000000000000, -1.000000000000000000, -0.0000000000000000000 ) ) ;
#3589 =( NAMED_UNIT ( * ) SI_UNIT ( $, .STERADIAN. ) SOLID_ANGLE_UNIT ( ) );
#3590 = EDGE_CURVE ( 'NONE', #6320, #5369, #7683, .T. ) ;
#3591 = LINE ( 'NONE', #1326, #7433 ) ;
#3592 = AXIS2_PLACEMENT_3D ( 'NONE', #3101, #4350, #1249 ) ;
#3593 = ORIENTED_EDGE ( 'NONE', *, *, #223, .F. ) ;
#3594 = DIRECTION ( 'NONE',  ( -1.000000000000000000, -0.0000000000000000000, -0.0000000000000000000 ) ) ;
#3595 = CIRCLE ( 'NONE', #1145, 0.09999999999999982500 ) ;
#3596 = CARTESIAN_POINT ( 'NONE',  ( -1.714999999999999900, -1.950000000000000000, 0.7749999999999831500 ) ) ;
#3597 = VERTEX_POINT ( 'NONE', #2687 ) ;
#3598 = SURFACE_STYLE_USAGE ( .BOTH. , #1743 ) ;
#3599 = CARTESIAN_POINT ( 'NONE',  ( 2.450000000000000200, -1.949999999999994400, 0.7749999999999805900 ) ) ;
#3600 =( LENGTH_UNIT ( ) NAMED_UNIT ( * ) SI_UNIT ( .MILLI., .METRE. ) );
#3601 = ORIENTED_EDGE ( 'NONE', *, *, #7275, .F. ) ;
#3602 = DIRECTION ( 'NONE',  ( -1.000000000000000000, 0.0000000000000000000, 0.0000000000000000000 ) ) ;
#3603 = VERTEX_POINT ( 'NONE', #3326 ) ;
#3604 = CARTESIAN_POINT ( 'NONE',  ( -1.664999999999999800, -2.230398605410600400, 0.7703939201416775100 ) ) ;
#3605 = EDGE_CURVE ( 'NONE', #7178, #2167, #4544, .T. ) ;
#3606 = DIRECTION ( 'NONE',  ( 0.0000000000000000000, -0.1391731009600621100, 0.9902680687415708100 ) ) ;
#3607 = FACE_OUTER_BOUND ( 'NONE', #7435, .T. ) ;
#3608 = VECTOR ( 'NONE', #2521, 1000.000000000000000 ) ;
#3609 = CLOSED_SHELL ( 'NONE', ( #2807, #4009, #5926, #2836, #2494, #2933, #4714, #1463, #3653, #4765, #163, #7121, #975, #5122, #608, #3691, #906, #212, #3452, #4502, #3349, #2705 ) ) ;
#3610 = UNCERTAINTY_MEASURE_WITH_UNIT (LENGTH_MEASURE( 1.000000000000000100E-005 ), #5595, 'distance_accuracy_value', 'NONE');
#3611 = VERTEX_POINT ( 'NONE', #7004 ) ;
#3612 = CARTESIAN_POINT ( 'NONE',  ( -2.145000000000000000, 2.300398605410600300, 0.6749999999999831700 ) ) ;
#3613 = EDGE_CURVE ( 'NONE', #249, #2482, #7498, .T. ) ;
#3614 = LINE ( 'NONE', #7137, #3806 ) ;
#3615 = EDGE_CURVE ( 'NONE', #4216, #4501, #3362, .T. ) ;
#3616 = ORIENTED_EDGE ( 'NONE', *, *, #3557, .T. ) ;
#3617 = DIRECTION ( 'NONE',  ( 0.0000000000000000000, -1.000000000000000000, -1.501620008892423100E-013 ) ) ;
#3618 = SURFACE_STYLE_FILL_AREA ( #4864 ) ;
#3619 = VERTEX_POINT ( 'NONE', #3948 ) ;
#3620 =( GEOMETRIC_REPRESENTATION_CONTEXT ( 3 ) GLOBAL_UNCERTAINTY_ASSIGNED_CONTEXT ( ( #5357 ) ) GLOBAL_UNIT_ASSIGNED_CONTEXT ( ( #513, #7415, #1887 ) ) REPRESENTATION_CONTEXT ( 'NONE', 'WORKASPACE' ) );
#3621 = SURFACE_STYLE_FILL_AREA ( #314 ) ;
#3622 = ORIENTED_EDGE ( 'NONE', *, *, #118, .T. ) ;
#3623 = DIRECTION ( 'NONE',  ( -1.000000000000000000, 0.0000000000000000000, -0.0000000000000000000 ) ) ;
#3624 = EDGE_CURVE ( 'NONE', #257, #5399, #2795, .T. ) ;
#3625 = ORIENTED_EDGE ( 'NONE', *, *, #3435, .F. ) ;
#3626 = DIRECTION ( 'NONE',  ( -1.000000000000000000, -0.0000000000000000000, 0.0000000000000000000 ) ) ;
#3627 = CARTESIAN_POINT ( 'NONE',  ( 0.4449999999999998400, 2.982568851450467600, 0.0000000000000000000 ) ) ;
#3628 = ORIENTED_EDGE ( 'NONE', *, *, #5325, .T. ) ;
#3629 = SURFACE_STYLE_FILL_AREA ( #6373 ) ;
#3630 = FILL_AREA_STYLE ('',( #7290 ) ) ;
#3631 = CARTESIAN_POINT ( 'NONE',  ( 0.3949999999999999600, 2.230398605410600400, 0.7703939201416775100 ) ) ;
#3632 = ORIENTED_EDGE ( 'NONE', *, *, #1562, .F. ) ;
#3633 =( NAMED_UNIT ( * ) PLANE_ANGLE_UNIT ( ) SI_UNIT ( $, .RADIAN. ) );
#3634 = VECTOR ( 'NONE', #5604, 1000.000000000000000 ) ;
#3635 = MECHANICAL_DESIGN_GEOMETRIC_PRESENTATION_REPRESENTATION (  '', ( #3063 ), #5037 ) ;
#3636 = VERTEX_POINT ( 'NONE', #3896 ) ;
#3637 = VERTEX_POINT ( 'NONE', #4530 ) ;
#3638 = EDGE_LOOP ( 'NONE', ( #6685, #6889, #4896, #6733 ) ) ;
#3639 = SURFACE_STYLE_USAGE ( .BOTH. , #8038 ) ;
#3640 = PRESENTATION_LAYER_ASSIGNMENT (  '', '', ( #6275 ) ) ;
#3641 = DIRECTION ( 'NONE',  ( -1.000000000000000000, 0.0000000000000000000, 0.0000000000000000000 ) ) ;
#3642 = ORIENTED_EDGE ( 'NONE', *, *, #3767, .T. ) ;
#3643 = CARTESIAN_POINT ( 'NONE',  ( 0.4449999999999998400, 2.300398605410600300, 0.3345815153284068500 ) ) ;
#3644 = LINE ( 'NONE', #1370, #3142 ) ;
#3645 = CARTESIAN_POINT ( 'NONE',  ( 0.4449999999999998400, -2.300398605410600300, 0.6749999999999831700 ) ) ;
#3646 = SURFACE_STYLE_FILL_AREA ( #1541 ) ;
#3647 = MECHANICAL_DESIGN_GEOMETRIC_PRESENTATION_REPRESENTATION (  '', ( #1980 ), #4465 ) ;
#3648 = CIRCLE ( 'NONE', #143, 0.09999999999999988100 ) ;
#3649 = ORIENTED_EDGE ( 'NONE', *, *, #5020, .T. ) ;
#3650 =( NAMED_UNIT ( * ) PLANE_ANGLE_UNIT ( ) SI_UNIT ( $, .RADIAN. ) );
#3651 = PLANE ( 'NONE',  #5697 ) ;
#3652 = PLANE ( 'NONE',  #1376 ) ;
#3653 = ADVANCED_FACE ( 'NONE', ( #1710 ), #7590, .T. ) ;
#3654 = DIRECTION ( 'NONE',  ( 0.0000000000000000000, -1.501620008892423400E-013, 1.000000000000000000 ) ) ;
#3655 = VECTOR ( 'NONE', #6177, 1000.000000000000000 ) ;
#3656 = FILL_AREA_STYLE ('',( #6169 ) ) ;
#3657 = PLANE ( 'NONE',  #1420 ) ;
#3658 = EDGE_CURVE ( 'NONE', #3197, #1646, #6084, .T. ) ;
#3659 =( NAMED_UNIT ( * ) PLANE_ANGLE_UNIT ( ) SI_UNIT ( $, .RADIAN. ) );
#3660 = UNCERTAINTY_MEASURE_WITH_UNIT (LENGTH_MEASURE( 1.000000000000000100E-005 ), #6279, 'distance_accuracy_value', 'NONE');
#3661 = COLOUR_RGB ( '',1.000000000000000000, 1.000000000000000000, 1.000000000000000000 ) ;
#3662 =( LENGTH_UNIT ( ) NAMED_UNIT ( * ) SI_UNIT ( .MILLI., .METRE. ) );
#3663 = EDGE_CURVE ( 'NONE', #3147, #5376, #1489, .T. ) ;
#3664 = CARTESIAN_POINT ( 'NONE',  ( 0.3949999999999999600, -2.300398605410600300, 0.6749999999999831700 ) ) ;
#3665 = CARTESIAN_POINT ( 'NONE',  ( -2.095000000000000200, -1.950000000000000000, 0.7749999999999831500 ) ) ;
#3666 = DIRECTION ( 'NONE',  ( 0.0000000000000000000, 0.9961946980917452100, -0.08715574274766135800 ) ) ;
#3667 = STYLED_ITEM ( 'NONE', ( #2978 ), #4117 ) ;
#3668 = DIRECTION ( 'NONE',  ( 0.0000000000000000000, -0.9961946980917452100, 0.08715574274766146900 ) ) ;
#3669 = EDGE_CURVE ( 'NONE', #3530, #591, #1387, .T. ) ;
#3670 = UNCERTAINTY_MEASURE_WITH_UNIT (LENGTH_MEASURE( 1.000000000000000100E-005 ), #1428, 'distance_accuracy_value', 'NONE');
#3671 = COLOUR_RGB ( '',1.000000000000000000, 1.000000000000000000, 1.000000000000000000 ) ;
#3672 = SURFACE_STYLE_USAGE ( .BOTH. , #4269 ) ;
#3673 = AXIS2_PLACEMENT_3D ( 'NONE', #4457, #6328, #7462 ) ;
#3674 = CARTESIAN_POINT ( 'NONE',  ( -0.8750000000000001100, -2.230398605410600400, 0.7703939201416775100 ) ) ;
#3675 =( LENGTH_UNIT ( ) NAMED_UNIT ( * ) SI_UNIT ( .MILLI., .METRE. ) );
#3676 = LINE ( 'NONE', #8057, #6094 ) ;
#3677 = PLANE ( 'NONE',  #7390 ) ;
#3678 = MECHANICAL_DESIGN_GEOMETRIC_PRESENTATION_REPRESENTATION (  '', ( #4251 ), #587 ) ;
#3679 = ORIENTED_EDGE ( 'NONE', *, *, #7512, .F. ) ;
#3680 = CARTESIAN_POINT ( 'NONE',  ( -2.095000000000000200, 1.950000000000000000, 0.7749999999999831500 ) ) ;
#3681 = VECTOR ( 'NONE', #2676, 1000.000000000000000 ) ;
#3682 = AXIS2_PLACEMENT_3D ( 'NONE', #4582, #7642, #145 ) ;
#3683 = VECTOR ( 'NONE', #7259, 1000.000000000000000 ) ;
#3684 = SURFACE_STYLE_FILL_AREA ( #4934 ) ;
#3685 = PLANE ( 'NONE',  #3194 ) ;
#3686 = CARTESIAN_POINT ( 'NONE',  ( -1.714999999999999900, -2.300398605410600300, 0.3345815153284068500 ) ) ;
#3687 = ORIENTED_EDGE ( 'NONE', *, *, #3348, .T. ) ;
#3688 = LINE ( 'NONE', #2683, #3017 ) ;
#3689 = PRESENTATION_LAYER_ASSIGNMENT (  '', '', ( #6028 ) ) ;
#3690 = VECTOR ( 'NONE', #579, 1000.000000000000000 ) ;
#3691 = ADVANCED_FACE ( 'NONE', ( #4846 ), #6462, .F. ) ;
#3692 = STYLED_ITEM ( 'NONE', ( #6560 ), #7503 ) ;
#3693 = ORIENTED_EDGE ( 'NONE', *, *, #5411, .F. ) ;
#3694 = CARTESIAN_POINT ( 'NONE',  ( -0.4450000000000000600, -3.000000000000000000, 0.1992389396183490100 ) ) ;
#3695 = SURFACE_STYLE_FILL_AREA ( #7322 ) ;
#3696 = CARTESIAN_POINT ( 'NONE',  ( -2.145000000000000000, -2.200398605410600200, 0.6749999999999831700 ) ) ;
#3697 = DIRECTION ( 'NONE',  ( 1.000000000000000000, 0.0000000000000000000, 0.0000000000000000000 ) ) ;
#3698 = ORIENTED_EDGE ( 'NONE', *, *, #1378, .F. ) ;
#3699 = VECTOR ( 'NONE', #766, 1000.000000000000000 ) ;
#3700 =( GEOMETRIC_REPRESENTATION_CONTEXT ( 3 ) GLOBAL_UNCERTAINTY_ASSIGNED_CONTEXT ( ( #2326 ) ) GLOBAL_UNIT_ASSIGNED_CONTEXT ( ( #3889, #2045, #4547 ) ) REPRESENTATION_CONTEXT ( 'NONE', 'WORKASPACE' ) );
#3701 = FILL_AREA_STYLE ('',( #552 ) ) ;
#3702 = ORIENTED_EDGE ( 'NONE', *, *, #1948, .F. ) ;
#3703 = VECTOR ( 'NONE', #7777, 1000.000000000000000 ) ;
#3704 = EDGE_LOOP ( 'NONE', ( #1642, #844, #1338, #7623, #4232, #3039 ) ) ;
#3705 = LINE ( 'NONE', #3160, #3988 ) ;
#3706 =( LENGTH_UNIT ( ) NAMED_UNIT ( * ) SI_UNIT ( .MILLI., .METRE. ) );
#3707 = VERTEX_POINT ( 'NONE', #5305 ) ;
#3708 = LINE ( 'NONE', #5879, #2376 ) ;
#3709 =( NAMED_UNIT ( * ) PLANE_ANGLE_UNIT ( ) SI_UNIT ( $, .RADIAN. ) );
#3710 = EDGE_LOOP ( 'NONE', ( #5758, #7616, #2457, #6627 ) ) ;
#3711 = SURFACE_STYLE_FILL_AREA ( #3445 ) ;
#3712 = ORIENTED_EDGE ( 'NONE', *, *, #5998, .F. ) ;
#3713 = DIRECTION ( 'NONE',  ( 0.0000000000000000000, -0.1391731009600625500, -0.9902680687415707000 ) ) ;
#3714 = EDGE_CURVE ( 'NONE', #6732, #586, #4747, .T. ) ;
#3715 = DIRECTION ( 'NONE',  ( -1.000000000000000000, -0.0000000000000000000, -0.0000000000000000000 ) ) ;
#3716 = FILL_AREA_STYLE_COLOUR ( '', #6552 ) ;
#3717 = VERTEX_POINT ( 'NONE', #5217 ) ;
#3718 = LINE ( 'NONE', #4032, #1157 ) ;
#3719 = EDGE_LOOP ( 'NONE', ( #3235, #7384, #3380, #2156, #3416, #5860 ) ) ;
#3720 = DIRECTION ( 'NONE',  ( -1.000000000000000000, 0.0000000000000000000, 0.0000000000000000000 ) ) ;
#3721 = ORIENTED_EDGE ( 'NONE', *, *, #4759, .F. ) ;
#3722 = SURFACE_STYLE_FILL_AREA ( #2003 ) ;
#3723 = DIRECTION ( 'NONE',  ( 0.0000000000000000000, 0.1391731009600621100, 0.9902680687415708100 ) ) ;
#3724 = MECHANICAL_DESIGN_GEOMETRIC_PRESENTATION_REPRESENTATION (  '', ( #4555 ), #6768 ) ;
#3725 = CARTESIAN_POINT ( 'NONE',  ( 2.095000000000000200, -2.982568851450467600, 0.0000000000000000000 ) ) ;
#3726 = FILL_AREA_STYLE ('',( #5034 ) ) ;
#3727 = ORIENTED_EDGE ( 'NONE', *, *, #2216, .F. ) ;
#3728 = EDGE_CURVE ( 'NONE', #7918, #4821, #1286, .T. ) ;
#3729 = VECTOR ( 'NONE', #6353, 1000.000000000000000 ) ;
#3730 = ORIENTED_EDGE ( 'NONE', *, *, #7782, .T. ) ;
#3731 = VERTEX_POINT ( 'NONE', #4637 ) ;
#3732 = AXIS2_PLACEMENT_3D ( 'NONE', #7072, #3973, #2131 ) ;
#3733 = DIRECTION ( 'NONE',  ( 1.000000000000000000, -0.0000000000000000000, 0.0000000000000000000 ) ) ;
#3734 = VECTOR ( 'NONE', #3469, 1000.000000000000000 ) ;
#3735 = ORIENTED_EDGE ( 'NONE', *, *, #7572, .T. ) ;
#3736 = ADVANCED_FACE ( 'NONE', ( #2900 ), #1190, .F. ) ;
#3737 = ORIENTED_EDGE ( 'NONE', *, *, #7604, .T. ) ;
#3738 = DIRECTION ( 'NONE',  ( 0.0000000000000000000, 0.0000000000000000000, 1.000000000000000000 ) ) ;
#3739 = FILL_AREA_STYLE ('',( #1852 ) ) ;
#3740 = ORIENTED_EDGE ( 'NONE', *, *, #5730, .T. ) ;
#3741 = AXIS2_PLACEMENT_3D ( 'NONE', #1216, #4455, #1991 ) ;
#3742 = MECHANICAL_DESIGN_GEOMETRIC_PRESENTATION_REPRESENTATION (  '', ( #2659 ), #2351 ) ;
#3743 = DIRECTION ( 'NONE',  ( 1.000000000000000000, -0.0000000000000000000, 0.0000000000000000000 ) ) ;
#3744 =( NAMED_UNIT ( * ) PLANE_ANGLE_UNIT ( ) SI_UNIT ( $, .RADIAN. ) );
#3745 = CARTESIAN_POINT ( 'NONE',  ( 0.8249999999999999600, -2.200398605410600200, 0.6749999999999831700 ) ) ;
#3746 = FACE_OUTER_BOUND ( 'NONE', #4257, .T. ) ;
#3747 = CARTESIAN_POINT ( 'NONE',  ( -1.714999999999999900, -2.300398605410600300, 0.3345815153284068500 ) ) ;
#3748 =( GEOMETRIC_REPRESENTATION_CONTEXT ( 3 ) GLOBAL_UNCERTAINTY_ASSIGNED_CONTEXT ( ( #3157 ) ) GLOBAL_UNIT_ASSIGNED_CONTEXT ( ( #2320, #6651, #3559 ) ) REPRESENTATION_CONTEXT ( 'NONE', 'WORKASPACE' ) );
#3749 = CARTESIAN_POINT ( 'NONE',  ( 0.4449999999999998400, -1.950000000000000000, 0.7749999999999831500 ) ) ;
#3750 = DIRECTION ( 'NONE',  ( -1.000000000000000000, -0.0000000000000000000, -0.0000000000000000000 ) ) ;
#3751 = PLANE ( 'NONE',  #6139 ) ;
#3752 = LINE ( 'NONE', #196, #7794 ) ;
#3753 = MECHANICAL_DESIGN_GEOMETRIC_PRESENTATION_REPRESENTATION (  '', ( #4324 ), #5263 ) ;
#3754 =( NAMED_UNIT ( * ) SI_UNIT ( $, .STERADIAN. ) SOLID_ANGLE_UNIT ( ) );
#3755 = SURFACE_SIDE_STYLE ('',( #3865 ) ) ;
#3756 = UNCERTAINTY_MEASURE_WITH_UNIT (LENGTH_MEASURE( 1.000000000000000100E-005 ), #3252, 'distance_accuracy_value', 'NONE');
#3757 = PRESENTATION_STYLE_ASSIGNMENT (( #5395 ) ) ;
#3758 = STYLED_ITEM ( 'NONE', ( #2007 ), #3848 ) ;
#3759 = COLOUR_RGB ( '',1.000000000000000000, 1.000000000000000000, 1.000000000000000000 ) ;
#3760 = EDGE_CURVE ( 'NONE', #4498, #6064, #3752, .T. ) ;
#3761 = CARTESIAN_POINT ( 'NONE',  ( 0.8249999999999999600, 2.500398605410600000, 0.3345815153284070200 ) ) ;
#3762 = PLANE ( 'NONE',  #4400 ) ;
#3763 = EDGE_CURVE ( 'NONE', #5492, #1750, #6665, .T. ) ;
#3764 = DIRECTION ( 'NONE',  ( 0.0000000000000000000, -0.9961946980917452100, -0.08715574274766135800 ) ) ;
#3765 =( GEOMETRIC_REPRESENTATION_CONTEXT ( 3 ) GLOBAL_UNCERTAINTY_ASSIGNED_CONTEXT ( ( #7119 ) ) GLOBAL_UNIT_ASSIGNED_CONTEXT ( ( #3906, #3877, #4471 ) ) REPRESENTATION_CONTEXT ( 'NONE', 'WORKASPACE' ) );
#3766 = CARTESIAN_POINT ( 'NONE',  ( 2.145000000000000000, 2.500398605410600000, 0.6749999999999530800 ) ) ;
#3767 = EDGE_CURVE ( 'NONE', #162, #5379, #2513, .T. ) ;
#3768 = EDGE_LOOP ( 'NONE', ( #782, #7744, #3816, #1349 ) ) ;
#3769 = VECTOR ( 'NONE', #2189, 1000.000000000000000 ) ;
#3770 = CARTESIAN_POINT ( 'NONE',  ( 0.8249999999999999600, -2.200398605410600200, 0.7749999999999831500 ) ) ;
#3771 = LINE ( 'NONE', #2418, #332 ) ;
#3772 = CARTESIAN_POINT ( 'NONE',  ( 2.095000000000000200, -2.200398605410600200, 0.6749999999999831700 ) ) ;
#3773 = LINE ( 'NONE', #67, #548 ) ;
#3774 = ORIENTED_EDGE ( 'NONE', *, *, #5847, .F. ) ;
#3775 = COLOUR_RGB ( '',1.000000000000000000, 1.000000000000000000, 1.000000000000000000 ) ;
#3776 = CARTESIAN_POINT ( 'NONE',  ( 2.095000000000000200, -3.000000000000000000, 0.1992389396183490100 ) ) ;
#3777 = VECTOR ( 'NONE', #5336, 1000.000000000000000 ) ;
#3778 = AXIS2_PLACEMENT_3D ( 'NONE', #8022, #3654, #4275 ) ;
#3779 =( LENGTH_UNIT ( ) NAMED_UNIT ( * ) SI_UNIT ( .MILLI., .METRE. ) );
#3780 = DIRECTION ( 'NONE',  ( -0.0000000000000000000, 0.3000000000000002700, -0.9539392014169455500 ) ) ;
#3781 = MECHANICAL_DESIGN_GEOMETRIC_PRESENTATION_REPRESENTATION (  '', ( #6275 ), #1522 ) ;
#3782 = ORIENTED_EDGE ( 'NONE', *, *, #5174, .F. ) ;
#3783 = FACE_OUTER_BOUND ( 'NONE', #1844, .T. ) ;
#3784 = APPLICATION_CONTEXT ( 'automotive_design' ) ;
#3785 = ORIENTED_EDGE ( 'NONE', *, *, #3196, .F. ) ;
#3786 = PLANE ( 'NONE',  #3209 ) ;
#3787 = FACE_OUTER_BOUND ( 'NONE', #1293, .T. ) ;
#3788 = FILL_AREA_STYLE ('',( #861 ) ) ;
#3789 = PRESENTATION_STYLE_ASSIGNMENT (( #663 ) ) ;
#3790 = AXIS2_PLACEMENT_3D ( 'NONE', #7646, #7138, #2771 ) ;
#3791 = VECTOR ( 'NONE', #5161, 1000.000000000000000 ) ;
#3792 = UNCERTAINTY_MEASURE_WITH_UNIT (LENGTH_MEASURE( 1.000000000000000100E-005 ), #5490, 'distance_accuracy_value', 'NONE');
#3793 = ORIENTED_EDGE ( 'NONE', *, *, #3852, .T. ) ;
#3794 = VERTEX_POINT ( 'NONE', #2099 ) ;
#3795 = CARTESIAN_POINT ( 'NONE',  ( 0.8249999999999999600, 2.982568851450467600, 0.0000000000000000000 ) ) ;
#3796 = FILL_AREA_STYLE_COLOUR ( '', #3158 ) ;
#3797 = LINE ( 'NONE', #3080, #4382 ) ;
#3798 = VERTEX_POINT ( 'NONE', #7718 ) ;
#3799 = LINE ( 'NONE', #6208, #3608 ) ;
#3800 = FILL_AREA_STYLE ('',( #1265 ) ) ;
#3801 = EDGE_LOOP ( 'NONE', ( #6501, #2364, #6742, #3302 ) ) ;
#3802 = CARTESIAN_POINT ( 'NONE',  ( -0.4450000000000000600, -2.200398605410600200, 0.9749999999999531300 ) ) ;
#3803 =( LENGTH_UNIT ( ) NAMED_UNIT ( * ) SI_UNIT ( .MILLI., .METRE. ) );
#3804 = PRESENTATION_STYLE_ASSIGNMENT (( #1516 ) ) ;
#3805 = EDGE_LOOP ( 'NONE', ( #7630, #465, #1043, #1259 ) ) ;
#3806 = VECTOR ( 'NONE', #6638, 1000.000000000000000 ) ;
#3807 = PRESENTATION_LAYER_ASSIGNMENT (  '', '', ( #4535 ) ) ;
#3808 = DIRECTION ( 'NONE',  ( -1.000000000000000000, -0.0000000000000000000, -0.0000000000000000000 ) ) ;
#3809 = EDGE_CURVE ( 'NONE', #7178, #2127, #3944, .T. ) ;
#3810 = VERTEX_POINT ( 'NONE', #3963 ) ;
#3811 = VECTOR ( 'NONE', #2484, 1000.000000000000000 ) ;
#3812 = ORIENTED_EDGE ( 'NONE', *, *, #172, .F. ) ;
#3813 = ORIENTED_EDGE ( 'NONE', *, *, #405, .F. ) ;
#3814 =( NAMED_UNIT ( * ) SI_UNIT ( $, .STERADIAN. ) SOLID_ANGLE_UNIT ( ) );
#3815 =( LENGTH_UNIT ( ) NAMED_UNIT ( * ) SI_UNIT ( .MILLI., .METRE. ) );
#3816 = ORIENTED_EDGE ( 'NONE', *, *, #7989, .T. ) ;
#3817 = EDGE_CURVE ( 'NONE', #2393, #3538, #2104, .T. ) ;
#3818 = FACE_OUTER_BOUND ( 'NONE', #997, .T. ) ;
#3819 = ORIENTED_EDGE ( 'NONE', *, *, #6726, .F. ) ;
#3820 = CARTESIAN_POINT ( 'NONE',  ( -0.8250000000000001800, -2.300398605410600300, 0.6749999999999831700 ) ) ;
#3822 = AXIS2_PLACEMENT_3D ( 'NONE', #4931, #1730, #1109 ) ;
#3821 = CARTESIAN_POINT ( 'NONE',  ( -2.403447264535114100, 1.903447264535113700, 1.106239924421001700 ) ) ;
#3823 = CIRCLE ( 'NONE', #6161, 0.3000000000000001600 ) ;
#3824 = DIRECTION ( 'NONE',  ( 0.0000000000000000000, 1.000000000000000000, 0.0000000000000000000 ) ) ;
#3825 = EDGE_CURVE ( 'NONE', #578, #3323, #5025, .T. ) ;
#3826 = CARTESIAN_POINT ( 'NONE',  ( 0.3949999999999999600, -2.300398605410600300, 0.6749999999999831700 ) ) ;
#3827 = AXIS2_PLACEMENT_3D ( 'NONE', #1799, #6756, #5555 ) ;
#3828 = LINE ( 'NONE', #364, #1773 ) ;
#3829 = CARTESIAN_POINT ( 'NONE',  ( -0.4450000000000000600, 2.200398605410600200, 0.7749999999999831500 ) ) ;
#3830 = ORIENTED_EDGE ( 'NONE', *, *, #3873, .T. ) ;
#3831 = VERTEX_POINT ( 'NONE', #5842 ) ;
#3832 = ORIENTED_EDGE ( 'NONE', *, *, #7233, .T. ) ;
#3833 = FILL_AREA_STYLE ('',( #783 ) ) ;
#3834 = CARTESIAN_POINT ( 'NONE',  ( 1.665000000000000000, 2.230398605410600400, 0.7703939201416775100 ) ) ;
#3835 = CARTESIAN_POINT ( 'NONE',  ( 0.4449999999999998400, 2.600398605410600100, 0.3345815153284071300 ) ) ;
#3836 = SURFACE_STYLE_FILL_AREA ( #7299 ) ;
#3837 = MECHANICAL_DESIGN_GEOMETRIC_PRESENTATION_REPRESENTATION (  '', ( #2451 ), #7798 ) ;
#3838 = CIRCLE ( 'NONE', #6207, 0.2999999999999999300 ) ;
#3839 = CARTESIAN_POINT ( 'NONE',  ( -2.095000000000000200, -2.230398605410600400, 0.7703939201416775100 ) ) ;
#3840 = ORIENTED_EDGE ( 'NONE', *, *, #3968, .F. ) ;
#3841 = COLOUR_RGB ( '',1.000000000000000000, 1.000000000000000000, 1.000000000000000000 ) ;
#3842 = CARTESIAN_POINT ( 'NONE',  ( 2.095000000000000200, -2.600398605410600100, 0.3345815153284070800 ) ) ;
#3843 = SURFACE_SIDE_STYLE ('',( #353 ) ) ;
#3844 = MECHANICAL_DESIGN_GEOMETRIC_PRESENTATION_REPRESENTATION (  '', ( #1198 ), #1298 ) ;
#3845 = SURFACE_STYLE_FILL_AREA ( #616 ) ;
#3846 =( LENGTH_UNIT ( ) NAMED_UNIT ( * ) SI_UNIT ( .MILLI., .METRE. ) );
#3847 = CARTESIAN_POINT ( 'NONE',  ( -1.714999999999999900, -2.200398605410600200, 0.7749999999999831500 ) ) ;
#3848 = ADVANCED_FACE ( 'NONE', ( #6174 ), #4534, .T. ) ;
#3849 = DIRECTION ( 'NONE',  ( 0.0000000000000000000, 0.0000000000000000000, -1.000000000000000000 ) ) ;
#3850 = SURFACE_STYLE_FILL_AREA ( #570 ) ;
#3851 = CARTESIAN_POINT ( 'NONE',  ( 1.665000000000000000, -2.300398605410600300, 0.6749999999999831700 ) ) ;
#3852 = EDGE_CURVE ( 'NONE', #5353, #3216, #526, .T. ) ;
#3853 = PRESENTATION_STYLE_ASSIGNMENT (( #4742 ) ) ;
#3854 = PRESENTATION_LAYER_ASSIGNMENT (  '', '', ( #6127 ) ) ;
#3855 = DIRECTION ( 'NONE',  ( -1.000000000000000000, -0.0000000000000000000, -0.0000000000000000000 ) ) ;
#3856 = SURFACE_STYLE_USAGE ( .BOTH. , #7551 ) ;
#3857 = UNCERTAINTY_MEASURE_WITH_UNIT (LENGTH_MEASURE( 1.000000000000000100E-005 ), #1917, 'distance_accuracy_value', 'NONE');
#3858 =( NAMED_UNIT ( * ) SI_UNIT ( $, .STERADIAN. ) SOLID_ANGLE_UNIT ( ) );
#3859 = LINE ( 'NONE', #4799, #6848 ) ;
#3860 =( GEOMETRIC_REPRESENTATION_CONTEXT ( 3 ) GLOBAL_UNCERTAINTY_ASSIGNED_CONTEXT ( ( #5058 ) ) GLOBAL_UNIT_ASSIGNED_CONTEXT ( ( #2668, #7599, #4513 ) ) REPRESENTATION_CONTEXT ( 'NONE', 'WORKASPACE' ) );
#3861 = ORIENTED_EDGE ( 'NONE', *, *, #6193, .T. ) ;
#3862 = CARTESIAN_POINT ( 'NONE',  ( -0.3949999999999999600, 2.200398605410600200, 0.6749999999999831700 ) ) ;
#3863 =( NAMED_UNIT ( * ) SI_UNIT ( $, .STERADIAN. ) SOLID_ANGLE_UNIT ( ) );
#3864 = VECTOR ( 'NONE', #3261, 1000.000000000000000 ) ;
#3865 = SURFACE_STYLE_FILL_AREA ( #6215 ) ;
#3866 = EDGE_CURVE ( 'NONE', #3216, #1229, #6838, .T. ) ;
#3867 = ORIENTED_EDGE ( 'NONE', *, *, #2216, .T. ) ;
#3868 =( NAMED_UNIT ( * ) SI_UNIT ( $, .STERADIAN. ) SOLID_ANGLE_UNIT ( ) );
#3869 = UNCERTAINTY_MEASURE_WITH_UNIT (LENGTH_MEASURE( 1.000000000000000100E-005 ), #7326, 'distance_accuracy_value', 'NONE');
#3870 = STYLED_ITEM ( 'NONE', ( #1291 ), #4765 ) ;
#3871 = DIRECTION ( 'NONE',  ( 0.0000000000000000000, 0.9961946980917452100, 0.08715574274766146900 ) ) ;
#3872 = DIRECTION ( 'NONE',  ( 0.0000000000000000000, 0.0000000000000000000, 1.000000000000000000 ) ) ;
#3873 = EDGE_CURVE ( 'NONE', #5376, #5266, #4145, .T. ) ;
#3874 = LINE ( 'NONE', #2761, #3967 ) ;
#3875 = ORIENTED_EDGE ( 'NONE', *, *, #2105, .T. ) ;
#3876 = COLOUR_RGB ( '',1.000000000000000000, 1.000000000000000000, 1.000000000000000000 ) ;
#3877 =( NAMED_UNIT ( * ) PLANE_ANGLE_UNIT ( ) SI_UNIT ( $, .RADIAN. ) );
#3878 = STYLED_ITEM ( 'NONE', ( #472 ), #5854 ) ;
#3879 = SURFACE_SIDE_STYLE ('',( #1845 ) ) ;
#3880 = PLANE ( 'NONE',  #5017 ) ;
#3881 = SURFACE_STYLE_FILL_AREA ( #2697 ) ;
#3882 = ADVANCED_FACE ( 'NONE', ( #5211 ), #4803, .F. ) ;
#3883 = CARTESIAN_POINT ( 'NONE',  ( -1.714999999999999900, -2.200398605410600200, 0.6749999999999531900 ) ) ;
#3884 = ORIENTED_EDGE ( 'NONE', *, *, #7059, .F. ) ;
#3885 = PRESENTATION_STYLE_ASSIGNMENT (( #3109 ) ) ;
#3886 = AXIS2_PLACEMENT_3D ( 'NONE', #899, #4670, #5259 ) ;
#3887 = ORIENTED_EDGE ( 'NONE', *, *, #1613, .F. ) ;
#3888 = DIRECTION ( 'NONE',  ( 1.000000000000000000, 0.0000000000000000000, 0.0000000000000000000 ) ) ;
#3889 =( LENGTH_UNIT ( ) NAMED_UNIT ( * ) SI_UNIT ( .MILLI., .METRE. ) );
#3890 = VERTEX_POINT ( 'NONE', #1036 ) ;
#3891 = CARTESIAN_POINT ( 'NONE',  ( 0.3949999999999999600, -2.230398605410600400, 0.7703939201416775100 ) ) ;
#3892 = FACE_OUTER_BOUND ( 'NONE', #6862, .T. ) ;
#3893 = DIRECTION ( 'NONE',  ( -1.000000000000000000, 0.0000000000000000000, 0.0000000000000000000 ) ) ;
#3894 = ORIENTED_EDGE ( 'NONE', *, *, #4882, .F. ) ;
#3895 = LINE ( 'NONE', #4169, #5638 ) ;
#3896 = CARTESIAN_POINT ( 'NONE',  ( -2.145000000000000000, -2.300398605410600300, 0.6749999999999831700 ) ) ;
#3897 = ORIENTED_EDGE ( 'NONE', *, *, #2397, .T. ) ;
#3898 = FACE_OUTER_BOUND ( 'NONE', #1994, .T. ) ;
#3899 = FACE_OUTER_BOUND ( 'NONE', #5634, .T. ) ;
#3900 = UNCERTAINTY_MEASURE_WITH_UNIT (LENGTH_MEASURE( 1.000000000000000100E-005 ), #2951, 'distance_accuracy_value', 'NONE');
#3901 = DIRECTION ( 'NONE',  ( 0.0000000000000000000, -0.9961946980917452100, -0.08715574274766135800 ) ) ;
#3902 = VERTEX_POINT ( 'NONE', #1012 ) ;
#3903 = COLOUR_RGB ( '',1.000000000000000000, 1.000000000000000000, 1.000000000000000000 ) ;
#3904 = ORIENTED_EDGE ( 'NONE', *, *, #1123, .T. ) ;
#3906 =( LENGTH_UNIT ( ) NAMED_UNIT ( * ) SI_UNIT ( .MILLI., .METRE. ) );
#3905 =( GEOMETRIC_REPRESENTATION_CONTEXT ( 3 ) GLOBAL_UNCERTAINTY_ASSIGNED_CONTEXT ( ( #1027 ) ) GLOBAL_UNIT_ASSIGNED_CONTEXT ( ( #1099, #4787, #5995 ) ) REPRESENTATION_CONTEXT ( 'NONE', 'WORKASPACE' ) );
#3907 = SURFACE_STYLE_USAGE ( .BOTH. , #3879 ) ;
#3908 = CARTESIAN_POINT ( 'NONE',  ( 2.095000000000000200, 3.000000000000000000, 0.1992389396183490100 ) ) ;
#3909 = ORIENTED_EDGE ( 'NONE', *, *, #3047, .F. ) ;
#3910 = ORIENTED_EDGE ( 'NONE', *, *, #5587, .F. ) ;
#3911 = PRESENTATION_LAYER_ASSIGNMENT (  '', '', ( #7362 ) ) ;
#3912 = SURFACE_SIDE_STYLE ('',( #3280 ) ) ;
#3913 = CARTESIAN_POINT ( 'NONE',  ( -1.714999999999999900, 2.982568851450467600, 0.0000000000000000000 ) ) ;
#3914 = EDGE_CURVE ( 'NONE', #5563, #2534, #6937, .T. ) ;
#3915 = ORIENTED_EDGE ( 'NONE', *, *, #3914, .T. ) ;
#3916 = VECTOR ( 'NONE', #5582, 1000.000000000000000 ) ;
#3917 = DIRECTION ( 'NONE',  ( 1.000000000000000000, 0.0000000000000000000, 0.0000000000000000000 ) ) ;
#3918 = VERTEX_POINT ( 'NONE', #7836 ) ;
#3919 = EDGE_CURVE ( 'NONE', #4692, #461, #5318, .T. ) ;
#3920 = ORIENTED_EDGE ( 'NONE', *, *, #1675, .F. ) ;
#3921 = FILL_AREA_STYLE ('',( #1383 ) ) ;
#3922 = CARTESIAN_POINT ( 'NONE',  ( -1.664999999999999800, -2.230398605410600400, 0.7703939201416775100 ) ) ;
#3923 = VERTEX_POINT ( 'NONE', #1066 ) ;
#3924 = ORIENTED_EDGE ( 'NONE', *, *, #659, .F. ) ;
#3925 = EDGE_CURVE ( 'NONE', #45, #2482, #5991, .T. ) ;
#3926 = SURFACE_STYLE_FILL_AREA ( #5776 ) ;
#3927 = ADVANCED_FACE ( 'NONE', ( #101 ), #5366, .T. ) ;
#3928 = FILL_AREA_STYLE_COLOUR ( '', #6574 ) ;
#3929 = ORIENTED_EDGE ( 'NONE', *, *, #3605, .T. ) ;
#3930 = PRESENTATION_LAYER_ASSIGNMENT (  '', '', ( #2688 ) ) ;
#3931 = SURFACE_SIDE_STYLE ('',( #5330 ) ) ;
#3932 =( LENGTH_UNIT ( ) NAMED_UNIT ( * ) SI_UNIT ( .MILLI., .METRE. ) );
#3933 = PLANE ( 'NONE',  #7896 ) ;
#3934 =( LENGTH_UNIT ( ) NAMED_UNIT ( * ) SI_UNIT ( .MILLI., .METRE. ) );
#3935 = CYLINDRICAL_SURFACE ( 'NONE', #5153, 0.2999999999999999300 ) ;
#3936 = LINE ( 'NONE', #518, #707 ) ;
#3937 = MECHANICAL_DESIGN_GEOMETRIC_PRESENTATION_REPRESENTATION (  '', ( #6018 ), #6420 ) ;
#3938 = CARTESIAN_POINT ( 'NONE',  ( 1.714999999999999900, -2.591683031135834100, 0.2349620455192326700 ) ) ;
#3939 = PRESENTATION_LAYER_ASSIGNMENT (  '', '', ( #7803 ) ) ;
#3940 =( NAMED_UNIT ( * ) SI_UNIT ( $, .STERADIAN. ) SOLID_ANGLE_UNIT ( ) );
#3941 = SURFACE_SIDE_STYLE ('',( #378 ) ) ;
#3942 =( LENGTH_UNIT ( ) NAMED_UNIT ( * ) SI_UNIT ( .MILLI., .METRE. ) );
#3943 =( NAMED_UNIT ( * ) SI_UNIT ( $, .STERADIAN. ) SOLID_ANGLE_UNIT ( ) );
#3944 = LINE ( 'NONE', #7151, #418 ) ;
#3945 = STYLED_ITEM ( 'NONE', ( #7991 ), #1600 ) ;
#3946 = DIRECTION ( 'NONE',  ( 1.000000000000000000, -0.0000000000000000000, -0.0000000000000000000 ) ) ;
#3947 = EDGE_CURVE ( 'NONE', #1348, #2534, #5784, .T. ) ;
#3948 = CARTESIAN_POINT ( 'NONE',  ( 1.714999999999999900, -2.230398605410600400, 0.7703939201416775100 ) ) ;
#3949 = FILL_AREA_STYLE_COLOUR ( '', #1194 ) ;
#3950 = DIRECTION ( 'NONE',  ( 1.000000000000000000, -0.0000000000000000000, -0.0000000000000000000 ) ) ;
#3951 = FACE_OUTER_BOUND ( 'NONE', #3768, .T. ) ;
#3952 = STYLED_ITEM ( 'NONE', ( #1760 ), #2452 ) ;
#3953 = DIRECTION ( 'NONE',  ( -1.000000000000000000, 0.0000000000000000000, -0.0000000000000000000 ) ) ;
#3954 =( NAMED_UNIT ( * ) SI_UNIT ( $, .STERADIAN. ) SOLID_ANGLE_UNIT ( ) );
#3955 = CARTESIAN_POINT ( 'NONE',  ( -2.145000000000000000, 2.300398605410600300, 0.6749999999999831700 ) ) ;
#3956 = ORIENTED_EDGE ( 'NONE', *, *, #3516, .T. ) ;
#3957 = ADVANCED_FACE ( 'NONE', ( #5688 ), #7754, .T. ) ;
#3958 =( LENGTH_UNIT ( ) NAMED_UNIT ( * ) SI_UNIT ( .MILLI., .METRE. ) );
#3959 = COLOUR_RGB ( '',1.000000000000000000, 1.000000000000000000, 1.000000000000000000 ) ;
#3960 = FILL_AREA_STYLE_COLOUR ( '', #3468 ) ;
#3961 = EDGE_CURVE ( 'NONE', #3052, #6922, #1596, .T. ) ;
#3962 = COLOUR_RGB ( '',1.000000000000000000, 1.000000000000000000, 1.000000000000000000 ) ;
#3963 = CARTESIAN_POINT ( 'NONE',  ( 2.337567332238086800, 1.837567332238086800, 1.575000000000000000 ) ) ;
#3964 = MECHANICAL_DESIGN_GEOMETRIC_PRESENTATION_REPRESENTATION (  '', ( #4545 ), #7272 ) ;
#3965 = CARTESIAN_POINT ( 'NONE',  ( -0.8750000000000001100, 2.300398605410600300, 0.6749999999999831700 ) ) ;
#3966 = DIRECTION ( 'NONE',  ( 0.0000000000000000000, -1.000000000000000000, 0.0000000000000000000 ) ) ;
#3967 = VECTOR ( 'NONE', #3432, 1000.000000000000000 ) ;
#3968 = EDGE_CURVE ( 'NONE', #1920, #2743, #2001, .T. ) ;
#3969 = EDGE_LOOP ( 'NONE', ( #763, #3412, #1253, #6108, #3721 ) ) ;
#3970 = LINE ( 'NONE', #3126, #832 ) ;
#3971 = FILL_AREA_STYLE ('',( #5873 ) ) ;
#3972 = LINE ( 'NONE', #498, #29 ) ;
#3973 = DIRECTION ( 'NONE',  ( -1.000000000000000000, -0.0000000000000000000, -0.0000000000000000000 ) ) ;
#3974 = ADVANCED_FACE ( 'NONE', ( #912 ), #6767, .F. ) ;
#3975 = LINE ( 'NONE', #4580, #6019 ) ;
#3976 = UNCERTAINTY_MEASURE_WITH_UNIT (LENGTH_MEASURE( 1.000000000000000100E-005 ), #2803, 'distance_accuracy_value', 'NONE');
#3977 = ORIENTED_EDGE ( 'NONE', *, *, #6679, .F. ) ;
#3978 = CARTESIAN_POINT ( 'NONE',  ( 0.8249999999999999600, -3.000000000000000000, 0.1992389396183490100 ) ) ;
#3979 = COLOUR_RGB ( '',1.000000000000000000, 1.000000000000000000, 1.000000000000000000 ) ;
#3980 = PRESENTATION_LAYER_ASSIGNMENT (  '', '', ( #6463 ) ) ;
#3981 = EDGE_LOOP ( 'NONE', ( #7475, #3782, #3593, #5185, #2251, #673, #7449, #4122 ) ) ;
#3982 = AXIS2_PLACEMENT_3D ( 'NONE', #2588, #693, #5022 ) ;
#3983 = EDGE_CURVE ( 'NONE', #461, #8046, #1375, .T. ) ;
#3984 = MECHANICAL_DESIGN_GEOMETRIC_PRESENTATION_REPRESENTATION (  '', ( #3156 ), #4840 ) ;
#3985 = FILL_AREA_STYLE ('',( #4018 ) ) ;
#3986 = ORIENTED_EDGE ( 'NONE', *, *, #4654, .T. ) ;
#3987 = ORIENTED_EDGE ( 'NONE', *, *, #2960, .F. ) ;
#3988 = VECTOR ( 'NONE', #11, 1000.000000000000000 ) ;
#3989 = FILL_AREA_STYLE ('',( #4985 ) ) ;
#3990 = PLANE ( 'NONE',  #4314 ) ;
#3991 = ORIENTED_EDGE ( 'NONE', *, *, #7022, .T. ) ;
#3992 = VECTOR ( 'NONE', #1749, 1000.000000000000000 ) ;
#3993 = ORIENTED_EDGE ( 'NONE', *, *, #4340, .T. ) ;
#3994 = AXIS2_PLACEMENT_3D ( 'NONE', #2037, #164, #4543 ) ;
#3995 = CIRCLE ( 'NONE', #6773, 0.09999999999999982500 ) ;
#3996 = ORIENTED_EDGE ( 'NONE', *, *, #2997, .F. ) ;
#3997 = DIRECTION ( 'NONE',  ( -1.000000000000000000, -0.0000000000000000000, -0.0000000000000000000 ) ) ;
#3998 = DIRECTION ( 'NONE',  ( -1.000000000000000000, 0.0000000000000000000, 0.0000000000000000000 ) ) ;
#3999 = ORIENTED_EDGE ( 'NONE', *, *, #2503, .F. ) ;
#4000 = FILL_AREA_STYLE ('',( #1495 ) ) ;
#4001 = AXIS2_PLACEMENT_3D ( 'NONE', #5677, #4431, #685 ) ;
#4002 = CYLINDRICAL_SURFACE ( 'NONE', #2615, 0.09999999999999988100 ) ;
#4003 = ORIENTED_EDGE ( 'NONE', *, *, #5950, .F. ) ;
#4004 = DIRECTION ( 'NONE',  ( 0.0000000000000000000, 0.0000000000000000000, 1.000000000000000000 ) ) ;
#4005 = DIRECTION ( 'NONE',  ( -1.000000000000000000, 0.0000000000000000000, -0.0000000000000000000 ) ) ;
#4006 = UNCERTAINTY_MEASURE_WITH_UNIT (LENGTH_MEASURE( 1.000000000000000100E-005 ), #815, 'distance_accuracy_value', 'NONE');
#4007 = ORIENTED_EDGE ( 'NONE', *, *, #719, .F. ) ;
#4008 = EDGE_CURVE ( 'NONE', #987, #7178, #4735, .T. ) ;
#4009 = ADVANCED_FACE ( 'NONE', ( #300 ), #3071, .T. ) ;
#4010 = AXIS2_PLACEMENT_3D ( 'NONE', #5144, #1381, #5681 ) ;
#4011 = VECTOR ( 'NONE', #7492, 1000.000000000000000 ) ;
#4012 = SURFACE_SIDE_STYLE ('',( #7893 ) ) ;
#4013 = ORIENTED_EDGE ( 'NONE', *, *, #1727, .T. ) ;
#4014 = DIRECTION ( 'NONE',  ( 0.0000000000000000000, 0.0000000000000000000, -1.000000000000000000 ) ) ;
#4015 = COLOUR_RGB ( '',1.000000000000000000, 1.000000000000000000, 1.000000000000000000 ) ;
#4016 = ORIENTED_EDGE ( 'NONE', *, *, #5962, .T. ) ;
#4017 = EDGE_LOOP ( 'NONE', ( #4100, #8020, #5454, #1166 ) ) ;
#4018 = FILL_AREA_STYLE_COLOUR ( '', #4593 ) ;
#4019 = CARTESIAN_POINT ( 'NONE',  ( -0.3949999999999999600, 2.230398605410600400, 0.7703939201416775100 ) ) ;
#4020 = SURFACE_STYLE_FILL_AREA ( #7987 ) ;
#4021 = ORIENTED_EDGE ( 'NONE', *, *, #1087, .F. ) ;
#4022 = ORIENTED_EDGE ( 'NONE', *, *, #2053, .T. ) ;
#4023 = PRESENTATION_LAYER_ASSIGNMENT (  '', '', ( #5834 ) ) ;
#4024 = LINE ( 'NONE', #1143, #6636 ) ;
#4025 = ADVANCED_FACE ( 'NONE', ( #3460 ), #1813, .T. ) ;
#4026 = CARTESIAN_POINT ( 'NONE',  ( 0.8750000000000001100, 2.230398605410600400, 0.7703939201416775100 ) ) ;
#4027 = DIRECTION ( 'NONE',  ( 0.0000000000000000000, -1.000000000000000000, 0.0000000000000000000 ) ) ;
#4028 = EDGE_CURVE ( 'NONE', #6694, #7654, #2987, .T. ) ;
#4029 = ORIENTED_EDGE ( 'NONE', *, *, #6356, .T. ) ;
#4030 = DIRECTION ( 'NONE',  ( 0.0000000000000000000, -1.000000000000000000, 0.0000000000000000000 ) ) ;
#4031 = LINE ( 'NONE', #7621, #1689 ) ;
#4032 = CARTESIAN_POINT ( 'NONE',  ( 0.8249999999999999600, 2.300398605410600300, 0.3345815153284068500 ) ) ;
#4033 = FILL_AREA_STYLE_COLOUR ( '', #1941 ) ;
#4034 = FILL_AREA_STYLE_COLOUR ( '', #5738 ) ;
#4035 = EDGE_CURVE ( 'NONE', #6252, #8009, #2982, .T. ) ;
#4036 = DIRECTION ( 'NONE',  ( -1.000000000000000000, -0.0000000000000000000, -0.0000000000000000000 ) ) ;
#4038 = STYLED_ITEM ( 'NONE', ( #3327 ), #4681 ) ;
#4037 = CARTESIAN_POINT ( 'NONE',  ( 2.145000000000000000, -2.200398605410600200, 0.6749999999999831700 ) ) ;
#4039 = EDGE_CURVE ( 'NONE', #1829, #787, #1698, .T. ) ;
#4040 = CARTESIAN_POINT ( 'NONE',  ( 1.714999999999999900, -2.591683031135834100, 0.2349620455192325500 ) ) ;
#4041 = DIRECTION ( 'NONE',  ( -1.000000000000000000, 0.0000000000000000000, 0.0000000000000000000 ) ) ;
#4042 = SURFACE_SIDE_STYLE ('',( #5214 ) ) ;
#4043 = VECTOR ( 'NONE', #1608, 1000.000000000000000 ) ;
#4044 = DIRECTION ( 'NONE',  ( 0.0000000000000000000, 0.0000000000000000000, 1.000000000000000000 ) ) ;
#4045 = DIRECTION ( 'NONE',  ( 0.0000000000000000000, 0.0000000000000000000, 1.000000000000000000 ) ) ;
#4046 = CARTESIAN_POINT ( 'NONE',  ( -0.4450000000000000600, 2.300398605410600300, 0.6749999999999831700 ) ) ;
#4047 =( GEOMETRIC_REPRESENTATION_CONTEXT ( 3 ) GLOBAL_UNCERTAINTY_ASSIGNED_CONTEXT ( ( #7220 ) ) GLOBAL_UNIT_ASSIGNED_CONTEXT ( ( #1536, #1474, #289 ) ) REPRESENTATION_CONTEXT ( 'NONE', 'WORKASPACE' ) );
#4048 = ADVANCED_FACE ( 'NONE', ( #7886 ), #6728, .F. ) ;
#4049 = AXIS2_PLACEMENT_3D ( 'NONE', #7692, #2904, #5343 ) ;
#4050 = DIRECTION ( 'NONE',  ( -1.000000000000000000, 0.0000000000000000000, 0.0000000000000000000 ) ) ;
#4051 = PLANE ( 'NONE',  #4932 ) ;
#4052 = SURFACE_STYLE_USAGE ( .BOTH. , #2124 ) ;
#4053 = DIRECTION ( 'NONE',  ( 0.0000000000000000000, 0.0000000000000000000, 1.000000000000000000 ) ) ;
#4054 = CIRCLE ( 'NONE', #1006, 0.2999999999999856100 ) ;
#4055 = FACE_OUTER_BOUND ( 'NONE', #6345, .T. ) ;
#4056 = AXIS2_PLACEMENT_3D ( 'NONE', #6074, #7932, #1671 ) ;
#4057 = PLANE ( 'NONE',  #5301 ) ;
#4058 = DIRECTION ( 'NONE',  ( -0.0000000000000000000, 0.3000000000000002700, -0.9539392014169455500 ) ) ;
#4059 = VERTEX_POINT ( 'NONE', #4906 ) ;
#4060 = ADVANCED_FACE ( 'NONE', ( #3746 ), #5052, .F. ) ;
#4061 = CARTESIAN_POINT ( 'NONE',  ( -0.8250000000000001800, 2.574251882586301200, 0.03572310590088358800 ) ) ;
#4062 = DIRECTION ( 'NONE',  ( 0.0000000000000000000, -1.000000000000000000, -1.501620008892423100E-013 ) ) ;
#4063 =( NAMED_UNIT ( * ) SI_UNIT ( $, .STERADIAN. ) SOLID_ANGLE_UNIT ( ) );
#4064 = AXIS2_PLACEMENT_3D ( 'NONE', #5985, #6061, #7153 ) ;
#4065 = ORIENTED_EDGE ( 'NONE', *, *, #7411, .F. ) ;
#4066 = LINE ( 'NONE', #7658, #3681 ) ;
#4067 = PLANE ( 'NONE',  #2684 ) ;
#4068 = EDGE_CURVE ( 'NONE', #6327, #6717, #2306, .T. ) ;
#4069 = FILL_AREA_STYLE_COLOUR ( '', #5021 ) ;
#4070 = SURFACE_SIDE_STYLE ('',( #5905 ) ) ;
#4071 = DIRECTION ( 'NONE',  ( 0.0000000000000000000, 0.0000000000000000000, -1.000000000000000000 ) ) ;
#4072 = EDGE_CURVE ( 'NONE', #2972, #4452, #2093, .T. ) ;
#4073 = ORIENTED_EDGE ( 'NONE', *, *, #4982, .F. ) ;
#4074 = ORIENTED_EDGE ( 'NONE', *, *, #1953, .F. ) ;
#4075 = FILL_AREA_STYLE_COLOUR ( '', #7788 ) ;
#4076 = STYLED_ITEM ( 'NONE', ( #2680 ), #4132 ) ;
#4077 =( LENGTH_UNIT ( ) NAMED_UNIT ( * ) SI_UNIT ( .MILLI., .METRE. ) );
#4078 = EDGE_CURVE ( 'NONE', #3041, #1854, #2777, .T. ) ;
#4079 = UNCERTAINTY_MEASURE_WITH_UNIT (LENGTH_MEASURE( 1.000000000000000100E-005 ), #2480, 'distance_accuracy_value', 'NONE');
#4080 = ORIENTED_EDGE ( 'NONE', *, *, #3817, .F. ) ;
#4081 = UNCERTAINTY_MEASURE_WITH_UNIT (LENGTH_MEASURE( 1.000000000000000100E-005 ), #650, 'distance_accuracy_value', 'NONE');
#4082 = CARTESIAN_POINT ( 'NONE',  ( -0.8750000000000001100, -2.300398605410600300, 0.6749999999999831700 ) ) ;
#4083 = PRESENTATION_LAYER_ASSIGNMENT (  '', '', ( #5084 ) ) ;
#4084 = COLOUR_RGB ( '',1.000000000000000000, 1.000000000000000000, 1.000000000000000000 ) ;
#4085 = ORIENTED_EDGE ( 'NONE', *, *, #4776, .F. ) ;
#4086 = ADVANCED_FACE ( 'NONE', ( #4833 ), #5009, .F. ) ;
#4087 = DIRECTION ( 'NONE',  ( 0.0000000000000000000, 0.1391731009600621100, 0.9902680687415708100 ) ) ;
#4088 = DIRECTION ( 'NONE',  ( -0.0000000000000000000, 0.3000000000000002700, -0.9539392014169455500 ) ) ;
#4089 = LINE ( 'NONE', #411, #6605 ) ;
#4090 = DIRECTION ( 'NONE',  ( 0.0000000000000000000, 0.9961946980917453200, -0.08715574274766148300 ) ) ;
#4091 = VECTOR ( 'NONE', #1238, 1000.000000000000000 ) ;
#4092 = ORIENTED_EDGE ( 'NONE', *, *, #7931, .T. ) ;
#4093 = LINE ( 'NONE', #6417, #1847 ) ;
#4094 = MECHANICAL_DESIGN_GEOMETRIC_PRESENTATION_REPRESENTATION (  '', ( #4673 ), #3153 ) ;
#4095 = ORIENTED_EDGE ( 'NONE', *, *, #7327, .T. ) ;
#4096 = VECTOR ( 'NONE', #6141, 1000.000000000000000 ) ;
#4097 = CARTESIAN_POINT ( 'NONE',  ( -2.095000000000000200, 2.200398605410600200, 0.9749999999999531300 ) ) ;
#4098 = PRESENTATION_LAYER_ASSIGNMENT (  '', '', ( #3262 ) ) ;
#4099 = DIRECTION ( 'NONE',  ( -1.000000000000000000, -0.0000000000000000000, -0.0000000000000000000 ) ) ;
#4100 = ORIENTED_EDGE ( 'NONE', *, *, #4277, .T. ) ;
#4101 = DIRECTION ( 'NONE',  ( 0.0000000000000000000, -0.1391731009600621100, 0.9902680687415708100 ) ) ;
#4102 = ORIENTED_EDGE ( 'NONE', *, *, #8048, .T. ) ;
#4103 = ORIENTED_EDGE ( 'NONE', *, *, #4649, .F. ) ;
#4104 = CARTESIAN_POINT ( 'NONE',  ( -0.8250000000000001800, 2.591683031135834100, 0.2349620455192326700 ) ) ;
#4105 = ADVANCED_FACE ( 'NONE', ( #7881 ), #3199, .T. ) ;
#4106 = ORIENTED_EDGE ( 'NONE', *, *, #2678, .T. ) ;
#4107 = DIRECTION ( 'NONE',  ( 0.0000000000000000000, 0.0000000000000000000, 1.000000000000000000 ) ) ;
#4108 = LINE ( 'NONE', #976, #3324 ) ;
#4109 = STYLED_ITEM ( 'NONE', ( #2603 ), #1725 ) ;
#4110 = SURFACE_SIDE_STYLE ('',( #3069 ) ) ;
#4111 = ORIENTED_EDGE ( 'NONE', *, *, #7776, .T. ) ;
#4112 = UNCERTAINTY_MEASURE_WITH_UNIT (LENGTH_MEASURE( 1.000000000000000100E-005 ), #3077, 'distance_accuracy_value', 'NONE');
#4113 = DIRECTION ( 'NONE',  ( 0.0000000000000000000, 0.0000000000000000000, 1.000000000000000000 ) ) ;
#4114 = DIRECTION ( 'NONE',  ( 1.000000000000000000, 0.0000000000000000000, -0.0000000000000000000 ) ) ;
#4115 = DIRECTION ( 'NONE',  ( 0.0000000000000000000, 0.0000000000000000000, 1.000000000000000000 ) ) ;
#4116 = AXIS2_PLACEMENT_3D ( 'NONE', #7736, #7139, #4014 ) ;
#4117 = MANIFOLD_SOLID_BREP ( 'Lead3', #2396 ) ;
#4118 = FACE_OUTER_BOUND ( 'NONE', #6336, .T. ) ;
#4119 = PLANE ( 'NONE',  #5711 ) ;
#4120 = VERTEX_POINT ( 'NONE', #7480 ) ;
#4121 = DIRECTION ( 'NONE',  ( 0.0000000000000000000, 0.9961946980917452100, 0.08715574274766135800 ) ) ;
#4122 = ORIENTED_EDGE ( 'NONE', *, *, #1944, .F. ) ;
#4123 = CARTESIAN_POINT ( 'NONE',  ( 0.8249999999999999600, 2.982568851450467600, 0.0000000000000000000 ) ) ;
#4124 = VECTOR ( 'NONE', #4823, 1000.000000000000000 ) ;
#4125 = PLANE ( 'NONE',  #2197 ) ;
#4126 = ORIENTED_EDGE ( 'NONE', *, *, #6926, .T. ) ;
#4127 = DIRECTION ( 'NONE',  ( -1.000000000000000000, -0.0000000000000000000, -0.0000000000000000000 ) ) ;
#4128 = SURFACE_STYLE_USAGE ( .BOTH. , #1607 ) ;
#4129 = ORIENTED_EDGE ( 'NONE', *, *, #1888, .T. ) ;
#4131 = CARTESIAN_POINT ( 'NONE',  ( -0.8250000000000001800, -2.500398605410600000, 0.3345815153284070200 ) ) ;
#4130 = STYLED_ITEM ( 'NONE', ( #97 ), #4025 ) ;
#4132 = ADVANCED_FACE ( 'NONE', ( #1267 ), #6367, .F. ) ;
#4133 = SURFACE_STYLE_USAGE ( .BOTH. , #5197 ) ;
#4134 = EDGE_CURVE ( 'NONE', #5103, #4699, #6653, .T. ) ;
#4135 = COLOUR_RGB ( '',1.000000000000000000, 1.000000000000000000, 1.000000000000000000 ) ;
#4136 = VECTOR ( 'NONE', #3583, 1000.000000000000000 ) ;
#4137 =( NAMED_UNIT ( * ) PLANE_ANGLE_UNIT ( ) SI_UNIT ( $, .RADIAN. ) );
#4138 = CARTESIAN_POINT ( 'NONE',  ( -1.714999999999999900, 2.600398605410600100, 0.3345815153284071300 ) ) ;
#4139 = DIRECTION ( 'NONE',  ( 1.000000000000000000, -0.0000000000000000000, -0.0000000000000000000 ) ) ;
#4140 = EDGE_CURVE ( 'NONE', #5397, #1453, #5012, .T. ) ;
#4141 = DIRECTION ( 'NONE',  ( 0.9902680687415695800, 0.0000000000000000000, 0.1391731009600705700 ) ) ;
#4142 = DIRECTION ( 'NONE',  ( 0.0000000000000000000, 0.0000000000000000000, 1.000000000000000000 ) ) ;
#4143 = EDGE_CURVE ( 'NONE', #6409, #138, #4031, .T. ) ;
#4144 = ADVANCED_FACE ( 'NONE', ( #6067 ), #7019, .T. ) ;
#4145 = CIRCLE ( 'NONE', #923, 0.09999999999999988100 ) ;
#4146 = DIRECTION ( 'NONE',  ( -1.000000000000000000, -0.0000000000000000000, -0.0000000000000000000 ) ) ;
#4147 = STYLED_ITEM ( 'NONE', ( #6102 ), #6525 ) ;
#4148 = FILL_AREA_STYLE ('',( #7215 ) ) ;
#4149 = FILL_AREA_STYLE_COLOUR ( '', #4484 ) ;
#4150 = PRESENTATION_STYLE_ASSIGNMENT (( #7409 ) ) ;
#4151 = CARTESIAN_POINT ( 'NONE',  ( 2.095000000000000200, -2.500398605410600000, 0.6749999999999530800 ) ) ;
#4152 = CARTESIAN_POINT ( 'NONE',  ( -1.714999999999999900, 2.200398605410600200, 0.6749999999999831700 ) ) ;
#4153 = DIRECTION ( 'NONE',  ( -0.0000000000000000000, 1.000000000000000000, -0.0000000000000000000 ) ) ;
#4154 =( GEOMETRIC_REPRESENTATION_CONTEXT ( 3 ) GLOBAL_UNCERTAINTY_ASSIGNED_CONTEXT ( ( #2437 ) ) GLOBAL_UNIT_ASSIGNED_CONTEXT ( ( #1400, #2096, #4567 ) ) REPRESENTATION_CONTEXT ( 'NONE', 'WORKASPACE' ) );
#4155 = DIRECTION ( 'NONE',  ( -0.0000000000000000000, 1.273963925350998900E-015, -1.000000000000000000 ) ) ;
#4156 = VECTOR ( 'NONE', #4624, 1000.000000000000000 ) ;
#4157 =( GEOMETRIC_REPRESENTATION_CONTEXT ( 3 ) GLOBAL_UNCERTAINTY_ASSIGNED_CONTEXT ( ( #7457 ) ) GLOBAL_UNIT_ASSIGNED_CONTEXT ( ( #810, #193, #7713 ) ) REPRESENTATION_CONTEXT ( 'NONE', 'WORKASPACE' ) );
#4158 =( NAMED_UNIT ( * ) PLANE_ANGLE_UNIT ( ) SI_UNIT ( $, .RADIAN. ) );
#4159 = LINE ( 'NONE', #1638, #6941 ) ;
#4160 =( NAMED_UNIT ( * ) SI_UNIT ( $, .STERADIAN. ) SOLID_ANGLE_UNIT ( ) );
#4161 =( LENGTH_UNIT ( ) NAMED_UNIT ( * ) SI_UNIT ( .MILLI., .METRE. ) );
#4162 = ORIENTED_EDGE ( 'NONE', *, *, #6000, .T. ) ;
#4163 = CARTESIAN_POINT ( 'NONE',  ( -2.288512273707333600, 1.788512273707336200, -0.1605837865279659800 ) ) ;
#4164 = COLOUR_RGB ( '',1.000000000000000000, 1.000000000000000000, 1.000000000000000000 ) ;
#4165 = DIRECTION ( 'NONE',  ( 0.0000000000000000000, -0.08715574274766262100, -0.9961946980917451000 ) ) ;
#4166 = SURFACE_STYLE_FILL_AREA ( #3921 ) ;
#4167 = ORIENTED_EDGE ( 'NONE', *, *, #2788, .F. ) ;
#4168 =( NAMED_UNIT ( * ) PLANE_ANGLE_UNIT ( ) SI_UNIT ( $, .RADIAN. ) );
#4169 = CARTESIAN_POINT ( 'NONE',  ( -2.145000000000000000, -2.230398605410600400, 0.7703939201416775100 ) ) ;
#4170 = VECTOR ( 'NONE', #3808, 1000.000000000000000 ) ;
#4171 = AXIS2_PLACEMENT_3D ( 'NONE', #593, #7961, #2428 ) ;
#4172 = SURFACE_STYLE_FILL_AREA ( #2818 ) ;
#4173 = CARTESIAN_POINT ( 'NONE',  ( 1.714999999999999900, 2.200398605410600200, 0.6749999999999831700 ) ) ;
#4174 = DIRECTION ( 'NONE',  ( 1.000000000000000000, 0.0000000000000000000, -0.0000000000000000000 ) ) ;
#4175 = CIRCLE ( 'NONE', #3379, 0.09999999999999988100 ) ;
#4176 =( GEOMETRIC_REPRESENTATION_CONTEXT ( 3 ) GLOBAL_UNCERTAINTY_ASSIGNED_CONTEXT ( ( #5307 ) ) GLOBAL_UNIT_ASSIGNED_CONTEXT ( ( #7661, #4686, #3940 ) ) REPRESENTATION_CONTEXT ( 'NONE', 'WORKASPACE' ) );
#4177 = DIRECTION ( 'NONE',  ( 0.0000000000000000000, 0.9539392014169455500, 0.3000000000000002700 ) ) ;
#4178 = EDGE_CURVE ( 'NONE', #3794, #5249, #694, .T. ) ;
#4179 = CARTESIAN_POINT ( 'NONE',  ( -0.8750000000000001100, 2.290398605410596000, 0.9611817604250529900 ) ) ;
#4180 = ORIENTED_EDGE ( 'NONE', *, *, #185, .T. ) ;
#4181 = CARTESIAN_POINT ( 'NONE',  ( -2.145000000000000000, 2.200398605410600200, 0.6749999999999831700 ) ) ;
#4182 = CIRCLE ( 'NONE', #7678, 0.09999999999999993600 ) ;
#4183 = ORIENTED_EDGE ( 'NONE', *, *, #3286, .F. ) ;
#4184 = EDGE_CURVE ( 'NONE', #484, #2024, #5410, .T. ) ;
#4185 = FACE_OUTER_BOUND ( 'NONE', #7631, .T. ) ;
#4186 = ORIENTED_EDGE ( 'NONE', *, *, #1448, .F. ) ;
#4187 = VECTOR ( 'NONE', #2236, 1000.000000000000000 ) ;
#4188 = STYLED_ITEM ( 'NONE', ( #986 ), #4602 ) ;
#4189 = DIRECTION ( 'NONE',  ( 0.0000000000000000000, 0.3000000000000002700, -0.9539392014169455500 ) ) ;
#4190 = CARTESIAN_POINT ( 'NONE',  ( 2.095000000000000200, 2.200398605410600200, 0.9749999999999531300 ) ) ;
#4191 = ORIENTED_EDGE ( 'NONE', *, *, #8030, .T. ) ;
#4192 =( NAMED_UNIT ( * ) SI_UNIT ( $, .STERADIAN. ) SOLID_ANGLE_UNIT ( ) );
#4193 = FACE_OUTER_BOUND ( 'NONE', #5038, .T. ) ;
#4194 = AXIS2_PLACEMENT_3D ( 'NONE', #4609, #7688, #4053 ) ;
#4195 = UNCERTAINTY_MEASURE_WITH_UNIT (LENGTH_MEASURE( 1.000000000000000100E-005 ), #4645, 'distance_accuracy_value', 'NONE');
#4196 = ORIENTED_EDGE ( 'NONE', *, *, #4035, .F. ) ;
#4197 = CIRCLE ( 'NONE', #4429, 0.09999999999999982500 ) ;
#4198 = VECTOR ( 'NONE', #2103, 1000.000000000000000 ) ;
#4199 = FILL_AREA_STYLE_COLOUR ( '', #6491 ) ;
#4200 = CARTESIAN_POINT ( 'NONE',  ( -2.095000000000000200, 2.982568851450467600, 0.0000000000000000000 ) ) ;
#4201 = VECTOR ( 'NONE', #4221, 1000.000000000000000 ) ;
#4202 = EDGE_LOOP ( 'NONE', ( #159, #6131, #2664, #1527, #7062, #7203, #4671, #2932 ) ) ;
#4203 = FACE_BOUND ( 'NONE', #6137, .T. ) ;
#4204 = EDGE_LOOP ( 'NONE', ( #5067, #7831, #5156, #3712 ) ) ;
#4205 = VECTOR ( 'NONE', #322, 1000.000000000000000 ) ;
#4206 = CARTESIAN_POINT ( 'NONE',  ( -1.714999999999999900, 2.200398605410600200, 0.6749999999999831700 ) ) ;
#4207 = CARTESIAN_POINT ( 'NONE',  ( 2.095000000000000200, -3.000000000000000000, 0.1992389396183490100 ) ) ;
#4208 =( LENGTH_UNIT ( ) NAMED_UNIT ( * ) SI_UNIT ( .MILLI., .METRE. ) );
#4209 = ORIENTED_EDGE ( 'NONE', *, *, #626, .T. ) ;
#4210 = MECHANICAL_DESIGN_GEOMETRIC_PRESENTATION_REPRESENTATION (  '', ( #532 ), #4047 ) ;
#4211 = EDGE_LOOP ( 'NONE', ( #5922, #7861, #7169, #7000, #373, #3502, #3253, #5162, #3243, #5154 ) ) ;
#4212 = CLOSED_SHELL ( 'NONE', ( #6449, #4454, #5240, #5915, #5426, #7003, #5361, #2187, #7171, #720, #2413, #840, #4728, #6578, #1600, #4048, #2881, #1725, #7091, #1558, #1540, #6739 ) ) ;
#4213 = AXIS2_PLACEMENT_3D ( 'NONE', #5617, #4375, #7458 ) ;
#4214 =( LENGTH_UNIT ( ) NAMED_UNIT ( * ) SI_UNIT ( .MILLI., .METRE. ) );
#4215 = LINE ( 'NONE', #6255, #4011 ) ;
#4216 = VERTEX_POINT ( 'NONE', #4511 ) ;
#4217 = UNCERTAINTY_MEASURE_WITH_UNIT (LENGTH_MEASURE( 1.000000000000000100E-005 ), #2065, 'distance_accuracy_value', 'NONE');
#4218 = DIRECTION ( 'NONE',  ( 0.0000000000000000000, 1.273963925350998900E-015, 1.000000000000000000 ) ) ;
#4219 = VERTEX_POINT ( 'NONE', #2032 ) ;
#4220 = STYLED_ITEM ( 'NONE', ( #7318 ), #1690 ) ;
#4221 = DIRECTION ( 'NONE',  ( -1.000000000000000000, -0.0000000000000000000, -0.0000000000000000000 ) ) ;
#4222 = CARTESIAN_POINT ( 'NONE',  ( -1.714999999999999900, -2.600398605410600100, 0.3345815153284070800 ) ) ;
#4223 = VERTEX_POINT ( 'NONE', #6975 ) ;
#4224 = VECTOR ( 'NONE', #1691, 1000.000000000000200 ) ;
#4225 = VERTEX_POINT ( 'NONE', #3275 ) ;
#4226 = FILL_AREA_STYLE ('',( #2903 ) ) ;
#4227 = PRESENTATION_LAYER_ASSIGNMENT (  '', '', ( #7 ) ) ;
#4228 =( NAMED_UNIT ( * ) PLANE_ANGLE_UNIT ( ) SI_UNIT ( $, .RADIAN. ) );
#4229 = EDGE_CURVE ( 'NONE', #4595, #5963, #2880, .T. ) ;
#4230 = FILL_AREA_STYLE_COLOUR ( '', #1221 ) ;
#4231 = COLOUR_RGB ( '',1.000000000000000000, 1.000000000000000000, 1.000000000000000000 ) ;
#4232 = ORIENTED_EDGE ( 'NONE', *, *, #719, .T. ) ;
#4233 = DIRECTION ( 'NONE',  ( 0.0000000000000000000, -0.3000000000000002700, -0.9539392014169455500 ) ) ;
#4234 = UNCERTAINTY_MEASURE_WITH_UNIT (LENGTH_MEASURE( 1.000000000000000100E-005 ), #6292, 'distance_accuracy_value', 'NONE');
#4235 = CARTESIAN_POINT ( 'NONE',  ( -1.664999999999999800, 2.200398605410600200, 0.6749999999999831700 ) ) ;
#4236 = CARTESIAN_POINT ( 'NONE',  ( -1.664999999999999800, 2.200398605410600200, 0.6749999999999831700 ) ) ;
#4237 = LINE ( 'NONE', #1517, #1899 ) ;
#4238 = STYLED_ITEM ( 'NONE', ( #1481 ), #4009 ) ;
#4239 = SURFACE_STYLE_USAGE ( .BOTH. , #2414 ) ;
#4240 = EDGE_CURVE ( 'NONE', #5481, #1959, #2403, .T. ) ;
#4241 =( NAMED_UNIT ( * ) SI_UNIT ( $, .STERADIAN. ) SOLID_ANGLE_UNIT ( ) );
#4242 = CARTESIAN_POINT ( 'NONE',  ( 2.095000000000000200, -2.200398605410600200, 0.6749999999999831700 ) ) ;
#4243 = MECHANICAL_DESIGN_GEOMETRIC_PRESENTATION_REPRESENTATION (  '', ( #2004 ), #1838 ) ;
#4244 = CARTESIAN_POINT ( 'NONE',  ( 0.8750000000000001100, 2.230398605410600400, 0.7703939201416775100 ) ) ;
#4245 = DIRECTION ( 'NONE',  ( 0.0000000000000000000, 1.000000000000000000, -1.501620008892423100E-013 ) ) ;
#4246 = CYLINDRICAL_SURFACE ( 'NONE', #7494, 0.3000000000000001600 ) ;
#4247 = COLOUR_RGB ( '',1.000000000000000000, 1.000000000000000000, 1.000000000000000000 ) ;
#4248 = SURFACE_STYLE_FILL_AREA ( #3034 ) ;
#4249 = DIRECTION ( 'NONE',  ( -0.0000000000000000000, 0.3000000000000002700, -0.9539392014169455500 ) ) ;
#4250 = DIRECTION ( 'NONE',  ( 0.0000000000000000000, -0.3000000000000002700, -0.9539392014169455500 ) ) ;
#4251 = STYLED_ITEM ( 'NONE', ( #5462 ), #355 ) ;
#4252 = CARTESIAN_POINT ( 'NONE',  ( 0.8249999999999999600, 2.200398605410600200, 0.6749999999999531900 ) ) ;
#4253 = AXIS2_PLACEMENT_3D ( 'NONE', #5820, #175, #4613 ) ;
#4254 = FILL_AREA_STYLE_COLOUR ( '', #6205 ) ;
#4255 = DIRECTION ( 'NONE',  ( -1.000000000000000000, 0.0000000000000000000, 0.0000000000000000000 ) ) ;
#4256 = UNCERTAINTY_MEASURE_WITH_UNIT (LENGTH_MEASURE( 1.000000000000000100E-005 ), #3350, 'distance_accuracy_value', 'NONE');
#4257 = EDGE_LOOP ( 'NONE', ( #2584, #83, #6892, #7397 ) ) ;
#4258 =( NAMED_UNIT ( * ) SI_UNIT ( $, .STERADIAN. ) SOLID_ANGLE_UNIT ( ) );
#4259 = CIRCLE ( 'NONE', #4213, 0.09999999999999982500 ) ;
#4260 = DIRECTION ( 'NONE',  ( -1.000000000000000000, -0.0000000000000000000, -0.0000000000000000000 ) ) ;
#4261 = DIRECTION ( 'NONE',  ( -1.000000000000000000, 0.0000000000000000000, -0.0000000000000000000 ) ) ;
#4262 = PRESENTATION_STYLE_ASSIGNMENT (( #6369 ) ) ;
#4263 = MECHANICAL_DESIGN_GEOMETRIC_PRESENTATION_REPRESENTATION (  '', ( #5422 ), #4848 ) ;
#4264 = ADVANCED_FACE ( 'NONE', ( #2493 ), #129, .F. ) ;
#4265 = AXIS2_PLACEMENT_3D ( 'NONE', #1893, #5666, #1307 ) ;
#4266 = PLANE ( 'NONE',  #3475 ) ;
#4267 = VERTEX_POINT ( 'NONE', #5213 ) ;
#4268 = VECTOR ( 'NONE', #4058, 1000.000000000000000 ) ;
#4269 = SURFACE_SIDE_STYLE ('',( #6747 ) ) ;
#4270 = DIRECTION ( 'NONE',  ( 0.0000000000000000000, 0.0000000000000000000, 1.000000000000000000 ) ) ;
#4271 = FILL_AREA_STYLE_COLOUR ( '', #1210 ) ;
#4272 = EDGE_CURVE ( 'NONE', #855, #4590, #3644, .T. ) ;
#4273 = VECTOR ( 'NONE', #5074, 1000.000000000000000 ) ;
#4274 = VERTEX_POINT ( 'NONE', #2691 ) ;
#4275 = DIRECTION ( 'NONE',  ( 0.0000000000000000000, -1.000000000000000000, -1.501620008892423400E-013 ) ) ;
#4276 = FACE_OUTER_BOUND ( 'NONE', #161, .T. ) ;
#4277 = EDGE_CURVE ( 'NONE', #3538, #3603, #6642, .T. ) ;
#4278 = DIRECTION ( 'NONE',  ( -0.0000000000000000000, 1.000000000000000000, -0.0000000000000000000 ) ) ;
#4279 = CARTESIAN_POINT ( 'NONE',  ( 0.4449999999999998400, -2.200398605410600200, 0.6749999999999831700 ) ) ;
#4280 = ORIENTED_EDGE ( 'NONE', *, *, #6751, .F. ) ;
#4281 = VECTOR ( 'NONE', #4315, 1000.000000000000000 ) ;
#4282 =( NAMED_UNIT ( * ) SI_UNIT ( $, .STERADIAN. ) SOLID_ANGLE_UNIT ( ) );
#4283 = ORIENTED_EDGE ( 'NONE', *, *, #4072, .T. ) ;
#4284 =( GEOMETRIC_REPRESENTATION_CONTEXT ( 3 ) GLOBAL_UNCERTAINTY_ASSIGNED_CONTEXT ( ( #696 ) ) GLOBAL_UNIT_ASSIGNED_CONTEXT ( ( #2322, #5425, #2890 ) ) REPRESENTATION_CONTEXT ( 'NONE', 'WORKASPACE' ) );
#4285 = DIRECTION ( 'NONE',  ( 0.0000000000000000000, -0.08715574274766262100, 0.9961946980917451000 ) ) ;
#4286 = EDGE_CURVE ( 'NONE', #4871, #6341, #2670, .T. ) ;
#4287 = COLOUR_RGB ( '',0.7921568627450980000, 0.8196078431372548800, 0.9333333333333333500 ) ;
#4288 = DIRECTION ( 'NONE',  ( -1.000000000000000000, -0.0000000000000000000, 0.0000000000000000000 ) ) ;
#4289 = COLOUR_RGB ( '',1.000000000000000000, 1.000000000000000000, 1.000000000000000000 ) ;
#4290 = ORIENTED_EDGE ( 'NONE', *, *, #2789, .T. ) ;
#4291 = ORIENTED_EDGE ( 'NONE', *, *, #3298, .T. ) ;
#4292 = CARTESIAN_POINT ( 'NONE',  ( -1.714999999999999900, -2.200398605410600200, 0.9749999999999531300 ) ) ;
#4293 = UNCERTAINTY_MEASURE_WITH_UNIT (LENGTH_MEASURE( 1.000000000000000100E-005 ), #5385, 'distance_accuracy_value', 'NONE');
#4294 = ORIENTED_EDGE ( 'NONE', *, *, #3825, .T. ) ;
#4295 =( NAMED_UNIT ( * ) SI_UNIT ( $, .STERADIAN. ) SOLID_ANGLE_UNIT ( ) );
#4296 = LINE ( 'NONE', #5418, #4691 ) ;
#4297 = VECTOR ( 'NONE', #7608, 1000.000000000000000 ) ;
#4298 = AXIS2_PLACEMENT_3D ( 'NONE', #6304, #2531, #5824 ) ;
#4299 = CARTESIAN_POINT ( 'NONE',  ( -1.714999999999999900, 2.500398605410600000, 0.3345815153284070200 ) ) ;
#4300 = ORIENTED_EDGE ( 'NONE', *, *, #7376, .F. ) ;
#4301 = EDGE_CURVE ( 'NONE', #5192, #5111, #1170, .T. ) ;
#4302 = EDGE_LOOP ( 'NONE', ( #3054, #4111, #8061, #1556, #6610, #4126, #262, #3306 ) ) ;
#4303 = CARTESIAN_POINT ( 'NONE',  ( -2.372360607478103000, -1.872360607478102500, 1.327432982814607000 ) ) ;
#4304 = PRESENTATION_LAYER_ASSIGNMENT (  '', '', ( #828 ) ) ;
#4305 = FACE_OUTER_BOUND ( 'NONE', #3638, .T. ) ;
#4306 = VECTOR ( 'NONE', #5232, 1000.000000000000100 ) ;
#4307 = VERTEX_POINT ( 'NONE', #5936 ) ;
#4308 = SURFACE_STYLE_USAGE ( .BOTH. , #7956 ) ;
#4309 = CARTESIAN_POINT ( 'NONE',  ( -2.000000000000000400, -0.9499999999999998400, 1.575000000000000000 ) ) ;
#4310 = AXIS2_PLACEMENT_3D ( 'NONE', #5302, #309, #875 ) ;
#4311 = EDGE_LOOP ( 'NONE', ( #3819, #3427, #5491, #4191 ) ) ;
#4312 = ORIENTED_EDGE ( 'NONE', *, *, #3241, .T. ) ;
#4313 = ORIENTED_EDGE ( 'NONE', *, *, #4604, .F. ) ;
#4314 = AXIS2_PLACEMENT_3D ( 'NONE', #2718, #2780, #7095 ) ;
#4315 = DIRECTION ( 'NONE',  ( -1.000000000000000000, 0.0000000000000000000, 0.0000000000000000000 ) ) ;
#4316 = ORIENTED_EDGE ( 'NONE', *, *, #5063, .F. ) ;
#4317 = CARTESIAN_POINT ( 'NONE',  ( 0.4449999999999998400, 2.200398605410600200, 0.7749999999999831500 ) ) ;
#4318 = LINE ( 'NONE', #5882, #5498 ) ;
#4319 = EDGE_LOOP ( 'NONE', ( #77, #1633, #2486, #352 ) ) ;
#4320 = CARTESIAN_POINT ( 'NONE',  ( -1.714999999999999900, 3.000000000000000000, 0.1992389396183490100 ) ) ;
#4321 = PRESENTATION_LAYER_ASSIGNMENT (  '', '', ( #1208 ) ) ;
#4322 = ORIENTED_EDGE ( 'NONE', *, *, #2002, .T. ) ;
#4323 = CARTESIAN_POINT ( 'NONE',  ( -0.4450000000000000600, 2.982568851450467600, 0.0000000000000000000 ) ) ;
#4324 = STYLED_ITEM ( 'NONE', ( #5257 ), #889 ) ;
#4325 =( NAMED_UNIT ( * ) SI_UNIT ( $, .STERADIAN. ) SOLID_ANGLE_UNIT ( ) );
#4326 = DIRECTION ( 'NONE',  ( 0.0000000000000000000, 0.08715574274766262100, -0.9961946980917451000 ) ) ;
#4327 = MECHANICAL_DESIGN_GEOMETRIC_PRESENTATION_REPRESENTATION (  '', ( #2261 ), #3495 ) ;
#4328 = CARTESIAN_POINT ( 'NONE',  ( 1.665000000000000000, 2.300398605410600300, 0.6749999999999831700 ) ) ;
#4329 = CARTESIAN_POINT ( 'NONE',  ( 1.665000000000000000, -2.300398605410600300, 0.6749999999999831700 ) ) ;
#4330 = UNCERTAINTY_MEASURE_WITH_UNIT (LENGTH_MEASURE( 1.000000000000000100E-005 ), #1988, 'distance_accuracy_value', 'NONE');
#4331 = EDGE_CURVE ( 'NONE', #7355, #7052, #3333, .T. ) ;
#4332 = APPLICATION_CONTEXT ( 'automotive_design' ) ;
#4333 = CARTESIAN_POINT ( 'NONE',  ( -0.4450000000000000600, -3.000000000000000000, 0.1992389396183490100 ) ) ;
#4334 = EDGE_CURVE ( 'NONE', #3637, #6408, #7202, .T. ) ;
#4335 =( NAMED_UNIT ( * ) PLANE_ANGLE_UNIT ( ) SI_UNIT ( $, .RADIAN. ) );
#4336 =( NAMED_UNIT ( * ) SI_UNIT ( $, .STERADIAN. ) SOLID_ANGLE_UNIT ( ) );
#4337 = PRESENTATION_LAYER_ASSIGNMENT (  '', '', ( #5591 ) ) ;
#4338 = PRESENTATION_STYLE_ASSIGNMENT (( #182 ) ) ;
#4339 = CARTESIAN_POINT ( 'NONE',  ( -0.8250000000000001800, 2.200398605410600200, 0.7749999999999831500 ) ) ;
#4340 = EDGE_CURVE ( 'NONE', #3323, #3248, #6153, .T. ) ;
#4341 = AXIS2_PLACEMENT_3D ( 'NONE', #7686, #4656, #141 ) ;
#4342 = CARTESIAN_POINT ( 'NONE',  ( -0.8250000000000001800, 2.500398605410600000, 0.3345815153284070200 ) ) ;
#4343 = PLANE ( 'NONE',  #6288 ) ;
#4344 = PLANE ( 'NONE',  #3778 ) ;
#4345 = DIRECTION ( 'NONE',  ( 0.0000000000000000000, 0.0000000000000000000, -1.000000000000000000 ) ) ;
#4346 = AXIS2_PLACEMENT_3D ( 'NONE', #7334, #3626, #7357 ) ;
#4347 = UNCERTAINTY_MEASURE_WITH_UNIT (LENGTH_MEASURE( 1.000000000000000100E-005 ), #2604, 'distance_accuracy_value', 'NONE');
#4348 = ORIENTED_EDGE ( 'NONE', *, *, #939, .F. ) ;
#4349 = UNCERTAINTY_MEASURE_WITH_UNIT (LENGTH_MEASURE( 1.000000000000000100E-005 ), #6514, 'distance_accuracy_value', 'NONE');
#4350 = DIRECTION ( 'NONE',  ( -1.000000000000000000, 0.0000000000000000000, 0.0000000000000000000 ) ) ;
#4351 = FACE_OUTER_BOUND ( 'NONE', #7332, .T. ) ;
#4352 = PRESENTATION_LAYER_ASSIGNMENT (  '', '', ( #4147 ) ) ;
#4353 = FACE_OUTER_BOUND ( 'NONE', #4989, .T. ) ;
#4354 = DIRECTION ( 'NONE',  ( -1.000000000000000000, 0.0000000000000000000, 0.0000000000000000000 ) ) ;
#4355 = SURFACE_STYLE_FILL_AREA ( #3726 ) ;
#4356 = SURFACE_SIDE_STYLE ('',( #4409 ) ) ;
#4357 = ORIENTED_EDGE ( 'NONE', *, *, #3193, .T. ) ;
#4358 = COLOUR_RGB ( '',1.000000000000000000, 1.000000000000000000, 1.000000000000000000 ) ;
#4359 = CARTESIAN_POINT ( 'NONE',  ( 0.8249999999999999600, -2.591683031135834100, 0.2349620455192325500 ) ) ;
#4360 = LINE ( 'NONE', #4528, #7705 ) ;
#4361 =( GEOMETRIC_REPRESENTATION_CONTEXT ( 3 ) GLOBAL_UNCERTAINTY_ASSIGNED_CONTEXT ( ( #8044 ) ) GLOBAL_UNIT_ASSIGNED_CONTEXT ( ( #6868, #3234, #2648 ) ) REPRESENTATION_CONTEXT ( 'NONE', 'WORKASPACE' ) );
#4362 = LINE ( 'NONE', #4744, #446 ) ;
#4363 = STYLED_ITEM ( 'NONE', ( #3233 ), #7696 ) ;
#4364 = CARTESIAN_POINT ( 'NONE',  ( 0.4449999999999998400, -2.300398605410600300, 0.6749999999999831700 ) ) ;
#4365 = FACE_OUTER_BOUND ( 'NONE', #3124, .T. ) ;
#4366 = EDGE_LOOP ( 'NONE', ( #5277, #5252, #1300, #6650 ) ) ;
#4367 = LINE ( 'NONE', #5958, #4668 ) ;
#4368 = FILL_AREA_STYLE_COLOUR ( '', #7392 ) ;
#4369 = DIRECTION ( 'NONE',  ( 0.0000000000000000000, 0.0000000000000000000, 1.000000000000000000 ) ) ;
#4370 = CARTESIAN_POINT ( 'NONE',  ( -2.337567332238087200, 1.950000000000000000, 1.575000000000000000 ) ) ;
#4371 = VERTEX_POINT ( 'NONE', #2774 ) ;
#4372 = LINE ( 'NONE', #2786, #2723 ) ;
#4373 = STYLED_ITEM ( 'NONE', ( #5068 ), #2765 ) ;
#4374 = CARTESIAN_POINT ( 'NONE',  ( 0.8249999999999999600, -2.200398605410600200, 0.6749999999999831700 ) ) ;
#4375 = DIRECTION ( 'NONE',  ( -1.000000000000000000, -0.0000000000000000000, -0.0000000000000000000 ) ) ;
#4376 = ORIENTED_EDGE ( 'NONE', *, *, #6295, .F. ) ;
#4377 = ORIENTED_EDGE ( 'NONE', *, *, #2847, .T. ) ;
#4378 = PRESENTATION_STYLE_ASSIGNMENT (( #2989 ) ) ;
#4379 =( NAMED_UNIT ( * ) SI_UNIT ( $, .STERADIAN. ) SOLID_ANGLE_UNIT ( ) );
#4380 = EDGE_CURVE ( 'NONE', #4466, #3052, #7565, .T. ) ;
#4381 = ORIENTED_EDGE ( 'NONE', *, *, #3516, .F. ) ;
#4382 = VECTOR ( 'NONE', #4920, 1000.000000000000200 ) ;
#4383 = LINE ( 'NONE', #6479, #4198 ) ;
#4384 = VECTOR ( 'NONE', #6677, 1000.000000000000000 ) ;
#4385 = ORIENTED_EDGE ( 'NONE', *, *, #6149, .T. ) ;
#4386 = PRODUCT_DEFINITION_SHAPE ( 'NONE', 'NONE',  #1482 ) ;
#4387 = PLANE ( 'NONE',  #7030 ) ;
#4389 = AXIS2_PLACEMENT_3D ( 'NONE', #1131, #5479, #1837 ) ;
#4388 = CARTESIAN_POINT ( 'NONE',  ( -0.4450000000000000600, 2.290398605410596000, 0.9611817604250529900 ) ) ;
#4390 = ORIENTED_EDGE ( 'NONE', *, *, #5908, .F. ) ;
#4391 = CARTESIAN_POINT ( 'NONE',  ( 0.8249999999999999600, -2.600398605410600100, 0.3345815153284070800 ) ) ;
#4392 = EDGE_CURVE ( 'NONE', #6499, #2928, #7769, .T. ) ;
#4393 = DIRECTION ( 'NONE',  ( 0.0000000000000000000, 0.08715574274766262100, -0.9961946980917451000 ) ) ;
#4394 = LINE ( 'NONE', #6465, #5175 ) ;
#4395 = VERTEX_POINT ( 'NONE', #1483 ) ;
#4396 = ORIENTED_EDGE ( 'NONE', *, *, #7331, .F. ) ;
#4397 = DIRECTION ( 'NONE',  ( 0.0000000000000000000, 0.0000000000000000000, 1.000000000000000000 ) ) ;
#4398 = ORIENTED_EDGE ( 'NONE', *, *, #6305, .T. ) ;
#4399 =( NAMED_UNIT ( * ) SI_UNIT ( $, .STERADIAN. ) SOLID_ANGLE_UNIT ( ) );
#4400 = AXIS2_PLACEMENT_3D ( 'NONE', #7670, #4729, #228 ) ;
#4401 = DIRECTION ( 'NONE',  ( 0.0000000000000000000, 0.9961946980917452100, 0.08715574274766146900 ) ) ;
#4402 = DIRECTION ( 'NONE',  ( 0.0000000000000000000, 0.0000000000000000000, -1.000000000000000000 ) ) ;
#4403 = ORIENTED_EDGE ( 'NONE', *, *, #2540, .T. ) ;
#4404 = PRESENTATION_LAYER_ASSIGNMENT (  '', '', ( #1900 ) ) ;
#4405 = COLOUR_RGB ( '',1.000000000000000000, 1.000000000000000000, 1.000000000000000000 ) ;
#4406 = CARTESIAN_POINT ( 'NONE',  ( -1.714999999999999900, -2.982568851450467600, 0.0000000000000000000 ) ) ;
#4407 = MECHANICAL_DESIGN_GEOMETRIC_PRESENTATION_REPRESENTATION (  '', ( #628 ), #2862 ) ;
#4408 = SURFACE_STYLE_USAGE ( .BOTH. , #4958 ) ;
#4409 = SURFACE_STYLE_FILL_AREA ( #1122 ) ;
#4410 = ORIENTED_EDGE ( 'NONE', *, *, #4500, .T. ) ;
#4411 = LINE ( 'NONE', #3528, #6909 ) ;
#4412 = CARTESIAN_POINT ( 'NONE',  ( -2.095000000000000200, 2.200398605410600200, 0.7749999999999831500 ) ) ;
#4413 = PLANE ( 'NONE',  #3438 ) ;
#4414 = CARTESIAN_POINT ( 'NONE',  ( 0.8249999999999999600, 3.000000000000000000, 0.1992389396183490100 ) ) ;
#4415 = ORIENTED_EDGE ( 'NONE', *, *, #3343, .F. ) ;
#4416 = STYLED_ITEM ( 'NONE', ( #3372 ), #1315 ) ;
#4417 = CARTESIAN_POINT ( 'NONE',  ( 2.420000000000001700, -1.919999999999995000, 0.7749999999999808200 ) ) ;
#4418 = SURFACE_STYLE_FILL_AREA ( #5117 ) ;
#4419 = CARTESIAN_POINT ( 'NONE',  ( 0.3949999999999999600, 2.200398605410600200, 0.6749999999999831700 ) ) ;
#4420 = CARTESIAN_POINT ( 'NONE',  ( -0.8750000000000001100, -2.230398605410600400, 0.7703939201416775100 ) ) ;
#4421 = SURFACE_STYLE_USAGE ( .BOTH. , #7493 ) ;
#4422 = COLOUR_RGB ( '',1.000000000000000000, 1.000000000000000000, 1.000000000000000000 ) ;
#4423 = EDGE_CURVE ( 'NONE', #7814, #3798, #1579, .T. ) ;
#4424 = PRESENTATION_LAYER_ASSIGNMENT (  '', '', ( #1602 ) ) ;
#4425 = CARTESIAN_POINT ( 'NONE',  ( 2.095000000000000200, 2.300398605410600300, 0.6749999999999831700 ) ) ;
#4426 = PLANE ( 'NONE',  #6368 ) ;
#4427 = SURFACE_STYLE_USAGE ( .BOTH. , #3246 ) ;
#4428 = PRESENTATION_STYLE_ASSIGNMENT (( #5694 ) ) ;
#4429 = AXIS2_PLACEMENT_3D ( 'NONE', #5514, #1824, #4943 ) ;
#4430 = CARTESIAN_POINT ( 'NONE',  ( -1.714999999999999900, 2.591683031135834100, 0.2349620455192326700 ) ) ;
#4431 = DIRECTION ( 'NONE',  ( -1.000000000000000000, 0.0000000000000000000, 0.0000000000000000000 ) ) ;
#4432 = AXIS2_PLACEMENT_3D ( 'NONE', #217, #3391, #5245 ) ;
#4433 =( NAMED_UNIT ( * ) PLANE_ANGLE_UNIT ( ) SI_UNIT ( $, .RADIAN. ) );
#4434 = FILL_AREA_STYLE_COLOUR ( '', #4540 ) ;
#4435 = VECTOR ( 'NONE', #123, 1000.000000000000200 ) ;
#4436 = EDGE_CURVE ( 'NONE', #3902, #6732, #1678, .T. ) ;
#4437 = EDGE_CURVE ( 'NONE', #3918, #176, #4318, .T. ) ;
#4438 =( NAMED_UNIT ( * ) SI_UNIT ( $, .STERADIAN. ) SOLID_ANGLE_UNIT ( ) );
#4439 = VECTOR ( 'NONE', #1450, 1000.000000000000000 ) ;
#4440 = SURFACE_SIDE_STYLE ('',( #7216 ) ) ;
#4441 = EDGE_CURVE ( 'NONE', #6252, #2957, #5106, .T. ) ;
#4442 = ORIENTED_EDGE ( 'NONE', *, *, #4441, .T. ) ;
#4443 = COLOUR_RGB ( '',1.000000000000000000, 1.000000000000000000, 1.000000000000000000 ) ;
#4444 = VECTOR ( 'NONE', #553, 1000.000000000000000 ) ;
#4445 = CARTESIAN_POINT ( 'NONE',  ( 2.095000000000000200, 2.600398605410600100, 0.3345815153284071300 ) ) ;
#4446 = PRESENTATION_LAYER_ASSIGNMENT (  '', '', ( #7573 ) ) ;
#4447 = FACE_OUTER_BOUND ( 'NONE', #2349, .T. ) ;
#4448 = EDGE_CURVE ( 'NONE', #6247, #2456, #4818, .T. ) ;
#4449 = DIRECTION ( 'NONE',  ( -0.0000000000000000000, 0.9539392014169455500, -0.3000000000000002700 ) ) ;
#4450 =( NAMED_UNIT ( * ) PLANE_ANGLE_UNIT ( ) SI_UNIT ( $, .RADIAN. ) );
#4451 = UNCERTAINTY_MEASURE_WITH_UNIT (LENGTH_MEASURE( 1.000000000000000100E-005 ), #3815, 'distance_accuracy_value', 'NONE');
#4452 = VERTEX_POINT ( 'NONE', #919 ) ;
#4453 = VECTOR ( 'NONE', #6933, 1000.000000000000100 ) ;
#4454 = ADVANCED_FACE ( 'NONE', ( #3058 ), #4067, .T. ) ;
#4455 = DIRECTION ( 'NONE',  ( 1.000000000000000000, -0.0000000000000000000, 0.0000000000000000000 ) ) ;
#4456 = FILL_AREA_STYLE ('',( #6393 ) ) ;
#4457 = CARTESIAN_POINT ( 'NONE',  ( -1.714999999999999900, 2.200398605410600200, 0.6749999999999531900 ) ) ;
#4458 = CARTESIAN_POINT ( 'NONE',  ( -2.095000000000000200, -2.200398605410600200, 0.6749999999999831700 ) ) ;
#4459 = DIRECTION ( 'NONE',  ( 1.000000000000000000, 0.0000000000000000000, 0.0000000000000000000 ) ) ;
#4460 = VERTEX_POINT ( 'NONE', #6534 ) ;
#4461 = CARTESIAN_POINT ( 'NONE',  ( -0.8250000000000001800, -2.200398605410600200, 0.6749999999999831700 ) ) ;
#4462 = FACE_OUTER_BOUND ( 'NONE', #7856, .T. ) ;
#4463 = CARTESIAN_POINT ( 'NONE',  ( -0.4450000000000000600, 2.200398605410600200, 0.6749999999999831700 ) ) ;
#4464 = FILL_AREA_STYLE ('',( #669 ) ) ;
#4465 =( GEOMETRIC_REPRESENTATION_CONTEXT ( 3 ) GLOBAL_UNCERTAINTY_ASSIGNED_CONTEXT ( ( #3610 ) ) GLOBAL_UNIT_ASSIGNED_CONTEXT ( ( #5595, #4930, #6178 ) ) REPRESENTATION_CONTEXT ( 'NONE', 'WORKASPACE' ) );
#4466 = VERTEX_POINT ( 'NONE', #7774 ) ;
#4467 =( NAMED_UNIT ( * ) SI_UNIT ( $, .STERADIAN. ) SOLID_ANGLE_UNIT ( ) );
#4468 = VERTEX_POINT ( 'NONE', #4151 ) ;
#4469 =( NAMED_UNIT ( * ) SI_UNIT ( $, .STERADIAN. ) SOLID_ANGLE_UNIT ( ) );
#4470 = LINE ( 'NONE', #5619, #655 ) ;
#4471 =( NAMED_UNIT ( * ) SI_UNIT ( $, .STERADIAN. ) SOLID_ANGLE_UNIT ( ) );
#4472 = SHAPE_DEFINITION_REPRESENTATION ( #4386, #889 ) ;
#4473 = SURFACE_STYLE_FILL_AREA ( #2926 ) ;
#4474 = CIRCLE ( 'NONE', #2063, 0.3000000000000001600 ) ;
#4475 =( NAMED_UNIT ( * ) SI_UNIT ( $, .STERADIAN. ) SOLID_ANGLE_UNIT ( ) );
#4476 = EDGE_LOOP ( 'NONE', ( #7182, #2552, #1846, #6553 ) ) ;
#4477 = PLANE ( 'NONE',  #5269 ) ;
#4478 = SURFACE_SIDE_STYLE ('',( #5423 ) ) ;
#4479 = VECTOR ( 'NONE', #7300, 1000.000000000000000 ) ;
#4480 = EDGE_LOOP ( 'NONE', ( #1457, #7200, #4990, #4102 ) ) ;
#4481 = SURFACE_STYLE_USAGE ( .BOTH. , #26 ) ;
#4482 = EDGE_CURVE ( 'NONE', #1080, #4267, #7866, .T. ) ;
#4483 = VERTEX_POINT ( 'NONE', #6073 ) ;
#4484 = COLOUR_RGB ( '',1.000000000000000000, 1.000000000000000000, 1.000000000000000000 ) ;
#4485 = ORIENTED_EDGE ( 'NONE', *, *, #5026, .T. ) ;
#4486 = SURFACE_STYLE_FILL_AREA ( #6570 ) ;
#4487 = ORIENTED_EDGE ( 'NONE', *, *, #3947, .F. ) ;
#4488 = DIRECTION ( 'NONE',  ( 0.0000000000000000000, -1.273963925350998900E-015, 1.000000000000000000 ) ) ;
#4489 = CARTESIAN_POINT ( 'NONE',  ( -0.8750000000000001100, -2.500398605410600000, 0.6749999999999530800 ) ) ;
#4490 = ORIENTED_EDGE ( 'NONE', *, *, #177, .F. ) ;
#4491 = EDGE_CURVE ( 'NONE', #1256, #6259, #7112, .T. ) ;
#4492 = COLOUR_RGB ( '',1.000000000000000000, 1.000000000000000000, 1.000000000000000000 ) ;
#4493 = PRESENTATION_STYLE_ASSIGNMENT (( #6227 ) ) ;
#4494 = ORIENTED_EDGE ( 'NONE', *, *, #5791, .T. ) ;
#4495 = DIRECTION ( 'NONE',  ( 0.0000000000000000000, 0.0000000000000000000, -1.000000000000000000 ) ) ;
#4497 = MECHANICAL_DESIGN_GEOMETRIC_PRESENTATION_REPRESENTATION (  '', ( #6967 ), #4926 ) ;
#4496 = DIRECTION ( 'NONE',  ( -1.000000000000000000, -0.0000000000000000000, -0.0000000000000000000 ) ) ;
#4498 = VERTEX_POINT ( 'NONE', #4868 ) ;
#4499 = SURFACE_STYLE_FILL_AREA ( #5788 ) ;
#4500 = EDGE_CURVE ( 'NONE', #4777, #1229, #3443, .T. ) ;
#4501 = VERTEX_POINT ( 'NONE', #1057 ) ;
#4502 = ADVANCED_FACE ( 'NONE', ( #786 ), #7857, .T. ) ;
#4503 = COLOUR_RGB ( '',1.000000000000000000, 1.000000000000000000, 1.000000000000000000 ) ;
#4504 =( GEOMETRIC_REPRESENTATION_CONTEXT ( 3 ) GLOBAL_UNCERTAINTY_ASSIGNED_CONTEXT ( ( #6362 ) ) GLOBAL_UNIT_ASSIGNED_CONTEXT ( ( #4806, #7176, #3459 ) ) REPRESENTATION_CONTEXT ( 'NONE', 'WORKASPACE' ) );
#4505 = UNCERTAINTY_MEASURE_WITH_UNIT (LENGTH_MEASURE( 1.000000000000000100E-005 ), #6637, 'distance_accuracy_value', 'NONE');
#4506 = CARTESIAN_POINT ( 'NONE',  ( -0.8250000000000001800, -2.574251882586301200, 0.03572310590088358800 ) ) ;
#4507 = EDGE_LOOP ( 'NONE', ( #6421, #8024, #1366, #6125 ) ) ;
#4508 = SURFACE_SIDE_STYLE ('',( #5383 ) ) ;
#4509 = SURFACE_STYLE_FILL_AREA ( #7431 ) ;
#4510 = VERTEX_POINT ( 'NONE', #3556 ) ;
#4511 = CARTESIAN_POINT ( 'NONE',  ( -1.714999999999999900, 2.300398605410600300, 0.6749999999999831700 ) ) ;
#4512 = CARTESIAN_POINT ( 'NONE',  ( -0.4450000000000000600, 3.000000000000000000, 0.1992389396183490100 ) ) ;
#4513 =( NAMED_UNIT ( * ) SI_UNIT ( $, .STERADIAN. ) SOLID_ANGLE_UNIT ( ) );
#4514 = DIRECTION ( 'NONE',  ( 1.000000000000000000, 0.0000000000000000000, 0.0000000000000000000 ) ) ;
#4515 = VECTOR ( 'NONE', #902, 1000.000000000000000 ) ;
#4516 = PRESENTATION_LAYER_ASSIGNMENT (  '', '', ( #2451 ) ) ;
#4517 = ORIENTED_EDGE ( 'NONE', *, *, #5080, .F. ) ;
#4518 = DIRECTION ( 'NONE',  ( 0.0000000000000000000, -0.1391731009600621100, 0.9902680687415708100 ) ) ;
#4519 = STYLED_ITEM ( 'NONE', ( #3885 ), #6321 ) ;
#4520 = SURFACE_SIDE_STYLE ('',( #6088 ) ) ;
#4521 = VECTOR ( 'NONE', #3666, 1000.000000000000100 ) ;
#4522 = VERTEX_POINT ( 'NONE', #2318 ) ;
#4523 = DIRECTION ( 'NONE',  ( 1.000000000000000000, -0.0000000000000000000, -0.0000000000000000000 ) ) ;
#4524 = PRESENTATION_LAYER_ASSIGNMENT (  '', '', ( #1155 ) ) ;
#4525 = VECTOR ( 'NONE', #7087, 1000.000000000000000 ) ;
#4526 = CARTESIAN_POINT ( 'NONE',  ( -0.3949999999999999600, 2.230398605410600400, 0.7703939201416775100 ) ) ;
#4527 = COLOUR_RGB ( '',1.000000000000000000, 1.000000000000000000, 1.000000000000000000 ) ;
#4528 = CARTESIAN_POINT ( 'NONE',  ( -1.714999999999999900, 2.300398605410600300, 0.3345815153284068500 ) ) ;
#4529 = AXIS2_PLACEMENT_3D ( 'NONE', #126, #2088, #3872 ) ;
#4530 = CARTESIAN_POINT ( 'NONE',  ( -0.4450000000000000600, 2.200398605410600200, 0.9749999999999531300 ) ) ;
#4531 = DIRECTION ( 'NONE',  ( -0.0000000000000000000, -0.0000000000000000000, 1.000000000000000000 ) ) ;
#4532 = LINE ( 'NONE', #158, #3263 ) ;
#4533 = CARTESIAN_POINT ( 'NONE',  ( 2.095000000000000200, 1.950000000000000000, 0.7749999999999831500 ) ) ;
#4534 = CYLINDRICAL_SURFACE ( 'NONE', #2380, 0.3000000000000001600 ) ;
#4535 = STYLED_ITEM ( 'NONE', ( #6301 ), #2836 ) ;
#4536 = CARTESIAN_POINT ( 'NONE',  ( 1.665000000000000000, -2.230398605410600400, 0.7703939201416775100 ) ) ;
#4537 = FILL_AREA_STYLE ('',( #7574 ) ) ;
#4538 = DIRECTION ( 'NONE',  ( -1.000000000000000000, 0.0000000000000000000, 0.0000000000000000000 ) ) ;
#4539 = CARTESIAN_POINT ( 'NONE',  ( -0.8250000000000001800, 2.200398605410600200, 0.7749999999999831500 ) ) ;
#4540 = COLOUR_RGB ( '',1.000000000000000000, 1.000000000000000000, 1.000000000000000000 ) ;
#4541 = FACE_OUTER_BOUND ( 'NONE', #7168, .T. ) ;
#4542 = ADVANCED_FACE ( 'NONE', ( #2285 ), #5388, .F. ) ;
#4543 = DIRECTION ( 'NONE',  ( 0.0000000000000000000, 0.0000000000000000000, -1.000000000000000000 ) ) ;
#4544 = CIRCLE ( 'NONE', #7319, 0.2999999999999856100 ) ;
#4545 = STYLED_ITEM ( 'NONE', ( #3853 ), #3927 ) ;
#4546 = FILL_AREA_STYLE ('',( #2725 ) ) ;
#4547 =( NAMED_UNIT ( * ) SI_UNIT ( $, .STERADIAN. ) SOLID_ANGLE_UNIT ( ) );
#4548 = COLOUR_RGB ( '',1.000000000000000000, 1.000000000000000000, 1.000000000000000000 ) ;
#4549 = EDGE_CURVE ( 'NONE', #4781, #5855, #3828, .T. ) ;
#4550 = ORIENTED_EDGE ( 'NONE', *, *, #614, .F. ) ;
#4551 = SURFACE_SIDE_STYLE ('',( #5547 ) ) ;
#4552 = FACE_OUTER_BOUND ( 'NONE', #4688, .T. ) ;
#4553 =( LENGTH_UNIT ( ) NAMED_UNIT ( * ) SI_UNIT ( .MILLI., .METRE. ) );
#4554 = LINE ( 'NONE', #6241, #2915 ) ;
#4555 = STYLED_ITEM ( 'NONE', ( #1269 ), #4829 ) ;
#4556 =( NAMED_UNIT ( * ) PLANE_ANGLE_UNIT ( ) SI_UNIT ( $, .RADIAN. ) );
#4557 = DIRECTION ( 'NONE',  ( 0.0000000000000000000, 0.0000000000000000000, 1.000000000000000000 ) ) ;
#4558 = EDGE_CURVE ( 'NONE', #6408, #5739, #2483, .T. ) ;
#4559 = ORIENTED_EDGE ( 'NONE', *, *, #3395, .F. ) ;
#4560 = ORIENTED_EDGE ( 'NONE', *, *, #4549, .F. ) ;
#4561 = DIRECTION ( 'NONE',  ( 0.0000000000000000000, -0.9539392014169455500, -0.3000000000000002700 ) ) ;
#4562 =( GEOMETRIC_REPRESENTATION_CONTEXT ( 3 ) GLOBAL_UNCERTAINTY_ASSIGNED_CONTEXT ( ( #3587 ) ) GLOBAL_UNIT_ASSIGNED_CONTEXT ( ( #1475, #857, #6434 ) ) REPRESENTATION_CONTEXT ( 'NONE', 'WORKASPACE' ) );
#4563 = LINE ( 'NONE', #2762, #3381 ) ;
#4564 = CARTESIAN_POINT ( 'NONE',  ( 2.095000000000000200, -1.950000000000000000, 0.7749999999999831500 ) ) ;
#4565 = DIRECTION ( 'NONE',  ( -1.000000000000000000, 0.0000000000000000000, 0.0000000000000000000 ) ) ;
#4566 = CIRCLE ( 'NONE', #7219, 0.2999999999999999300 ) ;
#4567 =( NAMED_UNIT ( * ) SI_UNIT ( $, .STERADIAN. ) SOLID_ANGLE_UNIT ( ) );
#4568 = CARTESIAN_POINT ( 'NONE',  ( -1.714999999999999900, 2.200398605410600200, 0.7749999999999831500 ) ) ;
#4569 = ORIENTED_EDGE ( 'NONE', *, *, #2433, .T. ) ;
#4570 = CIRCLE ( 'NONE', #2342, 0.09999999999999993600 ) ;
#4571 = MECHANICAL_DESIGN_GEOMETRIC_PRESENTATION_REPRESENTATION (  '', ( #194 ), #1060 ) ;
#4572 = ORIENTED_EDGE ( 'NONE', *, *, #1282, .F. ) ;
#4573 = CARTESIAN_POINT ( 'NONE',  ( -1.714999999999999900, -2.300398605410600300, 0.6749999999999831700 ) ) ;
#4574 = DIRECTION ( 'NONE',  ( -1.000000000000000000, 0.0000000000000000000, -0.0000000000000000000 ) ) ;
#4575 =( NAMED_UNIT ( * ) PLANE_ANGLE_UNIT ( ) SI_UNIT ( $, .RADIAN. ) );
#4576 = CARTESIAN_POINT ( 'NONE',  ( -1.714999999999999900, -2.600398605410600100, 0.3345815153284070800 ) ) ;
#4577 = MECHANICAL_DESIGN_GEOMETRIC_PRESENTATION_REPRESENTATION (  '', ( #5565 ), #638 ) ;
#4578 = PRESENTATION_STYLE_ASSIGNMENT (( #7179 ) ) ;
#4579 = ORIENTED_EDGE ( 'NONE', *, *, #3338, .F. ) ;
#4580 = CARTESIAN_POINT ( 'NONE',  ( -1.714999999999999900, 2.591683031135834100, 0.2349620455192325500 ) ) ;
#4581 = LINE ( 'NONE', #4564, #360 ) ;
#4582 = CARTESIAN_POINT ( 'NONE',  ( -2.145000000000000000, 2.300398605410600300, 0.6749999999999831700 ) ) ;
#4583 = ORIENTED_EDGE ( 'NONE', *, *, #887, .F. ) ;
#4584 = ADVANCED_FACE ( 'NONE', ( #273 ), #1699, .F. ) ;
#4585 =( GEOMETRIC_REPRESENTATION_CONTEXT ( 3 ) GLOBAL_UNCERTAINTY_ASSIGNED_CONTEXT ( ( #5647 ) ) GLOBAL_UNIT_ASSIGNED_CONTEXT ( ( #4214, #2411, #7323 ) ) REPRESENTATION_CONTEXT ( 'NONE', 'WORKASPACE' ) );
#4586 = UNCERTAINTY_MEASURE_WITH_UNIT (LENGTH_MEASURE( 1.000000000000000100E-005 ), #3846, 'distance_accuracy_value', 'NONE');
#4587 =( NAMED_UNIT ( * ) SI_UNIT ( $, .STERADIAN. ) SOLID_ANGLE_UNIT ( ) );
#4588 = CARTESIAN_POINT ( 'NONE',  ( -0.4450000000000000600, 2.591683031135834100, 0.2349620455192325500 ) ) ;
#4589 = ORIENTED_EDGE ( 'NONE', *, *, #6100, .T. ) ;
#4590 = VERTEX_POINT ( 'NONE', #4790 ) ;
#4591 =( NAMED_UNIT ( * ) PLANE_ANGLE_UNIT ( ) SI_UNIT ( $, .RADIAN. ) );
#4592 = ORIENTED_EDGE ( 'NONE', *, *, #4970, .T. ) ;
#4593 = COLOUR_RGB ( '',1.000000000000000000, 1.000000000000000000, 1.000000000000000000 ) ;
#4594 = PLANE ( 'NONE',  #7768 ) ;
#4595 = VERTEX_POINT ( 'NONE', #447 ) ;
#4596 = CARTESIAN_POINT ( 'NONE',  ( 0.8249999999999999600, 2.500398605410600000, 0.6749999999999530800 ) ) ;
#4597 =( NAMED_UNIT ( * ) PLANE_ANGLE_UNIT ( ) SI_UNIT ( $, .RADIAN. ) );
#4598 = VECTOR ( 'NONE', #7050, 1000.000000000000000 ) ;
#4599 = ORIENTED_EDGE ( 'NONE', *, *, #7130, .F. ) ;
#4600 = ORIENTED_EDGE ( 'NONE', *, *, #6143, .T. ) ;
#4601 = PRESENTATION_LAYER_ASSIGNMENT (  '', '', ( #3758 ) ) ;
#4602 = ADVANCED_FACE ( 'NONE', ( #1352 ), #2943, .F. ) ;
#4603 = LINE ( 'NONE', #311, #6134 ) ;
#4604 = EDGE_CURVE ( 'NONE', #855, #7625, #6246, .T. ) ;
#4605 = LINE ( 'NONE', #3014, #7950 ) ;
#4606 = ORIENTED_EDGE ( 'NONE', *, *, #2781, .T. ) ;
#4607 = DIRECTION ( 'NONE',  ( -1.000000000000000000, -0.0000000000000000000, -0.0000000000000000000 ) ) ;
#4608 = DIRECTION ( 'NONE',  ( 0.0000000000000000000, -1.273963925350998900E-015, -1.000000000000000000 ) ) ;
#4609 = CARTESIAN_POINT ( 'NONE',  ( -2.145000000000000000, 2.200398605410600200, 0.6749999999999831700 ) ) ;
#4610 = EDGE_CURVE ( 'NONE', #3798, #7922, #2581, .T. ) ;
#4611 = VERTEX_POINT ( 'NONE', #6197 ) ;
#4612 = VECTOR ( 'NONE', #4233, 1000.000000000000000 ) ;
#4614 = STYLED_ITEM ( 'NONE', ( #2969 ), #4633 ) ;
#4613 = DIRECTION ( 'NONE',  ( 0.0000000000000000000, 0.0000000000000000000, -1.000000000000000000 ) ) ;
#4615 = EDGE_LOOP ( 'NONE', ( #8065, #3740, #863, #5170, #2672, #8036, #4410, #277 ) ) ;
#4616 = UNCERTAINTY_MEASURE_WITH_UNIT (LENGTH_MEASURE( 1.000000000000000100E-005 ), #1781, 'distance_accuracy_value', 'NONE');
#4617 = ORIENTED_EDGE ( 'NONE', *, *, #1619, .T. ) ;
#4618 = AXIS2_PLACEMENT_3D ( 'NONE', #2815, #3966, #886 ) ;
#4619 = PRESENTATION_STYLE_ASSIGNMENT (( #1219 ) ) ;
#4620 = MANIFOLD_SOLID_BREP ( 'Lead5', #1719 ) ;
#4621 = SURFACE_STYLE_USAGE ( .BOTH. , #5042 ) ;
#4622 = ORIENTED_EDGE ( 'NONE', *, *, #6517, .T. ) ;
#4623 = AXIS2_PLACEMENT_3D ( 'NONE', #271, #4676, #1553 ) ;
#4624 = DIRECTION ( 'NONE',  ( -0.0000000000000000000, 1.000000000000000000, -0.0000000000000000000 ) ) ;
#4625 = VECTOR ( 'NONE', #1421, 1000.000000000000000 ) ;
#4626 =( LENGTH_UNIT ( ) NAMED_UNIT ( * ) SI_UNIT ( .MILLI., .METRE. ) );
#4627 = FACE_OUTER_BOUND ( 'NONE', #362, .T. ) ;
#4628 = DIRECTION ( 'NONE',  ( -1.000000000000000000, 0.0000000000000000000, -0.0000000000000000000 ) ) ;
#4629 = CARTESIAN_POINT ( 'NONE',  ( 0.8249999999999999600, 2.200398605410600200, 0.9749999999999531300 ) ) ;
#4630 = SURFACE_STYLE_USAGE ( .BOTH. , #785 ) ;
#4631 = STYLED_ITEM ( 'NONE', ( #1634 ), #906 ) ;
#4632 = SURFACE_STYLE_FILL_AREA ( #1987 ) ;
#4633 = ADVANCED_FACE ( 'NONE', ( #4118 ), #3685, .F. ) ;
#4634 = DIRECTION ( 'NONE',  ( -0.0000000000000000000, 1.000000000000000000, -0.0000000000000000000 ) ) ;
#4635 = PRESENTATION_LAYER_ASSIGNMENT (  '', '', ( #4791 ) ) ;
#4636 = FILL_AREA_STYLE ('',( #3960 ) ) ;
#4637 = CARTESIAN_POINT ( 'NONE',  ( -0.4450000000000000600, 2.982568851450467600, 0.0000000000000000000 ) ) ;
#4638 =( GEOMETRIC_REPRESENTATION_CONTEXT ( 3 ) GLOBAL_UNCERTAINTY_ASSIGNED_CONTEXT ( ( #2923 ) ) GLOBAL_UNIT_ASSIGNED_CONTEXT ( ( #2748, #7600, #6370 ) ) REPRESENTATION_CONTEXT ( 'NONE', 'WORKASPACE' ) );
#4639 = CARTESIAN_POINT ( 'NONE',  ( 2.095000000000000200, 2.300398605410600300, 0.6749999999999831700 ) ) ;
#4640 = PRESENTATION_STYLE_ASSIGNMENT (( #5868 ) ) ;
#4641 = ADVANCED_FACE ( 'NONE', ( #8052 ), #266, .T. ) ;
#4642 = DIRECTION ( 'NONE',  ( -1.000000000000000000, 0.0000000000000000000, -0.0000000000000000000 ) ) ;
#4643 = SURFACE_STYLE_USAGE ( .BOTH. , #6565 ) ;
#4644 = SURFACE_STYLE_USAGE ( .BOTH. , #4012 ) ;
#4645 =( LENGTH_UNIT ( ) NAMED_UNIT ( * ) SI_UNIT ( .MILLI., .METRE. ) );
#4646 = MECHANICAL_DESIGN_GEOMETRIC_PRESENTATION_REPRESENTATION (  '', ( #6847 ), #1819 ) ;
#4647 = DIRECTION ( 'NONE',  ( 0.0000000000000000000, 1.000000000000000000, 0.0000000000000000000 ) ) ;
#4648 = LINE ( 'NONE', #3908, #7041 ) ;
#4649 = EDGE_CURVE ( 'NONE', #5541, #4510, #4605, .T. ) ;
#4650 = SURFACE_SIDE_STYLE ('',( #251 ) ) ;
#4651 = DIRECTION ( 'NONE',  ( 0.0000000000000000000, 0.0000000000000000000, 1.000000000000000000 ) ) ;
#4652 = VERTEX_POINT ( 'NONE', #5564 ) ;
#4653 = LINE ( 'NONE', #4026, #3769 ) ;
#4654 = EDGE_CURVE ( 'NONE', #2575, #4897, #879, .T. ) ;
#4655 =( GEOMETRIC_REPRESENTATION_CONTEXT ( 3 ) GLOBAL_UNCERTAINTY_ASSIGNED_CONTEXT ( ( #3064 ) ) GLOBAL_UNIT_ASSIGNED_CONTEXT ( ( #6103, #2468, #2499 ) ) REPRESENTATION_CONTEXT ( 'NONE', 'WORKASPACE' ) );
#4656 = DIRECTION ( 'NONE',  ( 0.0000000000000000000, 1.501620008892423400E-013, 1.000000000000000000 ) ) ;
#4657 =( NAMED_UNIT ( * ) PLANE_ANGLE_UNIT ( ) SI_UNIT ( $, .RADIAN. ) );
#4658 = FILL_AREA_STYLE ('',( #4034 ) ) ;
#4659 = EDGE_CURVE ( 'NONE', #4821, #4274, #4902, .T. ) ;
#4660 = ORIENTED_EDGE ( 'NONE', *, *, #4301, .F. ) ;
#4661 = VECTOR ( 'NONE', #2626, 1000.000000000000000 ) ;
#4662 = AXIS2_PLACEMENT_3D ( 'NONE', #6935, #3888, #5143 ) ;
#4663 = FILL_AREA_STYLE ('',( #1597 ) ) ;
#4664 = ADVANCED_FACE ( 'NONE', ( #7283 ), #4921, .F. ) ;
#4665 = ORIENTED_EDGE ( 'NONE', *, *, #5289, .T. ) ;
#4666 = PLANE ( 'NONE',  #7994 ) ;
#4667 =( LENGTH_UNIT ( ) NAMED_UNIT ( * ) SI_UNIT ( .MILLI., .METRE. ) );
#4668 = VECTOR ( 'NONE', #2248, 1000.000000000000000 ) ;
#4669 = LINE ( 'NONE', #2634, #6964 ) ;
#4670 = DIRECTION ( 'NONE',  ( 0.0000000000000000000, 0.0000000000000000000, -1.000000000000000000 ) ) ;
#4671 = ORIENTED_EDGE ( 'NONE', *, *, #3663, .F. ) ;
#4672 = DIRECTION ( 'NONE',  ( 0.0000000000000000000, -1.273963925350998900E-015, -1.000000000000000000 ) ) ;
#4673 = STYLED_ITEM ( 'NONE', ( #3407 ), #242 ) ;
#4674 = DIRECTION ( 'NONE',  ( -0.0000000000000000000, 1.273963925350998900E-015, -1.000000000000000000 ) ) ;
#4675 = COLOUR_RGB ( '',1.000000000000000000, 1.000000000000000000, 1.000000000000000000 ) ;
#4676 = DIRECTION ( 'NONE',  ( 1.000000000000000000, 0.0000000000000000000, -0.0000000000000000000 ) ) ;
#4677 = ORIENTED_EDGE ( 'NONE', *, *, #3947, .T. ) ;
#4678 = DIRECTION ( 'NONE',  ( 0.0000000000000000000, 0.0000000000000000000, 1.000000000000000000 ) ) ;
#4679 = ORIENTED_EDGE ( 'NONE', *, *, #5883, .T. ) ;
#4680 = VERTEX_POINT ( 'NONE', #2488 ) ;
#4681 = ADVANCED_FACE ( 'NONE', ( #1871 ), #6529, .F. ) ;
#4682 = VECTOR ( 'NONE', #6117, 1000.000000000000000 ) ;
#4683 = AXIS2_PLACEMENT_3D ( 'NONE', #106, #5785, #192 ) ;
#4684 = LINE ( 'NONE', #427, #5072 ) ;
#4685 = EDGE_LOOP ( 'NONE', ( #739, #7070, #7972, #7569 ) ) ;
#4686 =( NAMED_UNIT ( * ) PLANE_ANGLE_UNIT ( ) SI_UNIT ( $, .RADIAN. ) );
#4687 = DIRECTION ( 'NONE',  ( 0.0000000000000000000, 0.1391731009600621100, 0.9902680687415708100 ) ) ;
#4688 = EDGE_LOOP ( 'NONE', ( #4300, #5665, #3514, #7273 ) ) ;
#4689 = COLOUR_RGB ( '',1.000000000000000000, 1.000000000000000000, 1.000000000000000000 ) ;
#4690 = ORIENTED_EDGE ( 'NONE', *, *, #6361, .F. ) ;
#4691 = VECTOR ( 'NONE', #7295, 1000.000000000000000 ) ;
#4692 = VERTEX_POINT ( 'NONE', #697 ) ;
#4693 = UNCERTAINTY_MEASURE_WITH_UNIT (LENGTH_MEASURE( 1.000000000000000100E-005 ), #350, 'distance_accuracy_value', 'NONE');
#4694 = DIRECTION ( 'NONE',  ( 0.0000000000000000000, 1.273963925350998900E-015, 1.000000000000000000 ) ) ;
#4695 = CARTESIAN_POINT ( 'NONE',  ( 0.4449999999999998400, 2.200398605410600200, 0.6749999999999831700 ) ) ;
#4696 = FACE_OUTER_BOUND ( 'NONE', #495, .T. ) ;
#4697 = VERTEX_POINT ( 'NONE', #4420 ) ;
#4698 = EDGE_CURVE ( 'NONE', #586, #4965, #6898, .T. ) ;
#4699 = VERTEX_POINT ( 'NONE', #17 ) ;
#4700 = PRESENTATION_LAYER_ASSIGNMENT (  '', '', ( #6896 ) ) ;
#4701 = DIRECTION ( 'NONE',  ( 1.000000000000000000, 0.0000000000000000000, -0.0000000000000000000 ) ) ;
#4702 = SURFACE_STYLE_FILL_AREA ( #1199 ) ;
#4703 = SURFACE_SIDE_STYLE ('',( #2323 ) ) ;
#4704 = EDGE_LOOP ( 'NONE', ( #5578, #7107, #1972, #4622 ) ) ;
#4705 = FILL_AREA_STYLE_COLOUR ( '', #6806 ) ;
#4706 = ORIENTED_EDGE ( 'NONE', *, *, #4184, .F. ) ;
#4707 = DIRECTION ( 'NONE',  ( 1.000000000000000000, 0.0000000000000000000, 0.0000000000000000000 ) ) ;
#4708 = CARTESIAN_POINT ( 'NONE',  ( -0.3949999999999999600, 2.500398605410600000, 0.6749999999999530800 ) ) ;
#4709 = EDGE_LOOP ( 'NONE', ( #4690, #6823, #4316, #831 ) ) ;
#4710 = ORIENTED_EDGE ( 'NONE', *, *, #4380, .T. ) ;
#4712 = CARTESIAN_POINT ( 'NONE',  ( -1.714999999999999900, 2.300398605410600300, 0.6749999999999831700 ) ) ;
#4711 =( GEOMETRIC_REPRESENTATION_CONTEXT ( 3 ) GLOBAL_UNCERTAINTY_ASSIGNED_CONTEXT ( ( #3019 ) ) GLOBAL_UNIT_ASSIGNED_CONTEXT ( ( #5999, #1030, #2916 ) ) REPRESENTATION_CONTEXT ( 'NONE', 'WORKASPACE' ) );
#4713 = SURFACE_STYLE_FILL_AREA ( #2557 ) ;
#4714 = ADVANCED_FACE ( 'NONE', ( #679 ), #5630, .F. ) ;
#4715 = ORIENTED_EDGE ( 'NONE', *, *, #1778, .T. ) ;
#4716 = SURFACE_SIDE_STYLE ('',( #7997 ) ) ;
#4717 = DIRECTION ( 'NONE',  ( 1.000000000000000000, 0.0000000000000000000, 0.0000000000000000000 ) ) ;
#4718 = EDGE_CURVE ( 'NONE', #2276, #3597, #4215, .T. ) ;
#4719 = ORIENTED_EDGE ( 'NONE', *, *, #2894, .F. ) ;
#4720 = FILL_AREA_STYLE ('',( #4075 ) ) ;
#4721 = UNCERTAINTY_MEASURE_WITH_UNIT (LENGTH_MEASURE( 1.000000000000000100E-005 ), #7291, 'distance_accuracy_value', 'NONE');
#4722 = DIRECTION ( 'NONE',  ( -1.000000000000000000, 0.0000000000000000000, -0.0000000000000000000 ) ) ;
#4723 = CARTESIAN_POINT ( 'NONE',  ( -2.095000000000000200, -2.600398605410600100, 0.3345815153284071300 ) ) ;
#4724 = ORIENTED_EDGE ( 'NONE', *, *, #6486, .F. ) ;
#4725 = CARTESIAN_POINT ( 'NONE',  ( 1.714999999999999900, -2.600398605410600100, 0.3345815153284071300 ) ) ;
#4726 = VECTOR ( 'NONE', #2667, 1000.000000000000000 ) ;
#4727 = EDGE_CURVE ( 'NONE', #1068, #4692, #2963, .T. ) ;
#4728 = ADVANCED_FACE ( 'NONE', ( #385 ), #1476, .F. ) ;
#4729 = DIRECTION ( 'NONE',  ( -0.0000000000000000000, 1.000000000000000000, 1.273963925350998900E-015 ) ) ;
#4730 = PLANE ( 'NONE',  #7698 ) ;
#4731 = AXIS2_PLACEMENT_3D ( 'NONE', #7500, #1288, #1955 ) ;
#4732 = SURFACE_SIDE_STYLE ('',( #7348 ) ) ;
#4733 = VECTOR ( 'NONE', #5571, 1000.000000000000000 ) ;
#4734 =( NAMED_UNIT ( * ) SI_UNIT ( $, .STERADIAN. ) SOLID_ANGLE_UNIT ( ) );
#4735 = LINE ( 'NONE', #1162, #2685 ) ;
#4736 = DIRECTION ( 'NONE',  ( 0.0000000000000000000, 0.0000000000000000000, 1.000000000000000000 ) ) ;
#4737 = PRESENTATION_LAYER_ASSIGNMENT (  '', '', ( #3472 ) ) ;
#4738 = VECTOR ( 'NONE', #1863, 1000.000000000000000 ) ;
#4739 = DIRECTION ( 'NONE',  ( -1.000000000000000000, 0.0000000000000000000, 0.0000000000000000000 ) ) ;
#4740 = PRESENTATION_LAYER_ASSIGNMENT (  '', '', ( #7588 ) ) ;
#4741 = FILL_AREA_STYLE_COLOUR ( '', #2310 ) ;
#4742 = SURFACE_STYLE_USAGE ( .BOTH. , #1614 ) ;
#4743 = DIRECTION ( 'NONE',  ( 0.0000000000000000000, 0.0000000000000000000, 1.000000000000000000 ) ) ;
#4744 = CARTESIAN_POINT ( 'NONE',  ( 0.8249999999999999600, 2.591683031135834100, 0.2349620455192325500 ) ) ;
#4745 = VECTOR ( 'NONE', #5209, 1000.000000000000200 ) ;
#4746 = DIRECTION ( 'NONE',  ( 0.0000000000000000000, 0.0000000000000000000, 1.000000000000000000 ) ) ;
#4747 = CIRCLE ( 'NONE', #7056, 0.09999999999999993600 ) ;
#4748 = DIRECTION ( 'NONE',  ( 0.0000000000000000000, -0.08715574274766148300, 0.9961946980917453200 ) ) ;
#4749 = CARTESIAN_POINT ( 'NONE',  ( 0.3949999999999999600, 2.230398605410600400, 0.7703939201416775100 ) ) ;
#4750 = VECTOR ( 'NONE', #7546, 1000.000000000000000 ) ;
#4751 = ADVANCED_FACE ( 'NONE', ( #4305 ), #7048, .F. ) ;
#4752 = CARTESIAN_POINT ( 'NONE',  ( -0.8250000000000001800, -2.200398605410600200, 0.6749999999999531900 ) ) ;
#4753 = DIRECTION ( 'NONE',  ( 0.0000000000000000000, 0.0000000000000000000, 1.000000000000000000 ) ) ;
#4754 = PLANE ( 'NONE',  #3571 ) ;
#4755 = FILL_AREA_STYLE_COLOUR ( '', #6888 ) ;
#4756 = ORIENTED_EDGE ( 'NONE', *, *, #6814, .T. ) ;
#4757 =( NAMED_UNIT ( * ) PLANE_ANGLE_UNIT ( ) SI_UNIT ( $, .RADIAN. ) );
#4758 = COLOUR_RGB ( '',1.000000000000000000, 1.000000000000000000, 1.000000000000000000 ) ;
#4759 = EDGE_CURVE ( 'NONE', #3810, #4483, #1656, .T. ) ;
#4760 = FILL_AREA_STYLE_COLOUR ( '', #653 ) ;
#4761 = DIRECTION ( 'NONE',  ( -0.0000000000000000000, 0.3000000000000002700, -0.9539392014169455500 ) ) ;
#4762 = VECTOR ( 'NONE', #621, 1000.000000000000000 ) ;
#4763 = EDGE_LOOP ( 'NONE', ( #4874, #7109, #3009, #6043 ) ) ;
#4764 = DIRECTION ( 'NONE',  ( 0.0000000000000000000, 0.0000000000000000000, 1.000000000000000000 ) ) ;
#4765 = ADVANCED_FACE ( 'NONE', ( #5752 ), #3762, .F. ) ;
#4766 = VERTEX_POINT ( 'NONE', #6837 ) ;
#4767 = PRESENTATION_STYLE_ASSIGNMENT (( #7725 ) ) ;
#4768 = DIRECTION ( 'NONE',  ( -1.000000000000000000, 0.0000000000000000000, -0.0000000000000000000 ) ) ;
#4769 = EDGE_CURVE ( 'NONE', #138, #1453, #5972, .T. ) ;
#4770 = ORIENTED_EDGE ( 'NONE', *, *, #823, .T. ) ;
#4771 = PRESENTATION_STYLE_ASSIGNMENT (( #5206 ) ) ;
#4772 = FACE_OUTER_BOUND ( 'NONE', #2390, .T. ) ;
#4773 = AXIS2_PLACEMENT_3D ( 'NONE', #2887, #1630, #6053 ) ;
#4774 = CARTESIAN_POINT ( 'NONE',  ( 2.095000000000000200, 2.500398605410600000, 0.3345815153284070200 ) ) ;
#4775 = CARTESIAN_POINT ( 'NONE',  ( -2.095000000000000200, 2.500398605410600000, 0.6749999999999530800 ) ) ;
#4776 = EDGE_CURVE ( 'NONE', #3918, #119, #6443, .T. ) ;
#4777 = VERTEX_POINT ( 'NONE', #4061 ) ;
#4778 = AXIS2_PLACEMENT_3D ( 'NONE', #2015, #1906, #111 ) ;
#4779 = PRESENTATION_STYLE_ASSIGNMENT (( #3165 ) ) ;
#4780 = SURFACE_SIDE_STYLE ('',( #2714 ) ) ;
#4781 = VERTEX_POINT ( 'NONE', #6490 ) ;
#4782 = VECTOR ( 'NONE', #3265, 1000.000000000000000 ) ;
#4783 = CARTESIAN_POINT ( 'NONE',  ( -0.4450000000000000600, 2.600398605410600100, 0.3345815153284070800 ) ) ;
#4784 = VECTOR ( 'NONE', #6678, 1000.000000000000000 ) ;
#4785 = DIRECTION ( 'NONE',  ( 1.000000000000000000, 0.0000000000000000000, -0.0000000000000000000 ) ) ;
#4786 = ORIENTED_EDGE ( 'NONE', *, *, #2383, .F. ) ;
#4787 =( NAMED_UNIT ( * ) PLANE_ANGLE_UNIT ( ) SI_UNIT ( $, .RADIAN. ) );
#4788 = AXIS2_PLACEMENT_3D ( 'NONE', #6135, #3074, #7977 ) ;
#4789 = ORIENTED_EDGE ( 'NONE', *, *, #2637, .F. ) ;
#4790 = CARTESIAN_POINT ( 'NONE',  ( 0.4449999999999998400, 2.200398605410600200, 0.7749999999999831500 ) ) ;
#4791 = STYLED_ITEM ( 'NONE', ( #536 ), #6954 ) ;
#4792 = DIRECTION ( 'NONE',  ( 1.000000000000000000, 0.0000000000000000000, 0.0000000000000000000 ) ) ;
#4793 = VERTEX_POINT ( 'NONE', #5255 ) ;
#4794 = DIRECTION ( 'NONE',  ( 0.0000000000000000000, 0.0000000000000000000, 1.000000000000000000 ) ) ;
#4795 = VERTEX_POINT ( 'NONE', #1507 ) ;
#4796 = VECTOR ( 'NONE', #497, 1000.000000000000000 ) ;
#4797 = ORIENTED_EDGE ( 'NONE', *, *, #5667, .F. ) ;
#4798 = VECTOR ( 'NONE', #6347, 1000.000000000000000 ) ;
#4799 = CARTESIAN_POINT ( 'NONE',  ( 2.095000000000000200, 2.200398605410600200, 0.7749999999999831500 ) ) ;
#4800 = ORIENTED_EDGE ( 'NONE', *, *, #7067, .F. ) ;
#4801 = DIRECTION ( 'NONE',  ( 0.0000000000000000000, 0.0000000000000000000, 1.000000000000000000 ) ) ;
#4802 = AXIS2_PLACEMENT_3D ( 'NONE', #2708, #2139, #204 ) ;
#4803 = PLANE ( 'NONE',  #4969 ) ;
#4804 = CYLINDRICAL_SURFACE ( 'NONE', #1817, 0.3000000000000001600 ) ;
#4805 = EDGE_LOOP ( 'NONE', ( #505, #4756, #6220, #7359, #1555, #6708 ) ) ;
#4806 =( LENGTH_UNIT ( ) NAMED_UNIT ( * ) SI_UNIT ( .MILLI., .METRE. ) );
#4807 = ORIENTED_EDGE ( 'NONE', *, *, #65, .F. ) ;
#4808 =( NAMED_UNIT ( * ) SI_UNIT ( $, .STERADIAN. ) SOLID_ANGLE_UNIT ( ) );
#4809 =( GEOMETRIC_REPRESENTATION_CONTEXT ( 3 ) GLOBAL_UNCERTAINTY_ASSIGNED_CONTEXT ( ( #5623 ) ) GLOBAL_UNIT_ASSIGNED_CONTEXT ( ( #4626, #982, #4063 ) ) REPRESENTATION_CONTEXT ( 'NONE', 'WORKASPACE' ) );
#4810 = EDGE_LOOP ( 'NONE', ( #6617, #5716, #6698, #4715 ) ) ;
#4811 =( LENGTH_UNIT ( ) NAMED_UNIT ( * ) SI_UNIT ( .MILLI., .METRE. ) );
#4812 = VERTEX_POINT ( 'NONE', #7136 ) ;
#4813 = COLOUR_RGB ( '',1.000000000000000000, 1.000000000000000000, 1.000000000000000000 ) ;
#4814 =( GEOMETRIC_REPRESENTATION_CONTEXT ( 3 ) GLOBAL_UNCERTAINTY_ASSIGNED_CONTEXT ( ( #4112 ) ) GLOBAL_UNIT_ASSIGNED_CONTEXT ( ( #3077, #7432, #2509 ) ) REPRESENTATION_CONTEXT ( 'NONE', 'WORKASPACE' ) );
#4815 = CARTESIAN_POINT ( 'NONE',  ( -0.3949999999999999600, 2.300398605410600300, 0.6749999999999831700 ) ) ;
#4816 = CARTESIAN_POINT ( 'NONE',  ( -0.3949999999999999600, 2.500398605410600000, 0.6749999999999530800 ) ) ;
#4817 = EDGE_LOOP ( 'NONE', ( #32, #7867, #1548, #2850 ) ) ;
#4818 = LINE ( 'NONE', #4097, #7386 ) ;
#4819 =( NAMED_UNIT ( * ) PLANE_ANGLE_UNIT ( ) SI_UNIT ( $, .RADIAN. ) );
#4820 = VERTEX_POINT ( 'NONE', #321 ) ;
#4821 = VERTEX_POINT ( 'NONE', #7765 ) ;
#4822 = PRESENTATION_STYLE_ASSIGNMENT (( #7407 ) ) ;
#4823 = DIRECTION ( 'NONE',  ( 0.0000000000000000000, 1.000000000000000000, -1.501620008892423100E-013 ) ) ;
#4824 = ORIENTED_EDGE ( 'NONE', *, *, #4610, .F. ) ;
#4825 = DIRECTION ( 'NONE',  ( -1.000000000000000000, 0.0000000000000000000, 0.0000000000000000000 ) ) ;
#4826 = MECHANICAL_DESIGN_GEOMETRIC_PRESENTATION_REPRESENTATION (  '', ( #4130 ), #882 ) ;
#4827 = UNCERTAINTY_MEASURE_WITH_UNIT (LENGTH_MEASURE( 1.000000000000000100E-005 ), #3803, 'distance_accuracy_value', 'NONE');
#4828 = EDGE_CURVE ( 'NONE', #1245, #1430, #7482, .T. ) ;
#4829 = MANIFOLD_SOLID_BREP ( 'Lead4', #941 ) ;
#4830 = LINE ( 'NONE', #4901, #1890 ) ;
#4831 =( NAMED_UNIT ( * ) PLANE_ANGLE_UNIT ( ) SI_UNIT ( $, .RADIAN. ) );
#4832 = CARTESIAN_POINT ( 'NONE',  ( -0.3949999999999999600, 2.290398605410596000, 0.9611817604250529900 ) ) ;
#4833 = FACE_OUTER_BOUND ( 'NONE', #3805, .T. ) ;
#4835 = AXIS2_PLACEMENT_3D ( 'NONE', #4206, #1658, #2313 ) ;
#4834 = CARTESIAN_POINT ( 'NONE',  ( -2.145000000000000000, 2.230398605410600400, 0.7703939201416775100 ) ) ;
#4836 =( GEOMETRIC_REPRESENTATION_CONTEXT ( 3 ) GLOBAL_UNCERTAINTY_ASSIGNED_CONTEXT ( ( #1809 ) ) GLOBAL_UNIT_ASSIGNED_CONTEXT ( ( #6596, #3478, #4192 ) ) REPRESENTATION_CONTEXT ( 'NONE', 'WORKASPACE' ) );
#4837 = EDGE_CURVE ( 'NONE', #5855, #3794, #1172, .T. ) ;
#4838 = SURFACE_STYLE_USAGE ( .BOTH. , #1020 ) ;
#4839 = PLANE ( 'NONE',  #2622 ) ;
#4840 =( GEOMETRIC_REPRESENTATION_CONTEXT ( 3 ) GLOBAL_UNCERTAINTY_ASSIGNED_CONTEXT ( ( #4586 ) ) GLOBAL_UNIT_ASSIGNED_CONTEXT ( ( #3846, #2661, #5741 ) ) REPRESENTATION_CONTEXT ( 'NONE', 'WORKASPACE' ) );
#4841 = DIRECTION ( 'NONE',  ( -0.0000000000000000000, 0.9961946980917452100, 0.08715574274766263500 ) ) ;
#4842 = DIRECTION ( 'NONE',  ( 0.0000000000000000000, 0.0000000000000000000, 1.000000000000000000 ) ) ;
#4843 = SURFACE_STYLE_FILL_AREA ( #5311 ) ;
#4844 = FACE_OUTER_BOUND ( 'NONE', #5065, .T. ) ;
#4845 = DIRECTION ( 'NONE',  ( 0.0000000000000000000, -0.3000000000000002700, 0.9539392014169455500 ) ) ;
#4846 = FACE_OUTER_BOUND ( 'NONE', #4685, .T. ) ;
#4847 = FILL_AREA_STYLE_COLOUR ( '', #793 ) ;
#4848 =( GEOMETRIC_REPRESENTATION_CONTEXT ( 3 ) GLOBAL_UNCERTAINTY_ASSIGNED_CONTEXT ( ( #6644 ) ) GLOBAL_UNIT_ASSIGNED_CONTEXT ( ( #3225, #4556, #4467 ) ) REPRESENTATION_CONTEXT ( 'NONE', 'WORKASPACE' ) );
#4849 = ADVANCED_FACE ( 'NONE', ( #2773 ), #4666, .F. ) ;
#4850 = AXIS2_PLACEMENT_3D ( 'NONE', #5428, #2241, #336 ) ;
#4851 = DIRECTION ( 'NONE',  ( -0.1378445374916337500, -0.1378445374916252600, 0.9808148484639888100 ) ) ;
#4852 = PRESENTATION_STYLE_ASSIGNMENT (( #371 ) ) ;
#4853 = CARTESIAN_POINT ( 'NONE',  ( -0.4450000000000000600, -1.950000000000000000, 0.7749999999999831500 ) ) ;
#4854 = CARTESIAN_POINT ( 'NONE',  ( -2.095000000000000200, 2.300398605410600300, 0.6749999999999831700 ) ) ;
#4855 = VERTEX_POINT ( 'NONE', #5292 ) ;
#4856 = EDGE_CURVE ( 'NONE', #7654, #1442, #3060, .T. ) ;
#4857 = AXIS2_PLACEMENT_3D ( 'NONE', #1160, #1810, #6157 ) ;
#4858 = CARTESIAN_POINT ( 'NONE',  ( -2.420000000000000400, -5.000000000000000000, 0.7749999999999805900 ) ) ;
#4859 = CARTESIAN_POINT ( 'NONE',  ( -0.4450000000000000600, -2.982568851450467600, 0.0000000000000000000 ) ) ;
#4860 = ORIENTED_EDGE ( 'NONE', *, *, #1308, .F. ) ;
#4861 =( LENGTH_UNIT ( ) NAMED_UNIT ( * ) SI_UNIT ( .MILLI., .METRE. ) );
#4862 = FACE_OUTER_BOUND ( 'NONE', #1074, .T. ) ;
#4863 = CARTESIAN_POINT ( 'NONE',  ( -1.664999999999999800, -2.230398605410600400, 0.7703939201416775100 ) ) ;
#4864 = FILL_AREA_STYLE ('',( #482 ) ) ;
#4865 = LINE ( 'NONE', #2897, #1305 ) ;
#4866 = UNCERTAINTY_MEASURE_WITH_UNIT (LENGTH_MEASURE( 1.000000000000000100E-005 ), #2274, 'distance_accuracy_value', 'NONE');
#4867 = MECHANICAL_DESIGN_GEOMETRIC_PRESENTATION_REPRESENTATION (  '', ( #5439 ), #1931 ) ;
#4868 = CARTESIAN_POINT ( 'NONE',  ( -0.4450000000000000600, -2.290398605410596000, 0.9611817604250529900 ) ) ;
#4869 = EDGE_CURVE ( 'NONE', #4680, #4216, #1473, .T. ) ;
#4870 = PLANE ( 'NONE',  #5513 ) ;
#4871 = VERTEX_POINT ( 'NONE', #2172 ) ;
#4872 = SURFACE_STYLE_FILL_AREA ( #7257 ) ;
#4873 = CARTESIAN_POINT ( 'NONE',  ( -0.4450000000000000600, 3.000000000000000000, 0.1992389396183490100 ) ) ;
#4874 = ORIENTED_EDGE ( 'NONE', *, *, #3983, .F. ) ;
#4875 = EDGE_CURVE ( 'NONE', #6320, #1646, #901, .T. ) ;
#4876 = VERTEX_POINT ( 'NONE', #1575 ) ;
#4877 = EDGE_LOOP ( 'NONE', ( #3107, #5523, #2577, #4013 ) ) ;
#4878 = CARTESIAN_POINT ( 'NONE',  ( 0.4449999999999998400, 2.300398605410600300, 0.6749999999999831700 ) ) ;
#4879 = SURFACE_STYLE_USAGE ( .BOTH. , #1733 ) ;
#4880 = ORIENTED_EDGE ( 'NONE', *, *, #7604, .F. ) ;
#4881 = COLOUR_RGB ( '',1.000000000000000000, 1.000000000000000000, 1.000000000000000000 ) ;
#4882 = EDGE_CURVE ( 'NONE', #6341, #6243, #86, .T. ) ;
#4883 = PRESENTATION_LAYER_ASSIGNMENT (  '', '', ( #6528 ) ) ;
#4884 = ORIENTED_EDGE ( 'NONE', *, *, #2960, .T. ) ;
#4885 = VECTOR ( 'NONE', #7307, 1000.000000000000000 ) ;
#4886 = EDGE_LOOP ( 'NONE', ( #7268, #180, #2703, #3632 ) ) ;
#4887 = ADVANCED_FACE ( 'NONE', ( #4627 ), #2228, .T. ) ;
#4888 = ORIENTED_EDGE ( 'NONE', *, *, #5898, .F. ) ;
#4889 =( LENGTH_UNIT ( ) NAMED_UNIT ( * ) SI_UNIT ( .MILLI., .METRE. ) );
#4890 = CARTESIAN_POINT ( 'NONE',  ( -2.095000000000000200, 2.290398605410591600, 0.9611817604250397800 ) ) ;
#4891 = ORIENTED_EDGE ( 'NONE', *, *, #3590, .T. ) ;
#4892 = ORIENTED_EDGE ( 'NONE', *, *, #5168, .T. ) ;
#4893 = SURFACE_STYLE_USAGE ( .BOTH. , #8034 ) ;
#4894 = AXIS2_PLACEMENT_3D ( 'NONE', #4725, #2220, #4004 ) ;
#4895 = CIRCLE ( 'NONE', #7277, 0.3000000000000001600 ) ;
#4896 = ORIENTED_EDGE ( 'NONE', *, *, #3590, .F. ) ;
#4897 = VERTEX_POINT ( 'NONE', #5511 ) ;
#4898 = AXIS2_PLACEMENT_3D ( 'NONE', #5036, #7430, #5014 ) ;
#4899 = CIRCLE ( 'NONE', #256, 0.09999999999999993600 ) ;
#4900 = CARTESIAN_POINT ( 'NONE',  ( -0.3949999999999999600, -2.230398605410600400, 0.7703939201416775100 ) ) ;
#4901 = CARTESIAN_POINT ( 'NONE',  ( 2.335675499178564400, -5.000000000000000000, 0.1750000000000000200 ) ) ;
#4902 = CIRCLE ( 'NONE', #6569, 0.2999999999999999300 ) ;
#4903 = VERTEX_POINT ( 'NONE', #4815 ) ;
#4904 = ORIENTED_EDGE ( 'NONE', *, *, #7420, .F. ) ;
#4905 = AXIS2_PLACEMENT_3D ( 'NONE', #2173, #7619, #4794 ) ;
#4906 = CARTESIAN_POINT ( 'NONE',  ( 0.3949999999999999600, 2.290398605410596000, 0.9611817604250529900 ) ) ;
#4907 = SURFACE_STYLE_FILL_AREA ( #5419 ) ;
#4908 = ORIENTED_EDGE ( 'NONE', *, *, #7729, .T. ) ;
#4909 = FILL_AREA_STYLE ('',( #2417 ) ) ;
#4910 = CARTESIAN_POINT ( 'NONE',  ( -2.095000000000000200, 2.230398605410600400, 0.7703939201416775100 ) ) ;
#4911 = ORIENTED_EDGE ( 'NONE', *, *, #7989, .F. ) ;
#4912 = ORIENTED_EDGE ( 'NONE', *, *, #3809, .T. ) ;
#4913 =( LENGTH_UNIT ( ) NAMED_UNIT ( * ) SI_UNIT ( .MILLI., .METRE. ) );
#4914 = MECHANICAL_DESIGN_GEOMETRIC_PRESENTATION_REPRESENTATION (  '', ( #5059 ), #5324 ) ;
#4915 = COLOUR_RGB ( '',1.000000000000000000, 1.000000000000000000, 1.000000000000000000 ) ;
#4916 = PLANE ( 'NONE',  #3827 ) ;
#4917 = CARTESIAN_POINT ( 'NONE',  ( 1.665000000000000000, 2.300398605410600300, 0.6749999999999831700 ) ) ;
#4918 = EDGE_CURVE ( 'NONE', #1766, #3003, #3838, .T. ) ;
#4919 = ORIENTED_EDGE ( 'NONE', *, *, #6452, .T. ) ;
#4920 = DIRECTION ( 'NONE',  ( 0.0000000000000000000, 0.08715574274766262100, -0.9961946980917451000 ) ) ;
#4921 = PLANE ( 'NONE',  #7474 ) ;
#4922 = EDGE_CURVE ( 'NONE', #5961, #7848, #5502, .T. ) ;
#4923 = PLANE ( 'NONE',  #7143 ) ;
#4924 = CARTESIAN_POINT ( 'NONE',  ( -2.145000000000000000, 2.230398605410600400, 0.7703939201416775100 ) ) ;
#4925 = VECTOR ( 'NONE', #189, 1000.000000000000000 ) ;
#4926 =( GEOMETRIC_REPRESENTATION_CONTEXT ( 3 ) GLOBAL_UNCERTAINTY_ASSIGNED_CONTEXT ( ( #4256 ) ) GLOBAL_UNIT_ASSIGNED_CONTEXT ( ( #3350, #666, #6438 ) ) REPRESENTATION_CONTEXT ( 'NONE', 'WORKASPACE' ) );
#4927 = ADVANCED_FACE ( 'NONE', ( #7773 ), #6686, .T. ) ;
#4928 =( NAMED_UNIT ( * ) PLANE_ANGLE_UNIT ( ) SI_UNIT ( $, .RADIAN. ) );
#4929 = EDGE_CURVE ( 'NONE', #3052, #6694, #3336, .T. ) ;
#4930 =( NAMED_UNIT ( * ) PLANE_ANGLE_UNIT ( ) SI_UNIT ( $, .RADIAN. ) );
#4931 = CARTESIAN_POINT ( 'NONE',  ( 2.095000000000000200, 2.200398605410600200, 0.6749999999999831700 ) ) ;
#4932 = AXIS2_PLACEMENT_3D ( 'NONE', #1530, #5894, #2924 ) ;
#4933 = CARTESIAN_POINT ( 'NONE',  ( -0.8250000000000001800, -2.230398605410600400, 0.7703939201416775100 ) ) ;
#4934 = FILL_AREA_STYLE ('',( #2472 ) ) ;
#4935 = CIRCLE ( 'NONE', #1200, 0.09999999999999982500 ) ;
#4936 =( LENGTH_UNIT ( ) NAMED_UNIT ( * ) SI_UNIT ( .MILLI., .METRE. ) );
#4937 = CARTESIAN_POINT ( 'NONE',  ( -0.8750000000000001100, 2.230398605410600400, 0.7703939201416775100 ) ) ;
#4938 = MECHANICAL_DESIGN_GEOMETRIC_PRESENTATION_REPRESENTATION (  '', ( #5030 ), #2009 ) ;
#4939 = CIRCLE ( 'NONE', #5979, 0.2999999999999856100 ) ;
#4940 = DIRECTION ( 'NONE',  ( 0.0000000000000000000, -0.9902680687415708100, 0.1391731009600620800 ) ) ;
#4941 = STYLED_ITEM ( 'NONE', ( #542 ), #6619 ) ;
#4942 = UNCERTAINTY_MEASURE_WITH_UNIT (LENGTH_MEASURE( 1.000000000000000100E-005 ), #5955, 'distance_accuracy_value', 'NONE');
#4943 = DIRECTION ( 'NONE',  ( 0.0000000000000000000, 0.0000000000000000000, 1.000000000000000000 ) ) ;
#4944 =( NAMED_UNIT ( * ) SI_UNIT ( $, .STERADIAN. ) SOLID_ANGLE_UNIT ( ) );
#4945 = DIRECTION ( 'NONE',  ( -0.0000000000000000000, -1.000000000000000000, -0.0000000000000000000 ) ) ;
#4946 =( NAMED_UNIT ( * ) SI_UNIT ( $, .STERADIAN. ) SOLID_ANGLE_UNIT ( ) );
#4947 = MECHANICAL_DESIGN_GEOMETRIC_PRESENTATION_REPRESENTATION (  '', ( #4109 ), #5478 ) ;
#4948 = MECHANICAL_DESIGN_GEOMETRIC_PRESENTATION_REPRESENTATION (  '', ( #5371 ), #5724 ) ;
#4949 = DIRECTION ( 'NONE',  ( 0.0000000000000000000, -1.000000000000000000, 1.273963925350998900E-015 ) ) ;
#4950 = ORIENTED_EDGE ( 'NONE', *, *, #2997, .T. ) ;
#4951 = SURFACE_STYLE_FILL_AREA ( #5093 ) ;
#4952 = DIRECTION ( 'NONE',  ( 0.0000000000000000000, -1.000000000000000000, 0.0000000000000000000 ) ) ;
#4953 = CARTESIAN_POINT ( 'NONE',  ( 0.4449999999999998400, 1.950000000000000000, 0.7749999999999831500 ) ) ;
#4954 = EDGE_LOOP ( 'NONE', ( #1976, #7453, #6789, #1408 ) ) ;
#4955 =( GEOMETRIC_REPRESENTATION_CONTEXT ( 3 ) GLOBAL_UNCERTAINTY_ASSIGNED_CONTEXT ( ( #5893 ) ) GLOBAL_UNIT_ASSIGNED_CONTEXT ( ( #1406, #94, #3863 ) ) REPRESENTATION_CONTEXT ( 'NONE', 'WORKASPACE' ) );
#4956 = ORIENTED_EDGE ( 'NONE', *, *, #6957, .T. ) ;
#4957 =( NAMED_UNIT ( * ) PLANE_ANGLE_UNIT ( ) SI_UNIT ( $, .RADIAN. ) );
#4958 = SURFACE_SIDE_STYLE ('',( #727 ) ) ;
#4959 = VECTOR ( 'NONE', #4245, 1000.000000000000000 ) ;
#4960 = UNCERTAINTY_MEASURE_WITH_UNIT (LENGTH_MEASURE( 1.000000000000000100E-005 ), #3942, 'distance_accuracy_value', 'NONE');
#4961 = ADVANCED_FACE ( 'NONE', ( #5581 ), #5005, .F. ) ;
#4962 = UNCERTAINTY_MEASURE_WITH_UNIT (LENGTH_MEASURE( 1.000000000000000100E-005 ), #6163, 'distance_accuracy_value', 'NONE');
#4963 =( NAMED_UNIT ( * ) SI_UNIT ( $, .STERADIAN. ) SOLID_ANGLE_UNIT ( ) );
#4964 =( NAMED_UNIT ( * ) SI_UNIT ( $, .STERADIAN. ) SOLID_ANGLE_UNIT ( ) );
#4965 = VERTEX_POINT ( 'NONE', #1075 ) ;
#4966 = LINE ( 'NONE', #7071, #2028 ) ;
#4967 = CARTESIAN_POINT ( 'NONE',  ( 0.8249999999999999600, 2.500398605410600000, 0.3345815153284070200 ) ) ;
#4968 = EDGE_LOOP ( 'NONE', ( #6872, #3601, #7248, #4824, #6997, #6330 ) ) ;
#4969 = AXIS2_PLACEMENT_3D ( 'NONE', #993, #7201, #2353 ) ;
#4970 = EDGE_CURVE ( 'NONE', #4395, #3530, #5290, .T. ) ;
#4971 = SURFACE_STYLE_FILL_AREA ( #5698 ) ;
#4972 = ORIENTED_EDGE ( 'NONE', *, *, #823, .F. ) ;
#4973 = ORIENTED_EDGE ( 'NONE', *, *, #2497, .F. ) ;
#4974 = CARTESIAN_POINT ( 'NONE',  ( 0.8249999999999999600, -2.600398605410600100, 0.3345815153284070800 ) ) ;
#4975 = EDGE_LOOP ( 'NONE', ( #4660, #64, #21, #1874 ) ) ;
#4976 = CARTESIAN_POINT ( 'NONE',  ( -0.8750000000000001100, -2.290398605410596000, 0.9611817604250529900 ) ) ;
#4977 = ORIENTED_EDGE ( 'NONE', *, *, #2319, .F. ) ;
#4978 =( GEOMETRIC_REPRESENTATION_CONTEXT ( 3 ) GLOBAL_UNCERTAINTY_ASSIGNED_CONTEXT ( ( #1092 ) ) GLOBAL_UNIT_ASSIGNED_CONTEXT ( ( #4889, #7315, #1116 ) ) REPRESENTATION_CONTEXT ( 'NONE', 'WORKASPACE' ) );
#4979 = FACE_OUTER_BOUND ( 'NONE', #5097, .T. ) ;
#4980 = ORIENTED_EDGE ( 'NONE', *, *, #1823, .F. ) ;
#4981 = PRESENTATION_STYLE_ASSIGNMENT (( #920 ) ) ;
#4982 = EDGE_CURVE ( 'NONE', #565, #288, #1462, .T. ) ;
#4983 = PRESENTATION_STYLE_ASSIGNMENT (( #1179 ) ) ;
#4984 = ORIENTED_EDGE ( 'NONE', *, *, #6679, .T. ) ;
#4985 = FILL_AREA_STYLE_COLOUR ( '', #7339 ) ;
#4986 = STYLED_ITEM ( 'NONE', ( #339 ), #6449 ) ;
#4987 = CARTESIAN_POINT ( 'NONE',  ( -0.3949999999999999600, -2.500398605410600000, 0.6749999999999530800 ) ) ;
#4988 = LINE ( 'NONE', #1580, #4306 ) ;
#4989 = EDGE_LOOP ( 'NONE', ( #2555, #6613, #6151, #1728, #4398, #7370, #7346, #3238, #3546, #6723 ) ) ;
#4990 = ORIENTED_EDGE ( 'NONE', *, *, #1935, .F. ) ;
#4991 = DIRECTION ( 'NONE',  ( 1.000000000000000000, -0.0000000000000000000, -0.0000000000000000000 ) ) ;
#4992 = DIRECTION ( 'NONE',  ( 1.000000000000000000, 0.0000000000000000000, 0.0000000000000000000 ) ) ;
#4993 = SURFACE_STYLE_FILL_AREA ( #1299 ) ;
#4994 = CARTESIAN_POINT ( 'NONE',  ( -0.4450000000000000600, -1.921891833059526500, 0.9749999999999531300 ) ) ;
#4995 = STYLED_ITEM ( 'NONE', ( #6380 ), #1126 ) ;
#4996 = CLOSED_SHELL ( 'NONE', ( #5978, #4887, #7696, #5378, #3736, #989, #6391, #6360, #5225, #2854, #6919, #4060, #7198, #2152, #4144, #3403, #6473, #5835, #2095, #3437, #2370, #7793 ) ) ;
#4997 =( LENGTH_UNIT ( ) NAMED_UNIT ( * ) SI_UNIT ( .MILLI., .METRE. ) );
#4998 = PRESENTATION_LAYER_ASSIGNMENT (  '', '', ( #5427 ) ) ;
#4999 = SURFACE_SIDE_STYLE ('',( #3695 ) ) ;
#5000 = ORIENTED_EDGE ( 'NONE', *, *, #74, .T. ) ;
#5001 = SURFACE_STYLE_FILL_AREA ( #1514 ) ;
#5002 = VERTEX_POINT ( 'NONE', #2340 ) ;
#5003 = ORIENTED_EDGE ( 'NONE', *, *, #6926, .F. ) ;
#5004 =( NAMED_UNIT ( * ) SI_UNIT ( $, .STERADIAN. ) SOLID_ANGLE_UNIT ( ) );
#5005 = CYLINDRICAL_SURFACE ( 'NONE', #5409, 0.09999999999999993600 ) ;
#5006 =( NAMED_UNIT ( * ) SI_UNIT ( $, .STERADIAN. ) SOLID_ANGLE_UNIT ( ) );
#5007 = AXIS2_PLACEMENT_3D ( 'NONE', #2569, #6940, #2595 ) ;
#5008 = VERTEX_POINT ( 'NONE', #6068 ) ;
#5009 = PLANE ( 'NONE',  #2159 ) ;
#5010 = DIRECTION ( 'NONE',  ( 0.9902680687415708100, 0.0000000000000000000, -0.1391731009600619400 ) ) ;
#5011 = DIRECTION ( 'NONE',  ( 0.0000000000000000000, 0.0000000000000000000, -1.000000000000000000 ) ) ;
#5012 = LINE ( 'NONE', #4976, #3341 ) ;
#5013 = SURFACE_SIDE_STYLE ('',( #1215 ) ) ;
#5014 = DIRECTION ( 'NONE',  ( 0.0000000000000000000, 0.0000000000000000000, 1.000000000000000000 ) ) ;
#5015 = FACE_OUTER_BOUND ( 'NONE', #6435, .T. ) ;
#5016 = FACE_OUTER_BOUND ( 'NONE', #5234, .T. ) ;
#5017 = AXIS2_PLACEMENT_3D ( 'NONE', #784, #2835, #7146 ) ;
#5018 = SURFACE_SIDE_STYLE ('',( #276 ) ) ;
#5019 = SURFACE_STYLE_USAGE ( .BOTH. , #7408 ) ;
#5020 = EDGE_CURVE ( 'NONE', #1572, #1150, #1261, .T. ) ;
#5021 = COLOUR_RGB ( '',1.000000000000000000, 1.000000000000000000, 1.000000000000000000 ) ;
#5022 = DIRECTION ( 'NONE',  ( 0.0000000000000000000, -0.3000000000000002700, -0.9539392014169455500 ) ) ;
#5023 = DIRECTION ( 'NONE',  ( -0.0000000000000000000, 0.0000000000000000000, -1.000000000000000000 ) ) ;
#5024 =( LENGTH_UNIT ( ) NAMED_UNIT ( * ) SI_UNIT ( .MILLI., .METRE. ) );
#5025 = LINE ( 'NONE', #6425, #7403 ) ;
#5026 = EDGE_CURVE ( 'NONE', #3509, #3831, #4411, .T. ) ;
#5027 = PRESENTATION_LAYER_ASSIGNMENT (  '', '', ( #995 ) ) ;
#5028 = SURFACE_STYLE_FILL_AREA ( #1296 ) ;
#5029 = DIRECTION ( 'NONE',  ( -1.000000000000000000, 0.0000000000000000000, -0.0000000000000000000 ) ) ;
#5030 = STYLED_ITEM ( 'NONE', ( #2738 ), #122 ) ;
#5031 = FILL_AREA_STYLE_COLOUR ( '', #3841 ) ;
#5032 = STYLED_ITEM ( 'NONE', ( #462 ), #5978 ) ;
#5033 = DIRECTION ( 'NONE',  ( 0.0000000000000000000, -0.08715574274766148300, 0.9961946980917453200 ) ) ;
#5034 = FILL_AREA_STYLE_COLOUR ( '', #7818 ) ;
#5035 = FILL_AREA_STYLE ('',( #5 ) ) ;
#5036 = CARTESIAN_POINT ( 'NONE',  ( -1.714999999999999900, 2.600398605410600100, 0.3345815153284070800 ) ) ;
#5037 =( GEOMETRIC_REPRESENTATION_CONTEXT ( 3 ) GLOBAL_UNCERTAINTY_ASSIGNED_CONTEXT ( ( #7801 ) ) GLOBAL_UNIT_ASSIGNED_CONTEXT ( ( #3217, #7513, #7641 ) ) REPRESENTATION_CONTEXT ( 'NONE', 'WORKASPACE' ) );
#5038 = EDGE_LOOP ( 'NONE', ( #1250, #3397, #6625, #1577 ) ) ;
#5039 = SURFACE_SIDE_STYLE ('',( #4713 ) ) ;
#5040 = PLANE ( 'NONE',  #3592 ) ;
#5041 =( NAMED_UNIT ( * ) SI_UNIT ( $, .STERADIAN. ) SOLID_ANGLE_UNIT ( ) );
#5042 = SURFACE_SIDE_STYLE ('',( #4993 ) ) ;
#5043 = ORIENTED_EDGE ( 'NONE', *, *, #3613, .F. ) ;
#5044 = SURFACE_SIDE_STYLE ('',( #3425 ) ) ;
#5045 = FACE_OUTER_BOUND ( 'NONE', #6509, .T. ) ;
#5046 = AXIS2_PLACEMENT_3D ( 'NONE', #5782, #5190, #7653 ) ;
#5047 = VECTOR ( 'NONE', #2844, 1000.000000000000000 ) ;
#5048 = CARTESIAN_POINT ( 'NONE',  ( -0.8250000000000001800, 2.982568851450467600, 0.0000000000000000000 ) ) ;
#5049 = LINE ( 'NONE', #1911, #448 ) ;
#5050 = ORIENTED_EDGE ( 'NONE', *, *, #4240, .F. ) ;
#5051 = CIRCLE ( 'NONE', #2971, 0.09999999999999988100 ) ;
#5052 = PLANE ( 'NONE',  #7126 ) ;
#5053 = FACE_OUTER_BOUND ( 'NONE', #274, .T. ) ;
#5054 =( NAMED_UNIT ( * ) SI_UNIT ( $, .STERADIAN. ) SOLID_ANGLE_UNIT ( ) );
#5055 = CARTESIAN_POINT ( 'NONE',  ( 1.714999999999999900, -2.500398605410600000, 0.6749999999999530800 ) ) ;
#5056 = VERTEX_POINT ( 'NONE', #6811 ) ;
#5057 = LINE ( 'NONE', #6992, #1529 ) ;
#5058 = UNCERTAINTY_MEASURE_WITH_UNIT (LENGTH_MEASURE( 1.000000000000000100E-005 ), #2668, 'distance_accuracy_value', 'NONE');
#5059 = STYLED_ITEM ( 'NONE', ( #7341 ), #3308 ) ;
#5060 = MANIFOLD_SOLID_BREP ( 'Lead7', #4212 ) ;
#5061 = FILL_AREA_STYLE_COLOUR ( '', #2921 ) ;
#5062 =( NAMED_UNIT ( * ) PLANE_ANGLE_UNIT ( ) SI_UNIT ( $, .RADIAN. ) );
#5063 = EDGE_CURVE ( 'NONE', #6259, #4059, #500, .T. ) ;
#5064 = ORIENTED_EDGE ( 'NONE', *, *, #4286, .T. ) ;
#5065 = EDGE_LOOP ( 'NONE', ( #6188, #5187, #7461, #5742 ) ) ;
#5066 = FACE_OUTER_BOUND ( 'NONE', #148, .T. ) ;
#5067 = ORIENTED_EDGE ( 'NONE', *, *, #7695, .F. ) ;
#5068 = PRESENTATION_STYLE_ASSIGNMENT (( #6777 ) ) ;
#5069 = SURFACE_SIDE_STYLE ('',( #3881 ) ) ;
#5070 = LINE ( 'NONE', #4967, #2363 ) ;
#5071 = COLOUR_RGB ( '',1.000000000000000000, 1.000000000000000000, 1.000000000000000000 ) ;
#5072 = VECTOR ( 'NONE', #3588, 1000.000000000000000 ) ;
#5073 = ORIENTED_EDGE ( 'NONE', *, *, #1783, .F. ) ;
#5074 = DIRECTION ( 'NONE',  ( -0.0000000000000000000, 0.3000000000000002700, -0.9539392014169455500 ) ) ;
#5076 = PRESENTATION_LAYER_ASSIGNMENT (  '', '', ( #4130 ) ) ;
#5075 =( LENGTH_UNIT ( ) NAMED_UNIT ( * ) SI_UNIT ( .MILLI., .METRE. ) );
#5077 = VERTEX_POINT ( 'NONE', #5412 ) ;
#5078 = CARTESIAN_POINT ( 'NONE',  ( -0.4450000000000000600, 3.000000000000000000, 0.1992389396183490100 ) ) ;
#5079 = SURFACE_STYLE_FILL_AREA ( #1576 ) ;
#5080 = EDGE_CURVE ( 'NONE', #5002, #493, #1881, .T. ) ;
#5081 = DIRECTION ( 'NONE',  ( 0.0000000000000000000, 0.0000000000000000000, 1.000000000000000000 ) ) ;
#5082 = ORIENTED_EDGE ( 'NONE', *, *, #225, .F. ) ;
#5083 = ORIENTED_EDGE ( 'NONE', *, *, #3042, .F. ) ;
#5084 = STYLED_ITEM ( 'NONE', ( #8045 ), #5271 ) ;
#5085 = FILL_AREA_STYLE_COLOUR ( '', #4443 ) ;
#5086 = VERTEX_POINT ( 'NONE', #8002 ) ;
#5087 = SURFACE_SIDE_STYLE ('',( #3845 ) ) ;
#5088 = VERTEX_POINT ( 'NONE', #1851 ) ;
#5089 = VECTOR ( 'NONE', #1533, 1000.000000000000000 ) ;
#5090 = DIRECTION ( 'NONE',  ( -1.000000000000000000, -0.0000000000000000000, -0.0000000000000000000 ) ) ;
#5091 = SURFACE_STYLE_USAGE ( .BOTH. , #1949 ) ;
#5092 = DIRECTION ( 'NONE',  ( -0.0000000000000000000, -0.0000000000000000000, 1.000000000000000000 ) ) ;
#5093 = FILL_AREA_STYLE ('',( #7501 ) ) ;
#5094 = DIRECTION ( 'NONE',  ( -1.000000000000000000, -0.0000000000000000000, -0.0000000000000000000 ) ) ;
#5095 = ORIENTED_EDGE ( 'NONE', *, *, #5622, .F. ) ;
#5096 = STYLED_ITEM ( 'NONE', ( #1137 ), #163 ) ;
#5097 = EDGE_LOOP ( 'NONE', ( #1111, #5110, #3702, #6242 ) ) ;
#5098 =( LENGTH_UNIT ( ) NAMED_UNIT ( * ) SI_UNIT ( .MILLI., .METRE. ) );
#5099 =( LENGTH_UNIT ( ) NAMED_UNIT ( * ) SI_UNIT ( .MILLI., .METRE. ) );
#5100 = VERTEX_POINT ( 'NONE', #4328 ) ;
#5101 = VECTOR ( 'NONE', #631, 1000.000000000000000 ) ;
#5102 = SURFACE_SIDE_STYLE ('',( #7964 ) ) ;
#5103 = VERTEX_POINT ( 'NONE', #7337 ) ;
#5104 = ORIENTED_EDGE ( 'NONE', *, *, #2993, .F. ) ;
#5105 =( GEOMETRIC_REPRESENTATION_CONTEXT ( 3 ) GLOBAL_UNCERTAINTY_ASSIGNED_CONTEXT ( ( #7218 ) ) GLOBAL_UNIT_ASSIGNED_CONTEXT ( ( #2663, #7570, #125 ) ) REPRESENTATION_CONTEXT ( 'NONE', 'WORKASPACE' ) );
#5106 = LINE ( 'NONE', #6496, #8058 ) ;
#5107 = CARTESIAN_POINT ( 'NONE',  ( 0.3949999999999999600, -2.290398605410596000, 0.9611817604250529900 ) ) ;
#5108 = PRESENTATION_LAYER_ASSIGNMENT (  '', '', ( #3020 ) ) ;
#5109 = PLANE ( 'NONE',  #1108 ) ;
#5110 = ORIENTED_EDGE ( 'NONE', *, *, #1223, .F. ) ;
#5111 = VERTEX_POINT ( 'NONE', #3680 ) ;
#5112 = UNCERTAINTY_MEASURE_WITH_UNIT (LENGTH_MEASURE( 1.000000000000000100E-005 ), #2110, 'distance_accuracy_value', 'NONE');
#5113 = DIRECTION ( 'NONE',  ( 0.0000000000000000000, 0.0000000000000000000, -1.000000000000000000 ) ) ;
#5114 = FILL_AREA_STYLE_COLOUR ( '', #6418 ) ;
#5115 = EDGE_CURVE ( 'NONE', #5476, #7460, #2185, .T. ) ;
#5116 = PRESENTATION_LAYER_ASSIGNMENT (  '', '', ( #4373 ) ) ;
#5117 = FILL_AREA_STYLE ('',( #7596 ) ) ;
#5118 = DIRECTION ( 'NONE',  ( 0.0000000000000000000, 0.0000000000000000000, -1.000000000000000000 ) ) ;
#5119 = VECTOR ( 'NONE', #208, 1000.000000000000000 ) ;
#5120 = CARTESIAN_POINT ( 'NONE',  ( -2.095000000000000200, 1.950000000000000000, 0.7749999999999831500 ) ) ;
#5121 = CIRCLE ( 'NONE', #7541, 0.09999999999999988100 ) ;
#5122 = ADVANCED_FACE ( 'NONE', ( #82 ), #2453, .F. ) ;
#5123 = CARTESIAN_POINT ( 'NONE',  ( -2.095000000000000200, -2.200398605410600200, 0.7749999999999831500 ) ) ;
#5124 = CYLINDRICAL_SURFACE ( 'NONE', #1301, 0.3000000000000001600 ) ;
#5125 = PRESENTATION_LAYER_ASSIGNMENT (  '', '', ( #6908 ) ) ;
#5126 = DIRECTION ( 'NONE',  ( 0.0000000000000000000, 1.000000000000000000, 0.0000000000000000000 ) ) ;
#5127 = EDGE_CURVE ( 'NONE', #7473, #4876, #6826, .T. ) ;
#5128 = CARTESIAN_POINT ( 'NONE',  ( 2.246598207528693400, -1.746598207528693700, 2.222278955629020100 ) ) ;
#5129 = DIRECTION ( 'NONE',  ( -1.000000000000000000, -0.0000000000000000000, 0.0000000000000000000 ) ) ;
#5130 = PRESENTATION_STYLE_ASSIGNMENT (( #4644 ) ) ;
#5131 = PLANE ( 'NONE',  #798 ) ;
#5132 = STYLED_ITEM ( 'NONE', ( #5773 ), #4961 ) ;
#5133 = EDGE_CURVE ( 'NONE', #1229, #430, #4024, .T. ) ;
#5134 = VECTOR ( 'NONE', #7593, 1000.000000000000000 ) ;
#5135 = PRESENTATION_LAYER_ASSIGNMENT (  '', '', ( #1952 ) ) ;
#5136 = CARTESIAN_POINT ( 'NONE',  ( 1.714999999999999900, 2.574251882586301200, 0.03572310590088358800 ) ) ;
#5137 = DIRECTION ( 'NONE',  ( 0.0000000000000000000, -0.3000000000000002700, -0.9539392014169455500 ) ) ;
#5138 = ORIENTED_EDGE ( 'NONE', *, *, #2944, .F. ) ;
#5139 = VECTOR ( 'NONE', #3176, 1000.000000000000000 ) ;
#5140 = FILL_AREA_STYLE ('',( #3337 ) ) ;
#5141 = SURFACE_STYLE_USAGE ( .BOTH. , #4520 ) ;
#5142 = MECHANICAL_DESIGN_GEOMETRIC_PRESENTATION_REPRESENTATION (  '', ( #3472 ), #5561 ) ;
#5143 = DIRECTION ( 'NONE',  ( 0.0000000000000000000, 0.0000000000000000000, -1.000000000000000000 ) ) ;
#5144 = CARTESIAN_POINT ( 'NONE',  ( 0.8750000000000001100, -2.200398605410600200, 0.6749999999999831700 ) ) ;
#5145 = CYLINDRICAL_SURFACE ( 'NONE', #3099, 0.2999999999999999300 ) ;
#5146 =( GEOMETRIC_REPRESENTATION_CONTEXT ( 3 ) GLOBAL_UNCERTAINTY_ASSIGNED_CONTEXT ( ( #345 ) ) GLOBAL_UNIT_ASSIGNED_CONTEXT ( ( #2949, #5331, #6027 ) ) REPRESENTATION_CONTEXT ( 'NONE', 'WORKASPACE' ) );
#5147 = ORIENTED_EDGE ( 'NONE', *, *, #870, .T. ) ;
#5148 = LINE ( 'NONE', #5548, #128 ) ;
#5149 = CIRCLE ( 'NONE', #3300, 0.09999999999999982500 ) ;
#5150 = DIRECTION ( 'NONE',  ( 0.0000000000000000000, 0.3000000000000002700, -0.9539392014169455500 ) ) ;
#5151 = VECTOR ( 'NONE', #6702, 1000.000000000000000 ) ;
#5152 = ADVANCED_FACE ( 'NONE', ( #7298 ), #4916, .F. ) ;
#5153 = AXIS2_PLACEMENT_3D ( 'NONE', #7859, #4261, #3536 ) ;
#5154 = ORIENTED_EDGE ( 'NONE', *, *, #3435, .T. ) ;
#5155 = CARTESIAN_POINT ( 'NONE',  ( 2.095000000000000200, -2.591683031135834100, 0.2349620455192325500 ) ) ;
#5156 = ORIENTED_EDGE ( 'NONE', *, *, #1033, .F. ) ;
#5157 = DIRECTION ( 'NONE',  ( -1.000000000000000000, 0.0000000000000000000, 0.0000000000000000000 ) ) ;
#5158 = LINE ( 'NONE', #6374, #3699 ) ;
#5159 = CARTESIAN_POINT ( 'NONE',  ( -0.3949999999999999600, 2.230398605410600400, 0.7703939201416775100 ) ) ;
#5160 = LINE ( 'NONE', #7598, #3791 ) ;
#5161 = DIRECTION ( 'NONE',  ( -1.000000000000000000, -0.0000000000000000000, -0.0000000000000000000 ) ) ;
#5162 = ORIENTED_EDGE ( 'NONE', *, *, #1834, .F. ) ;
#5163 = SURFACE_SIDE_STYLE ('',( #3456 ) ) ;
#5164 = ORIENTED_EDGE ( 'NONE', *, *, #7721, .T. ) ;
#5165 = VECTOR ( 'NONE', #4992, 1000.000000000000000 ) ;
#5166 = PLANE ( 'NONE',  #4683 ) ;
#5167 = DIRECTION ( 'NONE',  ( -0.0000000000000000000, 0.3000000000000002700, -0.9539392014169455500 ) ) ;
#5168 = EDGE_CURVE ( 'NONE', #992, #4652, #1356, .T. ) ;
#5169 = ORIENTED_EDGE ( 'NONE', *, *, #1901, .F. ) ;
#5170 = ORIENTED_EDGE ( 'NONE', *, *, #3669, .T. ) ;
#5171 = ORIENTED_EDGE ( 'NONE', *, *, #47, .T. ) ;
#5172 = SURFACE_SIDE_STYLE ('',( #4499 ) ) ;
#5173 = ORIENTED_EDGE ( 'NONE', *, *, #2389, .F. ) ;
#5174 = EDGE_CURVE ( 'NONE', #5088, #3371, #5765, .T. ) ;
#5175 = VECTOR ( 'NONE', #7083, 1000.000000000000000 ) ;
#5176 = ORIENTED_EDGE ( 'NONE', *, *, #7614, .F. ) ;
#5177 = DIRECTION ( 'NONE',  ( -1.000000000000000000, -0.0000000000000000000, -0.0000000000000000000 ) ) ;
#5178 =( GEOMETRIC_REPRESENTATION_CONTEXT ( 3 ) GLOBAL_UNCERTAINTY_ASSIGNED_CONTEXT ( ( #737 ) ) GLOBAL_UNIT_ASSIGNED_CONTEXT ( ( #4997, #7930, #4258 ) ) REPRESENTATION_CONTEXT ( 'NONE', 'WORKASPACE' ) );
#5179 = ORIENTED_EDGE ( 'NONE', *, *, #3388, .T. ) ;
#5180 = EDGE_CURVE ( 'NONE', #7654, #45, #5394, .T. ) ;
#5181 = LINE ( 'NONE', #2460, #6802 ) ;
#5182 = CARTESIAN_POINT ( 'NONE',  ( -0.8250000000000001800, 2.591683031135834100, 0.2349620455192325500 ) ) ;
#5183 = PRESENTATION_LAYER_ASSIGNMENT (  '', '', ( #290 ) ) ;
#5184 = DIRECTION ( 'NONE',  ( 0.0000000000000000000, 1.000000000000000000, 0.0000000000000000000 ) ) ;
#5185 = ORIENTED_EDGE ( 'NONE', *, *, #71, .F. ) ;
#5186 = DIRECTION ( 'NONE',  ( 0.0000000000000000000, 0.0000000000000000000, 1.000000000000000000 ) ) ;
#5187 = ORIENTED_EDGE ( 'NONE', *, *, #2686, .F. ) ;
#5188 = SURFACE_STYLE_USAGE ( .BOTH. , #618 ) ;
#5189 = FILL_AREA_STYLE ('',( #805 ) ) ;
#5190 = DIRECTION ( 'NONE',  ( 1.000000000000000000, 0.0000000000000000000, 0.0000000000000000000 ) ) ;
#5191 = AXIS2_PLACEMENT_3D ( 'NONE', #6631, #4748, #5988 ) ;
#5192 = VERTEX_POINT ( 'NONE', #4412 ) ;
#5193 = VECTOR ( 'NONE', #6111, 1000.000000000000000 ) ;
#5194 = ADVANCED_FACE ( 'NONE', ( #6343 ), #6958, .F. ) ;
#5195 = DIRECTION ( 'NONE',  ( 0.0000000000000000000, 0.3000000000000002700, 0.9539392014169455500 ) ) ;
#5196 = MECHANICAL_DESIGN_GEOMETRIC_PRESENTATION_REPRESENTATION (  '', ( #4791 ), #6171 ) ;
#5197 = SURFACE_SIDE_STYLE ('',( #201 ) ) ;
#5198 = EDGE_LOOP ( 'NONE', ( #867, #4884, #1151, #599, #4710, #127, #6790, #6133 ) ) ;
#5199 =( NAMED_UNIT ( * ) PLANE_ANGLE_UNIT ( ) SI_UNIT ( $, .RADIAN. ) );
#5200 = CARTESIAN_POINT ( 'NONE',  ( 2.145000000000000000, -2.290398605410596000, 0.9611817604250529900 ) ) ;
#5201 = CARTESIAN_POINT ( 'NONE',  ( 0.8750000000000001100, -2.300398605410600300, 0.6749999999999831700 ) ) ;
#5202 = PRESENTATION_LAYER_ASSIGNMENT (  '', '', ( #741 ) ) ;
#5203 = CIRCLE ( 'NONE', #99, 0.09999999999999982500 ) ;
#5204 = CARTESIAN_POINT ( 'NONE',  ( 2.095000000000000200, -2.200398605410600200, 0.7749999999999831500 ) ) ;
#5205 = VECTOR ( 'NONE', #6925, 1000.000000000000000 ) ;
#5206 = SURFACE_STYLE_USAGE ( .BOTH. , #822 ) ;
#5207 = UNCERTAINTY_MEASURE_WITH_UNIT (LENGTH_MEASURE( 1.000000000000000100E-005 ), #6257, 'distance_accuracy_value', 'NONE');
#5208 = UNCERTAINTY_MEASURE_WITH_UNIT (LENGTH_MEASURE( 1.000000000000000100E-005 ), #5628, 'distance_accuracy_value', 'NONE');
#5209 = DIRECTION ( 'NONE',  ( 0.0000000000000000000, -0.08715574274766262100, -0.9961946980917451000 ) ) ;
#5210 = VECTOR ( 'NONE', #367, 1000.000000000000000 ) ;
#5211 = FACE_OUTER_BOUND ( 'NONE', #3710, .T. ) ;
#5212 = AXIS2_PLACEMENT_3D ( 'NONE', #1039, #2303, #7869 ) ;
#5213 = CARTESIAN_POINT ( 'NONE',  ( -2.095000000000000200, -2.500398605410600000, 0.6749999999999530800 ) ) ;
#5214 = SURFACE_STYLE_FILL_AREA ( #5878 ) ;
#5215 =( NAMED_UNIT ( * ) PLANE_ANGLE_UNIT ( ) SI_UNIT ( $, .RADIAN. ) );
#5216 = EDGE_CURVE ( 'NONE', #1959, #4903, #388, .T. ) ;
#5217 = CARTESIAN_POINT ( 'NONE',  ( -2.095000000000000200, -2.200398605410600200, 0.7749999999999831500 ) ) ;
#5218 =( GEOMETRIC_REPRESENTATION_CONTEXT ( 3 ) GLOBAL_UNCERTAINTY_ASSIGNED_CONTEXT ( ( #1966 ) ) GLOBAL_UNIT_ASSIGNED_CONTEXT ( ( #3091, #1264, #5641 ) ) REPRESENTATION_CONTEXT ( 'NONE', 'WORKASPACE' ) );
#5219 = DIRECTION ( 'NONE',  ( 0.0000000000000000000, 1.501620008892423400E-013, 1.000000000000000000 ) ) ;
#5220 = EDGE_CURVE ( 'NONE', #5086, #1023, #169, .T. ) ;
#5221 = VECTOR ( 'NONE', #7013, 1000.000000000000100 ) ;
#5222 = SURFACE_SIDE_STYLE ('',( #2917 ) ) ;
#5223 = DIRECTION ( 'NONE',  ( 1.000000000000000000, 0.0000000000000000000, 0.0000000000000000000 ) ) ;
#5224 = ORIENTED_EDGE ( 'NONE', *, *, #3247, .T. ) ;
#5225 = ADVANCED_FACE ( 'NONE', ( #595 ), #6427, .T. ) ;
#5226 = PRESENTATION_STYLE_ASSIGNMENT (( #1794 ) ) ;
#5227 = DIRECTION ( 'NONE',  ( -1.000000000000000000, -0.0000000000000000000, -0.0000000000000000000 ) ) ;
#5228 = CARTESIAN_POINT ( 'NONE',  ( 2.095000000000000200, 2.500398605410600000, 0.3345815153284070200 ) ) ;
#5229 = LINE ( 'NONE', #5673, #5333 ) ;
#5230 = AXIS2_PLACEMENT_3D ( 'NONE', #5876, #3375, #3487 ) ;
#5231 = SURFACE_STYLE_USAGE ( .BOTH. , #4703 ) ;
#5232 = DIRECTION ( 'NONE',  ( 0.0000000000000000000, -0.9961946980917452100, -0.08715574274766135800 ) ) ;
#5233 = AXIS2_PLACEMENT_3D ( 'NONE', #4576, #7066, #4746 ) ;
#5234 = EDGE_LOOP ( 'NONE', ( #1625, #2057, #3180, #3986 ) ) ;
#5235 = DIRECTION ( 'NONE',  ( 0.0000000000000000000, -0.9961946980917452100, -0.08715574274766135800 ) ) ;
#5236 = STYLED_ITEM ( 'NONE', ( #6492 ), #6391 ) ;
#5237 = SURFACE_STYLE_USAGE ( .BOTH. , #4650 ) ;
#5238 = PLANE ( 'NONE',  #5046 ) ;
#5239 = VECTOR ( 'NONE', #5430, 1000.000000000000000 ) ;
#5240 = ADVANCED_FACE ( 'NONE', ( #2965 ), #30, .F. ) ;
#5241 = LINE ( 'NONE', #4863, #4273 ) ;
#5242 = SURFACE_STYLE_USAGE ( .BOTH. , #3363 ) ;
#5243 = EDGE_LOOP ( 'NONE', ( #2379, #2118, #5545, #42 ) ) ;
#5244 = ORIENTED_EDGE ( 'NONE', *, *, #6058, .F. ) ;
#5245 = DIRECTION ( 'NONE',  ( 0.0000000000000000000, 0.0000000000000000000, 1.000000000000000000 ) ) ;
#5246 =( NAMED_UNIT ( * ) PLANE_ANGLE_UNIT ( ) SI_UNIT ( $, .RADIAN. ) );
#5247 = PRESENTATION_LAYER_ASSIGNMENT (  '', '', ( #7345 ) ) ;
#5248 = VECTOR ( 'NONE', #5463, 1000.000000000000000 ) ;
#5249 = VERTEX_POINT ( 'NONE', #5735 ) ;
#5250 = CARTESIAN_POINT ( 'NONE',  ( 0.8249999999999999600, 2.230398605410600400, 0.7703939201416775100 ) ) ;
#5251 = SURFACE_SIDE_STYLE ('',( #7717 ) ) ;
#5252 = ORIENTED_EDGE ( 'NONE', *, *, #2789, .F. ) ;
#5253 = EDGE_CURVE ( 'NONE', #483, #234, #7954, .T. ) ;
#5254 = PRESENTATION_LAYER_ASSIGNMENT (  '', '', ( #3952 ) ) ;
#5255 = CARTESIAN_POINT ( 'NONE',  ( 0.4449999999999998400, 2.290398605410591600, 0.9611817604250397800 ) ) ;
#5256 = DIRECTION ( 'NONE',  ( 0.0000000000000000000, -0.9961946980917452100, -0.08715574274766135800 ) ) ;
#5257 = PRESENTATION_STYLE_ASSIGNMENT (( #4893 ) ) ;
#5258 = LINE ( 'NONE', #689, #368 ) ;
#5259 = DIRECTION ( 'NONE',  ( -1.000000000000000000, 0.0000000000000000000, -0.0000000000000000000 ) ) ;
#5260 = ORIENTED_EDGE ( 'NONE', *, *, #7549, .T. ) ;
#5261 = EDGE_LOOP ( 'NONE', ( #5764, #3887, #5627, #7747 ) ) ;
#5262 = FACE_OUTER_BOUND ( 'NONE', #2947, .T. ) ;
#5263 =( GEOMETRIC_REPRESENTATION_CONTEXT ( 3 ) GLOBAL_UNCERTAINTY_ASSIGNED_CONTEXT ( ( #3792 ) ) GLOBAL_UNIT_ASSIGNED_CONTEXT ( ( #5490, #3659, #4282 ) ) REPRESENTATION_CONTEXT ( 'NONE', 'WORKASPACE' ) );
#5264 = CARTESIAN_POINT ( 'NONE',  ( 2.095000000000000200, 2.200398605410600200, 0.7749999999999831500 ) ) ;
#5265 = VERTEX_POINT ( 'NONE', #1272 ) ;
#5266 = VERTEX_POINT ( 'NONE', #2628 ) ;
#5267 = FACE_OUTER_BOUND ( 'NONE', #660, .T. ) ;
#5268 = ORIENTED_EDGE ( 'NONE', *, *, #928, .T. ) ;
#5269 = AXIS2_PLACEMENT_3D ( 'NONE', #131, #4565, #729 ) ;
#5270 = EDGE_LOOP ( 'NONE', ( #5171, #1694, #1317, #7835 ) ) ;
#5271 = ADVANCED_FACE ( 'NONE', ( #771 ), #657, .F. ) ;
#5272 = CARTESIAN_POINT ( 'NONE',  ( -1.714999999999999900, 2.200398605410600200, 0.9749999999999531300 ) ) ;
#5273 = DIRECTION ( 'NONE',  ( -1.000000000000000000, -0.0000000000000000000, -0.0000000000000000000 ) ) ;
#5274 = FACE_OUTER_BOUND ( 'NONE', #6128, .T. ) ;
#5275 = EDGE_CURVE ( 'NONE', #6798, #6772, #160, .T. ) ;
#5276 = CARTESIAN_POINT ( 'NONE',  ( 0.8249999999999999600, 2.200398605410600200, 0.6749999999999531900 ) ) ;
#5277 = ORIENTED_EDGE ( 'NONE', *, *, #5730, .F. ) ;
#5278 = FACE_OUTER_BOUND ( 'NONE', #211, .T. ) ;
#5279 = DIRECTION ( 'NONE',  ( 1.000000000000000000, -0.0000000000000000000, -0.0000000000000000000 ) ) ;
#5280 = DIRECTION ( 'NONE',  ( 0.0000000000000000000, 0.0000000000000000000, 1.000000000000000000 ) ) ;
#5281 = EDGE_CURVE ( 'NONE', #3003, #2140, #3718, .T. ) ;
#5282 = ORIENTED_EDGE ( 'NONE', *, *, #5594, .F. ) ;
#5283 = CARTESIAN_POINT ( 'NONE',  ( -0.4450000000000000600, 2.500398605410600000, 0.3345815153284070200 ) ) ;
#5284 = COLOUR_RGB ( '',1.000000000000000000, 1.000000000000000000, 1.000000000000000000 ) ;
#5286 = PRESENTATION_LAYER_ASSIGNMENT (  '', '', ( #4038 ) ) ;
#5285 = CARTESIAN_POINT ( 'NONE',  ( 2.145000000000000000, 2.300398605410600300, 0.6749999999999831700 ) ) ;
#5287 = ORIENTED_EDGE ( 'NONE', *, *, #4918, .F. ) ;
#5288 = EDGE_LOOP ( 'NONE', ( #227, #5625, #5839, #6092, #2655, #2162, #7280, #3037, #5000, #2642 ) ) ;
#5289 = EDGE_CURVE ( 'NONE', #4903, #7015, #2069, .T. ) ;
#5290 = LINE ( 'NONE', #7876, #397 ) ;
#5291 = ADVANCED_FACE ( 'NONE', ( #5278 ), #885, .F. ) ;
#5292 = CARTESIAN_POINT ( 'NONE',  ( 0.4449999999999998400, -2.290398605410591600, 0.9611817604250397800 ) ) ;
#5293 = EDGE_LOOP ( 'NONE', ( #1262, #2078, #7703, #4912 ) ) ;
#5294 = AXIS2_PLACEMENT_3D ( 'NONE', #3674, #1038, #4189 ) ;
#5295 = CARTESIAN_POINT ( 'NONE',  ( 0.4449999999999998400, -2.982568851450467600, 0.0000000000000000000 ) ) ;
#5296 = COLOUR_RGB ( '',1.000000000000000000, 1.000000000000000000, 1.000000000000000000 ) ;
#5297 =( NAMED_UNIT ( * ) PLANE_ANGLE_UNIT ( ) SI_UNIT ( $, .RADIAN. ) );
#5298 =( LENGTH_UNIT ( ) NAMED_UNIT ( * ) SI_UNIT ( .MILLI., .METRE. ) );
#5299 = VERTEX_POINT ( 'NONE', #814 ) ;
#5300 = FILL_AREA_STYLE_COLOUR ( '', #4135 ) ;
#5301 = AXIS2_PLACEMENT_3D ( 'NONE', #936, #6432, #2731 ) ;
#5302 = CARTESIAN_POINT ( 'NONE',  ( 2.145000000000000000, -2.300398605410600300, 0.6749999999999831700 ) ) ;
#5303 = AXIS2_PLACEMENT_3D ( 'NONE', #6087, #2422, #507 ) ;
#5304 = PLANE ( 'NONE',  #3065 ) ;
#5305 = CARTESIAN_POINT ( 'NONE',  ( -0.8250000000000001800, -2.591683031135834100, 0.2349620455192326700 ) ) ;
#5306 = CIRCLE ( 'NONE', #2079, 0.2999999999999856100 ) ;
#5307 = UNCERTAINTY_MEASURE_WITH_UNIT (LENGTH_MEASURE( 1.000000000000000100E-005 ), #7661, 'distance_accuracy_value', 'NONE');
#5308 = CARTESIAN_POINT ( 'NONE',  ( -2.145000000000000000, 2.500398605410600000, 0.6749999999999530800 ) ) ;
#5309 = FILL_AREA_STYLE ('',( #6428 ) ) ;
#5310 = CARTESIAN_POINT ( 'NONE',  ( -0.8250000000000001800, -2.200398605410600200, 0.9749999999999531300 ) ) ;
#5311 = FILL_AREA_STYLE ('',( #5602 ) ) ;
#5312 = VECTOR ( 'NONE', #2416, 1000.000000000000200 ) ;
#5313 = PRESENTATION_LAYER_ASSIGNMENT (  '', '', ( #1980 ) ) ;
#5314 = FILL_AREA_STYLE_COLOUR ( '', #2040 ) ;
#5315 = SURFACE_STYLE_USAGE ( .BOTH. , #972 ) ;
#5316 = VECTOR ( 'NONE', #6078, 1000.000000000000000 ) ;
#5317 = ADVANCED_FACE ( 'NONE', ( #6999 ), #7020, .T. ) ;
#5318 = LINE ( 'NONE', #3564, #3464 ) ;
#5319 = CARTESIAN_POINT ( 'NONE',  ( 0.8249999999999999600, 3.000000000000000000, 0.1992389396183490100 ) ) ;
#5320 =( GEOMETRIC_REPRESENTATION_CONTEXT ( 3 ) GLOBAL_UNCERTAINTY_ASSIGNED_CONTEXT ( ( #2264 ) ) GLOBAL_UNIT_ASSIGNED_CONTEXT ( ( #2027, #7571, #4734 ) ) REPRESENTATION_CONTEXT ( 'NONE', 'WORKASPACE' ) );
#5321 = FILL_AREA_STYLE ('',( #6464 ) ) ;
#5322 = CARTESIAN_POINT ( 'NONE',  ( -1.714999999999999900, -2.600398605410600100, 0.3345815153284071300 ) ) ;
#5323 = CIRCLE ( 'NONE', #1472, 0.2999999999999999300 ) ;
#5324 =( GEOMETRIC_REPRESENTATION_CONTEXT ( 3 ) GLOBAL_UNCERTAINTY_ASSIGNED_CONTEXT ( ( #1913 ) ) GLOBAL_UNIT_ASSIGNED_CONTEXT ( ( #5613, #681, #8053 ) ) REPRESENTATION_CONTEXT ( 'NONE', 'WORKASPACE' ) );
#5325 = EDGE_CURVE ( 'NONE', #6993, #3222, #3823, .T. ) ;
#5326 = DIRECTION ( 'NONE',  ( -0.0000000000000000000, 1.000000000000000000, -0.0000000000000000000 ) ) ;
#5327 = PLANE ( 'NONE',  #1011 ) ;
#5328 = DIRECTION ( 'NONE',  ( 0.0000000000000000000, 0.3000000000000002700, 0.9539392014169455500 ) ) ;
#5329 = ADVANCED_FACE ( 'NONE', ( #7100 ), #7634, .F. ) ;
#5330 = SURFACE_STYLE_FILL_AREA ( #5799 ) ;
#5331 =( NAMED_UNIT ( * ) PLANE_ANGLE_UNIT ( ) SI_UNIT ( $, .RADIAN. ) );
#5332 = EDGE_CURVE ( 'NONE', #2167, #3902, #7855, .T. ) ;
#5333 = VECTOR ( 'NONE', #1898, 1000.000000000000000 ) ;
#5334 = DIRECTION ( 'NONE',  ( 1.000000000000000000, -0.0000000000000000000, -0.0000000000000000000 ) ) ;
#5335 = SURFACE_STYLE_USAGE ( .BOTH. , #2217 ) ;
#5336 = DIRECTION ( 'NONE',  ( -1.000000000000000000, 0.0000000000000000000, 0.0000000000000000000 ) ) ;
#5337 = DIRECTION ( 'NONE',  ( 1.000000000000000000, 0.0000000000000000000, -0.0000000000000000000 ) ) ;
#5338 = EDGE_CURVE ( 'NONE', #6402, #4855, #3226, .T. ) ;
#5339 = ORIENTED_EDGE ( 'NONE', *, *, #65, .T. ) ;
#5340 = VECTOR ( 'NONE', #7951, 1000.000000000000000 ) ;
#5341 = MECHANICAL_DESIGN_GEOMETRIC_PRESENTATION_REPRESENTATION (  '', ( #3521 ), #4504 ) ;
#5342 = LINE ( 'NONE', #6829, #3093 ) ;
#5343 = DIRECTION ( 'NONE',  ( 0.0000000000000000000, 0.0000000000000000000, 1.000000000000000000 ) ) ;
#5344 = VERTEX_POINT ( 'NONE', #3428 ) ;
#5345 = LINE ( 'NONE', #4639, #7051 ) ;
#5346 = ORIENTED_EDGE ( 'NONE', *, *, #8039, .F. ) ;
#5347 = CARTESIAN_POINT ( 'NONE',  ( -0.4450000000000000600, -2.574251882586301200, 0.03572310590088358800 ) ) ;
#5348 = DIRECTION ( 'NONE',  ( 1.000000000000000000, 0.0000000000000000000, -0.0000000000000000000 ) ) ;
#5349 = LINE ( 'NONE', #428, #7825 ) ;
#5350 = DIRECTION ( 'NONE',  ( 0.0000000000000000000, -0.08715574274766262100, -0.9961946980917451000 ) ) ;
#5351 = LINE ( 'NONE', #6016, #344 ) ;
#5352 = AXIS2_PLACEMENT_3D ( 'NONE', #2550, #3733, #4345 ) ;
#5353 = VERTEX_POINT ( 'NONE', #7152 ) ;
#5354 = LINE ( 'NONE', #7105, #1407 ) ;
#5355 = DIRECTION ( 'NONE',  ( -0.0000000000000000000, 1.273963925350998900E-015, -1.000000000000000000 ) ) ;
#5356 = FACE_OUTER_BOUND ( 'NONE', #6033, .T. ) ;
#5357 = UNCERTAINTY_MEASURE_WITH_UNIT (LENGTH_MEASURE( 1.000000000000000100E-005 ), #513, 'distance_accuracy_value', 'NONE');
#5358 = ORIENTED_EDGE ( 'NONE', *, *, #5495, .T. ) ;
#5359 = SURFACE_STYLE_FILL_AREA ( #2481 ) ;
#5360 = SURFACE_SIDE_STYLE ('',( #820 ) ) ;
#5361 = ADVANCED_FACE ( 'NONE', ( #3420 ), #4051, .F. ) ;
#5362 =( NAMED_UNIT ( * ) PLANE_ANGLE_UNIT ( ) SI_UNIT ( $, .RADIAN. ) );
#5363 = FACE_OUTER_BOUND ( 'NONE', #6608, .T. ) ;
#5364 = AXIS2_PLACEMENT_3D ( 'NONE', #5940, #3418, #4651 ) ;
#5365 = ORIENTED_EDGE ( 'NONE', *, *, #6291, .T. ) ;
#5366 = PLANE ( 'NONE',  #16 ) ;
#5367 = CIRCLE ( 'NONE', #734, 0.3000000000000001600 ) ;
#5368 = SURFACE_SIDE_STYLE ('',( #2955 ) ) ;
#5369 = VERTEX_POINT ( 'NONE', #6626 ) ;
#5370 = DIRECTION ( 'NONE',  ( 0.0000000000000000000, 0.0000000000000000000, 1.000000000000000000 ) ) ;
#5371 = STYLED_ITEM ( 'NONE', ( #7639 ), #7763 ) ;
#5372 = VECTOR ( 'NONE', #2426, 1000.000000000000100 ) ;
#5373 = ORIENTED_EDGE ( 'NONE', *, *, #3506, .T. ) ;
#5374 = LINE ( 'NONE', #1718, #3223 ) ;
#5375 = CARTESIAN_POINT ( 'NONE',  ( -0.4450000000000000600, 2.982568851450467600, 0.0000000000000000000 ) ) ;
#5376 = VERTEX_POINT ( 'NONE', #4774 ) ;
#5377 = COLOUR_RGB ( '',1.000000000000000000, 1.000000000000000000, 1.000000000000000000 ) ;
#5378 = ADVANCED_FACE ( 'NONE', ( #5267 ), #7756, .F. ) ;
#5379 = VERTEX_POINT ( 'NONE', #965 ) ;
#5380 = AXIS2_PLACEMENT_3D ( 'NONE', #1294, #6293, #6400 ) ;
#5381 = FILL_AREA_STYLE_COLOUR ( '', #286 ) ;
#5382 = DIRECTION ( 'NONE',  ( 0.0000000000000000000, -0.08715574274766262100, 0.9961946980917451000 ) ) ;
#5383 = SURFACE_STYLE_FILL_AREA ( #6384 ) ;
#5384 = ORIENTED_EDGE ( 'NONE', *, *, #3760, .T. ) ;
#5385 =( LENGTH_UNIT ( ) NAMED_UNIT ( * ) SI_UNIT ( .MILLI., .METRE. ) );
#5386 = ORIENTED_EDGE ( 'NONE', *, *, #6674, .T. ) ;
#5387 = VERTEX_POINT ( 'NONE', #6511 ) ;
#5388 = PLANE ( 'NONE',  #1230 ) ;
#5389 =( LENGTH_UNIT ( ) NAMED_UNIT ( * ) SI_UNIT ( .MILLI., .METRE. ) );
#5390 =( NAMED_UNIT ( * ) PLANE_ANGLE_UNIT ( ) SI_UNIT ( $, .RADIAN. ) );
#5391 = VERTEX_POINT ( 'NONE', #7811 ) ;
#5393 = DIRECTION ( 'NONE',  ( -1.000000000000000000, 0.0000000000000000000, -0.0000000000000000000 ) ) ;
#5392 = PRESENTATION_LAYER_ASSIGNMENT (  '', '', ( #4238 ) ) ;
#5394 = CIRCLE ( 'NONE', #4778, 0.2999999999999999300 ) ;
#5395 = SURFACE_STYLE_USAGE ( .BOTH. , #375 ) ;
#5396 = EDGE_CURVE ( 'NONE', #3030, #5391, #4895, .T. ) ;
#5397 = VERTEX_POINT ( 'NONE', #2278 ) ;
#5398 = CARTESIAN_POINT ( 'NONE',  ( -0.4450000000000000600, -2.300398605410600300, 0.6749999999999831700 ) ) ;
#5399 = VERTEX_POINT ( 'NONE', #3543 ) ;
#5400 = CARTESIAN_POINT ( 'NONE',  ( -2.095000000000000200, 2.200398605410600200, 0.6749999999999831700 ) ) ;
#5401 = CARTESIAN_POINT ( 'NONE',  ( 2.095000000000000200, 2.591683031135834100, 0.2349620455192326700 ) ) ;
#5402 = DIRECTION ( 'NONE',  ( -1.000000000000000000, -0.0000000000000000000, 0.0000000000000000000 ) ) ;
#5403 = ORIENTED_EDGE ( 'NONE', *, *, #7466, .F. ) ;
#5404 = VECTOR ( 'NONE', #7261, 1000.000000000000000 ) ;
#5405 = UNCERTAINTY_MEASURE_WITH_UNIT (LENGTH_MEASURE( 1.000000000000000100E-005 ), #2496, 'distance_accuracy_value', 'NONE');
#5406 = ORIENTED_EDGE ( 'NONE', *, *, #2053, .F. ) ;
#5407 = CARTESIAN_POINT ( 'NONE',  ( 1.714999999999999900, -2.230398605410600400, 0.7703939201416775100 ) ) ;
#5409 = AXIS2_PLACEMENT_3D ( 'NONE', #6089, #6666, #3010 ) ;
#5408 = DIRECTION ( 'NONE',  ( 0.0000000000000000000, 0.08715574274766148300, 0.9961946980917453200 ) ) ;
#5410 = LINE ( 'NONE', #728, #4726 ) ;
#5411 = EDGE_CURVE ( 'NONE', #7369, #3197, #1967, .T. ) ;
#5412 = CARTESIAN_POINT ( 'NONE',  ( 0.8750000000000001100, -2.290398605410596000, 0.9611817604250529900 ) ) ;
#5413 = SURFACE_STYLE_USAGE ( .BOTH. , #2253 ) ;
#5414 =( GEOMETRIC_REPRESENTATION_CONTEXT ( 3 ) GLOBAL_UNCERTAINTY_ASSIGNED_CONTEXT ( ( #7097 ) ) GLOBAL_UNIT_ASSIGNED_CONTEXT ( ( #6612, #1632, #7267 ) ) REPRESENTATION_CONTEXT ( 'NONE', 'WORKASPACE' ) );
#5415 = DIRECTION ( 'NONE',  ( 0.0000000000000000000, 0.9961946980917452100, -0.08715574274766135800 ) ) ;
#5416 = FACE_OUTER_BOUND ( 'NONE', #6962, .T. ) ;
#5417 = VECTOR ( 'NONE', #6413, 1000.000000000000000 ) ;
#5418 = CARTESIAN_POINT ( 'NONE',  ( -0.4450000000000000600, -2.200398605410600200, 0.9749999999999531300 ) ) ;
#5419 = FILL_AREA_STYLE ('',( #1025 ) ) ;
#5420 = DIRECTION ( 'NONE',  ( -1.000000000000000000, 0.0000000000000000000, 0.0000000000000000000 ) ) ;
#5421 = FILL_AREA_STYLE ('',( #5300 ) ) ;
#5422 = STYLED_ITEM ( 'NONE', ( #5709 ), #1399 ) ;
#5423 = SURFACE_STYLE_FILL_AREA ( #5035 ) ;
#5424 = VECTOR ( 'NONE', #4107, 1000.000000000000000 ) ;
#5425 =( NAMED_UNIT ( * ) PLANE_ANGLE_UNIT ( ) SI_UNIT ( $, .RADIAN. ) );
#5426 = ADVANCED_FACE ( 'NONE', ( #4696 ), #1755, .F. ) ;
#5427 = STYLED_ITEM ( 'NONE', ( #5996 ), #7121 ) ;
#5428 = CARTESIAN_POINT ( 'NONE',  ( -1.714999999999999900, 3.000000000000000000, 0.1992389396183490100 ) ) ;
#5429 = CARTESIAN_POINT ( 'NONE',  ( -0.4450000000000000600, 2.300398605410600300, 0.3345815153284068500 ) ) ;
#5430 = DIRECTION ( 'NONE',  ( 0.0000000000000000000, -0.1391731009600621100, 0.9902680687415708100 ) ) ;
#5431 = SURFACE_STYLE_FILL_AREA ( #1010 ) ;
#5432 =( GEOMETRIC_REPRESENTATION_CONTEXT ( 3 ) GLOBAL_UNCERTAINTY_ASSIGNED_CONTEXT ( ( #3756 ) ) GLOBAL_UNIT_ASSIGNED_CONTEXT ( ( #3252, #745, #3868 ) ) REPRESENTATION_CONTEXT ( 'NONE', 'WORKASPACE' ) );
#5433 = DIRECTION ( 'NONE',  ( 0.1378445374916337500, -0.1378445374916256500, -0.9808148484639888100 ) ) ;
#5434 = SURFACE_STYLE_USAGE ( .BOTH. , #2335 ) ;
#5435 = PRESENTATION_STYLE_ASSIGNMENT (( #5231 ) ) ;
#5436 = CARTESIAN_POINT ( 'NONE',  ( 0.3949999999999999600, 2.200398605410600200, 0.6749999999999831700 ) ) ;
#5437 = CARTESIAN_POINT ( 'NONE',  ( 0.8249999999999999600, 2.591683031135834100, 0.2349620455192326700 ) ) ;
#5438 = CARTESIAN_POINT ( 'NONE',  ( 2.142407724488127700, 0.009871928718438579800, 2.963632764016466600 ) ) ;
#5439 = STYLED_ITEM ( 'NONE', ( #7234 ), #3736 ) ;
#5440 = VERTEX_POINT ( 'NONE', #1567 ) ;
#5441 = EDGE_CURVE ( 'NONE', #4680, #5971, #6707, .T. ) ;
#5442 = CARTESIAN_POINT ( 'NONE',  ( -2.145000000000000000, 2.230398605410600400, 0.7703939201416775100 ) ) ;
#5443 = SURFACE_SIDE_STYLE ('',( #406 ) ) ;
#5444 =( LENGTH_UNIT ( ) NAMED_UNIT ( * ) SI_UNIT ( .MILLI., .METRE. ) );
#5445 = EDGE_CURVE ( 'NONE', #594, #3032, #3215, .T. ) ;
#5446 = ORIENTED_EDGE ( 'NONE', *, *, #2503, .T. ) ;
#5447 = LINE ( 'NONE', #3321, #7429 ) ;
#5448 = DIRECTION ( 'NONE',  ( 0.0000000000000000000, 0.0000000000000000000, 1.000000000000000000 ) ) ;
#5449 = MECHANICAL_DESIGN_GEOMETRIC_PRESENTATION_REPRESENTATION (  '', ( #4038 ), #5178 ) ;
#5450 =( NAMED_UNIT ( * ) PLANE_ANGLE_UNIT ( ) SI_UNIT ( $, .RADIAN. ) );
#5451 = PLANE ( 'NONE',  #4064 ) ;
#5452 = CARTESIAN_POINT ( 'NONE',  ( 0.8249999999999999600, 2.982568851450467600, 0.0000000000000000000 ) ) ;
#5453 = PRESENTATION_LAYER_ASSIGNMENT (  '', '', ( #5030 ) ) ;
#5454 = ORIENTED_EDGE ( 'NONE', *, *, #5168, .F. ) ;
#5455 = AXIS2_PLACEMENT_3D ( 'NONE', #3696, #6865, #7452 ) ;
#5456 = DIRECTION ( 'NONE',  ( -0.0000000000000000000, -0.0000000000000000000, 1.000000000000000000 ) ) ;
#5457 = ORIENTED_EDGE ( 'NONE', *, *, #6003, .T. ) ;
#5458 = LINE ( 'NONE', #7509, #2450 ) ;
#5459 = ADVANCED_FACE ( 'NONE', ( #3408 ), #3651, .T. ) ;
#5460 = DIRECTION ( 'NONE',  ( -1.000000000000000000, 0.0000000000000000000, -0.0000000000000000000 ) ) ;
#5461 = DIRECTION ( 'NONE',  ( 0.0000000000000000000, 0.0000000000000000000, 1.000000000000000000 ) ) ;
#5462 = PRESENTATION_STYLE_ASSIGNMENT (( #5969 ) ) ;
#5463 = DIRECTION ( 'NONE',  ( 0.09181363688609037200, -0.7515218438077528900, -0.6532879720012795300 ) ) ;
#5464 = ORIENTED_EDGE ( 'NONE', *, *, #4604, .T. ) ;
#5465 = LINE ( 'NONE', #1105, #4479 ) ;
#5466 = CARTESIAN_POINT ( 'NONE',  ( -0.4450000000000000600, 2.500398605410600000, 0.3345815153284070200 ) ) ;
#5467 = STYLED_ITEM ( 'NONE', ( #2031 ), #940 ) ;
#5468 = UNCERTAINTY_MEASURE_WITH_UNIT (LENGTH_MEASURE( 1.000000000000000100E-005 ), #6446, 'distance_accuracy_value', 'NONE');
#5469 = ORIENTED_EDGE ( 'NONE', *, *, #5890, .T. ) ;
#5470 = MECHANICAL_DESIGN_GEOMETRIC_PRESENTATION_REPRESENTATION (  '', ( #4941 ), #6834 ) ;
#5471 = CARTESIAN_POINT ( 'NONE',  ( -2.095000000000000200, -1.921891833059526500, 0.9749999999999531300 ) ) ;
#5472 = PLANE ( 'NONE',  #6236 ) ;
#5473 = ORIENTED_EDGE ( 'NONE', *, *, #1783, .T. ) ;
#5474 = SURFACE_STYLE_FILL_AREA ( #4909 ) ;
#5475 = ORIENTED_EDGE ( 'NONE', *, *, #4718, .F. ) ;
#5476 = VERTEX_POINT ( 'NONE', #1681 ) ;
#5477 = CARTESIAN_POINT ( 'NONE',  ( -1.714999999999999900, 3.000000000000000000, 0.1992389396183490100 ) ) ;
#5478 =( GEOMETRIC_REPRESENTATION_CONTEXT ( 3 ) GLOBAL_UNCERTAINTY_ASSIGNED_CONTEXT ( ( #5468 ) ) GLOBAL_UNIT_ASSIGNED_CONTEXT ( ( #6446, #7578, #5804 ) ) REPRESENTATION_CONTEXT ( 'NONE', 'WORKASPACE' ) );
#5479 = DIRECTION ( 'NONE',  ( -0.0000000000000000000, -0.0000000000000000000, 1.000000000000000000 ) ) ;
#5480 = ORIENTED_EDGE ( 'NONE', *, *, #7266, .T. ) ;
#5481 = VERTEX_POINT ( 'NONE', #4832 ) ;
#5482 = DIRECTION ( 'NONE',  ( 0.0000000000000000000, -0.9961946980917452100, 0.08715574274766146900 ) ) ;
#5483 = ORIENTED_EDGE ( 'NONE', *, *, #1323, .F. ) ;
#5484 = CARTESIAN_POINT ( 'NONE',  ( 1.665000000000000000, -2.230398605410600400, 0.7703939201416775100 ) ) ;
#5485 = ORIENTED_EDGE ( 'NONE', *, *, #4340, .F. ) ;
#5486 = VECTOR ( 'NONE', #7606, 1000.000000000000000 ) ;
#5487 = DIRECTION ( 'NONE',  ( -1.000000000000000000, 0.0000000000000000000, 0.0000000000000000000 ) ) ;
#5488 = EDGE_CURVE ( 'NONE', #690, #7936, #6508, .T. ) ;
#5489 = CARTESIAN_POINT ( 'NONE',  ( -0.8250000000000001800, 2.300398605410600300, 0.6749999999999831700 ) ) ;
#5490 =( LENGTH_UNIT ( ) NAMED_UNIT ( * ) SI_UNIT ( .MILLI., .METRE. ) );
#5491 = ORIENTED_EDGE ( 'NONE', *, *, #1552, .T. ) ;
#5492 = VERTEX_POINT ( 'NONE', #4244 ) ;
#5493 = SURFACE_SIDE_STYLE ('',( #4907 ) ) ;
#5494 = ORIENTED_EDGE ( 'NONE', *, *, #3817, .T. ) ;
#5495 = EDGE_CURVE ( 'NONE', #924, #7265, #4684, .T. ) ;
#5496 = ORIENTED_EDGE ( 'NONE', *, *, #2273, .F. ) ;
#5497 = SURFACE_SIDE_STYLE ('',( #6657 ) ) ;
#5498 = VECTOR ( 'NONE', #5350, 1000.000000000000200 ) ;
#5499 = AXIS2_PLACEMENT_3D ( 'NONE', #5504, #6079, #1184 ) ;
#5500 = DIRECTION ( 'NONE',  ( 0.0000000000000000000, 0.0000000000000000000, 1.000000000000000000 ) ) ;
#5501 = EDGE_CURVE ( 'NONE', #3619, #7814, #6411, .T. ) ;
#5502 = CIRCLE ( 'NONE', #777, 0.3000000000000001600 ) ;
#5503 = EDGE_LOOP ( 'NONE', ( #6419, #1512, #6546, #7010, #2266, #5358 ) ) ;
#5504 = CARTESIAN_POINT ( 'NONE',  ( -0.8750000000000001100, -2.200398605410600200, 0.6749999999999831700 ) ) ;
#5505 = MECHANICAL_DESIGN_GEOMETRIC_PRESENTATION_REPRESENTATION (  '', ( #5084 ), #7943 ) ;
#5506 = FILL_AREA_STYLE_COLOUR ( '', #6315 ) ;
#5507 = CARTESIAN_POINT ( 'NONE',  ( 1.714999999999999900, 1.950000000000000000, 0.7749999999999831500 ) ) ;
#5508 = DIRECTION ( 'NONE',  ( 1.000000000000000000, -0.0000000000000000000, -0.0000000000000000000 ) ) ;
#5509 = CARTESIAN_POINT ( 'NONE',  ( -0.4450000000000000600, -2.200398605410600200, 0.6749999999999531900 ) ) ;
#5510 = AXIS2_PLACEMENT_3D ( 'NONE', #1683, #967, #1040 ) ;
#5511 = CARTESIAN_POINT ( 'NONE',  ( -2.450000000000000200, -1.950000000000000000, 0.7749999999999805900 ) ) ;
#5512 = DIRECTION ( 'NONE',  ( 0.0000000000000000000, -1.273963925350998900E-015, 1.000000000000000000 ) ) ;
#5513 = AXIS2_PLACEMENT_3D ( 'NONE', #2434, #5536, #1828 ) ;
#5514 = CARTESIAN_POINT ( 'NONE',  ( -1.664999999999999800, -2.200398605410600200, 0.6749999999999831700 ) ) ;
#5515 = CARTESIAN_POINT ( 'NONE',  ( -0.4450000000000000600, -2.300398605410600300, 0.6749999999999831700 ) ) ;
#5516 =( LENGTH_UNIT ( ) NAMED_UNIT ( * ) SI_UNIT ( .MILLI., .METRE. ) );
#5517 = CARTESIAN_POINT ( 'NONE',  ( 0.4449999999999998400, 2.982568851450467600, 0.0000000000000000000 ) ) ;
#5518 = MECHANICAL_DESIGN_GEOMETRIC_PRESENTATION_REPRESENTATION (  '', ( #3020 ), #5921 ) ;
#5519 = CARTESIAN_POINT ( 'NONE',  ( -0.8250000000000001800, 2.230398605410600400, 0.7703939201416775100 ) ) ;
#5520 = COLOUR_RGB ( '',1.000000000000000000, 1.000000000000000000, 1.000000000000000000 ) ;
#5521 =( NAMED_UNIT ( * ) PLANE_ANGLE_UNIT ( ) SI_UNIT ( $, .RADIAN. ) );
#5522 = CARTESIAN_POINT ( 'NONE',  ( 0.4449999999999998400, 2.200398605410600200, 0.9749999999999531300 ) ) ;
#5523 = ORIENTED_EDGE ( 'NONE', *, *, #501, .F. ) ;
#5524 = EDGE_CURVE ( 'NONE', #6694, #7476, #51, .T. ) ;
#5525 = MECHANICAL_DESIGN_GEOMETRIC_PRESENTATION_REPRESENTATION (  '', ( #4373 ), #4814 ) ;
#5526 =( NAMED_UNIT ( * ) PLANE_ANGLE_UNIT ( ) SI_UNIT ( $, .RADIAN. ) );
#5527 =( NAMED_UNIT ( * ) SI_UNIT ( $, .STERADIAN. ) SOLID_ANGLE_UNIT ( ) );
#5528 = ORIENTED_EDGE ( 'NONE', *, *, #7549, .F. ) ;
#5529 = CARTESIAN_POINT ( 'NONE',  ( -1.714999999999999900, -2.982568851450467600, 0.0000000000000000000 ) ) ;
#5530 = DIRECTION ( 'NONE',  ( -0.0000000000000000000, 1.000000000000000000, -0.0000000000000000000 ) ) ;
#5531 = AXIS2_PLACEMENT_3D ( 'NONE', #6609, #1696, #6049 ) ;
#5532 = UNCERTAINTY_MEASURE_WITH_UNIT (LENGTH_MEASURE( 1.000000000000000100E-005 ), #6831, 'distance_accuracy_value', 'NONE');
#5533 = PRESENTATION_LAYER_ASSIGNMENT (  '', '', ( #7170 ) ) ;
#5534 = DIRECTION ( 'NONE',  ( 0.0000000000000000000, 0.0000000000000000000, 1.000000000000000000 ) ) ;
#5535 = EDGE_CURVE ( 'NONE', #430, #573, #2562, .T. ) ;
#5536 = DIRECTION ( 'NONE',  ( 0.0000000000000000000, 0.0000000000000000000, 1.000000000000000000 ) ) ;
#5537 = ORIENTED_EDGE ( 'NONE', *, *, #3866, .T. ) ;
#5538 = FACE_OUTER_BOUND ( 'NONE', #4975, .T. ) ;
#5539 =( NAMED_UNIT ( * ) PLANE_ANGLE_UNIT ( ) SI_UNIT ( $, .RADIAN. ) );
#5540 = VECTOR ( 'NONE', #1746, 1000.000000000000000 ) ;
#5541 = VERTEX_POINT ( 'NONE', #1110 ) ;
#5542 = FILL_AREA_STYLE_COLOUR ( '', #6268 ) ;
#5543 = PRESENTATION_LAYER_ASSIGNMENT (  '', '', ( #5132 ) ) ;
#5544 = CARTESIAN_POINT ( 'NONE',  ( 2.095000000000000200, -2.982568851450467600, 0.0000000000000000000 ) ) ;
#5545 = ORIENTED_EDGE ( 'NONE', *, *, #915, .T. ) ;
#5546 = EDGE_CURVE ( 'NONE', #2140, #1150, #248, .T. ) ;
#5547 = SURFACE_STYLE_FILL_AREA ( #121 ) ;
#5548 = CARTESIAN_POINT ( 'NONE',  ( 0.8249999999999999600, 2.982568851450467600, 0.0000000000000000000 ) ) ;
#5549 = MECHANICAL_DESIGN_GEOMETRIC_PRESENTATION_REPRESENTATION (  '', ( #828 ), #6928 ) ;
#5550 = EDGE_LOOP ( 'NONE', ( #1780, #6850, #1740, #2259, #3322, #5164, #4679, #732, #3433, #4180 ) ) ;
#5551 = UNCERTAINTY_MEASURE_WITH_UNIT (LENGTH_MEASURE( 1.000000000000000100E-005 ), #6920, 'distance_accuracy_value', 'NONE');
#5552 = ORIENTED_EDGE ( 'NONE', *, *, #3968, .T. ) ;
#5553 = MANIFOLD_SOLID_BREP ( 'Lead8', #4996 ) ;
#5554 = FILL_AREA_STYLE ('',( #1798 ) ) ;
#5555 = DIRECTION ( 'NONE',  ( 1.000000000000000000, 0.0000000000000000000, -0.0000000000000000000 ) ) ;
#5556 = FILL_AREA_STYLE_COLOUR ( '', #6312 ) ;
#5557 = VERTEX_POINT ( 'NONE', #6104 ) ;
#5558 = VECTOR ( 'NONE', #3555, 1000.000000000000100 ) ;
#5559 = CIRCLE ( 'NONE', #1623, 0.2999999999999999300 ) ;
#5560 = DIRECTION ( 'NONE',  ( 0.0000000000000000000, -0.3000000000000002700, -0.9539392014169455500 ) ) ;
#5561 =( GEOMETRIC_REPRESENTATION_CONTEXT ( 3 ) GLOBAL_UNCERTAINTY_ASSIGNED_CONTEXT ( ( #6477 ) ) GLOBAL_UNIT_ASSIGNED_CONTEXT ( ( #2113, #7732, #1578 ) ) REPRESENTATION_CONTEXT ( 'NONE', 'WORKASPACE' ) );
#5562 = ORIENTED_EDGE ( 'NONE', *, *, #1223, .T. ) ;
#5563 = VERTEX_POINT ( 'NONE', #546 ) ;
#5564 = CARTESIAN_POINT ( 'NONE',  ( 0.8249999999999999600, -2.500398605410600000, 0.3345815153284070200 ) ) ;
#5565 = STYLED_ITEM ( 'NONE', ( #2010 ), #7044 ) ;
#5566 = DIRECTION ( 'NONE',  ( 1.000000000000000000, -0.0000000000000000000, -0.0000000000000000000 ) ) ;
#5567 = PLANE ( 'NONE',  #7047 ) ;
#5568 = ORIENTED_EDGE ( 'NONE', *, *, #877, .T. ) ;
#5570 = VERTEX_POINT ( 'NONE', #7868 ) ;
#5569 = ADVANCED_FACE ( 'NONE', ( #4979 ), #7353, .F. ) ;
#5571 = DIRECTION ( 'NONE',  ( -1.000000000000000000, 0.0000000000000000000, -0.0000000000000000000 ) ) ;
#5572 = ORIENTED_EDGE ( 'NONE', *, *, #3760, .F. ) ;
#5573 = MECHANICAL_DESIGN_GEOMETRIC_PRESENTATION_REPRESENTATION (  '', ( #1208 ), #2519 ) ;
#5574 = CARTESIAN_POINT ( 'NONE',  ( 0.8750000000000001100, -2.200398605410600200, 0.6749999999999831700 ) ) ;
#5575 = DIRECTION ( 'NONE',  ( 0.0000000000000000000, 0.0000000000000000000, -1.000000000000000000 ) ) ;
#5576 = ORIENTED_EDGE ( 'NONE', *, *, #7996, .T. ) ;
#5577 = EDGE_LOOP ( 'NONE', ( #395, #7099, #7073, #2268 ) ) ;
#5578 = ORIENTED_EDGE ( 'NONE', *, *, #4229, .F. ) ;
#5579 = ORIENTED_EDGE ( 'NONE', *, *, #285, .T. ) ;
#5580 = STYLED_ITEM ( 'NONE', ( #7923 ), #2933 ) ;
#5581 = FACE_OUTER_BOUND ( 'NONE', #6731, .T. ) ;
#5582 = DIRECTION ( 'NONE',  ( -0.0000000000000000000, 1.273963925350998900E-015, -1.000000000000000000 ) ) ;
#5583 = EDGE_CURVE ( 'NONE', #540, #144, #2157, .T. ) ;
#5584 = ORIENTED_EDGE ( 'NONE', *, *, #216, .F. ) ;
#5585 = CARTESIAN_POINT ( 'NONE',  ( 2.095000000000000200, 2.982568851450467600, 0.0000000000000000000 ) ) ;
#5586 = DIRECTION ( 'NONE',  ( 0.0000000000000000000, -1.273963925350998900E-015, -1.000000000000000000 ) ) ;
#5587 = EDGE_CURVE ( 'NONE', #2482, #3541, #3523, .T. ) ;
#5588 =( NAMED_UNIT ( * ) SI_UNIT ( $, .STERADIAN. ) SOLID_ANGLE_UNIT ( ) );
#5589 = SURFACE_SIDE_STYLE ('',( #6630 ) ) ;
#5590 = LINE ( 'NONE', #3795, #3655 ) ;
#5591 = STYLED_ITEM ( 'NONE', ( #7194 ), #4584 ) ;
#5592 = PRESENTATION_STYLE_ASSIGNMENT (( #1235 ) ) ;
#5593 = CARTESIAN_POINT ( 'NONE',  ( 2.145000000000000000, 2.290398605410596000, 0.9611817604250529900 ) ) ;
#5594 = EDGE_CURVE ( 'NONE', #1080, #6252, #1432, .T. ) ;
#5595 =( LENGTH_UNIT ( ) NAMED_UNIT ( * ) SI_UNIT ( .MILLI., .METRE. ) );
#5596 = DIRECTION ( 'NONE',  ( 0.0000000000000000000, -0.08715574274766137200, -0.9961946980917453200 ) ) ;
#5597 = MECHANICAL_DESIGN_GEOMETRIC_PRESENTATION_REPRESENTATION (  '', ( #5900 ), #2443 ) ;
#5598 = DIRECTION ( 'NONE',  ( -0.0000000000000000000, 0.3000000000000002700, -0.9539392014169455500 ) ) ;
#5599 = CARTESIAN_POINT ( 'NONE',  ( 0.8249999999999999600, -2.500398605410600000, 0.6749999999999530800 ) ) ;
#5600 = PRESENTATION_LAYER_ASSIGNMENT (  '', '', ( #5467 ) ) ;
#5601 = DIRECTION ( 'NONE',  ( -1.000000000000000000, -0.0000000000000000000, -0.0000000000000000000 ) ) ;
#5602 = FILL_AREA_STYLE_COLOUR ( '', #2516 ) ;
#5603 =( GEOMETRIC_REPRESENTATION_CONTEXT ( 3 ) GLOBAL_UNCERTAINTY_ASSIGNED_CONTEXT ( ( #4693 ) ) GLOBAL_UNIT_ASSIGNED_CONTEXT ( ( #350, #5901, #6009 ) ) REPRESENTATION_CONTEXT ( 'NONE', 'WORKASPACE' ) );
#5604 = DIRECTION ( 'NONE',  ( 0.0000000000000000000, -1.000000000000000000, 0.0000000000000000000 ) ) ;
#5605 = SURFACE_STYLE_FILL_AREA ( #4636 ) ;
#5606 = PLANE ( 'NONE',  #6382 ) ;
#5607 = FACE_OUTER_BOUND ( 'NONE', #4204, .T. ) ;
#5608 = AXIS2_PLACEMENT_3D ( 'NONE', #6960, #6846, #3175 ) ;
#5609 = ORIENTED_EDGE ( 'NONE', *, *, #3154, .T. ) ;
#5610 = LINE ( 'NONE', #7211, #4268 ) ;
#5611 = DIRECTION ( 'NONE',  ( -1.000000000000000000, -0.0000000000000000000, -0.0000000000000000000 ) ) ;
#5612 = CIRCLE ( 'NONE', #3237, 0.3000000000000001600 ) ;
#5613 =( LENGTH_UNIT ( ) NAMED_UNIT ( * ) SI_UNIT ( .MILLI., .METRE. ) );
#5614 = AXIS2_PLACEMENT_3D ( 'NONE', #3365, #7128, #1531 ) ;
#5615 = ORIENTED_EDGE ( 'NONE', *, *, #614, .T. ) ;
#5616 = VECTOR ( 'NONE', #7311, 1000.000000000000000 ) ;
#5617 = CARTESIAN_POINT ( 'NONE',  ( -0.8750000000000001100, 2.200398605410600200, 0.6749999999999831700 ) ) ;
#5618 = LINE ( 'NONE', #6478, #1930 ) ;
#5619 = CARTESIAN_POINT ( 'NONE',  ( 2.478523438870146900, -1.978523438870138000, 1.191415904986407300 ) ) ;
#5620 = LINE ( 'NONE', #5792, #7524 ) ;
#5621 = PLANE ( 'NONE',  #7150 ) ;
#5622 = EDGE_CURVE ( 'NONE', #2471, #4812, #151, .T. ) ;
#5623 = UNCERTAINTY_MEASURE_WITH_UNIT (LENGTH_MEASURE( 1.000000000000000100E-005 ), #4626, 'distance_accuracy_value', 'NONE');
#5624 = ORIENTED_EDGE ( 'NONE', *, *, #4240, .T. ) ;
#5625 = ORIENTED_EDGE ( 'NONE', *, *, #4869, .F. ) ;
#5626 = FACE_OUTER_BOUND ( 'NONE', #6718, .T. ) ;
#5627 = ORIENTED_EDGE ( 'NONE', *, *, #2002, .F. ) ;
#5628 =( LENGTH_UNIT ( ) NAMED_UNIT ( * ) SI_UNIT ( .MILLI., .METRE. ) );
#5629 = PRESENTATION_LAYER_ASSIGNMENT (  '', '', ( #5787 ) ) ;
#5630 = PLANE ( 'NONE',  #4298 ) ;
#5631 = EDGE_CURVE ( 'NONE', #7660, #162, #3995, .T. ) ;
#5632 = FILL_AREA_STYLE ('',( #1203 ) ) ;
#5633 = LINE ( 'NONE', #4933, #6607 ) ;
#5634 = EDGE_LOOP ( 'NONE', ( #973, #146, #6324, #1231, #7388, #3999 ) ) ;
#5635 = LINE ( 'NONE', #3470, #3703 ) ;
#5636 = ORIENTED_EDGE ( 'NONE', *, *, #7376, .T. ) ;
#5637 = FILL_AREA_STYLE_COLOUR ( '', #7398 ) ;
#5638 = VECTOR ( 'NONE', #420, 1000.000000000000000 ) ;
#5639 = VERTEX_POINT ( 'NONE', #1707 ) ;
#5640 = DIRECTION ( 'NONE',  ( 0.0000000000000000000, 0.0000000000000000000, -1.000000000000000000 ) ) ;
#5641 =( NAMED_UNIT ( * ) SI_UNIT ( $, .STERADIAN. ) SOLID_ANGLE_UNIT ( ) );
#5642 = LINE ( 'NONE', #2727, #4297 ) ;
#5643 = PRESENTATION_LAYER_ASSIGNMENT (  '', '', ( #1185 ) ) ;
#5644 = LINE ( 'NONE', #3094, #3313 ) ;
#5645 = EDGE_LOOP ( 'NONE', ( #1956, #2286, #4797, #3813, #6378, #6289 ) ) ;
#5646 = AXIS2_PLACEMENT_3D ( 'NONE', #6558, #2857, #3576 ) ;
#5647 = UNCERTAINTY_MEASURE_WITH_UNIT (LENGTH_MEASURE( 1.000000000000000100E-005 ), #4214, 'distance_accuracy_value', 'NONE');
#5648 = EDGE_LOOP ( 'NONE', ( #3096, #3910, #7360, #450 ) ) ;
#5649 = CARTESIAN_POINT ( 'NONE',  ( -0.8750000000000001100, 2.230398605410600400, 0.7703939201416775100 ) ) ;
#5650 = MECHANICAL_DESIGN_GEOMETRIC_PRESENTATION_REPRESENTATION (  '', ( #5236 ), #2013 ) ;
#5651 =( NAMED_UNIT ( * ) PLANE_ANGLE_UNIT ( ) SI_UNIT ( $, .RADIAN. ) );
#5652 = CIRCLE ( 'NONE', #6746, 0.09999999999999982500 ) ;
#5653 = ORIENTED_EDGE ( 'NONE', *, *, #6720, .T. ) ;
#5654 = ORIENTED_EDGE ( 'NONE', *, *, #2223, .F. ) ;
#5655 = CARTESIAN_POINT ( 'NONE',  ( -2.095000000000000200, -2.300398605410600300, 0.6749999999999831700 ) ) ;
#5656 = DIRECTION ( 'NONE',  ( 0.0000000000000000000, -1.000000000000000000, -1.501620008892423100E-013 ) ) ;
#5657 = SURFACE_STYLE_FILL_AREA ( #4464 ) ;
#5658 = PRESENTATION_LAYER_ASSIGNMENT (  '', '', ( #1754 ) ) ;
#5659 = ORIENTED_EDGE ( 'NONE', *, *, #3027, .T. ) ;
#5660 = DIRECTION ( 'NONE',  ( -1.000000000000000000, 0.0000000000000000000, -0.0000000000000000000 ) ) ;
#5661 = PLANE ( 'NONE',  #4253 ) ;
#5662 = SURFACE_SIDE_STYLE ('',( #978 ) ) ;
#5663 =( GEOMETRIC_REPRESENTATION_CONTEXT ( 3 ) GLOBAL_UNCERTAINTY_ASSIGNED_CONTEXT ( ( #6660 ) ) GLOBAL_UNIT_ASSIGNED_CONTEXT ( ( #3505, #1065, #2838 ) ) REPRESENTATION_CONTEXT ( 'NONE', 'WORKASPACE' ) );
#5664 = CARTESIAN_POINT ( 'NONE',  ( -2.095000000000000200, -2.600398605410600100, 0.3345815153284070800 ) ) ;
#5665 = ORIENTED_EDGE ( 'NONE', *, *, #2433, .F. ) ;
#5666 = DIRECTION ( 'NONE',  ( 0.0000000000000000000, -0.9902680687415708100, 0.1391731009600620800 ) ) ;
#5667 = EDGE_CURVE ( 'NONE', #6299, #53, #5644, .T. ) ;
#5668 =( GEOMETRIC_REPRESENTATION_CONTEXT ( 3 ) GLOBAL_UNCERTAINTY_ASSIGNED_CONTEXT ( ( #7444 ) ) GLOBAL_UNIT_ASSIGNED_CONTEXT ( ( #4667, #3440, #294 ) ) REPRESENTATION_CONTEXT ( 'NONE', 'WORKASPACE' ) );
#5669 = VERTEX_POINT ( 'NONE', #2501 ) ;
#5670 = FILL_AREA_STYLE ('',( #3090 ) ) ;
#5671 = FILL_AREA_STYLE ('',( #5031 ) ) ;
#5672 = SURFACE_SIDE_STYLE ('',( #4971 ) ) ;
#5673 = CARTESIAN_POINT ( 'NONE',  ( 1.665000000000000000, -2.230398605410600400, 0.7703939201416775100 ) ) ;
#5674 = DIRECTION ( 'NONE',  ( -1.000000000000000000, -0.0000000000000000000, -0.0000000000000000000 ) ) ;
#5675 = PRODUCT_DEFINITION_FORMATION_WITH_SPECIFIED_SOURCE ( 'ANY', '', #5891, .NOT_KNOWN. ) ;
#5676 = CARTESIAN_POINT ( 'NONE',  ( -0.3949999999999999600, -2.200398605410600200, 0.6749999999999831700 ) ) ;
#5677 = CARTESIAN_POINT ( 'NONE',  ( 2.145000000000000000, 2.200398605410600200, 0.6749999999999831700 ) ) ;
#5678 = FACE_OUTER_BOUND ( 'NONE', #4805, .T. ) ;
#5679 = PRESENTATION_STYLE_ASSIGNMENT (( #1287 ) ) ;
#5680 = MECHANICAL_DESIGN_GEOMETRIC_PRESENTATION_REPRESENTATION (  '', ( #3758 ), #4176 ) ;
#5681 = DIRECTION ( 'NONE',  ( 0.0000000000000000000, 0.0000000000000000000, 1.000000000000000000 ) ) ;
#5682 = EDGE_CURVE ( 'NONE', #7479, #2186, #1857, .T. ) ;
#5683 = VECTOR ( 'NONE', #5355, 1000.000000000000000 ) ;
#5684 = FILL_AREA_STYLE ('',( #2021 ) ) ;
#5685 = CIRCLE ( 'NONE', #2512, 0.09999999999999982500 ) ;
#5686 =( NAMED_UNIT ( * ) PLANE_ANGLE_UNIT ( ) SI_UNIT ( $, .RADIAN. ) );
#5687 = DIRECTION ( 'NONE',  ( 0.0000000000000000000, 0.0000000000000000000, 1.000000000000000000 ) ) ;
#5688 = FACE_OUTER_BOUND ( 'NONE', #3548, .T. ) ;
#5689 = EDGE_CURVE ( 'NONE', #5249, #5541, #2367, .T. ) ;
#5690 = STYLED_ITEM ( 'NONE', ( #392 ), #4454 ) ;
#5691 = UNCERTAINTY_MEASURE_WITH_UNIT (LENGTH_MEASURE( 1.000000000000000100E-005 ), #5911, 'distance_accuracy_value', 'NONE');
#5692 = CARTESIAN_POINT ( 'NONE',  ( 2.337567332238086800, 1.950000000000000000, 1.575000000000000000 ) ) ;
#5693 = FACE_OUTER_BOUND ( 'NONE', #6231, .T. ) ;
#5694 = SURFACE_STYLE_USAGE ( .BOTH. , #5087 ) ;
#5695 = EDGE_CURVE ( 'NONE', #1023, #1245, #3799, .T. ) ;
#5696 = FILL_AREA_STYLE ('',( #3796 ) ) ;
#5697 = AXIS2_PLACEMENT_3D ( 'NONE', #463, #7916, #7891 ) ;
#5698 = FILL_AREA_STYLE ('',( #2470 ) ) ;
#5699 = SURFACE_SIDE_STYLE ('',( #4951 ) ) ;
#5700 = DIRECTION ( 'NONE',  ( 0.0000000000000000000, 0.0000000000000000000, 1.000000000000000000 ) ) ;
#5701 = PRESENTATION_STYLE_ASSIGNMENT (( #2026 ) ) ;
#5702 = PRESENTATION_STYLE_ASSIGNMENT (( #788 ) ) ;
#5703 = DIRECTION ( 'NONE',  ( 0.0000000000000000000, 1.000000000000000000, -1.501620008892423100E-013 ) ) ;
#5704 = PLANE ( 'NONE',  #2760 ) ;
#5705 = STYLED_ITEM ( 'NONE', ( #6107 ), #568 ) ;
#5706 = EDGE_LOOP ( 'NONE', ( #5224, #2528, #5095, #452, #3015 ) ) ;
#5707 = DIRECTION ( 'NONE',  ( -1.000000000000000000, -0.0000000000000000000, 0.0000000000000000000 ) ) ;
#5708 = SURFACE_SIDE_STYLE ('',( #3211 ) ) ;
#5709 = PRESENTATION_STYLE_ASSIGNMENT (( #1390 ) ) ;
#5710 = DIRECTION ( 'NONE',  ( 1.000000000000000000, 0.0000000000000000000, 0.0000000000000000000 ) ) ;
#5711 = AXIS2_PLACEMENT_3D ( 'NONE', #2851, #3400, #937 ) ;
#5712 = FACE_OUTER_BOUND ( 'NONE', #1774, .T. ) ;
#5713 = FACE_OUTER_BOUND ( 'NONE', #6036, .T. ) ;
#5714 = DIRECTION ( 'NONE',  ( 0.0000000000000000000, 0.9961946980917452100, -0.08715574274766135800 ) ) ;
#5715 = FILL_AREA_STYLE ('',( #68 ) ) ;
#5716 = ORIENTED_EDGE ( 'NONE', *, *, #5695, .F. ) ;
#5717 = PRESENTATION_STYLE_ASSIGNMENT (( #135 ) ) ;
#5718 = ADVANCED_FACE ( 'NONE', ( #6224 ), #1641, .T. ) ;
#5719 = FILL_AREA_STYLE_COLOUR ( '', #4503 ) ;
#5720 = STYLED_ITEM ( 'NONE', ( #3525 ), #2226 ) ;
#5721 = DIRECTION ( 'NONE',  ( 1.000000000000000000, 0.0000000000000000000, -0.0000000000000000000 ) ) ;
#5722 = VECTOR ( 'NONE', #7317, 1000.000000000000000 ) ;
#5723 = EDGE_LOOP ( 'NONE', ( #6123, #5384, #5615, #5064, #7577, #6385 ) ) ;
#5724 =( GEOMETRIC_REPRESENTATION_CONTEXT ( 3 ) GLOBAL_UNCERTAINTY_ASSIGNED_CONTEXT ( ( #4195 ) ) GLOBAL_UNIT_ASSIGNED_CONTEXT ( ( #4645, #5297, #900 ) ) REPRESENTATION_CONTEXT ( 'NONE', 'WORKASPACE' ) );
#5725 =( NAMED_UNIT ( * ) PLANE_ANGLE_UNIT ( ) SI_UNIT ( $, .RADIAN. ) );
#5726 =( NAMED_UNIT ( * ) SI_UNIT ( $, .STERADIAN. ) SOLID_ANGLE_UNIT ( ) );
#5727 = STYLED_ITEM ( 'NONE', ( #3276 ), #3349 ) ;
#5728 = DIRECTION ( 'NONE',  ( 0.0000000000000000000, 0.0000000000000000000, 1.000000000000000000 ) ) ;
#5729 = CARTESIAN_POINT ( 'NONE',  ( -0.4450000000000000600, 2.300398605410600300, 0.6749999999999831700 ) ) ;
#5730 = EDGE_CURVE ( 'NONE', #573, #2440, #7069, .T. ) ;
#5731 = ORIENTED_EDGE ( 'NONE', *, *, #711, .T. ) ;
#5732 = COLOUR_RGB ( '',1.000000000000000000, 1.000000000000000000, 1.000000000000000000 ) ;
#5733 = VERTEX_POINT ( 'NONE', #6181 ) ;
#5734 = PRESENTATION_STYLE_ASSIGNMENT (( #6354 ) ) ;
#5735 = CARTESIAN_POINT ( 'NONE',  ( 1.714999999999999900, 2.300398605410600300, 0.6749999999999831700 ) ) ;
#5736 = CARTESIAN_POINT ( 'NONE',  ( 0.8249999999999999600, 2.300398605410600300, 0.6749999999999831700 ) ) ;
#5737 = EDGE_CURVE ( 'NONE', #6798, #7922, #651, .T. ) ;
#5738 = COLOUR_RGB ( '',1.000000000000000000, 1.000000000000000000, 1.000000000000000000 ) ;
#5739 = VERTEX_POINT ( 'NONE', #8018 ) ;
#5740 = PLANE ( 'NONE',  #686 ) ;
#5741 =( NAMED_UNIT ( * ) SI_UNIT ( $, .STERADIAN. ) SOLID_ANGLE_UNIT ( ) );
#5742 = ORIENTED_EDGE ( 'NONE', *, *, #5796, .T. ) ;
#5743 = EDGE_CURVE ( 'NONE', #1453, #5639, #5633, .T. ) ;
#5744 = DIRECTION ( 'NONE',  ( -1.000000000000000000, -0.0000000000000000000, 0.0000000000000000000 ) ) ;
#5745 = ORIENTED_EDGE ( 'NONE', *, *, #3767, .F. ) ;
#5746 = ORIENTED_EDGE ( 'NONE', *, *, #1827, .F. ) ;
#5747 =( GEOMETRIC_REPRESENTATION_CONTEXT ( 3 ) GLOBAL_UNCERTAINTY_ASSIGNED_CONTEXT ( ( #6021 ) ) GLOBAL_UNIT_ASSIGNED_CONTEXT ( ( #6991, #5199, #7585 ) ) REPRESENTATION_CONTEXT ( 'NONE', 'WORKASPACE' ) );
#5748 = FILL_AREA_STYLE ('',( #1367 ) ) ;
#5749 = ORIENTED_EDGE ( 'NONE', *, *, #5847, .T. ) ;
#5750 = SURFACE_STYLE_USAGE ( .BOTH. , #4508 ) ;
#5751 = ORIENTED_EDGE ( 'NONE', *, *, #2282, .T. ) ;
#5752 = FACE_OUTER_BOUND ( 'NONE', #6817, .T. ) ;
#5753 = DIRECTION ( 'NONE',  ( 0.0000000000000000000, -0.08715574274766137200, -0.9961946980917453200 ) ) ;
#5754 = FILL_AREA_STYLE ('',( #5780 ) ) ;
#5755 = FILL_AREA_STYLE_COLOUR ( '', #5885 ) ;
#5756 = VERTEX_POINT ( 'NONE', #1872 ) ;
#5757 =( GEOMETRIC_REPRESENTATION_CONTEXT ( 3 ) GLOBAL_UNCERTAINTY_ASSIGNED_CONTEXT ( ( #8049 ) ) GLOBAL_UNIT_ASSIGNED_CONTEXT ( ( #14, #479, #37 ) ) REPRESENTATION_CONTEXT ( 'NONE', 'WORKASPACE' ) );
#5758 = ORIENTED_EDGE ( 'NONE', *, *, #1456, .T. ) ;
#5759 = ADVANCED_FACE ( 'NONE', ( #854 ), #6240, .F. ) ;
#5760 = CARTESIAN_POINT ( 'NONE',  ( 0.4449999999999998400, 2.300398605410600300, 0.6749999999999831700 ) ) ;
#5761 = MECHANICAL_DESIGN_GEOMETRIC_PRESENTATION_REPRESENTATION (  '', ( #7803 ), #3214 ) ;
#5762 =( NAMED_UNIT ( * ) SI_UNIT ( $, .STERADIAN. ) SOLID_ANGLE_UNIT ( ) );
#5763 = CIRCLE ( 'NONE', #2927, 0.3000000000000001600 ) ;
#5764 = ORIENTED_EDGE ( 'NONE', *, *, #1685, .T. ) ;
#5765 = LINE ( 'NONE', #5655, #3729 ) ;
#5766 =( NAMED_UNIT ( * ) SI_UNIT ( $, .STERADIAN. ) SOLID_ANGLE_UNIT ( ) );
#5767 = EDGE_LOOP ( 'NONE', ( #974, #6250, #5173, #3832 ) ) ;
#5768 = STYLED_ITEM ( 'NONE', ( #2412 ), #1977 ) ;
#5769 = CARTESIAN_POINT ( 'NONE',  ( 1.665000000000000000, -2.500398605410600000, 0.6749999999999530800 ) ) ;
#5770 = CARTESIAN_POINT ( 'NONE',  ( -0.4450000000000000600, 1.921891833059526500, 0.9749999999999531300 ) ) ;
#5771 = VERTEX_POINT ( 'NONE', #1814 ) ;
#5772 = MECHANICAL_DESIGN_GEOMETRIC_PRESENTATION_REPRESENTATION (  '', ( #7155 ), #2702 ) ;
#5773 = PRESENTATION_STYLE_ASSIGNMENT (( #3598 ) ) ;
#5774 = CARTESIAN_POINT ( 'NONE',  ( -0.3949999999999999600, -2.300398605410600300, 0.6749999999999831700 ) ) ;
#5775 = ORIENTED_EDGE ( 'NONE', *, *, #2831, .F. ) ;
#5776 = FILL_AREA_STYLE ('',( #1419 ) ) ;
#5777 = STYLED_ITEM ( 'NONE', ( #2164 ), #2413 ) ;
#5778 = CARTESIAN_POINT ( 'NONE',  ( -1.714999999999999900, 2.600398605410600100, 0.3345815153284071300 ) ) ;
#5779 = CARTESIAN_POINT ( 'NONE',  ( -2.095000000000000200, -2.200398605410600200, 0.6749999999999531900 ) ) ;
#5780 = FILL_AREA_STYLE_COLOUR ( '', #2812 ) ;
#5781 = LINE ( 'NONE', #4873, #2406 ) ;
#5782 = CARTESIAN_POINT ( 'NONE',  ( 0.4449999999999998400, 2.200398605410600200, 0.6749999999999831700 ) ) ;
#5783 = CIRCLE ( 'NONE', #1867, 0.09999999999999988100 ) ;
#5784 = LINE ( 'NONE', #2325, #7677 ) ;
#5785 = DIRECTION ( 'NONE',  ( 0.0000000000000000000, 1.501620008892423400E-013, -1.000000000000000000 ) ) ;
#5786 = SURFACE_SIDE_STYLE ('',( #1916 ) ) ;
#5787 = STYLED_ITEM ( 'NONE', ( #5679 ), #4086 ) ;
#5788 = FILL_AREA_STYLE ('',( #7663 ) ) ;
#5789 = DIRECTION ( 'NONE',  ( 0.0000000000000000000, 0.0000000000000000000, -1.000000000000000000 ) ) ;
#5790 = VECTOR ( 'NONE', #1563, 1000.000000000000000 ) ;
#5791 = EDGE_CURVE ( 'NONE', #7918, #7479, #1052, .T. ) ;
#5792 = CARTESIAN_POINT ( 'NONE',  ( -1.714999999999999900, -1.950000000000000000, 0.7749999999999831500 ) ) ;
#5793 = CARTESIAN_POINT ( 'NONE',  ( 0.8750000000000001100, 2.200398605410600200, 0.6749999999999831700 ) ) ;
#5794 = UNCERTAINTY_MEASURE_WITH_UNIT (LENGTH_MEASURE( 1.000000000000000100E-005 ), #6410, 'distance_accuracy_value', 'NONE');
#5795 = ADVANCED_FACE ( 'NONE', ( #7262 ), #4426, .F. ) ;
#5796 = EDGE_CURVE ( 'NONE', #5265, #4795, #5160, .T. ) ;
#5797 = DIRECTION ( 'NONE',  ( 0.0000000000000000000, 0.9961946980917452100, -0.08715574274766135800 ) ) ;
#5798 = AXIS2_PLACEMENT_3D ( 'NONE', #609, #4991, #6140 ) ;
#5799 = FILL_AREA_STYLE ('',( #723 ) ) ;
#5800 = LINE ( 'NONE', #5906, #4156 ) ;
#5801 = DIRECTION ( 'NONE',  ( -0.0000000000000000000, -1.000000000000000000, -0.0000000000000000000 ) ) ;
#5802 =( GEOMETRIC_REPRESENTATION_CONTEXT ( 3 ) GLOBAL_UNCERTAINTY_ASSIGNED_CONTEXT ( ( #8013 ) ) GLOBAL_UNIT_ASSIGNED_CONTEXT ( ( #5389, #1007, #7193 ) ) REPRESENTATION_CONTEXT ( 'NONE', 'WORKASPACE' ) );
#5803 = DIRECTION ( 'NONE',  ( -1.000000000000000000, -0.0000000000000000000, -0.0000000000000000000 ) ) ;
#5804 =( NAMED_UNIT ( * ) SI_UNIT ( $, .STERADIAN. ) SOLID_ANGLE_UNIT ( ) );
#5805 = ORIENTED_EDGE ( 'NONE', *, *, #4229, .T. ) ;
#5806 = LINE ( 'NONE', #5808, #1822 ) ;
#5807 = UNCERTAINTY_MEASURE_WITH_UNIT (LENGTH_MEASURE( 1.000000000000000100E-005 ), #7863, 'distance_accuracy_value', 'NONE');
#5808 = CARTESIAN_POINT ( 'NONE',  ( 0.8249999999999999600, -2.500398605410600000, 0.3345815153284070200 ) ) ;
#5809 = DIRECTION ( 'NONE',  ( -1.000000000000000000, 0.0000000000000000000, 0.0000000000000000000 ) ) ;
#5810 = AXIS2_PLACEMENT_3D ( 'NONE', #7522, #799, #5113 ) ;
#5811 = DIRECTION ( 'NONE',  ( -1.000000000000000000, 0.0000000000000000000, 0.0000000000000000000 ) ) ;
#5812 = SURFACE_STYLE_USAGE ( .BOTH. , #3941 ) ;
#5813 = DIRECTION ( 'NONE',  ( 1.000000000000000000, 0.0000000000000000000, -0.0000000000000000000 ) ) ;
#5814 = DIRECTION ( 'NONE',  ( 1.000000000000000000, 0.0000000000000000000, -0.0000000000000000000 ) ) ;
#5815 = CIRCLE ( 'NONE', #2554, 0.09999999999999993600 ) ;
#5816 = AXIS2_PLACEMENT_3D ( 'NONE', #6505, #2811, #3387 ) ;
#5817 = ORIENTED_EDGE ( 'NONE', *, *, #2631, .T. ) ;
#5818 = LINE ( 'NONE', #3155, #4170 ) ;
#5819 = LINE ( 'NONE', #7253, #2036 ) ;
#5820 = CARTESIAN_POINT ( 'NONE',  ( -0.4450000000000000600, 2.200398605410600200, 0.6749999999999831700 ) ) ;
#5821 = LINE ( 'NONE', #821, #2133 ) ;
#5822 = PRESENTATION_LAYER_ASSIGNMENT (  '', '', ( #2361 ) ) ;
#5823 = ORIENTED_EDGE ( 'NONE', *, *, #7609, .T. ) ;
#5824 = DIRECTION ( 'NONE',  ( 0.0000000000000000000, -0.1391731009600620800, -0.9902680687415708100 ) ) ;
#5825 = FILL_AREA_STYLE_COLOUR ( '', #7414 ) ;
#5826 = ORIENTED_EDGE ( 'NONE', *, *, #3338, .T. ) ;
#5827 = FILL_AREA_STYLE_COLOUR ( '', #2478 ) ;
#5828 = DIRECTION ( 'NONE',  ( 0.0000000000000000000, -0.9961946980917452100, 0.08715574274766135800 ) ) ;
#5829 = VERTEX_POINT ( 'NONE', #4512 ) ;
#5830 = CARTESIAN_POINT ( 'NONE',  ( -1.714999999999999900, -2.200398605410600200, 0.7749999999999831500 ) ) ;
#5831 = VECTOR ( 'NONE', #1701, 1000.000000000000000 ) ;
#5832 = ORIENTED_EDGE ( 'NONE', *, *, #4649, .T. ) ;
#5833 = VECTOR ( 'NONE', #5530, 1000.000000000000000 ) ;
#5834 = STYLED_ITEM ( 'NONE', ( #323 ), #3403 ) ;
#5835 = ADVANCED_FACE ( 'NONE', ( #4185 ), #52, .F. ) ;
#5836 = CARTESIAN_POINT ( 'NONE',  ( 0.8249999999999999600, -2.200398605410600200, 0.9749999999999531300 ) ) ;
#5837 = FILL_AREA_STYLE_COLOUR ( '', #3359 ) ;
#5838 = EDGE_CURVE ( 'NONE', #7841, #4766, #3508, .T. ) ;
#5839 = ORIENTED_EDGE ( 'NONE', *, *, #2046, .F. ) ;
#5840 = ORIENTED_EDGE ( 'NONE', *, *, #4970, .F. ) ;
#5841 = ORIENTED_EDGE ( 'NONE', *, *, #6407, .F. ) ;
#5842 = CARTESIAN_POINT ( 'NONE',  ( 0.4449999999999998400, 1.921891833059526500, 0.9749999999999531300 ) ) ;
#5843 = FACE_OUTER_BOUND ( 'NONE', #2869, .T. ) ;
#5844 = SURFACE_SIDE_STYLE ('',( #3629 ) ) ;
#5845 = ORIENTED_EDGE ( 'NONE', *, *, #2839, .F. ) ;
#5846 = CARTESIAN_POINT ( 'NONE',  ( 0.4449999999999998400, 3.000000000000000000, 0.1992389396183490100 ) ) ;
#5847 = EDGE_CURVE ( 'NONE', #6873, #6798, #1422, .T. ) ;
#5848 = LINE ( 'NONE', #7166, #4598 ) ;
#5849 = ORIENTED_EDGE ( 'NONE', *, *, #711, .F. ) ;
#5850 = PLANE ( 'NONE',  #7903 ) ;
#5851 = MECHANICAL_DESIGN_GEOMETRIC_PRESENTATION_REPRESENTATION (  '', ( #4188 ), #2538 ) ;
#5852 = ORIENTED_EDGE ( 'NONE', *, *, #1944, .T. ) ;
#5853 = EDGE_CURVE ( 'NONE', #53, #2957, #4474, .T. ) ;
#5854 = ADVANCED_FACE ( 'NONE', ( #6029 ), #3031, .F. ) ;
#5855 = VERTEX_POINT ( 'NONE', #5136 ) ;
#5856 = CARTESIAN_POINT ( 'NONE',  ( 0.4449999999999998400, -2.200398605410600200, 0.9749999999999531300 ) ) ;
#5857 = AXIS2_PLACEMENT_3D ( 'NONE', #2645, #130, #3231 ) ;
#5858 = ORIENTED_EDGE ( 'NONE', *, *, #5546, .F. ) ;
#5859 = DIRECTION ( 'NONE',  ( 0.0000000000000000000, -0.9961946980917452100, 0.08715574274766263500 ) ) ;
#5860 = ORIENTED_EDGE ( 'NONE', *, *, #514, .F. ) ;
#5861 = CARTESIAN_POINT ( 'NONE',  ( -2.095000000000000200, 2.200398605410600200, 0.7749999999999831500 ) ) ;
#5862 = CARTESIAN_POINT ( 'NONE',  ( -0.8250000000000001800, 2.200398605410600200, 0.6749999999999831700 ) ) ;
#5863 = PRESENTATION_STYLE_ASSIGNMENT (( #596 ) ) ;
#5864 = STYLED_ITEM ( 'NONE', ( #1225 ), #840 ) ;
#5865 = ORIENTED_EDGE ( 'NONE', *, *, #6814, .F. ) ;
#5866 = ORIENTED_EDGE ( 'NONE', *, *, #3042, .T. ) ;
#5867 = AXIS2_PLACEMENT_3D ( 'NONE', #5375, #5408, #2879 ) ;
#5868 = SURFACE_STYLE_USAGE ( .BOTH. , #165 ) ;
#5869 = ORIENTED_EDGE ( 'NONE', *, *, #1308, .T. ) ;
#5870 =( LENGTH_UNIT ( ) NAMED_UNIT ( * ) SI_UNIT ( .MILLI., .METRE. ) );
#5871 = STYLED_ITEM ( 'NONE', ( #5435 ), #1504 ) ;
#5872 = VECTOR ( 'NONE', #1722, 1000.000000000000000 ) ;
#5873 = FILL_AREA_STYLE_COLOUR ( '', #637 ) ;
#5874 = DIRECTION ( 'NONE',  ( -1.000000000000000000, 0.0000000000000000000, -0.0000000000000000000 ) ) ;
#5875 = ADVANCED_FACE ( 'NONE', ( #5843, #4203 ), #3933, .F. ) ;
#5876 = CARTESIAN_POINT ( 'NONE',  ( 1.714999999999999900, 2.600398605410600100, 0.3345815153284071300 ) ) ;
#5877 = DIRECTION ( 'NONE',  ( 0.0000000000000000000, 1.000000000000000000, -1.501620008892423100E-013 ) ) ;
#5878 = FILL_AREA_STYLE ('',( #1511 ) ) ;
#5879 = CARTESIAN_POINT ( 'NONE',  ( 0.4449999999999998400, 2.500398605410600000, 0.3345815153284070200 ) ) ;
#5880 = VECTOR ( 'NONE', #7889, 1000.000000000000100 ) ;
#5881 = PRESENTATION_LAYER_ASSIGNMENT (  '', '', ( #2261 ) ) ;
#5882 = CARTESIAN_POINT ( 'NONE',  ( 0.8249999999999999600, 3.000000000000000000, 0.1992389396183490100 ) ) ;
#5883 = EDGE_CURVE ( 'NONE', #4501, #3032, #1958, .T. ) ;
#5884 = DIRECTION ( 'NONE',  ( 0.0000000000000000000, 0.9539392014169455500, 0.3000000000000002700 ) ) ;
#5885 = COLOUR_RGB ( '',1.000000000000000000, 1.000000000000000000, 1.000000000000000000 ) ;
#5886 = ADVANCED_FACE ( 'NONE', ( #1545 ), #3315, .F. ) ;
#5887 =( LENGTH_UNIT ( ) NAMED_UNIT ( * ) SI_UNIT ( .MILLI., .METRE. ) );
#5888 = VECTOR ( 'NONE', #5797, 1000.000000000000100 ) ;
#5889 = FILL_AREA_STYLE ('',( #1465 ) ) ;
#5890 = EDGE_CURVE ( 'NONE', #1572, #5103, #7633, .T. ) ;
#5891 = PRODUCT ( 'SOIC8-N', 'SOIC8-N', '', ( #3186 ) ) ;
#5892 = FILL_AREA_STYLE_COLOUR ( '', #3759 ) ;
#5893 = UNCERTAINTY_MEASURE_WITH_UNIT (LENGTH_MEASURE( 1.000000000000000100E-005 ), #1406, 'distance_accuracy_value', 'NONE');
#5894 = DIRECTION ( 'NONE',  ( 0.0000000000000000000, 0.9902680687415708100, 0.1391731009600620800 ) ) ;
#5895 = SURFACE_SIDE_STYLE ('',( #6695 ) ) ;
#5896 = SURFACE_STYLE_FILL_AREA ( #5321 ) ;
#5897 = CARTESIAN_POINT ( 'NONE',  ( -0.8250000000000001800, -2.600398605410600100, 0.3345815153284071300 ) ) ;
#5898 = EDGE_CURVE ( 'NONE', #3611, #6524, #7934, .T. ) ;
#5899 = CARTESIAN_POINT ( 'NONE',  ( 2.095000000000000200, 1.950000000000000000, 0.7749999999999831500 ) ) ;
#5900 = STYLED_ITEM ( 'NONE', ( #8055 ), #5225 ) ;
#5901 =( NAMED_UNIT ( * ) PLANE_ANGLE_UNIT ( ) SI_UNIT ( $, .RADIAN. ) );
#5902 = ORIENTED_EDGE ( 'NONE', *, *, #2728, .F. ) ;
#5903 = VECTOR ( 'NONE', #278, 1000.000000000000000 ) ;
#5904 = SURFACE_SIDE_STYLE ('',( #2744 ) ) ;
#5905 = SURFACE_STYLE_FILL_AREA ( #2213 ) ;
#5906 = CARTESIAN_POINT ( 'NONE',  ( 2.420000000000000400, -5.000000000000000000, 0.7749999999999805900 ) ) ;
#5907 = AXIS2_PLACEMENT_3D ( 'NONE', #7154, #4139, #6629 ) ;
#5908 = EDGE_CURVE ( 'NONE', #747, #682, #7271, .T. ) ;
#5909 = ORIENTED_EDGE ( 'NONE', *, *, #2397, .F. ) ;
#5910 = COLOUR_RGB ( '',1.000000000000000000, 1.000000000000000000, 1.000000000000000000 ) ;
#5911 =( LENGTH_UNIT ( ) NAMED_UNIT ( * ) SI_UNIT ( .MILLI., .METRE. ) );
#5912 = AXIS2_PLACEMENT_3D ( 'NONE', #425, #1058, #4736 ) ;
#5913 = LINE ( 'NONE', #6599, #6482 ) ;
#5914 = DIRECTION ( 'NONE',  ( 0.0000000000000000000, -1.000000000000000000, 0.0000000000000000000 ) ) ;
#5915 = ADVANCED_FACE ( 'NONE', ( #6042 ), #7740, .F. ) ;
#5916 = DIRECTION ( 'NONE',  ( 1.000000000000000000, -0.0000000000000000000, -0.0000000000000000000 ) ) ;
#5917 = ORIENTED_EDGE ( 'NONE', *, *, #520, .T. ) ;
#5918 = MECHANICAL_DESIGN_GEOMETRIC_PRESENTATION_REPRESENTATION (  '', ( #5871 ), #2699 ) ;
#5919 = FILL_AREA_STYLE_COLOUR ( '', #2852 ) ;
#5920 = SURFACE_SIDE_STYLE ('',( #7528 ) ) ;
#5921 =( GEOMETRIC_REPRESENTATION_CONTEXT ( 3 ) GLOBAL_UNCERTAINTY_ASSIGNED_CONTEXT ( ( #4293 ) ) GLOBAL_UNIT_ASSIGNED_CONTEXT ( ( #5385, #1022, #1663 ) ) REPRESENTATION_CONTEXT ( 'NONE', 'WORKASPACE' ) );
#5922 = ORIENTED_EDGE ( 'NONE', *, *, #3283, .F. ) ;
#5923 = LINE ( 'NONE', #862, #7830 ) ;
#5924 = ORIENTED_EDGE ( 'NONE', *, *, #5737, .T. ) ;
#5925 = CIRCLE ( 'NONE', #4010, 0.2999999999999856100 ) ;
#5926 = ADVANCED_FACE ( 'NONE', ( #6226 ), #3383, .F. ) ;
#5927 = EDGE_CURVE ( 'NONE', #756, #5008, #5932, .T. ) ;
#5928 = PRESENTATION_LAYER_ASSIGNMENT (  '', '', ( #3551 ) ) ;
#5929 = LINE ( 'NONE', #1069, #2936 ) ;
#5930 = SURFACE_SIDE_STYLE ('',( #6497 ) ) ;
#5931 = ORIENTED_EDGE ( 'NONE', *, *, #13, .T. ) ;
#5932 = LINE ( 'NONE', #6444, #2842 ) ;
#5933 = DIRECTION ( 'NONE',  ( 0.0000000000000000000, 0.0000000000000000000, 1.000000000000000000 ) ) ;
#5934 = ORIENTED_EDGE ( 'NONE', *, *, #2620, .T. ) ;
#5935 = LINE ( 'NONE', #1883, #5165 ) ;
#5936 = CARTESIAN_POINT ( 'NONE',  ( -2.095000000000000200, 2.300398605410600300, 0.6749999999999831700 ) ) ;
#5937 = CARTESIAN_POINT ( 'NONE',  ( 0.8249999999999999600, 2.200398605410600200, 0.9749999999999531300 ) ) ;
#5938 = ORIENTED_EDGE ( 'NONE', *, *, #7776, .F. ) ;
#5939 = VECTOR ( 'NONE', #7264, 1000.000000000000000 ) ;
#5940 = CARTESIAN_POINT ( 'NONE',  ( 0.3949999999999999600, -2.200398605410600200, 0.6749999999999831700 ) ) ;
#5941 = LINE ( 'NONE', #284, #8033 ) ;
#5942 = UNCERTAINTY_MEASURE_WITH_UNIT (LENGTH_MEASURE( 1.000000000000000100E-005 ), #7973, 'distance_accuracy_value', 'NONE');
#5943 = PRESENTATION_STYLE_ASSIGNMENT (( #5335 ) ) ;
#5944 = EDGE_LOOP ( 'NONE', ( #4283, #4972, #2067, #3110 ) ) ;
#5946 = SURFACE_STYLE_USAGE ( .BOTH. , #4070 ) ;
#5945 = MECHANICAL_DESIGN_GEOMETRIC_PRESENTATION_REPRESENTATION (  '', ( #6908 ), #656 ) ;
#5947 = EDGE_LOOP ( 'NONE', ( #1333, #6709, #5050, #6440 ) ) ;
#5948 = CARTESIAN_POINT ( 'NONE',  ( -0.4450000000000000600, 2.200398605410600200, 0.6749999999999531900 ) ) ;
#5949 = SURFACE_STYLE_FILL_AREA ( #5670 ) ;
#5950 = EDGE_CURVE ( 'NONE', #1415, #6827, #2354, .T. ) ;
#5951 = SURFACE_STYLE_USAGE ( .BOTH. , #407 ) ;
#5952 = FACE_OUTER_BOUND ( 'NONE', #4810, .T. ) ;
#5953 = ORIENTED_EDGE ( 'NONE', *, *, #7466, .T. ) ;
#5954 = COLOUR_RGB ( '',1.000000000000000000, 1.000000000000000000, 1.000000000000000000 ) ;
#5955 =( LENGTH_UNIT ( ) NAMED_UNIT ( * ) SI_UNIT ( .MILLI., .METRE. ) );
#5956 = VECTOR ( 'NONE', #3764, 1000.000000000000100 ) ;
#5957 = EDGE_CURVE ( 'NONE', #5299, #4460, #4093, .T. ) ;
#5958 = CARTESIAN_POINT ( 'NONE',  ( 2.145000000000000000, 2.300398605410600300, 0.6749999999999831700 ) ) ;
#5960 = AXIS2_PLACEMENT_3D ( 'NONE', #4752, #4701, #6580 ) ;
#5959 = SURFACE_STYLE_USAGE ( .BOTH. , #770 ) ;
#5961 = VERTEX_POINT ( 'NONE', #4629 ) ;
#5962 = EDGE_CURVE ( 'NONE', #6873, #3798, #4581, .T. ) ;
#5963 = VERTEX_POINT ( 'NONE', #2715 ) ;
#5964 = ADVANCED_FACE ( 'NONE', ( #3892 ), #7622, .T. ) ;
#5965 = CARTESIAN_POINT ( 'NONE',  ( 1.714999999999999900, -2.200398605410600200, 0.6749999999999831700 ) ) ;
#5966 =( NAMED_UNIT ( * ) SI_UNIT ( $, .STERADIAN. ) SOLID_ANGLE_UNIT ( ) );
#5967 = ORIENTED_EDGE ( 'NONE', *, *, #2530, .T. ) ;
#5968 = STYLED_ITEM ( 'NONE', ( #1543 ), #5553 ) ;
#5969 = SURFACE_STYLE_USAGE ( .BOTH. , #4732 ) ;
#5970 = VECTOR ( 'NONE', #3414, 1000.000000000000000 ) ;
#5971 = VERTEX_POINT ( 'NONE', #804 ) ;
#5972 = CIRCLE ( 'NONE', #5960, 0.3000000000000001600 ) ;
#5973 = CARTESIAN_POINT ( 'NONE',  ( -1.714999999999999900, -2.230398605410600400, 0.7703939201416775100 ) ) ;
#5974 = FILL_AREA_STYLE_COLOUR ( '', #5732 ) ;
#5975 = FILL_AREA_STYLE ('',( #4069 ) ) ;
#5976 = STYLED_ITEM ( 'NONE', ( #5717 ), #1204 ) ;
#5977 = FILL_AREA_STYLE ('',( #7197 ) ) ;
#5978 = ADVANCED_FACE ( 'NONE', ( #755 ), #400, .T. ) ;
#5979 = AXIS2_PLACEMENT_3D ( 'NONE', #7628, #5809, #6423 ) ;
#5980 = PLANE ( 'NONE',  #6228 ) ;
#5981 = COLOUR_RGB ( '',1.000000000000000000, 1.000000000000000000, 1.000000000000000000 ) ;
#5982 = SURFACE_STYLE_USAGE ( .BOTH. , #4110 ) ;
#5983 = LINE ( 'NONE', #3612, #7673 ) ;
#5984 = SURFACE_STYLE_USAGE ( .BOTH. , #5368 ) ;
#5985 = CARTESIAN_POINT ( 'NONE',  ( 0.8249999999999999600, 1.950000000000000000, 0.7749999999999831500 ) ) ;
#5986 = FILL_AREA_STYLE ('',( #6034 ) ) ;
#5987 = MECHANICAL_DESIGN_GEOMETRIC_PRESENTATION_REPRESENTATION (  '', ( #5720 ), #3221 ) ;
#5988 = DIRECTION ( 'NONE',  ( 0.0000000000000000000, -0.9961946980917453200, -0.08715574274766148300 ) ) ;
#5989 = DIRECTION ( 'NONE',  ( 1.000000000000000000, -0.0000000000000000000, 0.0000000000000000000 ) ) ;
#5990 = CIRCLE ( 'NONE', #1705, 0.2999999999999999300 ) ;
#5991 = LINE ( 'NONE', #5398, #1804 ) ;
#5992 = DIRECTION ( 'NONE',  ( 0.0000000000000000000, 0.0000000000000000000, 1.000000000000000000 ) ) ;
#5993 = DIRECTION ( 'NONE',  ( 0.0000000000000000000, -1.273963925350998900E-015, -1.000000000000000000 ) ) ;
#5994 =( LENGTH_UNIT ( ) NAMED_UNIT ( * ) SI_UNIT ( .MILLI., .METRE. ) );
#5995 =( NAMED_UNIT ( * ) SI_UNIT ( $, .STERADIAN. ) SOLID_ANGLE_UNIT ( ) );
#5996 = PRESENTATION_STYLE_ASSIGNMENT (( #2215 ) ) ;
#5997 = PRESENTATION_LAYER_ASSIGNMENT (  '', '', ( #5580 ) ) ;
#5998 = EDGE_CURVE ( 'NONE', #249, #6867, #566, .T. ) ;
#5999 =( LENGTH_UNIT ( ) NAMED_UNIT ( * ) SI_UNIT ( .MILLI., .METRE. ) );
#6000 = EDGE_CURVE ( 'NONE', #3923, #1130, #2150, .T. ) ;
#6001 = MECHANICAL_DESIGN_GEOMETRIC_PRESENTATION_REPRESENTATION (  '', ( #5690 ), #117 ) ;
#6002 = DIRECTION ( 'NONE',  ( 0.0000000000000000000, 0.9961946980917452100, -0.08715574274766135800 ) ) ;
#6003 = EDGE_CURVE ( 'NONE', #2456, #2542, #5367, .T. ) ;
#6004 = ORIENTED_EDGE ( 'NONE', *, *, #2781, .F. ) ;
#6005 = LINE ( 'NONE', #7036, #2704 ) ;
#6006 = VECTOR ( 'NONE', #4250, 1000.000000000000000 ) ;
#6007 = PLANE ( 'NONE',  #5191 ) ;
#6008 = VECTOR ( 'NONE', #6866, 1000.000000000000000 ) ;
#6009 =( NAMED_UNIT ( * ) SI_UNIT ( $, .STERADIAN. ) SOLID_ANGLE_UNIT ( ) );
#6010 = ADVANCED_FACE ( 'NONE', ( #7735 ), #7245, .T. ) ;
#6011 = ORIENTED_EDGE ( 'NONE', *, *, #6961, .F. ) ;
#6012 = SURFACE_STYLE_USAGE ( .BOTH. , #2768 ) ;
#6013 = CARTESIAN_POINT ( 'NONE',  ( 1.665000000000000000, 2.300398605410600300, 0.6749999999999831700 ) ) ;
#6014 = FACE_OUTER_BOUND ( 'NONE', #560, .T. ) ;
#6015 = CIRCLE ( 'NONE', #1700, 0.09999999999999993600 ) ;
#6016 = CARTESIAN_POINT ( 'NONE',  ( -2.095000000000000200, -2.300398605410600300, 0.6749999999999831700 ) ) ;
#6017 = DIRECTION ( 'NONE',  ( 0.0000000000000000000, 0.0000000000000000000, 1.000000000000000000 ) ) ;
#6018 = STYLED_ITEM ( 'NONE', ( #845 ), #797 ) ;
#6019 = VECTOR ( 'NONE', #5714, 1000.000000000000100 ) ;
#6020 = STYLED_ITEM ( 'NONE', ( #105 ), #7035 ) ;
#6021 = UNCERTAINTY_MEASURE_WITH_UNIT (LENGTH_MEASURE( 1.000000000000000100E-005 ), #6991, 'distance_accuracy_value', 'NONE');
#6022 = EDGE_LOOP ( 'NONE', ( #5406, #70, #3830, #5866 ) ) ;
#6023 = VECTOR ( 'NONE', #3594, 1000.000000000000000 ) ;
#6024 = DIRECTION ( 'NONE',  ( 0.0000000000000000000, 0.0000000000000000000, 1.000000000000000000 ) ) ;
#6025 = ORIENTED_EDGE ( 'NONE', *, *, #6567, .T. ) ;
#6026 = FILL_AREA_STYLE ('',( #6618 ) ) ;
#6027 =( NAMED_UNIT ( * ) SI_UNIT ( $, .STERADIAN. ) SOLID_ANGLE_UNIT ( ) );
#6028 = STYLED_ITEM ( 'NONE', ( #4150 ), #1589 ) ;
#6029 = FACE_OUTER_BOUND ( 'NONE', #1236, .T. ) ;
#6030 = ORIENTED_EDGE ( 'NONE', *, *, #984, .T. ) ;
#6031 =( NAMED_UNIT ( * ) PLANE_ANGLE_UNIT ( ) SI_UNIT ( $, .RADIAN. ) );
#6032 = SURFACE_STYLE_FILL_AREA ( #304 ) ;
#6033 = EDGE_LOOP ( 'NONE', ( #969, #3128, #5654, #327 ) ) ;
#6034 = FILL_AREA_STYLE_COLOUR ( '', #1050 ) ;
#6035 = SURFACE_STYLE_FILL_AREA ( #7364 ) ;
#6036 = EDGE_LOOP ( 'NONE', ( #7196, #2075, #152, #5823 ) ) ;
#6037 = ORIENTED_EDGE ( 'NONE', *, *, #3047, .T. ) ;
#6038 = PLANE ( 'NONE',  #2408 ) ;
#6039 = DIRECTION ( 'NONE',  ( 0.0000000000000000000, 0.0000000000000000000, 1.000000000000000000 ) ) ;
#6040 = VECTOR ( 'NONE', #4952, 1000.000000000000000 ) ;
#6041 = VERTEX_POINT ( 'NONE', #4708 ) ;
#6042 = FACE_OUTER_BOUND ( 'NONE', #4615, .T. ) ;
#6043 = ORIENTED_EDGE ( 'NONE', *, *, #6156, .T. ) ;
#6044 = VECTOR ( 'NONE', #7796, 1000.000000000000000 ) ;
#6045 = MECHANICAL_DESIGN_GEOMETRIC_PRESENTATION_REPRESENTATION (  '', ( #7 ), #7772 ) ;
#6046 = FILL_AREA_STYLE ('',( #389 ) ) ;
#6047 =( NAMED_UNIT ( * ) SI_UNIT ( $, .STERADIAN. ) SOLID_ANGLE_UNIT ( ) );
#6048 = VERTEX_POINT ( 'NONE', #3579 ) ;
#6049 = DIRECTION ( 'NONE',  ( 0.0000000000000000000, 0.0000000000000000000, 1.000000000000000000 ) ) ;
#6050 = UNCERTAINTY_MEASURE_WITH_UNIT (LENGTH_MEASURE( 1.000000000000000100E-005 ), #1790, 'distance_accuracy_value', 'NONE');
#6051 = VERTEX_POINT ( 'NONE', #3558 ) ;
#6052 = MANIFOLD_SOLID_BREP ( 'Lead2', #387 ) ;
#6053 = DIRECTION ( 'NONE',  ( 1.000000000000000000, 0.0000000000000000000, 0.0000000000000000000 ) ) ;
#6054 = SURFACE_SIDE_STYLE ('',( #2049 ) ) ;
#6055 =( NAMED_UNIT ( * ) SI_UNIT ( $, .STERADIAN. ) SOLID_ANGLE_UNIT ( ) );
#6056 = ORIENTED_EDGE ( 'NONE', *, *, #2263, .T. ) ;
#6057 = DIRECTION ( 'NONE',  ( -1.000000000000000000, -0.0000000000000000000, -0.0000000000000000000 ) ) ;
#6058 = EDGE_CURVE ( 'NONE', #3509, #5961, #2939, .T. ) ;
#6059 = ORIENTED_EDGE ( 'NONE', *, *, #5216, .F. ) ;
#6060 = AXIS2_PLACEMENT_3D ( 'NONE', #93, #738, #4488 ) ;
#6061 = DIRECTION ( 'NONE',  ( 0.0000000000000000000, 0.9902680687415708100, 0.1391731009600620800 ) ) ;
#6062 = ORIENTED_EDGE ( 'NONE', *, *, #4610, .T. ) ;
#6063 = UNCERTAINTY_MEASURE_WITH_UNIT (LENGTH_MEASURE( 1.000000000000000100E-005 ), #2518, 'distance_accuracy_value', 'NONE');
#6064 = VERTEX_POINT ( 'NONE', #2265 ) ;
#6065 = CARTESIAN_POINT ( 'NONE',  ( 0.8249999999999999600, -2.574251882586301200, 0.03572310590088358800 ) ) ;
#6066 = PRESENTATION_LAYER_ASSIGNMENT (  '', '', ( #938 ) ) ;
#6067 = FACE_OUTER_BOUND ( 'NONE', #4704, .T. ) ;
#6068 = CARTESIAN_POINT ( 'NONE',  ( -1.664999999999999800, 2.230398605410600400, 0.7703939201416775100 ) ) ;
#6069 = FILL_AREA_STYLE_COLOUR ( '', #4689 ) ;
#6070 = DIRECTION ( 'NONE',  ( 0.0000000000000000000, 0.0000000000000000000, 1.000000000000000000 ) ) ;
#6071 = VECTOR ( 'NONE', #7779, 1000.000000000000000 ) ;
#6072 = CARTESIAN_POINT ( 'NONE',  ( -1.714999999999999900, -2.300398605410600300, 0.6749999999999831700 ) ) ;
#6073 = CARTESIAN_POINT ( 'NONE',  ( 2.449999999999999700, 1.949999999999995100, 0.7749999999999805900 ) ) ;
#6074 = CARTESIAN_POINT ( 'NONE',  ( 1.714999999999999900, 2.200398605410600200, 0.6749999999999831700 ) ) ;
#6075 = MECHANICAL_DESIGN_GEOMETRIC_PRESENTATION_REPRESENTATION (  '', ( #1754 ), #7436 ) ;
#6076 = VECTOR ( 'NONE', #4101, 1000.000000000000000 ) ;
#6077 = AXIS2_PLACEMENT_3D ( 'NONE', #927, #5916, #2097 ) ;
#6078 = DIRECTION ( 'NONE',  ( 1.000000000000000000, -0.0000000000000000000, -0.0000000000000000000 ) ) ;
#6079 = DIRECTION ( 'NONE',  ( -1.000000000000000000, 0.0000000000000000000, 0.0000000000000000000 ) ) ;
#6080 = SURFACE_STYLE_USAGE ( .BOTH. , #3001 ) ;
#6081 = CARTESIAN_POINT ( 'NONE',  ( 2.095000000000000200, 2.500398605410600000, 0.6749999999999530800 ) ) ;
#6082 = COLOUR_RGB ( '',1.000000000000000000, 1.000000000000000000, 1.000000000000000000 ) ;
#6083 = EDGE_CURVE ( 'NONE', #7904, #4395, #1054, .T. ) ;
#6084 = LINE ( 'NONE', #897, #107 ) ;
#6085 =( GEOMETRIC_REPRESENTATION_CONTEXT ( 3 ) GLOBAL_UNCERTAINTY_ASSIGNED_CONTEXT ( ( #7799 ) ) GLOBAL_UNIT_ASSIGNED_CONTEXT ( ( #4077, #3744, #4241 ) ) REPRESENTATION_CONTEXT ( 'NONE', 'WORKASPACE' ) );
#6086 = FILL_AREA_STYLE_COLOUR ( '', #3876 ) ;
#6087 = CARTESIAN_POINT ( 'NONE',  ( -0.3949999999999999600, 2.200398605410600200, 0.6749999999999831700 ) ) ;
#6088 = SURFACE_STYLE_FILL_AREA ( #3206 ) ;
#6089 = CARTESIAN_POINT ( 'NONE',  ( 2.095000000000000200, 2.200398605410600200, 0.6749999999999831700 ) ) ;
#6090 = DIRECTION ( 'NONE',  ( 0.0000000000000000000, 0.0000000000000000000, -1.000000000000000000 ) ) ;
#6091 = AXIS2_PLACEMENT_3D ( 'NONE', #775, #3351, #7645 ) ;
#6092 = ORIENTED_EDGE ( 'NONE', *, *, #7992, .T. ) ;
#6093 = LINE ( 'NONE', #5692, #2017 ) ;
#6094 = VECTOR ( 'NONE', #2477, 1000.000000000000000 ) ;
#6095 = EDGE_CURVE ( 'NONE', #3030, #2456, #7443, .T. ) ;
#6096 = CARTESIAN_POINT ( 'NONE',  ( -2.095000000000000200, 1.921891833059526500, 0.9749999999999531300 ) ) ;
#6097 = SURFACE_STYLE_USAGE ( .BOTH. , #5497 ) ;
#6098 = COLOUR_RGB ( '',1.000000000000000000, 1.000000000000000000, 1.000000000000000000 ) ;
#6099 = FILL_AREA_STYLE_COLOUR ( '', #3661 ) ;
#6100 = EDGE_CURVE ( 'NONE', #2198, #370, #964, .T. ) ;
#6101 = VERTEX_POINT ( 'NONE', #6563 ) ;
#6102 = PRESENTATION_STYLE_ASSIGNMENT (( #5959 ) ) ;
#6103 =( LENGTH_UNIT ( ) NAMED_UNIT ( * ) SI_UNIT ( .MILLI., .METRE. ) );
#6104 = CARTESIAN_POINT ( 'NONE',  ( -1.714999999999999900, -3.000000000000000000, 0.1992389396183490100 ) ) ;
#6105 = CARTESIAN_POINT ( 'NONE',  ( 2.095000000000000200, 2.200398605410600200, 0.6749999999999831700 ) ) ;
#6106 = EDGE_CURVE ( 'NONE', #3117, #5344, #2553, .T. ) ;
#6107 = PRESENTATION_STYLE_ASSIGNMENT (( #6965 ) ) ;
#6108 = ORIENTED_EDGE ( 'NONE', *, *, #2333, .F. ) ;
#6109 = PRESENTATION_LAYER_ASSIGNMENT (  '', '', ( #3467 ) ) ;
#6110 = DIRECTION ( 'NONE',  ( 0.0000000000000000000, 0.0000000000000000000, 1.000000000000000000 ) ) ;
#6111 = DIRECTION ( 'NONE',  ( -0.0000000000000000000, -0.0000000000000000000, 1.000000000000000000 ) ) ;
#6112 = FACE_OUTER_BOUND ( 'NONE', #6333, .T. ) ;
#6113 = DIRECTION ( 'NONE',  ( 0.0000000000000000000, 0.0000000000000000000, -1.000000000000000000 ) ) ;
#6114 = EDGE_LOOP ( 'NONE', ( #1946, #5902, #7092, #7006 ) ) ;
#6115 = UNCERTAINTY_MEASURE_WITH_UNIT (LENGTH_MEASURE( 1.000000000000000100E-005 ), #1912, 'distance_accuracy_value', 'NONE');
#6116 = LINE ( 'NONE', #515, #2249 ) ;
#6117 = DIRECTION ( 'NONE',  ( -1.000000000000000000, 0.0000000000000000000, -0.0000000000000000000 ) ) ;
#6118 = ORIENTED_EDGE ( 'NONE', *, *, #5838, .T. ) ;
#6119 = FACE_OUTER_BOUND ( 'NONE', #2371, .T. ) ;
#6120 = AXIS2_PLACEMENT_3D ( 'NONE', #5285, #7792, #291 ) ;
#6121 =( NAMED_UNIT ( * ) PLANE_ANGLE_UNIT ( ) SI_UNIT ( $, .RADIAN. ) );
#6122 = PLANE ( 'NONE',  #4056 ) ;
#6123 = ORIENTED_EDGE ( 'NONE', *, *, #6751, .T. ) ;
#6124 = VECTOR ( 'NONE', #2863, 1000.000000000000000 ) ;
#6125 = ORIENTED_EDGE ( 'NONE', *, *, #3298, .F. ) ;
#6126 = VECTOR ( 'NONE', #441, 1000.000000000000000 ) ;
#6127 = STYLED_ITEM ( 'NONE', ( #3135 ), #2370 ) ;
#6128 = EDGE_LOOP ( 'NONE', ( #2841, #4080, #2853, #2646 ) ) ;
#6129 = LINE ( 'NONE', #6072, #3811 ) ;
#6130 = ORIENTED_EDGE ( 'NONE', *, *, #4448, .F. ) ;
#6131 = ORIENTED_EDGE ( 'NONE', *, *, #2282, .F. ) ;
#6132 = FILL_AREA_STYLE ('',( #4271 ) ) ;
#6133 = ORIENTED_EDGE ( 'NONE', *, *, #5180, .T. ) ;
#6134 = VECTOR ( 'NONE', #4278, 1000.000000000000000 ) ;
#6135 = CARTESIAN_POINT ( 'NONE',  ( 0.8750000000000001100, -2.200398605410600200, 0.6749999999999831700 ) ) ;
#6136 = FACE_OUTER_BOUND ( 'NONE', #789, .T. ) ;
#6137 = EDGE_LOOP ( 'NONE', ( #3698, #3840 ) ) ;
#6138 = UNCERTAINTY_MEASURE_WITH_UNIT (LENGTH_MEASURE( 1.000000000000000100E-005 ), #239, 'distance_accuracy_value', 'NONE');
#6139 = AXIS2_PLACEMENT_3D ( 'NONE', #4370, #5010, #1240 ) ;
#6140 = DIRECTION ( 'NONE',  ( 0.0000000000000000000, 0.0000000000000000000, 1.000000000000000000 ) ) ;
#6141 = DIRECTION ( 'NONE',  ( -1.000000000000000000, -0.0000000000000000000, -0.0000000000000000000 ) ) ;
#6142 = ORIENTED_EDGE ( 'NONE', *, *, #1094, .T. ) ;
#6143 = EDGE_CURVE ( 'NONE', #7625, #6283, #5635, .T. ) ;
#6144 = CARTESIAN_POINT ( 'NONE',  ( -0.8750000000000001100, 2.500398605410600000, 0.6749999999999530800 ) ) ;
#6145 = ORIENTED_EDGE ( 'NONE', *, *, #5853, .T. ) ;
#6146 = VERTEX_POINT ( 'NONE', #1585 ) ;
#6147 = VERTEX_POINT ( 'NONE', #1154 ) ;
#6148 = DIRECTION ( 'NONE',  ( -1.000000000000000000, 0.0000000000000000000, 0.0000000000000000000 ) ) ;
#6149 = EDGE_CURVE ( 'NONE', #5971, #756, #6217, .T. ) ;
#6150 = CARTESIAN_POINT ( 'NONE',  ( 1.714999999999999900, -2.200398605410600200, 0.9749999999999531300 ) ) ;
#6151 = ORIENTED_EDGE ( 'NONE', *, *, #6523, .F. ) ;
#6152 = DIRECTION ( 'NONE',  ( 1.000000000000000000, 0.0000000000000000000, 0.0000000000000000000 ) ) ;
#6153 = LINE ( 'NONE', #983, #4515 ) ;
#6154 = STYLED_ITEM ( 'NONE', ( #6239 ), #4728 ) ;
#6155 = ORIENTED_EDGE ( 'NONE', *, *, #2831, .T. ) ;
#6156 = EDGE_CURVE ( 'NONE', #7052, #8046, #5465, .T. ) ;
#6157 = DIRECTION ( 'NONE',  ( 0.0000000000000000000, 0.0000000000000000000, 1.000000000000000000 ) ) ;
#6158 = FACE_OUTER_BOUND ( 'NONE', #6600, .T. ) ;
#6159 = VERTEX_POINT ( 'NONE', #4179 ) ;
#6160 = CARTESIAN_POINT ( 'NONE',  ( -1.714999999999999900, -2.200398605410600200, 0.6749999999999831700 ) ) ;
#6161 = AXIS2_PLACEMENT_3D ( 'NONE', #3364, #4607, #252 ) ;
#6162 = DIRECTION ( 'NONE',  ( -1.000000000000000000, -0.0000000000000000000, -0.0000000000000000000 ) ) ;
#6163 =( LENGTH_UNIT ( ) NAMED_UNIT ( * ) SI_UNIT ( .MILLI., .METRE. ) );
#6164 = DIRECTION ( 'NONE',  ( 1.000000000000000000, -0.0000000000000000000, 0.0000000000000000000 ) ) ;
#6165 = LINE ( 'NONE', #7624, #296 ) ;
#6166 = VECTOR ( 'NONE', #674, 1000.000000000000000 ) ;
#6167 = AXIS2_PLACEMENT_3D ( 'NONE', #429, #5402, #5370 ) ;
#6168 = ADVANCED_FACE ( 'NONE', ( #856 ), #4870, .F. ) ;
#6169 = FILL_AREA_STYLE_COLOUR ( '', #4405 ) ;
#6170 = DIRECTION ( 'NONE',  ( 0.0000000000000000000, -0.0000000000000000000, -1.000000000000000000 ) ) ;
#6171 =( GEOMETRIC_REPRESENTATION_CONTEXT ( 3 ) GLOBAL_UNCERTAINTY_ASSIGNED_CONTEXT ( ( #4081 ) ) GLOBAL_UNIT_ASSIGNED_CONTEXT ( ( #650, #2579, #1193 ) ) REPRESENTATION_CONTEXT ( 'NONE', 'WORKASPACE' ) );
#6172 = CARTESIAN_POINT ( 'NONE',  ( 0.0000000000000000000, 0.0000000000000000000, 0.0000000000000000000 ) ) ;
#6173 = CARTESIAN_POINT ( 'NONE',  ( 2.095000000000000200, -2.600398605410600100, 0.3345815153284071300 ) ) ;
#6174 = FACE_OUTER_BOUND ( 'NONE', #4211, .T. ) ;
#6175 = CARTESIAN_POINT ( 'NONE',  ( -2.145000000000000000, 2.290398605410596000, 0.9611817604250529900 ) ) ;
#6176 = PRESENTATION_LAYER_ASSIGNMENT (  '', '', ( #5768 ) ) ;
#6177 = DIRECTION ( 'NONE',  ( -1.000000000000000000, 0.0000000000000000000, -0.0000000000000000000 ) ) ;
#6178 =( NAMED_UNIT ( * ) SI_UNIT ( $, .STERADIAN. ) SOLID_ANGLE_UNIT ( ) );
#6179 = SURFACE_STYLE_FILL_AREA ( #2193 ) ;
#6180 = CARTESIAN_POINT ( 'NONE',  ( -2.095000000000000200, 3.000000000000000000, 0.1992389396183490100 ) ) ;
#6181 = CARTESIAN_POINT ( 'NONE',  ( 2.420000000000000400, 1.919999999999995000, 0.7749999999999804800 ) ) ;
#6182 = DIRECTION ( 'NONE',  ( 0.0000000000000000000, -1.000000000000000000, -1.501620008892423100E-013 ) ) ;
#6183 =( NAMED_UNIT ( * ) SI_UNIT ( $, .STERADIAN. ) SOLID_ANGLE_UNIT ( ) );
#6184 = VECTOR ( 'NONE', #3871, 1000.000000000000100 ) ;
#6185 = VECTOR ( 'NONE', #6805, 1000.000000000000000 ) ;
#6186 = PRESENTATION_LAYER_ASSIGNMENT (  '', '', ( #5777 ) ) ;
#6187 =( LENGTH_UNIT ( ) NAMED_UNIT ( * ) SI_UNIT ( .MILLI., .METRE. ) );
#6188 = ORIENTED_EDGE ( 'NONE', *, *, #7676, .T. ) ;
#6189 = FILL_AREA_STYLE_COLOUR ( '', #1686 ) ;
#6190 = PLANE ( 'NONE',  #1167 ) ;
#6191 = LINE ( 'NONE', #7504, #1024 ) ;
#6192 = LINE ( 'NONE', #4834, #6006 ) ;
#6193 = EDGE_CURVE ( 'NONE', #4460, #6064, #1133, .T. ) ;
#6194 = CARTESIAN_POINT ( 'NONE',  ( -2.095000000000000200, 2.500398605410600000, 0.3345815153284070200 ) ) ;
#6195 = LINE ( 'NONE', #3834, #633 ) ;
#6196 = AXIS2_PLACEMENT_3D ( 'NONE', #8016, #604, #3118 ) ;
#6197 = CARTESIAN_POINT ( 'NONE',  ( 2.095000000000000200, -2.290398605410596000, 0.9611817604250529900 ) ) ;
#6198 = EDGE_CURVE ( 'NONE', #7367, #7260, #6700, .T. ) ;
#6199 = DIRECTION ( 'NONE',  ( 0.0000000000000000000, 0.0000000000000000000, -1.000000000000000000 ) ) ;
#6200 = VERTEX_POINT ( 'NONE', #6175 ) ;
#6201 = CARTESIAN_POINT ( 'NONE',  ( -1.714999999999999900, 2.982568851450467600, 0.0000000000000000000 ) ) ;
#6202 = LINE ( 'NONE', #219, #1519 ) ;
#6203 = ADVANCED_FACE ( 'NONE', ( #5066 ), #1752, .F. ) ;
#6204 = CARTESIAN_POINT ( 'NONE',  ( 1.714999999999999900, -2.982568851450467600, 0.0000000000000000000 ) ) ;
#6205 = COLOUR_RGB ( '',1.000000000000000000, 1.000000000000000000, 1.000000000000000000 ) ;
#6206 = ORIENTED_EDGE ( 'NONE', *, *, #5950, .T. ) ;
#6207 = AXIS2_PLACEMENT_3D ( 'NONE', #2934, #440, #508 ) ;
#6208 = CARTESIAN_POINT ( 'NONE',  ( 2.095000000000000200, -2.591683031135834100, 0.2349620455192326700 ) ) ;
#6209 = DIRECTION ( 'NONE',  ( 0.0000000000000000000, 0.0000000000000000000, 1.000000000000000000 ) ) ;
#6210 = EDGE_LOOP ( 'NONE', ( #6145, #380, #5282, #7437, #5073, #2292, #3929, #1206, #1757, #7525 ) ) ;
#6211 = COLOUR_RGB ( '',1.000000000000000000, 1.000000000000000000, 1.000000000000000000 ) ;
#6212 = EDGE_CURVE ( 'NONE', #7460, #5563, #6116, .T. ) ;
#6213 = LINE ( 'NONE', #6572, #4784 ) ;
#6214 =( GEOMETRIC_REPRESENTATION_CONTEXT ( 3 ) GLOBAL_UNCERTAINTY_ASSIGNED_CONTEXT ( ( #2149 ) ) GLOBAL_UNIT_ASSIGNED_CONTEXT ( ( #3290, #7668, #796 ) ) REPRESENTATION_CONTEXT ( 'NONE', 'WORKASPACE' ) );
#6215 = FILL_AREA_STYLE ('',( #2526 ) ) ;
#6216 = ORIENTED_EDGE ( 'NONE', *, *, #3343, .T. ) ;
#6217 = CIRCLE ( 'NONE', #7851, 0.2999999999999856100 ) ;
#6218 = ORIENTED_EDGE ( 'NONE', *, *, #2533, .T. ) ;
#6219 = COLOUR_RGB ( '',1.000000000000000000, 1.000000000000000000, 1.000000000000000000 ) ;
#6220 = ORIENTED_EDGE ( 'NONE', *, *, #7517, .T. ) ;
#6221 = VECTOR ( 'NONE', #6782, 1000.000000000000000 ) ;
#6222 = CIRCLE ( 'NONE', #354, 0.3000000000000001600 ) ;
#6223 = AXIS2_PLACEMENT_3D ( 'NONE', #2617, #6924, #3849 ) ;
#6224 = FACE_OUTER_BOUND ( 'NONE', #7929, .T. ) ;
#6225 = VERTEX_POINT ( 'NONE', #537 ) ;
#6226 = FACE_OUTER_BOUND ( 'NONE', #5645, .T. ) ;
#6227 = SURFACE_STYLE_USAGE ( .BOTH. , #5662 ) ;
#6228 = AXIS2_PLACEMENT_3D ( 'NONE', #6545, #2868, #7809 ) ;
#6229 = CIRCLE ( 'NONE', #7310, 0.09999999999999993600 ) ;
#6230 = DIRECTION ( 'NONE',  ( 0.0000000000000000000, 0.0000000000000000000, 1.000000000000000000 ) ) ;
#6231 = EDGE_LOOP ( 'NONE', ( #467, #2737, #6142, #3026 ) ) ;
#6232 = PRESENTATION_STYLE_ASSIGNMENT (( #5984 ) ) ;
#6233 = ORIENTED_EDGE ( 'NONE', *, *, #459, .F. ) ;
#6234 = VERTEX_POINT ( 'NONE', #2410 ) ;
#6235 = LINE ( 'NONE', #2404, #878 ) ;
#6236 = AXIS2_PLACEMENT_3D ( 'NONE', #3016, #6230, #6763 ) ;
#6237 = SURFACE_SIDE_STYLE ('',( #5949 ) ) ;
#6238 = DIRECTION ( 'NONE',  ( 0.0000000000000000000, 1.000000000000000000, 0.0000000000000000000 ) ) ;
#6239 = PRESENTATION_STYLE_ASSIGNMENT (( #1943 ) ) ;
#6240 = PLANE ( 'NONE',  #3352 ) ;
#6241 = CARTESIAN_POINT ( 'NONE',  ( -1.714999999999999900, 1.921891833059526500, 0.9749999999999531300 ) ) ;
#6242 = ORIENTED_EDGE ( 'NONE', *, *, #4140, .T. ) ;
#6243 = VERTEX_POINT ( 'NONE', #1084 ) ;
#6244 = DIRECTION ( 'NONE',  ( 1.000000000000000000, 0.0000000000000000000, 0.0000000000000000000 ) ) ;
#6245 = CARTESIAN_POINT ( 'NONE',  ( -0.8750000000000001100, 2.300398605410600300, 0.6749999999999831700 ) ) ;
#6246 = LINE ( 'NONE', #7965, #3634 ) ;
#6247 = VERTEX_POINT ( 'NONE', #6096 ) ;
#6248 =( GEOMETRIC_REPRESENTATION_CONTEXT ( 3 ) GLOBAL_UNCERTAINTY_ASSIGNED_CONTEXT ( ( #2772 ) ) GLOBAL_UNIT_ASSIGNED_CONTEXT ( ( #3934, #2647, #6540 ) ) REPRESENTATION_CONTEXT ( 'NONE', 'WORKASPACE' ) );
#6249 = SURFACE_STYLE_FILL_AREA ( #6740 ) ;
#6250 = ORIENTED_EDGE ( 'NONE', *, *, #3825, .F. ) ;
#6251 = EDGE_CURVE ( 'NONE', #7473, #5088, #3024, .T. ) ;
#6252 = VERTEX_POINT ( 'NONE', #3043 ) ;
#6253 = FILL_AREA_STYLE ('',( #4230 ) ) ;
#6254 = DIRECTION ( 'NONE',  ( -0.1378445374916252300, 0.1378445374916255100, -0.9808148484639900300 ) ) ;
#6255 = CARTESIAN_POINT ( 'NONE',  ( -1.714999999999999900, -2.982568851450467600, 0.0000000000000000000 ) ) ;
#6256 = EDGE_CURVE ( 'NONE', #7922, #7852, #1839, .T. ) ;
#6257 =( LENGTH_UNIT ( ) NAMED_UNIT ( * ) SI_UNIT ( .MILLI., .METRE. ) );
#6258 = LINE ( 'NONE', #921, #6071 ) ;
#6259 = VERTEX_POINT ( 'NONE', #1178 ) ;
#6260 = AXIS2_PLACEMENT_3D ( 'NONE', #1802, #1176, #1152 ) ;
#6261 = COLOUR_RGB ( '',1.000000000000000000, 1.000000000000000000, 1.000000000000000000 ) ;
#6262 = EDGE_CURVE ( 'NONE', #682, #565, #349, .T. ) ;
#6263 = CARTESIAN_POINT ( 'NONE',  ( -0.8250000000000001800, -2.200398605410600200, 0.7749999999999831500 ) ) ;
#6264 = AXIS2_PLACEMENT_3D ( 'NONE', #283, #342, #4743 ) ;
#6265 = SURFACE_STYLE_USAGE ( .BOTH. , #1924 ) ;
#6266 = DIRECTION ( 'NONE',  ( -1.000000000000000000, 0.0000000000000000000, -0.0000000000000000000 ) ) ;
#6267 = VECTOR ( 'NONE', #4514, 1000.000000000000000 ) ;
#6268 = COLOUR_RGB ( '',1.000000000000000000, 1.000000000000000000, 1.000000000000000000 ) ;
#6269 = CARTESIAN_POINT ( 'NONE',  ( -1.664999999999999800, -2.300398605410600300, 0.6749999999999831700 ) ) ;
#6270 = FILL_AREA_STYLE ('',( #1929 ) ) ;
#6271 = MECHANICAL_DESIGN_GEOMETRIC_PRESENTATION_REPRESENTATION (  '', ( #1900 ), #1965 ) ;
#6272 = DIRECTION ( 'NONE',  ( 0.0000000000000000000, 0.0000000000000000000, 1.000000000000000000 ) ) ;
#6273 = DIRECTION ( 'NONE',  ( -1.000000000000000000, 0.0000000000000000000, 0.0000000000000000000 ) ) ;
#6274 = CARTESIAN_POINT ( 'NONE',  ( 2.337567332238086800, -1.587567332238086800, 1.575000000000000000 ) ) ;
#6275 = STYLED_ITEM ( 'NONE', ( #5226 ), #6646 ) ;
#6276 = PRESENTATION_STYLE_ASSIGNMENT (( #7592 ) ) ;
#6277 = CARTESIAN_POINT ( 'NONE',  ( 2.145000000000000000, 2.200398605410600200, 0.6749999999999831700 ) ) ;
#6278 = DIRECTION ( 'NONE',  ( 0.0000000000000000000, -1.000000000000000000, -1.501620008892423100E-013 ) ) ;
#6279 =( LENGTH_UNIT ( ) NAMED_UNIT ( * ) SI_UNIT ( .MILLI., .METRE. ) );
#6280 = DIRECTION ( 'NONE',  ( 0.0000000000000000000, 0.0000000000000000000, 1.000000000000000000 ) ) ;
#6281 =( GEOMETRIC_REPRESENTATION_CONTEXT ( 3 ) GLOBAL_UNCERTAINTY_ASSIGNED_CONTEXT ( ( #2671 ) ) GLOBAL_UNIT_ASSIGNED_CONTEXT ( ( #12, #3103, #7434 ) ) REPRESENTATION_CONTEXT ( 'NONE', 'WORKASPACE' ) );
#6282 = UNCERTAINTY_MEASURE_WITH_UNIT (LENGTH_MEASURE( 1.000000000000000100E-005 ), #423, 'distance_accuracy_value', 'NONE');
#6283 = VERTEX_POINT ( 'NONE', #2490 ) ;
#6284 = CYLINDRICAL_SURFACE ( 'NONE', #4898, 0.09999999999999988100 ) ;
#6285 = DIRECTION ( 'NONE',  ( 0.0000000000000000000, 0.0000000000000000000, -1.000000000000000000 ) ) ;
#6286 = SURFACE_STYLE_USAGE ( .BOTH. , #5699 ) ;
#6287 = SURFACE_SIDE_STYLE ('',( #611 ) ) ;
#6288 = AXIS2_PLACEMENT_3D ( 'NONE', #605, #1212, #3123 ) ;
#6289 = ORIENTED_EDGE ( 'NONE', *, *, #280, .F. ) ;
#6290 = CARTESIAN_POINT ( 'NONE',  ( -0.8250000000000001800, 2.200398605410600200, 0.9749999999999531300 ) ) ;
#6291 = EDGE_CURVE ( 'NONE', #4871, #3041, #1635, .T. ) ;
#6292 =( LENGTH_UNIT ( ) NAMED_UNIT ( * ) SI_UNIT ( .MILLI., .METRE. ) );
#6293 = DIRECTION ( 'NONE',  ( 1.000000000000000000, 0.0000000000000000000, 0.0000000000000000000 ) ) ;
#6294 = LINE ( 'NONE', #4317, #2025 ) ;
#6295 = EDGE_CURVE ( 'NONE', #4223, #2972, #3208, .T. ) ;
#6296 = ORIENTED_EDGE ( 'NONE', *, *, #4301, .T. ) ;
#6297 = LINE ( 'NONE', #5407, #7716 ) ;
#6298 = VECTOR ( 'NONE', #3893, 1000.000000000000000 ) ;
#6299 = VERTEX_POINT ( 'NONE', #5471 ) ;
#6300 = CARTESIAN_POINT ( 'NONE',  ( -0.8250000000000001800, 2.500398605410600000, 0.6749999999999530800 ) ) ;
#6301 = PRESENTATION_STYLE_ASSIGNMENT (( #3213 ) ) ;
#6303 = AXIS2_PLACEMENT_3D ( 'NONE', #4242, #3023, #7328 ) ;
#6302 = CARTESIAN_POINT ( 'NONE',  ( -1.714999999999999900, 1.950000000000000000, 0.7749999999999831500 ) ) ;
#6304 = CARTESIAN_POINT ( 'NONE',  ( -1.714999999999999900, -1.950000000000000000, 0.7749999999999831500 ) ) ;
#6305 = EDGE_CURVE ( 'NONE', #1750, #855, #4570, .T. ) ;
#6306 = DIRECTION ( 'NONE',  ( -1.000000000000000000, -0.0000000000000000000, -0.0000000000000000000 ) ) ;
#6307 = ORIENTED_EDGE ( 'NONE', *, *, #6291, .F. ) ;
#6308 = ORIENTED_EDGE ( 'NONE', *, *, #5667, .T. ) ;
#6309 = STYLED_ITEM ( 'NONE', ( #69 ), #5291 ) ;
#6310 =( LENGTH_UNIT ( ) NAMED_UNIT ( * ) SI_UNIT ( .MILLI., .METRE. ) );
#6311 = ORIENTED_EDGE ( 'NONE', *, *, #7955, .F. ) ;
#6312 = COLOUR_RGB ( '',1.000000000000000000, 1.000000000000000000, 1.000000000000000000 ) ;
#6313 =( NAMED_UNIT ( * ) SI_UNIT ( $, .STERADIAN. ) SOLID_ANGLE_UNIT ( ) );
#6314 = CYLINDRICAL_SURFACE ( 'NONE', #5233, 0.09999999999999988100 ) ;
#6315 = COLOUR_RGB ( '',1.000000000000000000, 1.000000000000000000, 1.000000000000000000 ) ;
#6316 =( NAMED_UNIT ( * ) SI_UNIT ( $, .STERADIAN. ) SOLID_ANGLE_UNIT ( ) );
#6317 = ORIENTED_EDGE ( 'NONE', *, *, #1332, .F. ) ;
#6318 =( NAMED_UNIT ( * ) SI_UNIT ( $, .STERADIAN. ) SOLID_ANGLE_UNIT ( ) );
#6319 = AXIS2_PLACEMENT_3D ( 'NONE', #1001, #3492, #7879 ) ;
#6320 = VERTEX_POINT ( 'NONE', #2514 ) ;
#6321 = ADVANCED_FACE ( 'NONE', ( #5356 ), #4923, .F. ) ;
#6322 = DIRECTION ( 'NONE',  ( -1.000000000000000000, -0.0000000000000000000, -0.0000000000000000000 ) ) ;
#6323 = DIRECTION ( 'NONE',  ( 0.0000000000000000000, 0.0000000000000000000, 1.000000000000000000 ) ) ;
#6324 = ORIENTED_EDGE ( 'NONE', *, *, #3557, .F. ) ;
#6325 = CYLINDRICAL_SURFACE ( 'NONE', #5531, 0.09999999999999993600 ) ;
#6326 = ORIENTED_EDGE ( 'NONE', *, *, #3082, .F. ) ;
#6327 = VERTEX_POINT ( 'NONE', #6510 ) ;
#6328 = DIRECTION ( 'NONE',  ( -1.000000000000000000, 0.0000000000000000000, -0.0000000000000000000 ) ) ;
#6329 = SURFACE_STYLE_USAGE ( .BOTH. , #5708 ) ;
#6330 = ORIENTED_EDGE ( 'NONE', *, *, #5501, .F. ) ;
#6331 = PRESENTATION_LAYER_ASSIGNMENT (  '', '', ( #5871 ) ) ;
#6332 = VECTOR ( 'NONE', #2141, 1000.000000000000000 ) ;
#6333 = EDGE_LOOP ( 'NONE', ( #2941, #5832, #4022, #1573, #7078, #79, #6412, #2749 ) ) ;
#6334 = CARTESIAN_POINT ( 'NONE',  ( -0.4450000000000000600, -2.500398605410600000, 0.3345815153284070200 ) ) ;
#6335 = MECHANICAL_DESIGN_GEOMETRIC_PRESENTATION_REPRESENTATION (  '', ( #601 ), #5320 ) ;
#6336 = EDGE_LOOP ( 'NONE', ( #4956, #6426, #3390, #366 ) ) ;
#6337 = DIRECTION ( 'NONE',  ( 0.0000000000000000000, -1.000000000000000000, -1.501620008892423400E-013 ) ) ;
#6338 = COLOUR_RGB ( '',1.000000000000000000, 1.000000000000000000, 1.000000000000000000 ) ;
#6339 = VERTEX_POINT ( 'NONE', #8008 ) ;
#6340 = CARTESIAN_POINT ( 'NONE',  ( -1.600000000000000300, -0.9499999999999998400, 1.575000000000000000 ) ) ;
#6341 = VERTEX_POINT ( 'NONE', #4853 ) ;
#6342 = SURFACE_STYLE_USAGE ( .BOTH. , #1391 ) ;
#6343 = FACE_OUTER_BOUND ( 'NONE', #4017, .T. ) ;
#6344 = EDGE_CURVE ( 'NONE', #6402, #3117, #3105, .T. ) ;
#6345 = EDGE_LOOP ( 'NONE', ( #7715, #582, #6317, #7762 ) ) ;
#6346 =( NAMED_UNIT ( * ) SI_UNIT ( $, .STERADIAN. ) SOLID_ANGLE_UNIT ( ) );
#6347 = DIRECTION ( 'NONE',  ( -1.000000000000000000, 0.0000000000000000000, -0.0000000000000000000 ) ) ;
#6348 =( NAMED_UNIT ( * ) PLANE_ANGLE_UNIT ( ) SI_UNIT ( $, .RADIAN. ) );
#6349 = VECTOR ( 'NONE', #3465, 1000.000000000000000 ) ;
#6350 = ORIENTED_EDGE ( 'NONE', *, *, #114, .F. ) ;
#6351 = VECTOR ( 'NONE', #7031, 1000.000000000000000 ) ;
#6352 = AXIS2_PLACEMENT_3D ( 'NONE', #4712, #1588, #5118 ) ;
#6353 = DIRECTION ( 'NONE',  ( -0.0000000000000000000, -0.0000000000000000000, 1.000000000000000000 ) ) ;
#6354 = SURFACE_STYLE_USAGE ( .BOTH. , #3843 ) ;
#6355 = DIRECTION ( 'NONE',  ( 1.000000000000000000, 0.0000000000000000000, -0.0000000000000000000 ) ) ;
#6356 = EDGE_CURVE ( 'NONE', #119, #2070, #5923, .T. ) ;
#6357 = DIRECTION ( 'NONE',  ( -1.000000000000000000, 0.0000000000000000000, -0.0000000000000000000 ) ) ;
#6358 = CIRCLE ( 'NONE', #3318, 0.09999999999999988100 ) ;
#6359 = SURFACE_SIDE_STYLE ('',( #232 ) ) ;
#6360 = ADVANCED_FACE ( 'NONE', ( #7618 ), #2022, .F. ) ;
#6361 = EDGE_CURVE ( 'NONE', #2546, #1256, #3595, .T. ) ;
#6362 = UNCERTAINTY_MEASURE_WITH_UNIT (LENGTH_MEASURE( 1.000000000000000100E-005 ), #4806, 'distance_accuracy_value', 'NONE');
#6363 =( GEOMETRIC_REPRESENTATION_CONTEXT ( 3 ) GLOBAL_UNCERTAINTY_ASSIGNED_CONTEXT ( ( #5112 ) ) GLOBAL_UNIT_ASSIGNED_CONTEXT ( ( #2110, #636, #2592 ) ) REPRESENTATION_CONTEXT ( 'NONE', 'WORKASPACE' ) );
#6364 = LINE ( 'NONE', #2035, #1101 ) ;
#6365 = VECTOR ( 'NONE', #2388, 1000.000000000000000 ) ;
#6366 = EDGE_CURVE ( 'NONE', #2471, #2039, #2138, .T. ) ;
#6367 = PLANE ( 'NONE',  #1679 ) ;
#6368 = AXIS2_PLACEMENT_3D ( 'NONE', #1313, #4449, #6950 ) ;
#6369 = SURFACE_STYLE_USAGE ( .BOTH. , #6980 ) ;
#6370 =( NAMED_UNIT ( * ) SI_UNIT ( $, .STERADIAN. ) SOLID_ANGLE_UNIT ( ) );
#6371 = CIRCLE ( 'NONE', #6077, 0.09999999999999982500 ) ;
#6372 = AXIS2_PLACEMENT_3D ( 'NONE', #7581, #214, #758 ) ;
#6373 = FILL_AREA_STYLE ('',( #850 ) ) ;
#6374 = CARTESIAN_POINT ( 'NONE',  ( -1.714999999999999900, -2.500398605410600000, 0.3345815153284070200 ) ) ;
#6375 = AXIS2_PLACEMENT_3D ( 'NONE', #1561, #1490, #876 ) ;
#6376 = VECTOR ( 'NONE', #7575, 1000.000000000000000 ) ;
#6377 = UNCERTAINTY_MEASURE_WITH_UNIT (LENGTH_MEASURE( 1.000000000000000100E-005 ), #1220, 'distance_accuracy_value', 'NONE');
#6378 = ORIENTED_EDGE ( 'NONE', *, *, #1275, .F. ) ;
#6379 = UNCERTAINTY_MEASURE_WITH_UNIT (LENGTH_MEASURE( 1.000000000000000100E-005 ), #7873, 'distance_accuracy_value', 'NONE');
#6380 = PRESENTATION_STYLE_ASSIGNMENT (( #3281 ) ) ;
#6381 = SURFACE_STYLE_FILL_AREA ( #1073 ) ;
#6382 = AXIS2_PLACEMENT_3D ( 'NONE', #6201, #2536, #2515 ) ;
#6383 = DIRECTION ( 'NONE',  ( -1.000000000000000000, 0.0000000000000000000, 0.0000000000000000000 ) ) ;
#6384 = FILL_AREA_STYLE ('',( #5114 ) ) ;
#6385 = ORIENTED_EDGE ( 'NONE', *, *, #1935, .T. ) ;
#6386 = SURFACE_SIDE_STYLE ('',( #4418 ) ) ;
#6387 = CARTESIAN_POINT ( 'NONE',  ( 0.8750000000000001100, 2.300398605410600300, 0.6749999999999831700 ) ) ;
#6388 = SURFACE_STYLE_USAGE ( .BOTH. , #1557 ) ;
#6389 = VECTOR ( 'NONE', #1645, 1000.000000000000000 ) ;
#6390 =( GEOMETRIC_REPRESENTATION_CONTEXT ( 3 ) GLOBAL_UNCERTAINTY_ASSIGNED_CONTEXT ( ( #4960 ) ) GLOBAL_UNIT_ASSIGNED_CONTEXT ( ( #3942, #4575, #1437 ) ) REPRESENTATION_CONTEXT ( 'NONE', 'WORKASPACE' ) );
#6391 = ADVANCED_FACE ( 'NONE', ( #5053 ), #664, .F. ) ;
#6392 = CARTESIAN_POINT ( 'NONE',  ( -0.4450000000000000600, 2.200398605410600200, 0.7749999999999831500 ) ) ;
#6393 = FILL_AREA_STYLE_COLOUR ( '', #718 ) ;
#6394 = EDGE_CURVE ( 'NONE', #5739, #2733, #4182, .T. ) ;
#6395 = ORIENTED_EDGE ( 'NONE', *, *, #6251, .F. ) ;
#6396 = LINE ( 'NONE', #2983, #6023 ) ;
#6397 = ORIENTED_EDGE ( 'NONE', *, *, #4482, .F. ) ;
#6398 = COLOUR_RGB ( '',1.000000000000000000, 1.000000000000000000, 1.000000000000000000 ) ;
#6399 = FILL_AREA_STYLE_COLOUR ( '', #4015 ) ;
#6400 = DIRECTION ( 'NONE',  ( 0.0000000000000000000, 0.0000000000000000000, -1.000000000000000000 ) ) ;
#6401 = EDGE_CURVE ( 'NONE', #4876, #2127, #2033, .T. ) ;
#6402 = VERTEX_POINT ( 'NONE', #5107 ) ;
#6403 = DIRECTION ( 'NONE',  ( -1.000000000000000000, -0.0000000000000000000, -0.0000000000000000000 ) ) ;
#6405 = PRESENTATION_LAYER_ASSIGNMENT (  '', '', ( #8043 ) ) ;
#6404 = DIRECTION ( 'NONE',  ( -1.000000000000000000, -0.0000000000000000000, -0.0000000000000000000 ) ) ;
#6406 = VERTEX_POINT ( 'NONE', #3267 ) ;
#6407 = EDGE_CURVE ( 'NONE', #5771, #1171, #1738, .T. ) ;
#6408 = VERTEX_POINT ( 'NONE', #4388 ) ;
#6409 = VERTEX_POINT ( 'NONE', #717 ) ;
#6410 =( LENGTH_UNIT ( ) NAMED_UNIT ( * ) SI_UNIT ( .MILLI., .METRE. ) );
#6411 = CIRCLE ( 'NONE', #1509, 0.09999999999999993600 ) ;
#6412 = ORIENTED_EDGE ( 'NONE', *, *, #4837, .T. ) ;
#6413 = DIRECTION ( 'NONE',  ( -1.000000000000000000, 0.0000000000000000000, 0.0000000000000000000 ) ) ;
#6414 = ORIENTED_EDGE ( 'NONE', *, *, #2990, .F. ) ;
#6415 = VECTOR ( 'NONE', #531, 1000.000000000000000 ) ;
#6416 = CARTESIAN_POINT ( 'NONE',  ( 1.714999999999999900, 2.300398605410600300, 0.6749999999999831700 ) ) ;
#6417 = CARTESIAN_POINT ( 'NONE',  ( -0.3949999999999999600, -2.230398605410600400, 0.7703939201416775100 ) ) ;
#6418 = COLOUR_RGB ( '',1.000000000000000000, 1.000000000000000000, 1.000000000000000000 ) ;
#6419 = ORIENTED_EDGE ( 'NONE', *, *, #1189, .T. ) ;
#6420 =( GEOMETRIC_REPRESENTATION_CONTEXT ( 3 ) GLOBAL_UNCERTAINTY_ASSIGNED_CONTEXT ( ( #6379 ) ) GLOBAL_UNIT_ASSIGNED_CONTEXT ( ( #7873, #468, #2308 ) ) REPRESENTATION_CONTEXT ( 'NONE', 'WORKASPACE' ) );
#6421 = ORIENTED_EDGE ( 'NONE', *, *, #6820, .F. ) ;
#6422 = PRESENTATION_LAYER_ASSIGNMENT (  '', '', ( #6020 ) ) ;
#6423 = DIRECTION ( 'NONE',  ( 0.0000000000000000000, 0.0000000000000000000, 1.000000000000000000 ) ) ;
#6424 = CIRCLE ( 'NONE', #1534, 0.2999999999999999300 ) ;
#6425 = CARTESIAN_POINT ( 'NONE',  ( 1.665000000000000000, -2.500398605410600000, 0.6749999999999530800 ) ) ;
#6426 = ORIENTED_EDGE ( 'NONE', *, *, #5524, .F. ) ;
#6427 = CYLINDRICAL_SURFACE ( 'NONE', #3673, 0.3000000000000001600 ) ;
#6428 = FILL_AREA_STYLE_COLOUR ( '', #6211 ) ;
#6429 = DIRECTION ( 'NONE',  ( 0.0000000000000000000, 0.0000000000000000000, 1.000000000000000000 ) ) ;
#6430 = ORIENTED_EDGE ( 'NONE', *, *, #1340, .F. ) ;
#6431 = PRESENTATION_LAYER_ASSIGNMENT (  '', '', ( #4109 ) ) ;
#6432 = DIRECTION ( 'NONE',  ( -0.9902680687415695800, 0.0000000000000000000, 0.1391731009600712700 ) ) ;
#6433 = VECTOR ( 'NONE', #7115, 1000.000000000000000 ) ;
#6434 =( NAMED_UNIT ( * ) SI_UNIT ( $, .STERADIAN. ) SOLID_ANGLE_UNIT ( ) );
#6435 = EDGE_LOOP ( 'NONE', ( #1667, #5346, #692, #2719 ) ) ;
#6436 = ORIENTED_EDGE ( 'NONE', *, *, #5535, .F. ) ;
#6437 = ADVANCED_FACE ( 'NONE', ( #846 ), #1938, .F. ) ;
#6438 =( NAMED_UNIT ( * ) SI_UNIT ( $, .STERADIAN. ) SOLID_ANGLE_UNIT ( ) );
#6439 = CARTESIAN_POINT ( 'NONE',  ( -1.714999999999999900, 2.300398605410600300, 0.6749999999999831700 ) ) ;
#6440 = ORIENTED_EDGE ( 'NONE', *, *, #7894, .T. ) ;
#6441 = COLOUR_RGB ( '',1.000000000000000000, 1.000000000000000000, 1.000000000000000000 ) ;
#6442 = CARTESIAN_POINT ( 'NONE',  ( 0.8750000000000001100, 2.290398605410596000, 0.9611817604250529900 ) ) ;
#6443 = LINE ( 'NONE', #5319, #1784 ) ;
#6444 = CARTESIAN_POINT ( 'NONE',  ( -1.664999999999999800, 2.230398605410600400, 0.7703939201416775100 ) ) ;
#6445 = FACE_OUTER_BOUND ( 'NONE', #1503, .T. ) ;
#6446 =( LENGTH_UNIT ( ) NAMED_UNIT ( * ) SI_UNIT ( .MILLI., .METRE. ) );
#6447 = FACE_BOUND ( 'NONE', #4476, .T. ) ;
#6448 = VECTOR ( 'NONE', #3723, 1000.000000000000000 ) ;
#6449 = ADVANCED_FACE ( 'NONE', ( #1526 ), #5661, .T. ) ;
#6450 = DIRECTION ( 'NONE',  ( 1.000000000000000000, -0.0000000000000000000, -0.0000000000000000000 ) ) ;
#6451 = FILL_AREA_STYLE ('',( #5837 ) ) ;
#6452 = EDGE_CURVE ( 'NONE', #5077, #6827, #7920, .T. ) ;
#6453 = SURFACE_SIDE_STYLE ('',( #2214 ) ) ;
#6454 = LINE ( 'NONE', #1159, #6750 ) ;
#6455 = AXIS2_PLACEMENT_3D ( 'NONE', #7941, #521, #6699 ) ;
#6456 = SURFACE_STYLE_USAGE ( .BOTH. , #5844 ) ;
#6457 = CARTESIAN_POINT ( 'NONE',  ( 2.095000000000000200, -2.600398605410600100, 0.3345815153284071300 ) ) ;
#6458 = EDGE_CURVE ( 'NONE', #3224, #4781, #4669, .T. ) ;
#6459 = CARTESIAN_POINT ( 'NONE',  ( -1.664999999999999800, 2.290398605410596000, 0.9611817604250529900 ) ) ;
#6460 =( GEOMETRIC_REPRESENTATION_CONTEXT ( 3 ) GLOBAL_UNCERTAINTY_ASSIGNED_CONTEXT ( ( #466 ) ) GLOBAL_UNIT_ASSIGNED_CONTEXT ( ( #2123, #218, #3393 ) ) REPRESENTATION_CONTEXT ( 'NONE', 'WORKASPACE' ) );
#6461 = LINE ( 'NONE', #3161, #1708 ) ;
#6462 = PLANE ( 'NONE',  #2942 ) ;
#6463 = STYLED_ITEM ( 'NONE', ( #4493 ), #4751 ) ;
#6464 = FILL_AREA_STYLE_COLOUR ( '', #4548 ) ;
#6465 = CARTESIAN_POINT ( 'NONE',  ( -1.664999999999999800, 2.500398605410600000, 0.6749999999999530800 ) ) ;
#6466 = AXIS2_PLACEMENT_3D ( 'NONE', #4123, #2968, #4090 ) ;
#6467 = EDGE_CURVE ( 'NONE', #6857, #4820, #3688, .T. ) ;
#6468 = DIRECTION ( 'NONE',  ( 0.0000000000000000000, 0.0000000000000000000, 1.000000000000000000 ) ) ;
#6469 =( GEOMETRIC_REPRESENTATION_CONTEXT ( 3 ) GLOBAL_UNCERTAINTY_ASSIGNED_CONTEXT ( ( #811 ) ) GLOBAL_UNIT_ASSIGNED_CONTEXT ( ( #7417, #4335, #5588 ) ) REPRESENTATION_CONTEXT ( 'NONE', 'WORKASPACE' ) );
#6470 = DIRECTION ( 'NONE',  ( 0.0000000000000000000, 0.0000000000000000000, 1.000000000000000000 ) ) ;
#6471 = DIRECTION ( 'NONE',  ( 0.0000000000000000000, -0.1391731009600621100, 0.9902680687415708100 ) ) ;
#6472 = ORIENTED_EDGE ( 'NONE', *, *, #3983, .T. ) ;
#6473 = ADVANCED_FACE ( 'NONE', ( #4276 ), #7042, .F. ) ;
#6474 = FILL_AREA_STYLE_COLOUR ( '', #7694 ) ;
#6475 =( NAMED_UNIT ( * ) PLANE_ANGLE_UNIT ( ) SI_UNIT ( $, .RADIAN. ) );
#6476 = CARTESIAN_POINT ( 'NONE',  ( -1.714999999999999900, -2.200398605410600200, 0.6749999999999831700 ) ) ;
#6477 = UNCERTAINTY_MEASURE_WITH_UNIT (LENGTH_MEASURE( 1.000000000000000100E-005 ), #2113, 'distance_accuracy_value', 'NONE');
#6478 = CARTESIAN_POINT ( 'NONE',  ( 0.4449999999999998400, 2.230398605410600400, 0.7703939201416775100 ) ) ;
#6479 = CARTESIAN_POINT ( 'NONE',  ( -2.450000000000000200, 1.950000000000000000, 0.7749999999999805900 ) ) ;
#6480 = EDGE_LOOP ( 'NONE', ( #1359, #7870, #4892, #2741, #3309, #4891, #3737, #2174 ) ) ;
#6481 = CIRCLE ( 'NONE', #4346, 0.09999999999999988100 ) ;
#6482 = VECTOR ( 'NONE', #3522, 1000.000000000000000 ) ;
#6483 = SURFACE_STYLE_USAGE ( .BOTH. , #2168 ) ;
#6484 = LINE ( 'NONE', #4953, #5151 ) ;
#6485 = ADVANCED_FACE ( 'NONE', ( #7061 ), #3491, .T. ) ;
#6486 = EDGE_CURVE ( 'NONE', #3147, #5541, #5447, .T. ) ;
#6487 = VECTOR ( 'NONE', #5660, 1000.000000000000000 ) ;
#6488 =( GEOMETRIC_REPRESENTATION_CONTEXT ( 3 ) GLOBAL_UNCERTAINTY_ASSIGNED_CONTEXT ( ( #6377 ) ) GLOBAL_UNIT_ASSIGNED_CONTEXT ( ( #1220, #2529, #4964 ) ) REPRESENTATION_CONTEXT ( 'NONE', 'WORKASPACE' ) );
#6489 = ORIENTED_EDGE ( 'NONE', *, *, #3079, .F. ) ;
#6490 = CARTESIAN_POINT ( 'NONE',  ( 2.095000000000000200, 2.574251882586301200, 0.03572310590088358800 ) ) ;
#6491 = COLOUR_RGB ( '',1.000000000000000000, 1.000000000000000000, 1.000000000000000000 ) ;
#6492 = PRESENTATION_STYLE_ASSIGNMENT (( #15 ) ) ;
#6493 = PLANE ( 'NONE',  #7250 ) ;
#6494 = ORIENTED_EDGE ( 'NONE', *, *, #5441, .F. ) ;
#6495 = SURFACE_STYLE_FILL_AREA ( #2814 ) ;
#6496 = CARTESIAN_POINT ( 'NONE',  ( -2.145000000000000000, -2.290398605410596000, 0.9611817604250529900 ) ) ;
#6497 = SURFACE_STYLE_FILL_AREA ( #4148 ) ;
#6498 = DIRECTION ( 'NONE',  ( 0.0000000000000000000, -0.3000000000000002700, 0.9539392014169455500 ) ) ;
#6499 = VERTEX_POINT ( 'NONE', #200 ) ;
#6500 = DIRECTION ( 'NONE',  ( 0.0000000000000000000, 0.0000000000000000000, -1.000000000000000000 ) ) ;
#6501 = ORIENTED_EDGE ( 'NONE', *, *, #71, .T. ) ;
#6502 = ORIENTED_EDGE ( 'NONE', *, *, #7665, .T. ) ;
#6503 = STYLED_ITEM ( 'NONE', ( #22 ), #3437 ) ;
#6504 = CARTESIAN_POINT ( 'NONE',  ( 0.8750000000000001100, 2.300398605410600300, 0.6749999999999831700 ) ) ;
#6505 = CARTESIAN_POINT ( 'NONE',  ( -1.714999999999999900, -2.591683031135834100, 0.2349620455192325500 ) ) ;
#6506 = EDGE_CURVE ( 'NONE', #7015, #430, #4563, .T. ) ;
#6507 = CIRCLE ( 'NONE', #5510, 0.09999999999999982500 ) ;
#6508 = LINE ( 'NONE', #4299, #1061 ) ;
#6509 = EDGE_LOOP ( 'NONE', ( #3112, #3679, #4583, #3897 ) ) ;
#6510 = CARTESIAN_POINT ( 'NONE',  ( 0.8249999999999999600, -2.200398605410600200, 0.7749999999999831500 ) ) ;
#6511 = CARTESIAN_POINT ( 'NONE',  ( 1.665000000000000000, -2.290398605410596000, 0.9611817604250529900 ) ) ;
#6512 = PLANE ( 'NONE',  #869 ) ;
#6513 = ORIENTED_EDGE ( 'NONE', *, *, #6856, .T. ) ;
#6514 =( LENGTH_UNIT ( ) NAMED_UNIT ( * ) SI_UNIT ( .MILLI., .METRE. ) );
#6515 = EDGE_CURVE ( 'NONE', #1939, #484, #7249, .T. ) ;
#6516 = PRESENTATION_STYLE_ASSIGNMENT (( #7850 ) ) ;
#6517 = EDGE_CURVE ( 'NONE', #7373, #5963, #4360, .T. ) ;
#6518 = ORIENTED_EDGE ( 'NONE', *, *, #2109, .F. ) ;
#6519 = ORIENTED_EDGE ( 'NONE', *, *, #7116, .F. ) ;
#6520 = DIRECTION ( 'NONE',  ( -1.000000000000000000, 0.0000000000000000000, -0.0000000000000000000 ) ) ;
#6521 = VECTOR ( 'NONE', #5279, 1000.000000000000000 ) ;
#6522 = VERTEX_POINT ( 'NONE', #3922 ) ;
#6523 = EDGE_CURVE ( 'NONE', #5492, #3611, #5149, .T. ) ;
#6524 = VERTEX_POINT ( 'NONE', #1412 ) ;
#6525 = ADVANCED_FACE ( 'NONE', ( #5045 ), #7612, .T. ) ;
#6526 = DIRECTION ( 'NONE',  ( -1.000000000000000000, -0.0000000000000000000, -0.0000000000000000000 ) ) ;
#6527 = DIRECTION ( 'NONE',  ( 0.0000000000000000000, -1.000000000000000000, 1.501620008892423400E-013 ) ) ;
#6528 = STYLED_ITEM ( 'NONE', ( #2058 ), #5886 ) ;
#6529 = CYLINDRICAL_SURFACE ( 'NONE', #567, 0.09999999999999988100 ) ;
#6530 =( NAMED_UNIT ( * ) PLANE_ANGLE_UNIT ( ) SI_UNIT ( $, .RADIAN. ) );
#6531 = ORIENTED_EDGE ( 'NONE', *, *, #4380, .F. ) ;
#6532 = CARTESIAN_POINT ( 'NONE',  ( 2.095000000000000200, -2.600398605410600100, 0.3345815153284070800 ) ) ;
#6533 = ORIENTED_EDGE ( 'NONE', *, *, #5115, .F. ) ;
#6534 = CARTESIAN_POINT ( 'NONE',  ( -0.3949999999999999600, -2.230398605410600400, 0.7703939201416775100 ) ) ;
#6535 = DIRECTION ( 'NONE',  ( -0.0000000000000000000, -1.000000000000000000, -0.0000000000000000000 ) ) ;
#6536 = AXIS2_PLACEMENT_3D ( 'NONE', #607, #5508, #506 ) ;
#6537 = ORIENTED_EDGE ( 'NONE', *, *, #4448, .T. ) ;
#6538 = UNCERTAINTY_MEASURE_WITH_UNIT (LENGTH_MEASURE( 1.000000000000000100E-005 ), #5024, 'distance_accuracy_value', 'NONE');
#6539 = VERTEX_POINT ( 'NONE', #5770 ) ;
#6540 =( NAMED_UNIT ( * ) SI_UNIT ( $, .STERADIAN. ) SOLID_ANGLE_UNIT ( ) );
#6541 = ADVANCED_FACE ( 'NONE', ( #1409 ), #7183, .T. ) ;
#6542 = ORIENTED_EDGE ( 'NONE', *, *, #1378, .T. ) ;
#6543 =( NAMED_UNIT ( * ) SI_UNIT ( $, .STERADIAN. ) SOLID_ANGLE_UNIT ( ) );
#6544 = PRESENTATION_LAYER_ASSIGNMENT (  '', '', ( #2558 ) ) ;
#6545 = CARTESIAN_POINT ( 'NONE',  ( -2.450000000000000200, 1.950000000000000000, 0.1749999999999999900 ) ) ;
#6546 = ORIENTED_EDGE ( 'NONE', *, *, #3714, .T. ) ;
#6547 = DIRECTION ( 'NONE',  ( -1.000000000000000000, 0.0000000000000000000, 0.0000000000000000000 ) ) ;
#6548 = PLANE ( 'NONE',  #6810 ) ;
#6549 = DIRECTION ( 'NONE',  ( 0.0000000000000000000, 0.9961946980917452100, 0.08715574274766146900 ) ) ;
#6550 = SURFACE_STYLE_FILL_AREA ( #7795 ) ;
#6551 = MECHANICAL_DESIGN_GEOMETRIC_PRESENTATION_REPRESENTATION (  '', ( #1812 ), #4585 ) ;
#6552 = COLOUR_RGB ( '',1.000000000000000000, 1.000000000000000000, 1.000000000000000000 ) ;
#6553 = ORIENTED_EDGE ( 'NONE', *, *, #1497, .T. ) ;
#6554 =( NAMED_UNIT ( * ) SI_UNIT ( $, .STERADIAN. ) SOLID_ANGLE_UNIT ( ) );
#6555 = FILL_AREA_STYLE_COLOUR ( '', #7305 ) ;
#6556 = SURFACE_STYLE_USAGE ( .BOTH. , #5904 ) ;
#6557 = STYLED_ITEM ( 'NONE', ( #1147 ), #7793 ) ;
#6558 = CARTESIAN_POINT ( 'NONE',  ( 2.095000000000000200, -2.591683031135834100, 0.2349620455192325500 ) ) ;
#6559 = LINE ( 'NONE', #5830, #5119 ) ;
#6560 = PRESENTATION_STYLE_ASSIGNMENT (( #1285 ) ) ;
#6561 = AXIS2_PLACEMENT_3D ( 'NONE', #198, #2195, #253 ) ;
#6562 = EDGE_CURVE ( 'NONE', #338, #4590, #6015, .T. ) ;
#6563 = CARTESIAN_POINT ( 'NONE',  ( 1.714999999999999900, -2.290398605410591600, 0.9611817604250397800 ) ) ;
#6564 = CARTESIAN_POINT ( 'NONE',  ( 1.665000000000000000, 2.500398605410600000, 0.6749999999999530800 ) ) ;
#6565 = SURFACE_SIDE_STYLE ('',( #1715 ) ) ;
#6566 = ADVANCED_FACE ( 'NONE', ( #1729 ), #4119, .F. ) ;
#6567 = EDGE_CURVE ( 'NONE', #2546, #338, #1304, .T. ) ;
#6568 = DIRECTION ( 'NONE',  ( 0.0000000000000000000, 1.000000000000000000, 1.501620008892423400E-013 ) ) ;
#6569 = AXIS2_PLACEMENT_3D ( 'NONE', #6173, #7393, #5534 ) ;
#6570 = FILL_AREA_STYLE ('',( #5919 ) ) ;
#6571 = FACE_OUTER_BOUND ( 'NONE', #6972, .T. ) ;
#6572 = CARTESIAN_POINT ( 'NONE',  ( 0.8249999999999999600, -2.200398605410600200, 0.9749999999999531300 ) ) ;
#6573 = EDGE_CURVE ( 'NONE', #6499, #4468, #5913, .T. ) ;
#6574 = COLOUR_RGB ( '',1.000000000000000000, 1.000000000000000000, 1.000000000000000000 ) ;
#6575 = DIRECTION ( 'NONE',  ( 0.1391731009600705700, 0.0000000000000000000, -0.9902680687415695800 ) ) ;
#6576 = PRESENTATION_LAYER_ASSIGNMENT (  '', '', ( #6970 ) ) ;
#6577 = PLANE ( 'NONE',  #5867 ) ;
#6578 = ADVANCED_FACE ( 'NONE', ( #8011 ), #6577, .F. ) ;
#6579 = PRESENTATION_STYLE_ASSIGNMENT (( #7385 ) ) ;
#6580 = DIRECTION ( 'NONE',  ( 0.0000000000000000000, 0.0000000000000000000, 1.000000000000000000 ) ) ;
#6581 = VECTOR ( 'NONE', #4538, 1000.000000000000000 ) ;
#6582 = CARTESIAN_POINT ( 'NONE',  ( 1.714999999999999900, 1.921891833059526500, 0.9749999999999531300 ) ) ;
#6583 = SURFACE_STYLE_USAGE ( .BOTH. , #3493 ) ;
#6584 = PRESENTATION_LAYER_ASSIGNMENT (  '', '', ( #4673 ) ) ;
#6585 = ORIENTED_EDGE ( 'NONE', *, *, #1670, .T. ) ;
#6586 = LINE ( 'NONE', #1464, #3089 ) ;
#6587 =( NAMED_UNIT ( * ) SI_UNIT ( $, .STERADIAN. ) SOLID_ANGLE_UNIT ( ) );
#6588 = STYLED_ITEM ( 'NONE', ( #5702 ), #7003 ) ;
#6589 = SURFACE_STYLE_USAGE ( .BOTH. , #2298 ) ;
#6590 = FILL_AREA_STYLE ('',( #7833 ) ) ;
#6591 = EDGE_LOOP ( 'NONE', ( #748, #7545, #3137, #1059, #1335, #3055, #772, #7082 ) ) ;
#6592 = VECTOR ( 'NONE', #4249, 1000.000000000000000 ) ;
#6593 = MECHANICAL_DESIGN_GEOMETRIC_PRESENTATION_REPRESENTATION (  '', ( #3368 ), #7968 ) ;
#6594 = CIRCLE ( 'NONE', #5212, 0.09999999999999982500 ) ;
#6595 = SURFACE_STYLE_USAGE ( .BOTH. , #7204 ) ;
#6596 =( LENGTH_UNIT ( ) NAMED_UNIT ( * ) SI_UNIT ( .MILLI., .METRE. ) );
#6597 = ORIENTED_EDGE ( 'NONE', *, *, #5890, .F. ) ;
#6598 = CARTESIAN_POINT ( 'NONE',  ( 0.4449999999999998400, 2.600398605410600100, 0.3345815153284070800 ) ) ;
#6599 = CARTESIAN_POINT ( 'NONE',  ( 2.145000000000000000, -2.500398605410600000, 0.6749999999999530800 ) ) ;
#6600 = EDGE_LOOP ( 'NONE', ( #3977, #2929, #2596, #7445 ) ) ;
#6601 = ADVANCED_FACE ( 'NONE', ( #4552 ), #7819, .F. ) ;
#6602 =( GEOMETRIC_REPRESENTATION_CONTEXT ( 3 ) GLOBAL_UNCERTAINTY_ASSIGNED_CONTEXT ( ( #7314 ) ) GLOBAL_UNIT_ASSIGNED_CONTEXT ( ( #1604, #2856, #5966 ) ) REPRESENTATION_CONTEXT ( 'NONE', 'WORKASPACE' ) );
#6603 = CARTESIAN_POINT ( 'NONE',  ( 2.095000000000000200, 1.921891833059526500, 0.9749999999999531300 ) ) ;
#6604 = CARTESIAN_POINT ( 'NONE',  ( -0.8250000000000001800, 2.500398605410600000, 0.3345815153284070200 ) ) ;
#6605 = VECTOR ( 'NONE', #6002, 1000.000000000000100 ) ;
#6606 = PLANE ( 'NONE',  #731 ) ;
#6607 = VECTOR ( 'NONE', #5598, 1000.000000000000000 ) ;
#6608 = EDGE_LOOP ( 'NONE', ( #499, #7724, #4196, #4442 ) ) ;
#6609 = CARTESIAN_POINT ( 'NONE',  ( -0.4450000000000000600, -2.200398605410600200, 0.6749999999999831700 ) ) ;
#6610 = ORIENTED_EDGE ( 'NONE', *, *, #1386, .T. ) ;
#6611 = EDGE_CURVE ( 'NONE', #4855, #5344, #5610, .T. ) ;
#6612 =( LENGTH_UNIT ( ) NAMED_UNIT ( * ) SI_UNIT ( .MILLI., .METRE. ) );
#6613 = ORIENTED_EDGE ( 'NONE', *, *, #1329, .F. ) ;
#6614 = CARTESIAN_POINT ( 'NONE',  ( 1.714999999999999900, 1.950000000000000000, 0.7749999999999831500 ) ) ;
#6615 = ORIENTED_EDGE ( 'NONE', *, *, #7309, .T. ) ;
#6616 = VECTOR ( 'NONE', #7330, 1000.000000000000000 ) ;
#6617 = ORIENTED_EDGE ( 'NONE', *, *, #172, .T. ) ;
#6618 = FILL_AREA_STYLE_COLOUR ( '', #5520 ) ;
#6619 = ADVANCED_FACE ( 'NONE', ( #4353 ), #7340, .F. ) ;
#6620 = ORIENTED_EDGE ( 'NONE', *, *, #5737, .F. ) ;
#6621 = PLANE ( 'NONE',  #7751 ) ;
#6622 = EDGE_CURVE ( 'NONE', #4965, #924, #6682, .T. ) ;
#6623 = FILL_AREA_STYLE ('',( #963 ) ) ;
#6624 = CIRCLE ( 'NONE', #1014, 0.2999999999999999300 ) ;
#6625 = ORIENTED_EDGE ( 'NONE', *, *, #2391, .F. ) ;
#6626 = CARTESIAN_POINT ( 'NONE',  ( 0.8249999999999999600, -2.982568851450467600, 0.0000000000000000000 ) ) ;
#6627 = ORIENTED_EDGE ( 'NONE', *, *, #5524, .T. ) ;
#6628 = SURFACE_SIDE_STYLE ('',( #7915 ) ) ;
#6629 = DIRECTION ( 'NONE',  ( 0.0000000000000000000, 0.0000000000000000000, 1.000000000000000000 ) ) ;
#6630 = SURFACE_STYLE_FILL_AREA ( #5632 ) ;
#6631 = CARTESIAN_POINT ( 'NONE',  ( 0.8249999999999999600, -2.982568851450467600, 0.0000000000000000000 ) ) ;
#6633 = PRESENTATION_LAYER_ASSIGNMENT (  '', '', ( #1622 ) ) ;
#6632 = SURFACE_STYLE_USAGE ( .BOTH. , #4780 ) ;
#6634 = ORIENTED_EDGE ( 'NONE', *, *, #6058, .T. ) ;
#6635 = PRESENTATION_LAYER_ASSIGNMENT (  '', '', ( #2176 ) ) ;
#6636 = VECTOR ( 'NONE', #3131, 1000.000000000000000 ) ;
#6637 =( LENGTH_UNIT ( ) NAMED_UNIT ( * ) SI_UNIT ( .MILLI., .METRE. ) );
#6638 = DIRECTION ( 'NONE',  ( -0.0000000000000000000, 1.273963925350998900E-015, -1.000000000000000000 ) ) ;
#6639 = ORIENTED_EDGE ( 'NONE', *, *, #5908, .T. ) ;
#6640 = MECHANICAL_DESIGN_GEOMETRIC_PRESENTATION_REPRESENTATION (  '', ( #7428 ), #5802 ) ;
#6641 = CARTESIAN_POINT ( 'NONE',  ( 1.714999999999999900, 2.591683031135834100, 0.2349620455192325500 ) ) ;
#6642 = LINE ( 'NONE', #2713, #1782 ) ;
#6643 = SURFACE_STYLE_USAGE ( .BOTH. , #7902 ) ;
#6644 = UNCERTAINTY_MEASURE_WITH_UNIT (LENGTH_MEASURE( 1.000000000000000100E-005 ), #3225, 'distance_accuracy_value', 'NONE');
#6645 = ORIENTED_EDGE ( 'NONE', *, *, #2530, .F. ) ;
#6646 = MANIFOLD_SOLID_BREP ( 'Mold', #2495 ) ;
#6647 = SURFACE_STYLE_USAGE ( .BOTH. , #398 ) ;
#6648 = CARTESIAN_POINT ( 'NONE',  ( -1.714999999999999900, 2.200398605410600200, 0.9749999999999531300 ) ) ;
#6649 = DIRECTION ( 'NONE',  ( 0.0000000000000000000, 0.9902680687415708100, 0.1391731009600620800 ) ) ;
#6650 = ORIENTED_EDGE ( 'NONE', *, *, #7882, .T. ) ;
#6651 =( NAMED_UNIT ( * ) PLANE_ANGLE_UNIT ( ) SI_UNIT ( $, .RADIAN. ) );
#6652 = PRESENTATION_LAYER_ASSIGNMENT (  '', '', ( #2192 ) ) ;
#6653 = LINE ( 'NONE', #4596, #4625 ) ;
#6654 = CARTESIAN_POINT ( 'NONE',  ( 0.8750000000000001100, 2.230398605410600400, 0.7703939201416775100 ) ) ;
#6655 = MECHANICAL_DESIGN_GEOMETRIC_PRESENTATION_REPRESENTATION (  '', ( #7345 ), #5663 ) ;
#6656 = CARTESIAN_POINT ( 'NONE',  ( 1.665000000000000000, 2.200398605410600200, 0.6749999999999831700 ) ) ;
#6657 = SURFACE_STYLE_FILL_AREA ( #5421 ) ;
#6658 = LINE ( 'NONE', #7523, #2092 ) ;
#6659 = CARTESIAN_POINT ( 'NONE',  ( 0.4449999999999998400, -1.950000000000000000, 0.7749999999999831500 ) ) ;
#6660 = UNCERTAINTY_MEASURE_WITH_UNIT (LENGTH_MEASURE( 1.000000000000000100E-005 ), #3505, 'distance_accuracy_value', 'NONE');
#6661 = MECHANICAL_DESIGN_GEOMETRIC_PRESENTATION_REPRESENTATION (  '', ( #2662 ), #2084 ) ;
#6662 = FILL_AREA_STYLE ('',( #7790 ) ) ;
#6663 =( NAMED_UNIT ( * ) PLANE_ANGLE_UNIT ( ) SI_UNIT ( $, .RADIAN. ) );
#6664 = LINE ( 'NONE', #7743, #4043 ) ;
#6665 = LINE ( 'NONE', #1434, #1009 ) ;
#6666 = DIRECTION ( 'NONE',  ( -1.000000000000000000, 0.0000000000000000000, -0.0000000000000000000 ) ) ;
#6667 = CARTESIAN_POINT ( 'NONE',  ( 0.8249999999999999600, 2.290398605410596000, 0.9611817604250529900 ) ) ;
#6668 = STYLED_ITEM ( 'NONE', ( #1601 ), #3882 ) ;
#6669 = CARTESIAN_POINT ( 'NONE',  ( 2.095000000000000200, -2.500398605410600000, 0.3345815153284070200 ) ) ;
#6670 = VECTOR ( 'NONE', #5877, 1000.000000000000000 ) ;
#6671 = EDGE_CURVE ( 'NONE', #7636, #6146, #2913, .T. ) ;
#6672 = FILL_AREA_STYLE_COLOUR ( '', #4231 ) ;
#6673 = FACE_OUTER_BOUND ( 'NONE', #510, .T. ) ;
#6674 = EDGE_CURVE ( 'NONE', #7636, #3794, #1618, .T. ) ;
#6675 =( LENGTH_UNIT ( ) NAMED_UNIT ( * ) SI_UNIT ( .MILLI., .METRE. ) );
#6676 = PRESENTATION_LAYER_ASSIGNMENT (  '', '', ( #6967 ) ) ;
#6677 = DIRECTION ( 'NONE',  ( -1.000000000000000000, -0.0000000000000000000, -0.0000000000000000000 ) ) ;
#6678 = DIRECTION ( 'NONE',  ( -1.000000000000000000, -0.0000000000000000000, -0.0000000000000000000 ) ) ;
#6679 = EDGE_CURVE ( 'NONE', #8046, #4595, #1402, .T. ) ;
#6680 = ORIENTED_EDGE ( 'NONE', *, *, #1282, .T. ) ;
#6681 = CYLINDRICAL_SURFACE ( 'NONE', #3162, 0.09999999999999993600 ) ;
#6682 = LINE ( 'NONE', #3596, #2441 ) ;
#6683 = CARTESIAN_POINT ( 'NONE',  ( -2.450000000000000200, -1.837567332238086500, 1.575000000000000000 ) ) ;
#6684 =( GEOMETRIC_REPRESENTATION_CONTEXT ( 3 ) GLOBAL_UNCERTAINTY_ASSIGNED_CONTEXT ( ( #1934 ) ) GLOBAL_UNIT_ASSIGNED_CONTEXT ( ( #6844, #7380, #1186 ) ) REPRESENTATION_CONTEXT ( 'NONE', 'WORKASPACE' ) );
#6685 = ORIENTED_EDGE ( 'NONE', *, *, #2202, .T. ) ;
#6686 = PLANE ( 'NONE',  #2221 ) ;
#6687 = FILL_AREA_STYLE ('',( #6069 ) ) ;
#6688 = CARTESIAN_POINT ( 'NONE',  ( -2.420000000000000400, 1.919999999999995000, 0.7749999999999804800 ) ) ;
#6689 = LINE ( 'NONE', #3544, #6389 ) ;
#6690 = LINE ( 'NONE', #5204, #3386 ) ;
#6691 = SURFACE_SIDE_STYLE ('',( #8017 ) ) ;
#6692 = EDGE_LOOP ( 'NONE', ( #66, #2377, #5967, #2147 ) ) ;
#6693 = PLANE ( 'NONE',  #2246 ) ;
#6694 = VERTEX_POINT ( 'NONE', #4859 ) ;
#6695 = SURFACE_STYLE_FILL_AREA ( #7635 ) ;
#6696 =( NAMED_UNIT ( * ) SI_UNIT ( $, .STERADIAN. ) SOLID_ANGLE_UNIT ( ) );
#6697 = MECHANICAL_DESIGN_GEOMETRIC_PRESENTATION_REPRESENTATION (  '', ( #6028 ), #6281 ) ;
#6698 = ORIENTED_EDGE ( 'NONE', *, *, #5220, .F. ) ;
#6699 = DIRECTION ( 'NONE',  ( 0.0000000000000000000, -1.000000000000000000, 0.0000000000000000000 ) ) ;
#6700 = LINE ( 'NONE', #3664, #2041 ) ;
#6701 = SURFACE_STYLE_USAGE ( .BOTH. , #2956 ) ;
#6702 = DIRECTION ( 'NONE',  ( 0.0000000000000000000, -0.1391731009600621100, 0.9902680687415708100 ) ) ;
#6703 = ORIENTED_EDGE ( 'NONE', *, *, #1026, .T. ) ;
#6704 = CIRCLE ( 'NONE', #3411, 0.2999999999999999300 ) ;
#6705 = DIRECTION ( 'NONE',  ( 0.0000000000000000000, -0.08715574274766262100, 0.9961946980917451000 ) ) ;
#6706 = CARTESIAN_POINT ( 'NONE',  ( 2.095000000000000200, -1.921891833059526500, 0.9749999999999531300 ) ) ;
#6707 = LINE ( 'NONE', #929, #6616 ) ;
#6708 = ORIENTED_EDGE ( 'NONE', *, *, #6515, .T. ) ;
#6709 = ORIENTED_EDGE ( 'NONE', *, *, #2682, .F. ) ;
#6710 =( GEOMETRIC_REPRESENTATION_CONTEXT ( 3 ) GLOBAL_UNCERTAINTY_ASSIGNED_CONTEXT ( ( #2583 ) ) GLOBAL_UNIT_ASSIGNED_CONTEXT ( ( #3675, #547, #3589 ) ) REPRESENTATION_CONTEXT ( 'NONE', 'WORKASPACE' ) );
#6711 = DIRECTION ( 'NONE',  ( 0.0000000000000000000, -0.08715574274766262100, -0.9961946980917451000 ) ) ;
#6712 = CARTESIAN_POINT ( 'NONE',  ( -0.4450000000000000600, -3.000000000000000000, 0.1992389396183490100 ) ) ;
#6713 = DIRECTION ( 'NONE',  ( 0.0000000000000000000, 1.000000000000000000, -1.501620008892423100E-013 ) ) ;
#6714 = EDGE_CURVE ( 'NONE', #4766, #3323, #2120, .T. ) ;
#6715 = VERTEX_POINT ( 'NONE', #1097 ) ;
#6716 = ORIENTED_EDGE ( 'NONE', *, *, #4039, .T. ) ;
#6717 = VERTEX_POINT ( 'NONE', #7844 ) ;
#6718 = EDGE_LOOP ( 'NONE', ( #2582, #2873, #4880, #3279 ) ) ;
#6719 = DIRECTION ( 'NONE',  ( 0.0000000000000000000, 0.1391731009600621100, 0.9902680687415708100 ) ) ;
#6720 = EDGE_CURVE ( 'NONE', #6200, #2198, #6192, .T. ) ;
#6721 = LINE ( 'NONE', #2510, #5089 ) ;
#6722 = CARTESIAN_POINT ( 'NONE',  ( -0.8250000000000001800, 1.950000000000000000, 0.7749999999999831500 ) ) ;
#6723 = ORIENTED_EDGE ( 'NONE', *, *, #81, .T. ) ;
#6724 =( GEOMETRIC_REPRESENTATION_CONTEXT ( 3 ) GLOBAL_UNCERTAINTY_ASSIGNED_CONTEXT ( ( #2819 ) ) GLOBAL_UNIT_ASSIGNED_CONTEXT ( ( #7499, #704, #6313 ) ) REPRESENTATION_CONTEXT ( 'NONE', 'WORKASPACE' ) );
#6725 = DIRECTION ( 'NONE',  ( 1.000000000000000000, 0.0000000000000000000, -0.0000000000000000000 ) ) ;
#6726 = EDGE_CURVE ( 'NONE', #2463, #1146, #432, .T. ) ;
#6727 = ORIENTED_EDGE ( 'NONE', *, *, #2360, .F. ) ;
#6728 = PLANE ( 'NONE',  #282 ) ;
#6729 = SURFACE_STYLE_FILL_AREA ( #1668 ) ;
#6730 = CARTESIAN_POINT ( 'NONE',  ( 1.714999999999999900, -2.200398605410600200, 0.6749999999999831700 ) ) ;
#6731 = EDGE_LOOP ( 'NONE', ( #760, #5909, #2429, #4677, #3317, #5373, #5865, #2232, #1341, #662 ) ) ;
#6732 = VERTEX_POINT ( 'NONE', #2402 ) ;
#6733 = ORIENTED_EDGE ( 'NONE', *, *, #4875, .T. ) ;
#6734 =( NAMED_UNIT ( * ) SI_UNIT ( $, .STERADIAN. ) SOLID_ANGLE_UNIT ( ) );
#6735 = DIRECTION ( 'NONE',  ( 1.000000000000000000, 0.0000000000000000000, -0.0000000000000000000 ) ) ;
#6736 = VECTOR ( 'NONE', #2143, 1000.000000000000000 ) ;
#6737 = PRESENTATION_LAYER_ASSIGNMENT (  '', '', ( #7140 ) ) ;
#6738 = UNCERTAINTY_MEASURE_WITH_UNIT (LENGTH_MEASURE( 1.000000000000000100E-005 ), #7671, 'distance_accuracy_value', 'NONE');
#6739 = ADVANCED_FACE ( 'NONE', ( #8005 ), #1712, .F. ) ;
#6740 = FILL_AREA_STYLE ('',( #6189 ) ) ;
#6741 =( LENGTH_UNIT ( ) NAMED_UNIT ( * ) SI_UNIT ( .MILLI., .METRE. ) );
#6742 = ORIENTED_EDGE ( 'NONE', *, *, #1026, .F. ) ;
#6743 = FILL_AREA_STYLE_COLOUR ( '', #6338 ) ;
#6744 = MECHANICAL_DESIGN_GEOMETRIC_PRESENTATION_REPRESENTATION (  '', ( #741 ), #2570 ) ;
#6745 = LINE ( 'NONE', #7224, #5683 ) ;
#6746 = AXIS2_PLACEMENT_3D ( 'NONE', #2231, #235, #5933 ) ;
#6747 = SURFACE_STYLE_FILL_AREA ( #6748 ) ;
#6748 = FILL_AREA_STYLE ('',( #5542 ) ) ;
#6749 = CARTESIAN_POINT ( 'NONE',  ( 2.095000000000000200, 2.982568851450467600, 0.0000000000000000000 ) ) ;
#6750 = VECTOR ( 'NONE', #6764, 1000.000000000000000 ) ;
#6751 = EDGE_CURVE ( 'NONE', #6147, #4498, #1297, .T. ) ;
#6752 = PRESENTATION_LAYER_ASSIGNMENT (  '', '', ( #503 ) ) ;
#6753 = PLANE ( 'NONE',  #3312 ) ;
#6754 = FILL_AREA_STYLE ('',( #7284 ) ) ;
#6755 = LINE ( 'NONE', #7700, #4745 ) ;
#6756 = DIRECTION ( 'NONE',  ( 0.0000000000000000000, 0.0000000000000000000, 1.000000000000000000 ) ) ;
#6757 = DIRECTION ( 'NONE',  ( -1.000000000000000000, 0.0000000000000000000, 0.0000000000000000000 ) ) ;
#6758 = CARTESIAN_POINT ( 'NONE',  ( 0.3949999999999999600, 2.230398605410600400, 0.7703939201416775100 ) ) ;
#6759 = AXIS2_PLACEMENT_3D ( 'NONE', #1346, #7527, #5328 ) ;
#6760 = LINE ( 'NONE', #2005, #5134 ) ;
#6761 = EDGE_CURVE ( 'NONE', #3334, #3541, #1506, .T. ) ;
#6762 = DIRECTION ( 'NONE',  ( 0.0000000000000000000, 0.0000000000000000000, 1.000000000000000000 ) ) ;
#6763 = DIRECTION ( 'NONE',  ( 1.000000000000000000, 0.0000000000000000000, -0.0000000000000000000 ) ) ;
#6764 = DIRECTION ( 'NONE',  ( -1.000000000000000000, 0.0000000000000000000, -0.0000000000000000000 ) ) ;
#6765 = ORIENTED_EDGE ( 'NONE', *, *, #2273, .T. ) ;
#6766 = SURFACE_STYLE_FILL_AREA ( #6754 ) ;
#6767 = PLANE ( 'NONE',  #6455 ) ;
#6768 =( GEOMETRIC_REPRESENTATION_CONTEXT ( 3 ) GLOBAL_UNCERTAINTY_ASSIGNED_CONTEXT ( ( #7352 ) ) GLOBAL_UNIT_ASSIGNED_CONTEXT ( ( #293, #7076, #896 ) ) REPRESENTATION_CONTEXT ( 'NONE', 'WORKASPACE' ) );
#6769 = UNCERTAINTY_MEASURE_WITH_UNIT (LENGTH_MEASURE( 1.000000000000000100E-005 ), #4861, 'distance_accuracy_value', 'NONE');
#6770 = EDGE_CURVE ( 'NONE', #2070, #5669, #319, .T. ) ;
#6771 = LINE ( 'NONE', #5250, #2446 ) ;
#6772 = VERTEX_POINT ( 'NONE', #3029 ) ;
#6773 = AXIS2_PLACEMENT_3D ( 'NONE', #5574, #3072, #4369 ) ;
#6774 = DIRECTION ( 'NONE',  ( 0.0000000000000000000, 0.0000000000000000000, -1.000000000000000000 ) ) ;
#6775 = LINE ( 'NONE', #4854, #4959 ) ;
#6776 = CARTESIAN_POINT ( 'NONE',  ( 0.8249999999999999600, -2.500398605410600000, 0.3345815153284070200 ) ) ;
#6777 = SURFACE_STYLE_USAGE ( .BOTH. , #1907 ) ;
#6778 = FACE_OUTER_BOUND ( 'NONE', #1617, .T. ) ;
#6779 = EDGE_LOOP ( 'NONE', ( #6308, #6011, #1637, #2042 ) ) ;
#6780 = VECTOR ( 'NONE', #7157, 1000.000000000000000 ) ;
#6781 = VECTOR ( 'NONE', #4945, 1000.000000000000000 ) ;
#6782 = DIRECTION ( 'NONE',  ( -1.000000000000000000, -0.0000000000000000000, -0.0000000000000000000 ) ) ;
#6783 = MECHANICAL_DESIGN_GEOMETRIC_PRESENTATION_REPRESENTATION (  '', ( #5976 ), #7195 ) ;
#6784 = EDGE_LOOP ( 'NONE', ( #3577, #2447, #3909, #4186, #241, #2679 ) ) ;
#6785 = DIRECTION ( 'NONE',  ( 0.0000000000000000000, -0.9902680687415707000, 0.1391731009600625500 ) ) ;
#6786 = MECHANICAL_DESIGN_GEOMETRIC_PRESENTATION_REPRESENTATION (  '', ( #7439 ), #3582 ) ;
#6787 =( NAMED_UNIT ( * ) SI_UNIT ( $, .STERADIAN. ) SOLID_ANGLE_UNIT ( ) );
#6788 = COLOUR_RGB ( '',1.000000000000000000, 1.000000000000000000, 1.000000000000000000 ) ;
#6789 = ORIENTED_EDGE ( 'NONE', *, *, #7562, .T. ) ;
#6790 = ORIENTED_EDGE ( 'NONE', *, *, #4028, .T. ) ;
#6791 =( NAMED_UNIT ( * ) PLANE_ANGLE_UNIT ( ) SI_UNIT ( $, .RADIAN. ) );
#6792 = LINE ( 'NONE', #5437, #6126 ) ;
#6793 = STYLED_ITEM ( 'NONE', ( #7960 ), #2239 ) ;
#6794 = ORIENTED_EDGE ( 'NONE', *, *, #5127, .T. ) ;
#6795 = DIRECTION ( 'NONE',  ( 0.0000000000000000000, 0.0000000000000000000, 1.000000000000000000 ) ) ;
#6796 = FILL_AREA_STYLE_COLOUR ( '', #1281 ) ;
#6797 = CIRCLE ( 'NONE', #4171, 0.09999999999999993600 ) ;
#6798 = VERTEX_POINT ( 'NONE', #6706 ) ;
#6799 = DIRECTION ( 'NONE',  ( 0.0000000000000000000, -1.273963925350998900E-015, -1.000000000000000000 ) ) ;
#6800 = ORIENTED_EDGE ( 'NONE', *, *, #6106, .T. ) ;
#6801 = CARTESIAN_POINT ( 'NONE',  ( 0.4449999999999998400, -2.200398605410600200, 0.6749999999999831700 ) ) ;
#6802 = VECTOR ( 'NONE', #4393, 1000.000000000000200 ) ;
#6803 = ORIENTED_EDGE ( 'NONE', *, *, #5631, .F. ) ;
#6804 = CARTESIAN_POINT ( 'NONE',  ( -0.4450000000000000600, 2.500398605410600000, 0.6749999999999530800 ) ) ;
#6805 = DIRECTION ( 'NONE',  ( 0.0000000000000000000, -1.000000000000000000, -1.501620008892423100E-013 ) ) ;
#6806 = COLOUR_RGB ( '',1.000000000000000000, 1.000000000000000000, 1.000000000000000000 ) ;
#6807 = EDGE_LOOP ( 'NONE', ( #5849, #7442, #933, #6887 ) ) ;
#6808 = PRESENTATION_STYLE_ASSIGNMENT (( #5812 ) ) ;
#6809 = EDGE_LOOP ( 'NONE', ( #3987, #5043, #2257, #7297 ) ) ;
#6810 = AXIS2_PLACEMENT_3D ( 'NONE', #3394, #7607, #5813 ) ;
#6811 = CARTESIAN_POINT ( 'NONE',  ( 0.8249999999999999600, -2.230398605410600400, 0.7703939201416775100 ) ) ;
#6812 = SURFACE_STYLE_USAGE ( .BOTH. , #6833 ) ;
#6813 = SURFACE_SIDE_STYLE ('',( #5028 ) ) ;
#6814 = EDGE_CURVE ( 'NONE', #2024, #4120, #2227, .T. ) ;
#6815 = SURFACE_STYLE_FILL_AREA ( #3219 ) ;
#6816 = CARTESIAN_POINT ( 'NONE',  ( -1.664999999999999800, 2.230398605410600400, 0.7703939201416775100 ) ) ;
#6817 = EDGE_LOOP ( 'NONE', ( #5852, #2386, #247, #5473 ) ) ;
#6818 = SURFACE_STYLE_FILL_AREA ( #3656 ) ;
#6819 = FILL_AREA_STYLE_COLOUR ( '', #1344 ) ;
#6820 = EDGE_CURVE ( 'NONE', #6857, #3484, #4259, .T. ) ;
#6821 = ORIENTED_EDGE ( 'NONE', *, *, #1562, .T. ) ;
#6822 = PRESENTATION_LAYER_ASSIGNMENT (  '', '', ( #4188 ) ) ;
#6823 = ORIENTED_EDGE ( 'NONE', *, *, #7975, .F. ) ;
#6824 = CARTESIAN_POINT ( 'NONE',  ( 2.095000000000000200, 2.600398605410600100, 0.3345815153284071300 ) ) ;
#6825 = EDGE_CURVE ( 'NONE', #6880, #1662, #3676, .T. ) ;
#6826 = LINE ( 'NONE', #1770, #5193 ) ;
#6827 = VERTEX_POINT ( 'NONE', #9 ) ;
#6828 = MECHANICAL_DESIGN_GEOMETRIC_PRESENTATION_REPRESENTATION (  '', ( #6309 ), #5747 ) ;
#6829 = CARTESIAN_POINT ( 'NONE',  ( -0.8750000000000001100, 2.300398605410600300, 0.6749999999999831700 ) ) ;
#6830 = DIRECTION ( 'NONE',  ( 0.0000000000000000000, 0.0000000000000000000, 1.000000000000000000 ) ) ;
#6831 =( LENGTH_UNIT ( ) NAMED_UNIT ( * ) SI_UNIT ( .MILLI., .METRE. ) );
#6832 = PRESENTATION_LAYER_ASSIGNMENT (  '', '', ( #4631 ) ) ;
#6833 = SURFACE_SIDE_STYLE ('',( #2734 ) ) ;
#6834 =( GEOMETRIC_REPRESENTATION_CONTEXT ( 3 ) GLOBAL_UNCERTAINTY_ASSIGNED_CONTEXT ( ( #3242 ) ) GLOBAL_UNIT_ASSIGNED_CONTEXT ( ( #2984, #1739, #5527 ) ) REPRESENTATION_CONTEXT ( 'NONE', 'WORKASPACE' ) );
#6835 = APPLICATION_PROTOCOL_DEFINITION ( 'draft international standard', 'automotive_design', 1998, #3784 ) ;
#6836 = PRESENTATION_STYLE_ASSIGNMENT (( #1266 ) ) ;
#6837 = CARTESIAN_POINT ( 'NONE',  ( 1.714999999999999900, -2.300398605410600300, 0.6749999999999831700 ) ) ;
#6838 = LINE ( 'NONE', #5429, #802 ) ;
#6839 = CARTESIAN_POINT ( 'NONE',  ( 2.145000000000000000, -2.300398605410600300, 0.6749999999999831700 ) ) ;
#6840 = CARTESIAN_POINT ( 'NONE',  ( 1.714999999999999900, -2.574251882586301200, 0.03572310590088358800 ) ) ;
#6841 = VECTOR ( 'NONE', #843, 1000.000000000000100 ) ;
#6842 = DIRECTION ( 'NONE',  ( -1.000000000000000000, -0.0000000000000000000, 0.0000000000000000000 ) ) ;
#6843 = DIRECTION ( 'NONE',  ( 0.0000000000000000000, -1.000000000000000000, 0.0000000000000000000 ) ) ;
#6844 =( LENGTH_UNIT ( ) NAMED_UNIT ( * ) SI_UNIT ( .MILLI., .METRE. ) );
#6845 = CARTESIAN_POINT ( 'NONE',  ( 2.145000000000000000, 2.300398605410600300, 0.6749999999999831700 ) ) ;
#6846 = DIRECTION ( 'NONE',  ( -1.000000000000000000, 0.0000000000000000000, -0.0000000000000000000 ) ) ;
#6847 = STYLED_ITEM ( 'NONE', ( #1621 ), #3239 ) ;
#6848 = VECTOR ( 'NONE', #5393, 1000.000000000000000 ) ;
#6849 = CARTESIAN_POINT ( 'NONE',  ( -2.335675499178564900, -5.000000000000000000, 0.1750000000000000200 ) ) ;
#6850 = ORIENTED_EDGE ( 'NONE', *, *, #6095, .F. ) ;
#6851 = CARTESIAN_POINT ( 'NONE',  ( -1.714999999999999900, 1.950000000000000000, 0.7749999999999831500 ) ) ;
#6852 =( NAMED_UNIT ( * ) SI_UNIT ( $, .STERADIAN. ) SOLID_ANGLE_UNIT ( ) );
#6853 = COLOUR_RGB ( '',1.000000000000000000, 1.000000000000000000, 1.000000000000000000 ) ;
#6854 = SURFACE_SIDE_STYLE ('',( #2343 ) ) ;
#6855 = ORIENTED_EDGE ( 'NONE', *, *, #4769, .T. ) ;
#6856 = EDGE_CURVE ( 'NONE', #1397, #6339, #7697, .T. ) ;
#6857 = VERTEX_POINT ( 'NONE', #4937 ) ;
#6858 = CARTESIAN_POINT ( 'NONE',  ( 0.8249999999999999600, 2.300398605410600300, 0.6749999999999831700 ) ) ;
#6859 = PRESENTATION_STYLE_ASSIGNMENT (( #315 ) ) ;
#6860 = UNCERTAINTY_MEASURE_WITH_UNIT (LENGTH_MEASURE( 1.000000000000000100E-005 ), #2205, 'distance_accuracy_value', 'NONE');
#6861 = CARTESIAN_POINT ( 'NONE',  ( -2.095000000000000200, 2.600398605410600100, 0.3345815153284070800 ) ) ;
#6862 = EDGE_LOOP ( 'NONE', ( #1684, #4973, #4569, #6900 ) ) ;
#6863 = FILL_AREA_STYLE ('',( #4368 ) ) ;
#6864 =( GEOMETRIC_REPRESENTATION_CONTEXT ( 3 ) GLOBAL_UNCERTAINTY_ASSIGNED_CONTEXT ( ( #4505 ) ) GLOBAL_UNIT_ASSIGNED_CONTEXT ( ( #6637, #7822, #419 ) ) REPRESENTATION_CONTEXT ( 'NONE', 'WORKASPACE' ) );
#6865 = DIRECTION ( 'NONE',  ( -1.000000000000000000, 0.0000000000000000000, 0.0000000000000000000 ) ) ;
#6866 = DIRECTION ( 'NONE',  ( 0.0000000000000000000, 1.000000000000000000, -1.501620008892423100E-013 ) ) ;
#6867 = VERTEX_POINT ( 'NONE', #4987 ) ;
#6868 =( LENGTH_UNIT ( ) NAMED_UNIT ( * ) SI_UNIT ( .MILLI., .METRE. ) );
#6869 = AXIS2_PLACEMENT_3D ( 'NONE', #931, #7664, #1532 ) ;
#6870 = DIRECTION ( 'NONE',  ( 0.0000000000000000000, 0.0000000000000000000, -1.000000000000000000 ) ) ;
#6871 = PRESENTATION_LAYER_ASSIGNMENT (  '', '', ( #7428 ) ) ;
#6872 = ORIENTED_EDGE ( 'NONE', *, *, #870, .F. ) ;
#6873 = VERTEX_POINT ( 'NONE', #1270 ) ;
#6874 = ORIENTED_EDGE ( 'NONE', *, *, #3455, .F. ) ;
#6875 = FACE_OUTER_BOUND ( 'NONE', #761, .T. ) ;
#6876 = FILL_AREA_STYLE_COLOUR ( '', #1455 ) ;
#6877 = CARTESIAN_POINT ( 'NONE',  ( -0.4450000000000000600, 2.200398605410600200, 0.7749999999999831500 ) ) ;
#6878 = ORIENTED_EDGE ( 'NONE', *, *, #1670, .F. ) ;
#6879 = DIRECTION ( 'NONE',  ( 0.0000000000000000000, 0.0000000000000000000, 1.000000000000000000 ) ) ;
#6880 = VERTEX_POINT ( 'NONE', #1879 ) ;
#6881 = SURFACE_STYLE_USAGE ( .BOTH. , #1940 ) ;
#6882 = FILL_AREA_STYLE_COLOUR ( '', #3294 ) ;
#6883 = ORIENTED_EDGE ( 'NONE', *, *, #3196, .T. ) ;
#6884 = STYLED_ITEM ( 'NONE', ( #1599 ), #7288 ) ;
#6885 = LINE ( 'NONE', #6013, #6044 ) ;
#6886 =( NAMED_UNIT ( * ) SI_UNIT ( $, .STERADIAN. ) SOLID_ANGLE_UNIT ( ) );
#6887 = ORIENTED_EDGE ( 'NONE', *, *, #7222, .T. ) ;
#6888 = COLOUR_RGB ( '',1.000000000000000000, 1.000000000000000000, 1.000000000000000000 ) ;
#6889 = ORIENTED_EDGE ( 'NONE', *, *, #667, .F. ) ;
#6890 = PLANE ( 'NONE',  #6223 ) ;
#6891 = PRESENTATION_STYLE_ASSIGNMENT (( #6342 ) ) ;
#6892 = ORIENTED_EDGE ( 'NONE', *, *, #525, .T. ) ;
#6893 = CARTESIAN_POINT ( 'NONE',  ( 1.714999999999999900, 2.200398605410600200, 0.7749999999999831500 ) ) ;
#6894 = EDGE_CURVE ( 'NONE', #370, #5192, #7595, .T. ) ;
#6895 = ORIENTED_EDGE ( 'NONE', *, *, #6262, .T. ) ;
#6896 = STYLED_ITEM ( 'NONE', ( #2359 ), #2751 ) ;
#6897 = CARTESIAN_POINT ( 'NONE',  ( -0.4450000000000000600, 2.300398605410600300, 0.6749999999999831700 ) ) ;
#6898 = LINE ( 'NONE', #3847, #1672 ) ;
#6899 =( NAMED_UNIT ( * ) PLANE_ANGLE_UNIT ( ) SI_UNIT ( $, .RADIAN. ) );
#6900 = ORIENTED_EDGE ( 'NONE', *, *, #7568, .T. ) ;
#6901 = ORIENTED_EDGE ( 'NONE', *, *, #5631, .T. ) ;
#6902 = ORIENTED_EDGE ( 'NONE', *, *, #1329, .T. ) ;
#6903 = PRESENTATION_LAYER_ASSIGNMENT (  '', '', ( #4324 ) ) ;
#6904 = PLANE ( 'NONE',  #1636 ) ;
#6905 =( LENGTH_UNIT ( ) NAMED_UNIT ( * ) SI_UNIT ( .MILLI., .METRE. ) );
#6906 = ORIENTED_EDGE ( 'NONE', *, *, #1570, .F. ) ;
#6907 = EDGE_LOOP ( 'NONE', ( #7485, #6311, #3884, #4294, #2938, #1156, #7872, #2134, #3479, #7088 ) ) ;
#6908 = STYLED_ITEM ( 'NONE', ( #7240 ), #3539 ) ;
#6909 = VECTOR ( 'NONE', #7363, 1000.000000000000000 ) ;
#6910 = DIRECTION ( 'NONE',  ( -1.000000000000000000, -0.0000000000000000000, -0.0000000000000000000 ) ) ;
#6911 = DIRECTION ( 'NONE',  ( 0.0000000000000000000, 0.0000000000000000000, -1.000000000000000000 ) ) ;
#6912 = EDGE_CURVE ( 'NONE', #7260, #3538, #7808, .T. ) ;
#6913 = ORIENTED_EDGE ( 'NONE', *, *, #5962, .F. ) ;
#6914 = SURFACE_SIDE_STYLE ('',( #4166 ) ) ;
#6915 = FILL_AREA_STYLE ('',( #38 ) ) ;
#6916 = FILL_AREA_STYLE_COLOUR ( '', #2573 ) ;
#6917 = EDGE_CURVE ( 'NONE', #3484, #430, #3273, .T. ) ;
#6918 = VECTOR ( 'NONE', #6526, 1000.000000000000000 ) ;
#6919 = ADVANCED_FACE ( 'NONE', ( #5712 ), #6284, .F. ) ;
#6920 =( LENGTH_UNIT ( ) NAMED_UNIT ( * ) SI_UNIT ( .MILLI., .METRE. ) );
#6921 = VECTOR ( 'NONE', #272, 1000.000000000000000 ) ;
#6922 = VERTEX_POINT ( 'NONE', #1243 ) ;
#6923 =( GEOMETRIC_REPRESENTATION_CONTEXT ( 3 ) GLOBAL_UNCERTAINTY_ASSIGNED_CONTEXT ( ( #6769 ) ) GLOBAL_UNIT_ASSIGNED_CONTEXT ( ( #4861, #4168, #2908 ) ) REPRESENTATION_CONTEXT ( 'NONE', 'WORKASPACE' ) );
#6924 = DIRECTION ( 'NONE',  ( 1.000000000000000000, 0.0000000000000000000, 0.0000000000000000000 ) ) ;
#6925 = DIRECTION ( 'NONE',  ( -1.000000000000000000, 0.0000000000000000000, -0.0000000000000000000 ) ) ;
#6926 = EDGE_CURVE ( 'NONE', #6715, #7918, #2432, .T. ) ;
#6927 = SURFACE_SIDE_STYLE ('',( #1469 ) ) ;
#6928 =( GEOMETRIC_REPRESENTATION_CONTEXT ( 3 ) GLOBAL_UNCERTAINTY_ASSIGNED_CONTEXT ( ( #2902 ) ) GLOBAL_UNIT_ASSIGNED_CONTEXT ( ( #5298, #7117, #7033 ) ) REPRESENTATION_CONTEXT ( 'NONE', 'WORKASPACE' ) );
#6929 = FILL_AREA_STYLE_COLOUR ( '', #6098 ) ;
#6930 = LINE ( 'NONE', #1424, #6267 ) ;
#6931 = CARTESIAN_POINT ( 'NONE',  ( 0.4449999999999998400, -3.000000000000000000, 0.1992389396183490100 ) ) ;
#6932 = VECTOR ( 'NONE', #7351, 1000.000000000000000 ) ;
#6933 = DIRECTION ( 'NONE',  ( 0.0000000000000000000, 0.9961946980917452100, 0.08715574274766146900 ) ) ;
#6934 =( LENGTH_UNIT ( ) NAMED_UNIT ( * ) SI_UNIT ( .MILLI., .METRE. ) );
#6935 = CARTESIAN_POINT ( 'NONE',  ( -0.8250000000000001800, 2.200398605410600200, 0.6749999999999831700 ) ) ;
#6936 =( GEOMETRIC_REPRESENTATION_CONTEXT ( 3 ) GLOBAL_UNCERTAINTY_ASSIGNED_CONTEXT ( ( #1518 ) ) GLOBAL_UNIT_ASSIGNED_CONTEXT ( ( #1571, #1653, #6554 ) ) REPRESENTATION_CONTEXT ( 'NONE', 'WORKASPACE' ) );
#6937 = LINE ( 'NONE', #7784, #2892 ) ;
#6938 = DIRECTION ( 'NONE',  ( 0.0000000000000000000, 0.0000000000000000000, -1.000000000000000000 ) ) ;
#6939 = DIRECTION ( 'NONE',  ( 0.0000000000000000000, 0.1391731009600620800, -0.9902680687415708100 ) ) ;
#6940 = DIRECTION ( 'NONE',  ( -1.000000000000000000, 0.0000000000000000000, -0.0000000000000000000 ) ) ;
#6941 = VECTOR ( 'NONE', #7226, 1000.000000000000000 ) ;
#6942 = PRESENTATION_LAYER_ASSIGNMENT (  '', '', ( #6793 ) ) ;
#6943 = UNCERTAINTY_MEASURE_WITH_UNIT (LENGTH_MEASURE( 1.000000000000000100E-005 ), #1492, 'distance_accuracy_value', 'NONE');
#6944 = UNCERTAINTY_MEASURE_WITH_UNIT (LENGTH_MEASURE( 1.000000000000000100E-005 ), #4811, 'distance_accuracy_value', 'NONE');
#6945 = DIRECTION ( 'NONE',  ( -1.000000000000000000, 0.0000000000000000000, 0.0000000000000000000 ) ) ;
#6946 = PLANE ( 'NONE',  #7813 ) ;
#6947 = VECTOR ( 'NONE', #3901, 1000.000000000000100 ) ;
#6949 = SURFACE_STYLE_USAGE ( .BOTH. , #6927 ) ;
#6948 = PRESENTATION_LAYER_ASSIGNMENT (  '', '', ( #6557 ) ) ;
#6950 = DIRECTION ( 'NONE',  ( 0.0000000000000000000, -0.3000000000000002700, -0.9539392014169455500 ) ) ;
#6951 = SURFACE_STYLE_USAGE ( .BOTH. , #647 ) ;
#6952 = MECHANICAL_DESIGN_GEOMETRIC_PRESENTATION_REPRESENTATION (  '', ( #5580 ), #6390 ) ;
#6953 = ORIENTED_EDGE ( 'NONE', *, *, #1791, .F. ) ;
#6954 = ADVANCED_FACE ( 'NONE', ( #7998 ), #3677, .T. ) ;
#6955 = CARTESIAN_POINT ( 'NONE',  ( 0.3949999999999999600, 2.300398605410600300, 0.6749999999999831700 ) ) ;
#6956 =( NAMED_UNIT ( * ) SI_UNIT ( $, .STERADIAN. ) SOLID_ANGLE_UNIT ( ) );
#6957 = EDGE_CURVE ( 'NONE', #6922, #7476, #3373, .T. ) ;
#6958 = PLANE ( 'NONE',  #6060 ) ;
#6959 = DIRECTION ( 'NONE',  ( 1.000000000000000000, 0.0000000000000000000, 0.0000000000000000000 ) ) ;
#6960 = CARTESIAN_POINT ( 'NONE',  ( -0.4450000000000000600, 2.600398605410600100, 0.3345815153284071300 ) ) ;
#6961 = EDGE_CURVE ( 'NONE', #7265, #53, #1201, .T. ) ;
#6962 = EDGE_LOOP ( 'NONE', ( #2561, #6913, #7554, #90 ) ) ;
#6963 = SURFACE_STYLE_FILL_AREA ( #3701 ) ;
#6964 = VECTOR ( 'NONE', #2791, 1000.000000000000100 ) ;
#6965 = SURFACE_STYLE_USAGE ( .BOTH. , #115 ) ;
#6966 = COLOUR_RGB ( '',1.000000000000000000, 1.000000000000000000, 1.000000000000000000 ) ;
#6967 = STYLED_ITEM ( 'NONE', ( #7753 ), #4714 ) ;
#6968 = EDGE_CURVE ( 'NONE', #2957, #2711, #3184, .T. ) ;
#6969 = ORIENTED_EDGE ( 'NONE', *, *, #6256, .T. ) ;
#6970 = STYLED_ITEM ( 'NONE', ( #5943 ), #5378 ) ;
#6971 = PRESENTATION_STYLE_ASSIGNMENT (( #1779 ) ) ;
#6972 = EDGE_LOOP ( 'NONE', ( #3524, #3190, #1985, #4665 ) ) ;
#6973 = CARTESIAN_POINT ( 'NONE',  ( 0.8249999999999999600, 1.950000000000000000, 0.7749999999999831500 ) ) ;
#6974 = VECTOR ( 'NONE', #4523, 1000.000000000000000 ) ;
#6975 = CARTESIAN_POINT ( 'NONE',  ( 0.8249999999999999600, -1.950000000000000000, 0.7749999999999831500 ) ) ;
#6976 = SURFACE_STYLE_FILL_AREA ( #4658 ) ;
#6977 = PRESENTATION_STYLE_ASSIGNMENT (( #6265 ) ) ;
#6978 = CARTESIAN_POINT ( 'NONE',  ( -1.714999999999999900, 2.500398605410600000, 0.6749999999999530800 ) ) ;
#6979 = ORIENTED_EDGE ( 'NONE', *, *, #1613, .T. ) ;
#6980 = SURFACE_SIDE_STYLE ('',( #1113 ) ) ;
#6981 = CARTESIAN_POINT ( 'NONE',  ( -5.000000000000000000, -1.835675499178564900, 0.1750000000000000200 ) ) ;
#6982 = VECTOR ( 'NONE', #7883, 1000.000000000000000 ) ;
#6983 = ORIENTED_EDGE ( 'NONE', *, *, #3455, .T. ) ;
#6984 = VECTOR ( 'NONE', #5656, 1000.000000000000000 ) ;
#6985 = SURFACE_SIDE_STYLE ('',( #541 ) ) ;
#6986 = FILL_AREA_STYLE ('',( #1377 ) ) ;
#6987 = ORIENTED_EDGE ( 'NONE', *, *, #18, .T. ) ;
#6988 = FACE_OUTER_BOUND ( 'NONE', #1034, .T. ) ;
#6989 = ORIENTED_EDGE ( 'NONE', *, *, #3463, .T. ) ;
#6990 = VECTOR ( 'NONE', #5914, 1000.000000000000000 ) ;
#6991 =( LENGTH_UNIT ( ) NAMED_UNIT ( * ) SI_UNIT ( .MILLI., .METRE. ) );
#6992 = CARTESIAN_POINT ( 'NONE',  ( -0.8750000000000001100, 2.500398605410600000, 0.6749999999999530800 ) ) ;
#6993 = VERTEX_POINT ( 'NONE', #6290 ) ;
#6994 = CARTESIAN_POINT ( 'NONE',  ( -0.4450000000000000600, -2.300398605410600300, 0.3345815153284068500 ) ) ;
#6995 = COLOUR_RGB ( '',1.000000000000000000, 1.000000000000000000, 1.000000000000000000 ) ;
#6996 =( GEOMETRIC_REPRESENTATION_CONTEXT ( 3 ) GLOBAL_UNCERTAINTY_ASSIGNED_CONTEXT ( ( #6138 ) ) GLOBAL_UNIT_ASSIGNED_CONTEXT ( ( #239, #5390, #7145 ) ) REPRESENTATION_CONTEXT ( 'NONE', 'WORKASPACE' ) );
#6997 = ORIENTED_EDGE ( 'NONE', *, *, #4423, .F. ) ;
#6998 = FILL_AREA_STYLE_COLOUR ( '', #740 ) ;
#6999 = FACE_OUTER_BOUND ( 'NONE', #1866, .T. ) ;
#7000 = ORIENTED_EDGE ( 'NONE', *, *, #7723, .F. ) ;
#7001 = PRESENTATION_LAYER_ASSIGNMENT (  '', '', ( #3692 ) ) ;
#7002 = EDGE_LOOP ( 'NONE', ( #1063, #4415, #5082, #6645 ) ) ;
#7003 = ADVANCED_FACE ( 'NONE', ( #530 ), #2073, .F. ) ;
#7004 = CARTESIAN_POINT ( 'NONE',  ( 0.8750000000000001100, 2.300398605410600300, 0.6749999999999831700 ) ) ;
#7005 = DIRECTION ( 'NONE',  ( 0.0000000000000000000, -1.000000000000000000, 0.0000000000000000000 ) ) ;
#7006 = ORIENTED_EDGE ( 'NONE', *, *, #501, .T. ) ;
#7007 = DIRECTION ( 'NONE',  ( -1.000000000000000000, 0.0000000000000000000, -0.0000000000000000000 ) ) ;
#7008 = ORIENTED_EDGE ( 'NONE', *, *, #5682, .T. ) ;
#7009 = AXIS2_PLACEMENT_3D ( 'NONE', #1744, #3011, #5461 ) ;
#7010 = ORIENTED_EDGE ( 'NONE', *, *, #4698, .T. ) ;
#7011 =( NAMED_UNIT ( * ) PLANE_ANGLE_UNIT ( ) SI_UNIT ( $, .RADIAN. ) );
#7012 = CARTESIAN_POINT ( 'NONE',  ( 1.714999999999999900, -2.300398605410600300, 0.6749999999999831700 ) ) ;
#7013 = DIRECTION ( 'NONE',  ( 0.0000000000000000000, -0.9961946980917452100, -0.08715574274766135800 ) ) ;
#7014 = DIRECTION ( 'NONE',  ( -1.000000000000000000, -0.0000000000000000000, -0.0000000000000000000 ) ) ;
#7015 = VERTEX_POINT ( 'NONE', #5729 ) ;
#7016 =( NAMED_UNIT ( * ) SI_UNIT ( $, .STERADIAN. ) SOLID_ANGLE_UNIT ( ) );
#7017 = EDGE_CURVE ( 'NONE', #4371, #4595, #2800, .T. ) ;
#7018 = EDGE_LOOP ( 'NONE', ( #7771, #5179, #7451, #7778 ) ) ;
#7019 = CYLINDRICAL_SURFACE ( 'NONE', #1832, 0.2999999999999999300 ) ;
#7020 = PLANE ( 'NONE',  #7236 ) ;
#7021 =( NAMED_UNIT ( * ) SI_UNIT ( $, .STERADIAN. ) SOLID_ANGLE_UNIT ( ) );
#7022 = EDGE_CURVE ( 'NONE', #6524, #7629, #4054, .T. ) ;
#7023 = LINE ( 'NONE', #4364, #1695 ) ;
#7024 = FILL_AREA_STYLE_COLOUR ( '', #7519 ) ;
#7025 = VECTOR ( 'NONE', #3148, 1000.000000000000000 ) ;
#7026 =( NAMED_UNIT ( * ) PLANE_ANGLE_UNIT ( ) SI_UNIT ( $, .RADIAN. ) );
#7027 =( GEOMETRIC_REPRESENTATION_CONTEXT ( 3 ) GLOBAL_UNCERTAINTY_ASSIGNED_CONTEXT ( ( #7775 ) ) GLOBAL_UNIT_ASSIGNED_CONTEXT ( ( #555, #8028, #4379 ) ) REPRESENTATION_CONTEXT ( 'NONE', 'WORKASPACE' ) );
#7028 = DIRECTION ( 'NONE',  ( 0.0000000000000000000, -1.501620008892423400E-013, -1.000000000000000000 ) ) ;
#7029 = CARTESIAN_POINT ( 'NONE',  ( 0.8750000000000001100, 2.290398605410596000, 0.9611817604250529900 ) ) ;
#7030 = AXIS2_PLACEMENT_3D ( 'NONE', #7901, #635, #6113 ) ;
#7031 = DIRECTION ( 'NONE',  ( 0.0000000000000000000, 0.0000000000000000000, 1.000000000000000000 ) ) ;
#7032 = PRESENTATION_LAYER_ASSIGNMENT (  '', '', ( #5032 ) ) ;
#7033 =( NAMED_UNIT ( * ) SI_UNIT ( $, .STERADIAN. ) SOLID_ANGLE_UNIT ( ) );
#7034 = CARTESIAN_POINT ( 'NONE',  ( 0.8249999999999999600, -2.300398605410600300, 0.6749999999999831700 ) ) ;
#7035 = ADVANCED_FACE ( 'NONE', ( #7690 ), #28, .F. ) ;
#7036 = CARTESIAN_POINT ( 'NONE',  ( 0.8249999999999999600, 1.950000000000000000, 0.7749999999999831500 ) ) ;
#7037 = DIRECTION ( 'NONE',  ( 0.0000000000000000000, 0.0000000000000000000, 1.000000000000000000 ) ) ;
#7038 = DIRECTION ( 'NONE',  ( -0.0000000000000000000, 0.3000000000000002700, -0.9539392014169455500 ) ) ;
#7039 = SURFACE_STYLE_USAGE ( .BOTH. , #5172 ) ;
#7040 = DIRECTION ( 'NONE',  ( 1.000000000000000000, 0.0000000000000000000, 0.0000000000000000000 ) ) ;
#7041 = VECTOR ( 'NONE', #7552, 1000.000000000000000 ) ;
#7042 = PLANE ( 'NONE',  #3682 ) ;
#7043 = ORIENTED_EDGE ( 'NONE', *, *, #7939, .T. ) ;
#7044 = ADVANCED_FACE ( 'NONE', ( #2423 ), #5704, .F. ) ;
#7045 = VECTOR ( 'NONE', #4634, 1000.000000000000000 ) ;
#7046 = VECTOR ( 'NONE', #3550, 1000.000000000000000 ) ;
#7047 = AXIS2_PLACEMENT_3D ( 'NONE', #7440, #1830, #4288 ) ;
#7048 = PLANE ( 'NONE',  #619 ) ;
#7049 = DIRECTION ( 'NONE',  ( 0.0000000000000000000, 0.0000000000000000000, 1.000000000000000000 ) ) ;
#7050 = DIRECTION ( 'NONE',  ( -0.0000000000000000000, 1.273963925350998900E-015, -1.000000000000000000 ) ) ;
#7051 = VECTOR ( 'NONE', #6520, 1000.000000000000000 ) ;
#7052 = VERTEX_POINT ( 'NONE', #3913 ) ;
#7053 = CARTESIAN_POINT ( 'NONE',  ( 1.714999999999999900, -2.200398605410600200, 0.7749999999999831500 ) ) ;
#7054 = COLOUR_RGB ( '',1.000000000000000000, 1.000000000000000000, 1.000000000000000000 ) ;
#7055 = CARTESIAN_POINT ( 'NONE',  ( -0.8250000000000001800, -1.950000000000000000, 0.7749999999999831500 ) ) ;
#7056 = AXIS2_PLACEMENT_3D ( 'NONE', #6476, #3997, #7098 ) ;
#7057 = PRESENTATION_STYLE_ASSIGNMENT (( #3035 ) ) ;
#7058 =( NAMED_UNIT ( * ) PLANE_ANGLE_UNIT ( ) SI_UNIT ( $, .RADIAN. ) );
#7059 = EDGE_CURVE ( 'NONE', #578, #5387, #4939, .T. ) ;
#7060 = ORIENTED_EDGE ( 'NONE', *, *, #915, .F. ) ;
#7061 = FACE_OUTER_BOUND ( 'NONE', #1090, .T. ) ;
#7062 = ORIENTED_EDGE ( 'NONE', *, *, #221, .F. ) ;
#7063 = UNCERTAINTY_MEASURE_WITH_UNIT (LENGTH_MEASURE( 1.000000000000000100E-005 ), #6741, 'distance_accuracy_value', 'NONE');
#7064 = CARTESIAN_POINT ( 'NONE',  ( -0.3949999999999999600, -2.230398605410600400, 0.7703939201416775100 ) ) ;
#7065 =( NAMED_UNIT ( * ) SI_UNIT ( $, .STERADIAN. ) SOLID_ANGLE_UNIT ( ) );
#7066 = DIRECTION ( 'NONE',  ( -1.000000000000000000, -0.0000000000000000000, -0.0000000000000000000 ) ) ;
#7067 = EDGE_CURVE ( 'NONE', #3890, #2572, #5323, .T. ) ;
#7068 = CIRCLE ( 'NONE', #6319, 0.09999999999999993600 ) ;
#7069 = LINE ( 'NONE', #4342, #2145 ) ;
#7070 = ORIENTED_EDGE ( 'NONE', *, *, #7888, .F. ) ;
#7071 = CARTESIAN_POINT ( 'NONE',  ( 0.8249999999999999600, -2.982568851450467600, 0.0000000000000000000 ) ) ;
#7072 = CARTESIAN_POINT ( 'NONE',  ( 0.8249999999999999600, -2.600398605410600100, 0.3345815153284071300 ) ) ;
#7073 = ORIENTED_EDGE ( 'NONE', *, *, #1997, .T. ) ;
#7074 = EDGE_CURVE ( 'NONE', #4466, #3707, #3269, .T. ) ;
#7075 = ADVANCED_FACE ( 'NONE', ( #6673 ), #3424, .F. ) ;
#7076 =( NAMED_UNIT ( * ) PLANE_ANGLE_UNIT ( ) SI_UNIT ( $, .RADIAN. ) );
#7077 =( NAMED_UNIT ( * ) SI_UNIT ( $, .STERADIAN. ) SOLID_ANGLE_UNIT ( ) );
#7078 = ORIENTED_EDGE ( 'NONE', *, *, #6726, .T. ) ;
#7079 = LINE ( 'NONE', #7928, #50 ) ;
#7080 = MECHANICAL_DESIGN_GEOMETRIC_PRESENTATION_REPRESENTATION (  '', ( #6528 ), #1793 ) ;
#7081 = VECTOR ( 'NONE', #644, 1000.000000000000000 ) ;
#7082 = ORIENTED_EDGE ( 'NONE', *, *, #3615, .F. ) ;
#7083 = DIRECTION ( 'NONE',  ( -1.000000000000000000, 0.0000000000000000000, 0.0000000000000000000 ) ) ;
#7084 = ORIENTED_EDGE ( 'NONE', *, *, #2154, .F. ) ;
#7085 = FACE_OUTER_BOUND ( 'NONE', #1302, .T. ) ;
#7086 = DIRECTION ( 'NONE',  ( -1.000000000000000000, 0.0000000000000000000, 0.0000000000000000000 ) ) ;
#7087 = DIRECTION ( 'NONE',  ( 1.000000000000000000, -0.0000000000000000000, -0.0000000000000000000 ) ) ;
#7088 = ORIENTED_EDGE ( 'NONE', *, *, #7159, .T. ) ;
#7089 = AXIS2_PLACEMENT_3D ( 'NONE', #96, #5177, #4495 ) ;
#7090 = ORIENTED_EDGE ( 'NONE', *, *, #2060, .T. ) ;
#7091 = ADVANCED_FACE ( 'NONE', ( #1486 ), #3990, .T. ) ;
#7092 = ORIENTED_EDGE ( 'NONE', *, *, #6622, .F. ) ;
#7093 = DIRECTION ( 'NONE',  ( -1.000000000000000000, 0.0000000000000000000, 0.0000000000000000000 ) ) ;
#7094 = PRESENTATION_LAYER_ASSIGNMENT (  '', '', ( #4941 ) ) ;
#7095 = DIRECTION ( 'NONE',  ( 0.0000000000000000000, 0.0000000000000000000, 1.000000000000000000 ) ) ;
#7096 = VECTOR ( 'NONE', #6843, 1000.000000000000000 ) ;
#7097 = UNCERTAINTY_MEASURE_WITH_UNIT (LENGTH_MEASURE( 1.000000000000000100E-005 ), #6612, 'distance_accuracy_value', 'NONE');
#7098 = DIRECTION ( 'NONE',  ( 0.0000000000000000000, 0.0000000000000000000, -1.000000000000000000 ) ) ;
#7099 = ORIENTED_EDGE ( 'NONE', *, *, #3866, .F. ) ;
#7100 = FACE_OUTER_BOUND ( 'NONE', #4817, .T. ) ;
#7101 = PLANE ( 'NONE',  #6561 ) ;
#7102 = SURFACE_STYLE_USAGE ( .BOTH. , #2163 ) ;
#7103 = ORIENTED_EDGE ( 'NONE', *, *, #3382, .F. ) ;
#7104 = MECHANICAL_DESIGN_GEOMETRIC_PRESENTATION_REPRESENTATION (  '', ( #1155 ), #426 ) ;
#7105 = CARTESIAN_POINT ( 'NONE',  ( -2.095000000000000200, 2.300398605410600300, 0.6749999999999831700 ) ) ;
#7106 = FILL_AREA_STYLE ('',( #1500 ) ) ;
#7107 = ORIENTED_EDGE ( 'NONE', *, *, #7017, .F. ) ;
#7108 = SURFACE_STYLE_FILL_AREA ( #6046 ) ;
#7109 = ORIENTED_EDGE ( 'NONE', *, *, #7321, .F. ) ;
#7110 = FILL_AREA_STYLE ('',( #3928 ) ) ;
#7111 = ORIENTED_EDGE ( 'NONE', *, *, #5927, .T. ) ;
#7112 = LINE ( 'NONE', #1082, #4124 ) ;
#7113 = DIRECTION ( 'NONE',  ( 0.0000000000000000000, -0.3000000000000002700, 0.9539392014169455500 ) ) ;
#7114 =( GEOMETRIC_REPRESENTATION_CONTEXT ( 3 ) GLOBAL_UNCERTAINTY_ASSIGNED_CONTEXT ( ( #436 ) ) GLOBAL_UNIT_ASSIGNED_CONTEXT ( ( #7423, #1925, #8019 ) ) REPRESENTATION_CONTEXT ( 'NONE', 'WORKASPACE' ) );
#7115 = DIRECTION ( 'NONE',  ( 0.0000000000000000000, 1.000000000000000000, 0.0000000000000000000 ) ) ;
#7116 = EDGE_CURVE ( 'NONE', #8009, #3636, #6371, .T. ) ;
#7117 =( NAMED_UNIT ( * ) PLANE_ANGLE_UNIT ( ) SI_UNIT ( $, .RADIAN. ) );
#7118 = DIRECTION ( 'NONE',  ( 1.000000000000000000, -0.0000000000000000000, -0.0000000000000000000 ) ) ;
#7119 = UNCERTAINTY_MEASURE_WITH_UNIT (LENGTH_MEASURE( 1.000000000000000100E-005 ), #3906, 'distance_accuracy_value', 'NONE');
#7120 = VECTOR ( 'NONE', #5611, 1000.000000000000000 ) ;
#7121 = ADVANCED_FACE ( 'NONE', ( #4844 ), #2190, .F. ) ;
#7122 =( NAMED_UNIT ( * ) PLANE_ANGLE_UNIT ( ) SI_UNIT ( $, .RADIAN. ) );
#7123 = CARTESIAN_POINT ( 'NONE',  ( 0.4449999999999998400, -2.600398605410600100, 0.3345815153284071300 ) ) ;
#7124 = EDGE_CURVE ( 'NONE', #966, #4812, #2694, .T. ) ;
#7125 = SURFACE_STYLE_USAGE ( .BOTH. , #3340 ) ;
#7126 = AXIS2_PLACEMENT_3D ( 'NONE', #677, #5596, #3172 ) ;
#7127 = FILL_AREA_STYLE_COLOUR ( '', #1763 ) ;
#7128 = DIRECTION ( 'NONE',  ( 0.0000000000000000000, -1.000000000000000000, 1.273963925350998900E-015 ) ) ;
#7129 =( NAMED_UNIT ( * ) PLANE_ANGLE_UNIT ( ) SI_UNIT ( $, .RADIAN. ) );
#7130 = EDGE_CURVE ( 'NONE', #5570, #483, #2609, .T. ) ;
#7131 = PRESENTATION_LAYER_ASSIGNMENT (  '', '', ( #20 ) ) ;
#7132 = FILL_AREA_STYLE_COLOUR ( '', #7913 ) ;
#7133 = LINE ( 'NONE', #5120, #7496 ) ;
#7134 = VECTOR ( 'NONE', #1808, 1000.000000000000000 ) ;
#7135 = ADVANCED_FACE ( 'NONE', ( #2420 ), #5304, .F. ) ;
#7136 = CARTESIAN_POINT ( 'NONE',  ( -2.337567332238087200, -1.587567332238086800, 1.575000000000000000 ) ) ;
#7137 = CARTESIAN_POINT ( 'NONE',  ( -0.4450000000000000600, -2.500398605410600000, 0.3345815153284070200 ) ) ;
#7138 = DIRECTION ( 'NONE',  ( 1.000000000000000000, 0.0000000000000000000, 0.0000000000000000000 ) ) ;
#7139 = DIRECTION ( 'NONE',  ( 1.000000000000000000, 0.0000000000000000000, 0.0000000000000000000 ) ) ;
#7140 = STYLED_ITEM ( 'NONE', ( #3497 ), #335 ) ;
#7141 = LINE ( 'NONE', #3829, #7238 ) ;
#7142 = CARTESIAN_POINT ( 'NONE',  ( -0.4450000000000000600, -2.591683031135834100, 0.2349620455192325500 ) ) ;
#7143 = AXIS2_PLACEMENT_3D ( 'NONE', #1202, #597, #615 ) ;
#7144 = DIRECTION ( 'NONE',  ( 0.0000000000000000000, 0.0000000000000000000, -1.000000000000000000 ) ) ;
#7145 =( NAMED_UNIT ( * ) SI_UNIT ( $, .STERADIAN. ) SOLID_ANGLE_UNIT ( ) );
#7146 = DIRECTION ( 'NONE',  ( -1.000000000000000000, 0.0000000000000000000, -0.0000000000000000000 ) ) ;
#7147 = ORIENTED_EDGE ( 'NONE', *, *, #6212, .T. ) ;
#7148 = VECTOR ( 'NONE', #2641, 1000.000000000000000 ) ;
#7149 = VECTOR ( 'NONE', #4326, 1000.000000000000200 ) ;
#7150 = AXIS2_PLACEMENT_3D ( 'NONE', #4414, #1222, #1274 ) ;
#7151 = CARTESIAN_POINT ( 'NONE',  ( -1.664999999999999800, -2.500398605410600000, 0.6749999999999530800 ) ) ;
#7152 = CARTESIAN_POINT ( 'NONE',  ( -0.4450000000000000600, 2.574251882586301200, 0.03572310590088358800 ) ) ;
#7153 = DIRECTION ( 'NONE',  ( 0.0000000000000000000, 0.1391731009600620800, -0.9902680687415708100 ) ) ;
#7154 = CARTESIAN_POINT ( 'NONE',  ( 1.665000000000000000, 2.200398605410600200, 0.6749999999999831700 ) ) ;
#7155 = STYLED_ITEM ( 'NONE', ( #4428 ), #7543 ) ;
#7156 = EDGE_LOOP ( 'NONE', ( #3735, #5104, #3329, #1673 ) ) ;
#7157 = DIRECTION ( 'NONE',  ( -1.000000000000000000, 0.0000000000000000000, 0.0000000000000000000 ) ) ;
#7158 = VECTOR ( 'NONE', #2445, 1000.000000000000100 ) ;
#7159 = EDGE_CURVE ( 'NONE', #6772, #7852, #3075, .T. ) ;
#7160 = ADVANCED_FACE ( 'NONE', ( #4541 ), #5980, .F. ) ;
#7161 = AXIS2_PLACEMENT_3D ( 'NONE', #7766, #2288, #6527 ) ;
#7162 = EDGE_LOOP ( 'NONE', ( #2625, #1926, #4800, #598, #268, #1968, #1761, #2399 ) ) ;
#7163 = FILL_AREA_STYLE_COLOUR ( '', #3413 ) ;
#7164 = PRESENTATION_STYLE_ASSIGNMENT (( #116 ) ) ;
#7165 =( NAMED_UNIT ( * ) SI_UNIT ( $, .STERADIAN. ) SOLID_ANGLE_UNIT ( ) );
#7166 = CARTESIAN_POINT ( 'NONE',  ( -1.714999999999999900, -2.500398605410600000, 0.3345815153284070200 ) ) ;
#7167 = CARTESIAN_POINT ( 'NONE',  ( 0.3949999999999999600, -2.230398605410600400, 0.7703939201416775100 ) ) ;
#7168 = EDGE_LOOP ( 'NONE', ( #6513, #4322, #1748, #549 ) ) ;
#7169 = ORIENTED_EDGE ( 'NONE', *, *, #4922, .T. ) ;
#7170 = STYLED_ITEM ( 'NONE', ( #4852 ), #3474 ) ;
#7171 = ADVANCED_FACE ( 'NONE', ( #2317 ), #5124, .T. ) ;
#7172 = CARTESIAN_POINT ( 'NONE',  ( -1.664999999999999800, -2.500398605410600000, 0.6749999999999530800 ) ) ;
#7173 = EDGE_CURVE ( 'NONE', #6048, #5100, #4935, .T. ) ;
#7174 = SURFACE_STYLE_FILL_AREA ( #1393 ) ;
#7175 = ORIENTED_EDGE ( 'NONE', *, *, #932, .F. ) ;
#7176 =( NAMED_UNIT ( * ) PLANE_ANGLE_UNIT ( ) SI_UNIT ( $, .RADIAN. ) );
#7177 = CARTESIAN_POINT ( 'NONE',  ( -0.4450000000000000600, -3.000000000000000000, 0.1992389396183490100 ) ) ;
#7178 = VERTEX_POINT ( 'NONE', #7172 ) ;
#7179 = SURFACE_STYLE_USAGE ( .BOTH. , #2281 ) ;
#7180 = ORIENTED_EDGE ( 'NONE', *, *, #2990, .T. ) ;
#7181 = LINE ( 'NONE', #2940, #5558 ) ;
#7182 = ORIENTED_EDGE ( 'NONE', *, *, #1685, .F. ) ;
#7184 = PRESENTATION_LAYER_ASSIGNMENT (  '', '', ( #6154 ) ) ;
#7183 = PLANE ( 'NONE',  #4049 ) ;
#7185 = ORIENTED_EDGE ( 'NONE', *, *, #6820, .T. ) ;
#7186 = EDGE_CURVE ( 'NONE', #7373, #4216, #7584, .T. ) ;
#7187 = FACE_OUTER_BOUND ( 'NONE', #6692, .T. ) ;
#7188 = SURFACE_STYLE_FILL_AREA ( #2229 ) ;
#7189 = CARTESIAN_POINT ( 'NONE',  ( -0.4450000000000000600, 2.500398605410600000, 0.3345815153284070200 ) ) ;
#7190 = SURFACE_STYLE_USAGE ( .BOTH. , #5930 ) ;
#7191 = ORIENTED_EDGE ( 'NONE', *, *, #1997, .F. ) ;
#7192 =( LENGTH_UNIT ( ) NAMED_UNIT ( * ) SI_UNIT ( .MILLI., .METRE. ) );
#7193 =( NAMED_UNIT ( * ) SI_UNIT ( $, .STERADIAN. ) SOLID_ANGLE_UNIT ( ) );
#7194 = PRESENTATION_STYLE_ASSIGNMENT (( #6647 ) ) ;
#7195 =( GEOMETRIC_REPRESENTATION_CONTEXT ( 3 ) GLOBAL_UNCERTAINTY_ASSIGNED_CONTEXT ( ( #949 ) ) GLOBAL_UNIT_ASSIGNED_CONTEXT ( ( #3958, #5215, #841 ) ) REPRESENTATION_CONTEXT ( 'NONE', 'WORKASPACE' ) );
#7196 = ORIENTED_EDGE ( 'NONE', *, *, #7227, .T. ) ;
#7197 = FILL_AREA_STYLE_COLOUR ( '', #3367 ) ;
#7198 = ADVANCED_FACE ( 'NONE', ( #1479 ), #1674, .F. ) ;
#7199 = SURFACE_SIDE_STYLE ('',( #1801 ) ) ;
#7200 = ORIENTED_EDGE ( 'NONE', *, *, #7789, .F. ) ;
#7201 = DIRECTION ( 'NONE',  ( 0.0000000000000000000, -0.08715574274766148300, 0.9961946980917453200 ) ) ;
#7202 = CIRCLE ( 'NONE', #7374, 0.3000000000000001600 ) ;
#7203 = ORIENTED_EDGE ( 'NONE', *, *, #3873, .F. ) ;
#7204 = SURFACE_SIDE_STYLE ('',( #4486 ) ) ;
#7205 = FILL_AREA_STYLE ('',( #7838 ) ) ;
#7206 = PLANE ( 'NONE',  #7387 ) ;
#7207 = EDGE_LOOP ( 'NONE', ( #7942, #4376, #4904, #981 ) ) ;
#7208 =( GEOMETRIC_REPRESENTATION_CONTEXT ( 3 ) GLOBAL_UNCERTAINTY_ASSIGNED_CONTEXT ( ( #5207 ) ) GLOBAL_UNIT_ASSIGNED_CONTEXT ( ( #6257, #5539, #6787 ) ) REPRESENTATION_CONTEXT ( 'NONE', 'WORKASPACE' ) );
#7209 = ORIENTED_EDGE ( 'NONE', *, *, #984, .F. ) ;
#7210 = DIRECTION ( 'NONE',  ( -0.0000000000000000000, -0.0000000000000000000, 1.000000000000000000 ) ) ;
#7211 = CARTESIAN_POINT ( 'NONE',  ( 0.4449999999999998400, -2.230398605410600400, 0.7703939201416775100 ) ) ;
#7212 = ADVANCED_FACE ( 'NONE', ( #417 ), #6621, .F. ) ;
#7213 = CARTESIAN_POINT ( 'NONE',  ( 0.8249999999999999600, 2.300398605410600300, 0.6749999999999831700 ) ) ;
#7214 = DIRECTION ( 'NONE',  ( 0.0000000000000000000, 0.08715574274766137200, -0.9961946980917453200 ) ) ;
#7215 = FILL_AREA_STYLE_COLOUR ( '', #4675 ) ;
#7216 = SURFACE_STYLE_FILL_AREA ( #602 ) ;
#7217 = CARTESIAN_POINT ( 'NONE',  ( -1.664999999999999800, 2.200398605410600200, 0.6749999999999831700 ) ) ;
#7218 = UNCERTAINTY_MEASURE_WITH_UNIT (LENGTH_MEASURE( 1.000000000000000100E-005 ), #2663, 'distance_accuracy_value', 'NONE');
#7219 = AXIS2_PLACEMENT_3D ( 'NONE', #4138, #2958, #381 ) ;
#7220 = UNCERTAINTY_MEASURE_WITH_UNIT (LENGTH_MEASURE( 1.000000000000000100E-005 ), #1536, 'distance_accuracy_value', 'NONE');
#7221 = CARTESIAN_POINT ( 'NONE',  ( -0.8250000000000001800, 2.600398605410600100, 0.3345815153284071300 ) ) ;
#7222 = EDGE_CURVE ( 'NONE', #4216, #4307, #6454, .T. ) ;
#7223 = DIRECTION ( 'NONE',  ( 0.0000000000000000000, -1.000000000000000000, -1.501620008892423100E-013 ) ) ;
#7224 = CARTESIAN_POINT ( 'NONE',  ( -2.095000000000000200, -2.500398605410600000, 0.3345815153284070200 ) ) ;
#7225 = LINE ( 'NONE', #7454, #7402 ) ;
#7226 = DIRECTION ( 'NONE',  ( -1.000000000000000000, 0.0000000000000000000, 0.0000000000000000000 ) ) ;
#7227 = EDGE_CURVE ( 'NONE', #5391, #1224, #6, .T. ) ;
#7228 = CARTESIAN_POINT ( 'NONE',  ( 0.3949999999999999600, -2.230398605410600400, 0.7703939201416775100 ) ) ;
#7229 = PRESENTATION_LAYER_ASSIGNMENT (  '', '', ( #4614 ) ) ;
#7230 = DIRECTION ( 'NONE',  ( 1.000000000000000000, 0.0000000000000000000, 0.0000000000000000000 ) ) ;
#7231 = CARTESIAN_POINT ( 'NONE',  ( 0.4449999999999998400, -2.200398605410600200, 0.6749999999999531900 ) ) ;
#7232 = COLOUR_RGB ( '',1.000000000000000000, 1.000000000000000000, 1.000000000000000000 ) ;
#7233 = EDGE_CURVE ( 'NONE', #2649, #4766, #7985, .T. ) ;
#7234 = PRESENTATION_STYLE_ASSIGNMENT (( #7125 ) ) ;
#7235 = DIRECTION ( 'NONE',  ( 0.0000000000000000000, 0.0000000000000000000, 1.000000000000000000 ) ) ;
#7236 = AXIS2_PLACEMENT_3D ( 'NONE', #7064, #3342, #1470 ) ;
#7237 = CARTESIAN_POINT ( 'NONE',  ( 2.095000000000000200, 2.300398605410600300, 0.3345815153284068500 ) ) ;
#7238 = VECTOR ( 'NONE', #7005, 1000.000000000000000 ) ;
#7239 = FILL_AREA_STYLE_COLOUR ( '', #475 ) ;
#7240 = PRESENTATION_STYLE_ASSIGNMENT (( #4643 ) ) ;
#7241 = CARTESIAN_POINT ( 'NONE',  ( -0.4450000000000000600, -2.200398605410600200, 0.7749999999999831500 ) ) ;
#7242 =( LENGTH_UNIT ( ) NAMED_UNIT ( * ) SI_UNIT ( .MILLI., .METRE. ) );
#7243 = ORIENTED_EDGE ( 'NONE', *, *, #5338, .T. ) ;
#7244 = AXIS2_PLACEMENT_3D ( 'NONE', #2014, #710, #1351 ) ;
#7245 = PLANE ( 'NONE',  #3415 ) ;
#7246 = CARTESIAN_POINT ( 'NONE',  ( -2.450000000000000200, 1.949999999999999500, 0.7749999999999805900 ) ) ;
#7247 = FACE_OUTER_BOUND ( 'NONE', #4480, .T. ) ;
#7248 = ORIENTED_EDGE ( 'NONE', *, *, #6256, .F. ) ;
#7249 = CIRCLE ( 'NONE', #2910, 0.3000000000000001600 ) ;
#7250 = AXIS2_PLACEMENT_3D ( 'NONE', #4526, #2106, #5195 ) ;
#7251 = DIRECTION ( 'NONE',  ( 0.0000000000000000000, -0.3000000000000002700, -0.9539392014169455500 ) ) ;
#7252 = FILL_AREA_STYLE ('',( #5506 ) ) ;
#7253 = CARTESIAN_POINT ( 'NONE',  ( -0.4450000000000000600, 2.982568851450467600, 0.0000000000000000000 ) ) ;
#7254 =( NAMED_UNIT ( * ) PLANE_ANGLE_UNIT ( ) SI_UNIT ( $, .RADIAN. ) );
#7255 = ORIENTED_EDGE ( 'NONE', *, *, #887, .T. ) ;
#7256 = VECTOR ( 'NONE', #7210, 1000.000000000000000 ) ;
#7257 = FILL_AREA_STYLE ('',( #4199 ) ) ;
#7258 = SURFACE_STYLE_FILL_AREA ( #5715 ) ;
#7259 = DIRECTION ( 'NONE',  ( -1.000000000000000000, 0.0000000000000000000, -0.0000000000000000000 ) ) ;
#7260 = VERTEX_POINT ( 'NONE', #3645 ) ;
#7261 = DIRECTION ( 'NONE',  ( -1.000000000000000000, 0.0000000000000000000, -0.0000000000000000000 ) ) ;
#7262 = FACE_OUTER_BOUND ( 'NONE', #893, .T. ) ;
#7263 = ORIENTED_EDGE ( 'NONE', *, *, #6467, .F. ) ;
#7264 = DIRECTION ( 'NONE',  ( 0.0000000000000000000, -1.000000000000000000, -1.501620008892423100E-013 ) ) ;
#7265 = VERTEX_POINT ( 'NONE', #4292 ) ;
#7266 = EDGE_CURVE ( 'NONE', #3222, #4820, #1379, .T. ) ;
#7267 =( NAMED_UNIT ( * ) SI_UNIT ( $, .STERADIAN. ) SOLID_ANGLE_UNIT ( ) );
#7268 = ORIENTED_EDGE ( 'NONE', *, *, #7124, .F. ) ;
#7269 = ORIENTED_EDGE ( 'NONE', *, *, #6193, .F. ) ;
#7270 = ORIENTED_EDGE ( 'NONE', *, *, #3134, .T. ) ;
#7271 = LINE ( 'NONE', #5264, #6990 ) ;
#7272 =( GEOMETRIC_REPRESENTATION_CONTEXT ( 3 ) GLOBAL_UNCERTAINTY_ASSIGNED_CONTEXT ( ( #2485 ) ) GLOBAL_UNIT_ASSIGNED_CONTEXT ( ( #6675, #4831, #3457 ) ) REPRESENTATION_CONTEXT ( 'NONE', 'WORKASPACE' ) );
#7273 = ORIENTED_EDGE ( 'NONE', *, *, #1491, .F. ) ;
#7274 = CARTESIAN_POINT ( 'NONE',  ( -2.478523438870146500, -1.978523438870138000, 1.191415904986407300 ) ) ;
#7275 = EDGE_CURVE ( 'NONE', #7852, #6101, #2100, .T. ) ;
#7276 = ORIENTED_EDGE ( 'NONE', *, *, #5441, .T. ) ;
#7277 = AXIS2_PLACEMENT_3D ( 'NONE', #2194, #1615, #4113 ) ;
#7278 = FACE_OUTER_BOUND ( 'NONE', #3088, .T. ) ;
#7279 = DIRECTION ( 'NONE',  ( 1.000000000000000000, 0.0000000000000000000, 0.0000000000000000000 ) ) ;
#7280 = ORIENTED_EDGE ( 'NONE', *, *, #6894, .F. ) ;
#7281 = SURFACE_STYLE_USAGE ( .BOTH. , #7354 ) ;
#7282 = CARTESIAN_POINT ( 'NONE',  ( 2.095000000000000200, -2.300398605410600300, 0.6749999999999831700 ) ) ;
#7283 = FACE_OUTER_BOUND ( 'NONE', #5261, .T. ) ;
#7285 = MECHANICAL_DESIGN_GEOMETRIC_PRESENTATION_REPRESENTATION (  '', ( #6463 ), #6363 ) ;
#7284 = FILL_AREA_STYLE_COLOUR ( '', #2627 ) ;
#7286 = ORIENTED_EDGE ( 'NONE', *, *, #571, .F. ) ;
#7287 = PRESENTATION_LAYER_ASSIGNMENT (  '', '', ( #5096 ) ) ;
#7288 = ADVANCED_FACE ( 'NONE', ( #306 ), #4266, .F. ) ;
#7289 = EDGE_CURVE ( 'NONE', #5002, #455, #2507, .T. ) ;
#7290 = FILL_AREA_STYLE_COLOUR ( '', #4915 ) ;
#7291 =( LENGTH_UNIT ( ) NAMED_UNIT ( * ) SI_UNIT ( .MILLI., .METRE. ) );
#7292 = ORIENTED_EDGE ( 'NONE', *, *, #4759, .T. ) ;
#7293 = PRESENTATION_LAYER_ASSIGNMENT (  '', '', ( #5236 ) ) ;
#7294 = DIRECTION ( 'NONE',  ( 0.0000000000000000000, 0.08715574274766262100, -0.9961946980917451000 ) ) ;
#7295 = DIRECTION ( 'NONE',  ( -1.000000000000000000, -0.0000000000000000000, -0.0000000000000000000 ) ) ;
#7296 = COLOUR_RGB ( '',1.000000000000000000, 1.000000000000000000, 1.000000000000000000 ) ;
#7297 = ORIENTED_EDGE ( 'NONE', *, *, #2383, .T. ) ;
#7298 = FACE_OUTER_BOUND ( 'NONE', #7207, .T. ) ;
#7299 = FILL_AREA_STYLE ('',( #7826 ) ) ;
#7300 = DIRECTION ( 'NONE',  ( -1.000000000000000000, 0.0000000000000000000, -0.0000000000000000000 ) ) ;
#7301 = ORIENTED_EDGE ( 'NONE', *, *, #3914, .F. ) ;
#7302 = DIRECTION ( 'NONE',  ( 1.000000000000000000, -0.0000000000000000000, -0.0000000000000000000 ) ) ;
#7303 = AXIS2_PLACEMENT_3D ( 'NONE', #5676, #2549, #2605 ) ;
#7304 = MECHANICAL_DESIGN_GEOMETRIC_PRESENTATION_REPRESENTATION (  '', ( #7588 ), #4157 ) ;
#7305 = COLOUR_RGB ( '',1.000000000000000000, 1.000000000000000000, 1.000000000000000000 ) ;
#7306 = DIRECTION ( 'NONE',  ( -0.0000000000000000000, 0.3000000000000002700, -0.9539392014169455500 ) ) ;
#7307 = DIRECTION ( 'NONE',  ( -1.000000000000000000, -0.0000000000000000000, -0.0000000000000000000 ) ) ;
#7308 = DIRECTION ( 'NONE',  ( -1.000000000000000000, -0.0000000000000000000, 0.0000000000000000000 ) ) ;
#7309 = EDGE_CURVE ( 'NONE', #8014, #6159, #5306, .T. ) ;
#7310 = AXIS2_PLACEMENT_3D ( 'NONE', #4279, #2454, #6090 ) ;
#7311 = DIRECTION ( 'NONE',  ( 1.000000000000000000, -0.0000000000000000000, -0.0000000000000000000 ) ) ;
#7312 = CARTESIAN_POINT ( 'NONE',  ( -0.8250000000000001800, -2.300398605410600300, 0.6749999999999831700 ) ) ;
#7313 = VECTOR ( 'NONE', #2888, 1000.000000000000000 ) ;
#7314 = UNCERTAINTY_MEASURE_WITH_UNIT (LENGTH_MEASURE( 1.000000000000000100E-005 ), #1604, 'distance_accuracy_value', 'NONE');
#7315 =( NAMED_UNIT ( * ) PLANE_ANGLE_UNIT ( ) SI_UNIT ( $, .RADIAN. ) );
#7316 = DIRECTION ( 'NONE',  ( -0.0000000000000000000, 1.000000000000000000, 1.273963925350998900E-015 ) ) ;
#7317 = DIRECTION ( 'NONE',  ( 0.0000000000000000000, 0.1391731009600621100, 0.9902680687415708100 ) ) ;
#7318 = PRESENTATION_STYLE_ASSIGNMENT (( #4630 ) ) ;
#7319 = AXIS2_PLACEMENT_3D ( 'NONE', #2111, #2796, #7049 ) ;
#7320 = CARTESIAN_POINT ( 'NONE',  ( -1.714999999999999900, 2.591683031135834100, 0.2349620455192326700 ) ) ;
#7321 = EDGE_CURVE ( 'NONE', #7355, #461, #2206, .T. ) ;
#7322 = FILL_AREA_STYLE ('',( #451 ) ) ;
#7323 =( NAMED_UNIT ( * ) SI_UNIT ( $, .STERADIAN. ) SOLID_ANGLE_UNIT ( ) );
#7324 = SURFACE_STYLE_FILL_AREA ( #5748 ) ;
#7325 = SURFACE_STYLE_FILL_AREA ( #6986 ) ;
#7326 =( LENGTH_UNIT ( ) NAMED_UNIT ( * ) SI_UNIT ( .MILLI., .METRE. ) );
#7327 = EDGE_CURVE ( 'NONE', #1854, #6409, #517, .T. ) ;
#7328 = DIRECTION ( 'NONE',  ( 0.0000000000000000000, 0.0000000000000000000, -1.000000000000000000 ) ) ;
#7329 = MECHANICAL_DESIGN_GEOMETRIC_PRESENTATION_REPRESENTATION (  '', ( #2500 ), #76 ) ;
#7330 = DIRECTION ( 'NONE',  ( 0.0000000000000000000, 1.000000000000000000, -1.501620008892423100E-013 ) ) ;
#7331 = EDGE_CURVE ( 'NONE', #1397, #5002, #7785, .T. ) ;
#7332 = EDGE_LOOP ( 'NONE', ( #3422, #5083, #2730, #6989 ) ) ;
#7333 = FACE_OUTER_BOUND ( 'NONE', #767, .T. ) ;
#7334 = CARTESIAN_POINT ( 'NONE',  ( -0.8250000000000001800, -2.600398605410600100, 0.3345815153284070800 ) ) ;
#7335 = SURFACE_STYLE_FILL_AREA ( #5754 ) ;
#7336 = ORIENTED_EDGE ( 'NONE', *, *, #3624, .F. ) ;
#7337 = CARTESIAN_POINT ( 'NONE',  ( 0.8249999999999999600, 2.500398605410600000, 0.6749999999999530800 ) ) ;
#7338 = CARTESIAN_POINT ( 'NONE',  ( 0.8249999999999999600, -2.300398605410600300, 0.6749999999999831700 ) ) ;
#7339 = COLOUR_RGB ( '',1.000000000000000000, 1.000000000000000000, 1.000000000000000000 ) ;
#7340 = CYLINDRICAL_SURFACE ( 'NONE', #842, 0.09999999999999993600 ) ;
#7341 = PRESENTATION_STYLE_ASSIGNMENT (( #6286 ) ) ;
#7342 = MECHANICAL_DESIGN_GEOMETRIC_PRESENTATION_REPRESENTATION (  '', ( #4631 ), #8059 ) ;
#7343 = SURFACE_SIDE_STYLE ('',( #4020 ) ) ;
#7344 = SURFACE_STYLE_FILL_AREA ( #3187 ) ;
#7345 = STYLED_ITEM ( 'NONE', ( #1703 ), #7212 ) ;
#7346 = ORIENTED_EDGE ( 'NONE', *, *, #6562, .F. ) ;
#7347 = SURFACE_SIDE_STYLE ('',( #2876 ) ) ;
#7348 = SURFACE_STYLE_FILL_AREA ( #3552 ) ;
#7349 = AXIS2_PLACEMENT_3D ( 'NONE', #5664, #5744, #5081 ) ;
#7350 = ORIENTED_EDGE ( 'NONE', *, *, #1233, .F. ) ;
#7351 = DIRECTION ( 'NONE',  ( -1.000000000000000000, -0.0000000000000000000, -0.0000000000000000000 ) ) ;
#7352 = UNCERTAINTY_MEASURE_WITH_UNIT (LENGTH_MEASURE( 1.000000000000000100E-005 ), #293, 'distance_accuracy_value', 'NONE');
#7353 = PLANE ( 'NONE',  #5294 ) ;
#7354 = SURFACE_SIDE_STYLE ('',( #7521 ) ) ;
#7355 = VERTEX_POINT ( 'NONE', #5477 ) ;
#7356 = MECHANICAL_DESIGN_GEOMETRIC_PRESENTATION_REPRESENTATION (  '', ( #6557 ), #2023 ) ;
#7357 = DIRECTION ( 'NONE',  ( 0.0000000000000000000, 0.0000000000000000000, 1.000000000000000000 ) ) ;
#7358 = SURFACE_STYLE_FILL_AREA ( #3800 ) ;
#7359 = ORIENTED_EDGE ( 'NONE', *, *, #1884, .T. ) ;
#7360 = ORIENTED_EDGE ( 'NONE', *, *, #3925, .F. ) ;
#7361 = LINE ( 'NONE', #7924, #5833 ) ;
#7362 = STYLED_ITEM ( 'NONE', ( #7719 ), #2881 ) ;
#7363 = DIRECTION ( 'NONE',  ( -1.000000000000000000, 0.0000000000000000000, -0.0000000000000000000 ) ) ;
#7364 = FILL_AREA_STYLE ('',( #8063 ) ) ;
#7365 = UNCERTAINTY_MEASURE_WITH_UNIT (LENGTH_MEASURE( 1.000000000000000100E-005 ), #5444, 'distance_accuracy_value', 'NONE');
#7366 = EDGE_CURVE ( 'NONE', #1146, #5855, #3936, .T. ) ;
#7367 = VERTEX_POINT ( 'NONE', #7937 ) ;
#7368 = ORIENTED_EDGE ( 'NONE', *, *, #4334, .T. ) ;
#7369 = VERTEX_POINT ( 'NONE', #1759 ) ;
#7370 = ORIENTED_EDGE ( 'NONE', *, *, #4272, .T. ) ;
#7371 = CARTESIAN_POINT ( 'NONE',  ( -5.000000000000000000, 1.919999999999995000, 0.7749999999999804800 ) ) ;
#7372 = CARTESIAN_POINT ( 'NONE',  ( 0.4449999999999998400, 2.591683031135834100, 0.2349620455192325500 ) ) ;
#7373 = VERTEX_POINT ( 'NONE', #1726 ) ;
#7374 = AXIS2_PLACEMENT_3D ( 'NONE', #1583, #2745, #6468 ) ;
#7375 = DIRECTION ( 'NONE',  ( -0.0000000000000000000, 1.000000000000000000, -0.0000000000000000000 ) ) ;
#7376 = EDGE_CURVE ( 'NONE', #1858, #257, #5685, .T. ) ;
#7377 = ORIENTED_EDGE ( 'NONE', *, *, #7517, .F. ) ;
#7378 = DIRECTION ( 'NONE',  ( 1.000000000000000000, 0.0000000000000000000, 0.0000000000000000000 ) ) ;
#7379 = MECHANICAL_DESIGN_GEOMETRIC_PRESENTATION_REPRESENTATION (  '', ( #6970 ), #7791 ) ;
#7380 =( NAMED_UNIT ( * ) PLANE_ANGLE_UNIT ( ) SI_UNIT ( $, .RADIAN. ) );
#7381 = CARTESIAN_POINT ( 'NONE',  ( 0.4449999999999998400, -2.591683031135834100, 0.2349620455192326700 ) ) ;
#7382 = ORIENTED_EDGE ( 'NONE', *, *, #5957, .T. ) ;
#7383 = ORIENTED_EDGE ( 'NONE', *, *, #1386, .F. ) ;
#7384 = ORIENTED_EDGE ( 'NONE', *, *, #4769, .F. ) ;
#7385 = SURFACE_STYLE_USAGE ( .BOTH. , #3755 ) ;
#7386 = VECTOR ( 'NONE', #2179, 1000.000000000000000 ) ;
#7387 = AXIS2_PLACEMENT_3D ( 'NONE', #1734, #6649, #2347 ) ;
#7388 = ORIENTED_EDGE ( 'NONE', *, *, #1228, .F. ) ;
#7389 = DIRECTION ( 'NONE',  ( 1.000000000000000000, -0.0000000000000000000, -0.0000000000000000000 ) ) ;
#7390 = AXIS2_PLACEMENT_3D ( 'NONE', #585, #7978, #735 ) ;
#7391 = EDGE_LOOP ( 'NONE', ( #1085, #7518, #6519, #5934, #2770, #1438, #646, #952, #5576, #4092 ) ) ;
#7392 = COLOUR_RGB ( '',1.000000000000000000, 1.000000000000000000, 1.000000000000000000 ) ;
#7393 = DIRECTION ( 'NONE',  ( 1.000000000000000000, 0.0000000000000000000, -0.0000000000000000000 ) ) ;
#7394 = SURFACE_SIDE_STYLE ('',( #1860 ) ) ;
#7395 = MECHANICAL_DESIGN_GEOMETRIC_PRESENTATION_REPRESENTATION (  '', ( #3945 ), #4361 ) ;
#7396 = LINE ( 'NONE', #6722, #5872 ) ;
#7397 = ORIENTED_EDGE ( 'NONE', *, *, #7321, .T. ) ;
#7398 = COLOUR_RGB ( '',1.000000000000000000, 1.000000000000000000, 1.000000000000000000 ) ;
#7399 =( GEOMETRIC_REPRESENTATION_CONTEXT ( 3 ) GLOBAL_UNCERTAINTY_ASSIGNED_CONTEXT ( ( #6063 ) ) GLOBAL_UNIT_ASSIGNED_CONTEXT ( ( #2518, #1868, #1260 ) ) REPRESENTATION_CONTEXT ( 'NONE', 'WORKASPACE' ) );
#7400 = PRESENTATION_STYLE_ASSIGNMENT (( #5982 ) ) ;
#7401 = DIRECTION ( 'NONE',  ( 0.0000000000000000000, 0.0000000000000000000, 1.000000000000000000 ) ) ;
#7402 = VECTOR ( 'NONE', #7553, 1000.000000000000200 ) ;
#7403 = VECTOR ( 'NONE', #848, 1000.000000000000000 ) ;
#7404 = PRESENTATION_LAYER_ASSIGNMENT (  '', '', ( #2767 ) ) ;
#7405 = DIRECTION ( 'NONE',  ( 0.0000000000000000000, -0.9902680687415708100, -0.1391731009600622200 ) ) ;
#7406 = PRESENTATION_STYLE_ASSIGNMENT (( #4133 ) ) ;
#7407 = SURFACE_STYLE_USAGE ( .BOTH. , #2508 ) ;
#7408 = SURFACE_SIDE_STYLE ('',( #6035 ) ) ;
#7409 = SURFACE_STYLE_USAGE ( .BOTH. , #6813 ) ;
#7410 = PRESENTATION_STYLE_ASSIGNMENT (( #4427 ) ) ;
#7411 = EDGE_CURVE ( 'NONE', #4225, #594, #5983, .T. ) ;
#7412 = FILL_AREA_STYLE ('',( #1856 ) ) ;
#7413 = PRESENTATION_LAYER_ASSIGNMENT (  '', '', ( #3667 ) ) ;
#7414 = COLOUR_RGB ( '',1.000000000000000000, 1.000000000000000000, 1.000000000000000000 ) ;
#7415 =( NAMED_UNIT ( * ) PLANE_ANGLE_UNIT ( ) SI_UNIT ( $, .RADIAN. ) );
#7416 = EDGE_CURVE ( 'NONE', #5771, #6225, #6358, .T. ) ;
#7417 =( LENGTH_UNIT ( ) NAMED_UNIT ( * ) SI_UNIT ( .MILLI., .METRE. ) );
#7418 = PLANE ( 'NONE',  #1921 ) ;
#7419 = EDGE_LOOP ( 'NONE', ( #2498, #1433, #5464, #4600 ) ) ;
#7420 = EDGE_CURVE ( 'NONE', #6327, #4223, #795, .T. ) ;
#7421 =( NAMED_UNIT ( * ) PLANE_ANGLE_UNIT ( ) SI_UNIT ( $, .RADIAN. ) );
#7422 = FACE_OUTER_BOUND ( 'NONE', #5293, .T. ) ;
#7423 =( LENGTH_UNIT ( ) NAMED_UNIT ( * ) SI_UNIT ( .MILLI., .METRE. ) );
#7424 =( GEOMETRIC_REPRESENTATION_CONTEXT ( 3 ) GLOBAL_UNCERTAINTY_ASSIGNED_CONTEXT ( ( #5208 ) ) GLOBAL_UNIT_ASSIGNED_CONTEXT ( ( #5628, #3633, #5041 ) ) REPRESENTATION_CONTEXT ( 'NONE', 'WORKASPACE' ) );
#7425 = ORIENTED_EDGE ( 'NONE', *, *, #2098, .F. ) ;
#7426 = ORIENTED_EDGE ( 'NONE', *, *, #6000, .F. ) ;
#7427 = SURFACE_STYLE_FILL_AREA ( #88 ) ;
#7428 = STYLED_ITEM ( 'NONE', ( #8025 ), #6052 ) ;
#7429 = VECTOR ( 'NONE', #5874, 1000.000000000000000 ) ;
#7430 = DIRECTION ( 'NONE',  ( -1.000000000000000000, 0.0000000000000000000, -0.0000000000000000000 ) ) ;
#7431 = FILL_AREA_STYLE ('',( #3061 ) ) ;
#7432 =( NAMED_UNIT ( * ) PLANE_ANGLE_UNIT ( ) SI_UNIT ( $, .RADIAN. ) );
#7433 = VECTOR ( 'NONE', #3946, 1000.000000000000000 ) ;
#7434 =( NAMED_UNIT ( * ) SI_UNIT ( $, .STERADIAN. ) SOLID_ANGLE_UNIT ( ) );
#7435 = EDGE_LOOP ( 'NONE', ( #6118, #1861, #480, #489 ) ) ;
#7436 =( GEOMETRIC_REPRESENTATION_CONTEXT ( 3 ) GLOBAL_UNCERTAINTY_ASSIGNED_CONTEXT ( ( #209 ) ) GLOBAL_UNIT_ASSIGNED_CONTEXT ( ( #6310, #2689, #701 ) ) REPRESENTATION_CONTEXT ( 'NONE', 'WORKASPACE' ) );
#7437 = ORIENTED_EDGE ( 'NONE', *, *, #4482, .T. ) ;
#7438 = COLOUR_RGB ( '',1.000000000000000000, 1.000000000000000000, 1.000000000000000000 ) ;
#7439 = STYLED_ITEM ( 'NONE', ( #2690 ), #7198 ) ;
#7440 = CARTESIAN_POINT ( 'NONE',  ( -0.4450000000000000600, 2.200398605410600200, 0.9749999999999531300 ) ) ;
#7441 = COLOUR_RGB ( '',1.000000000000000000, 1.000000000000000000, 1.000000000000000000 ) ;
#7442 = ORIENTED_EDGE ( 'NONE', *, *, #6517, .F. ) ;
#7443 = LINE ( 'NONE', #6648, #5831 ) ;
#7444 = UNCERTAINTY_MEASURE_WITH_UNIT (LENGTH_MEASURE( 1.000000000000000100E-005 ), #4667, 'distance_accuracy_value', 'NONE');
#7445 = ORIENTED_EDGE ( 'NONE', *, *, #7017, .T. ) ;
#7446 = CARTESIAN_POINT ( 'NONE',  ( 0.8249999999999999600, -2.300398605410600300, 0.3345815153284068500 ) ) ;
#7447 = UNCERTAINTY_MEASURE_WITH_UNIT (LENGTH_MEASURE( 1.000000000000000100E-005 ), #1015, 'distance_accuracy_value', 'NONE');
#7448 = MECHANICAL_DESIGN_GEOMETRIC_PRESENTATION_REPRESENTATION (  '', ( #2361 ), #7871 ) ;
#7449 = ORIENTED_EDGE ( 'NONE', *, *, #2263, .F. ) ;
#7450 = SURFACE_SIDE_STYLE ('',( #1 ) ) ;
#7451 = ORIENTED_EDGE ( 'NONE', *, *, #3247, .F. ) ;
#7452 = DIRECTION ( 'NONE',  ( 0.0000000000000000000, 0.0000000000000000000, 1.000000000000000000 ) ) ;
#7453 = ORIENTED_EDGE ( 'NONE', *, *, #812, .T. ) ;
#7454 = CARTESIAN_POINT ( 'NONE',  ( 2.288512273707333100, 1.788512273707336200, -0.1605837865279657600 ) ) ;
#7455 = ORIENTED_EDGE ( 'NONE', *, *, #4436, .F. ) ;
#7456 = FACE_OUTER_BOUND ( 'NONE', #7391, .T. ) ;
#7457 = UNCERTAINTY_MEASURE_WITH_UNIT (LENGTH_MEASURE( 1.000000000000000100E-005 ), #810, 'distance_accuracy_value', 'NONE');
#7458 = DIRECTION ( 'NONE',  ( 0.0000000000000000000, 0.0000000000000000000, 1.000000000000000000 ) ) ;
#7459 = SURFACE_STYLE_FILL_AREA ( #2114 ) ;
#7460 = VERTEX_POINT ( 'NONE', #5593 ) ;
#7461 = ORIENTED_EDGE ( 'NONE', *, *, #2643, .F. ) ;
#7462 = DIRECTION ( 'NONE',  ( 0.0000000000000000000, 0.0000000000000000000, 1.000000000000000000 ) ) ;
#7463 = DIRECTION ( 'NONE',  ( -0.1378445374916344400, 0.1378445374916252600, -0.9808148484639888100 ) ) ;
#7464 = ORIENTED_EDGE ( 'NONE', *, *, #6714, .F. ) ;
#7465 = COLOUR_RGB ( '',1.000000000000000000, 1.000000000000000000, 1.000000000000000000 ) ;
#7466 = EDGE_CURVE ( 'NONE', #1687, #1130, #1374, .T. ) ;
#7467 = VERTEX_POINT ( 'NONE', #5048 ) ;
#7468 = FILL_AREA_STYLE_COLOUR ( '', #852 ) ;
#7469 = CARTESIAN_POINT ( 'NONE',  ( -1.714999999999999900, -2.300398605410600300, 0.6749999999999831700 ) ) ;
#7470 = PRESENTATION_STYLE_ASSIGNMENT (( #7534 ) ) ;
#7471 = SURFACE_STYLE_USAGE ( .BOTH. , #6854 ) ;
#7472 = EDGE_CURVE ( 'NONE', #4652, #7369, #5783, .T. ) ;
#7473 = VERTEX_POINT ( 'NONE', #3747 ) ;
#7474 = AXIS2_PLACEMENT_3D ( 'NONE', #7371, #6785, #3713 ) ;
#7475 = ORIENTED_EDGE ( 'NONE', *, *, #285, .F. ) ;
#7476 = VERTEX_POINT ( 'NONE', #8047 ) ;
#7477 = PLANE ( 'NONE',  #4265 ) ;
#7478 = EDGE_CURVE ( 'NONE', #1885, #2572, #297, .T. ) ;
#7479 = VERTEX_POINT ( 'NONE', #6204 ) ;
#7480 = CARTESIAN_POINT ( 'NONE',  ( 1.714999999999999900, 2.200398605410600200, 0.7749999999999831500 ) ) ;
#7481 = PRESENTATION_LAYER_ASSIGNMENT (  '', '', ( #5968 ) ) ;
#7482 = LINE ( 'NONE', #4040, #2594 ) ;
#7483 = DIRECTION ( 'NONE',  ( -1.000000000000000000, 0.0000000000000000000, -0.0000000000000000000 ) ) ;
#7484 = PRESENTATION_STYLE_ASSIGNMENT (( #3580 ) ) ;
#7485 = ORIENTED_EDGE ( 'NONE', *, *, #7275, .T. ) ;
#7486 =( LENGTH_UNIT ( ) NAMED_UNIT ( * ) SI_UNIT ( .MILLI., .METRE. ) );
#7487 = FILL_AREA_STYLE ('',( #2016 ) ) ;
#7488 = MECHANICAL_DESIGN_GEOMETRIC_PRESENTATION_REPRESENTATION (  '', ( #244 ), #7906 ) ;
#7489 = VECTOR ( 'NONE', #4761, 1000.000000000000000 ) ;
#7490 =( NAMED_UNIT ( * ) PLANE_ANGLE_UNIT ( ) SI_UNIT ( $, .RADIAN. ) );
#7491 = DIRECTION ( 'NONE',  ( -1.000000000000000000, -0.0000000000000000000, -0.0000000000000000000 ) ) ;
#7492 = DIRECTION ( 'NONE',  ( -1.000000000000000000, -0.0000000000000000000, -0.0000000000000000000 ) ) ;
#7493 = SURFACE_SIDE_STYLE ('',( #7759 ) ) ;
#7494 = AXIS2_PLACEMENT_3D ( 'NONE', #622, #5094, #5700 ) ;
#7495 = SURFACE_SIDE_STYLE ('',( #7324 ) ) ;
#7496 = VECTOR ( 'NONE', #6471, 1000.000000000000000 ) ;
#7497 = SURFACE_STYLE_FILL_AREA ( #6451 ) ;
#7498 = LINE ( 'NONE', #5774, #1909 ) ;
#7499 =( LENGTH_UNIT ( ) NAMED_UNIT ( * ) SI_UNIT ( .MILLI., .METRE. ) );
#7500 = CARTESIAN_POINT ( 'NONE',  ( -0.4450000000000000600, -2.600398605410600100, 0.3345815153284070800 ) ) ;
#7501 = FILL_AREA_STYLE_COLOUR ( '', #3962 ) ;
#7502 = LINE ( 'NONE', #5295, #816 ) ;
#7503 = ADVANCED_FACE ( 'NONE', ( #1796 ), #7477, .F. ) ;
#7504 = CARTESIAN_POINT ( 'NONE',  ( 2.095000000000000200, 2.300398605410600300, 0.6749999999999831700 ) ) ;
#7505 =( NAMED_UNIT ( * ) PLANE_ANGLE_UNIT ( ) SI_UNIT ( $, .RADIAN. ) );
#7506 = EDGE_CURVE ( 'NONE', #176, #2070, #5590, .T. ) ;
#7507 = ORIENTED_EDGE ( 'NONE', *, *, #5180, .F. ) ;
#7508 = SURFACE_SIDE_STYLE ('',( #6818 ) ) ;
#7509 = CARTESIAN_POINT ( 'NONE',  ( 2.095000000000000200, -2.230398605410600400, 0.7703939201416775100 ) ) ;
#7510 = LINE ( 'NONE', #5155, #6947 ) ;
#7511 = VECTOR ( 'NONE', #5456, 1000.000000000000000 ) ;
#7512 = EDGE_CURVE ( 'NONE', #5476, #3147, #7579, .T. ) ;
#7513 =( NAMED_UNIT ( * ) PLANE_ANGLE_UNIT ( ) SI_UNIT ( $, .RADIAN. ) );
#7515 = MECHANICAL_DESIGN_GEOMETRIC_PRESENTATION_REPRESENTATION (  '', ( #1279 ), #3138 ) ;
#7514 = DIRECTION ( 'NONE',  ( -1.000000000000000000, 0.0000000000000000000, -0.0000000000000000000 ) ) ;
#7516 = SURFACE_SIDE_STYLE ('',( #6815 ) ) ;
#7517 = EDGE_CURVE ( 'NONE', #4120, #3146, #2301, .T. ) ;
#7518 = ORIENTED_EDGE ( 'NONE', *, *, #520, .F. ) ;
#7519 = COLOUR_RGB ( '',1.000000000000000000, 1.000000000000000000, 1.000000000000000000 ) ;
#7520 = AXIS2_PLACEMENT_3D ( 'NONE', #3842, #5707, #6272 ) ;
#7521 = SURFACE_STYLE_FILL_AREA ( #6132 ) ;
#7522 = CARTESIAN_POINT ( 'NONE',  ( 0.4449999999999998400, 2.200398605410600200, 0.6749999999999831700 ) ) ;
#7523 = CARTESIAN_POINT ( 'NONE',  ( -1.664999999999999800, 2.290398605410596000, 0.9611817604250529900 ) ) ;
#7524 = VECTOR ( 'NONE', #6403, 1000.000000000000000 ) ;
#7525 = ORIENTED_EDGE ( 'NONE', *, *, #6961, .T. ) ;
#7526 = SURFACE_STYLE_USAGE ( .BOTH. , #6386 ) ;
#7527 = DIRECTION ( 'NONE',  ( 0.0000000000000000000, -0.9539392014169455500, 0.3000000000000002700 ) ) ;
#7528 = SURFACE_STYLE_FILL_AREA ( #5309 ) ;
#7529 = MECHANICAL_DESIGN_GEOMETRIC_PRESENTATION_REPRESENTATION (  '', ( #7140 ), #24 ) ;
#7530 = VECTOR ( 'NONE', #5415, 1000.000000000000100 ) ;
#7531 = STYLED_ITEM ( 'NONE', ( #7164 ), #6473 ) ;
#7532 = EDGE_LOOP ( 'NONE', ( #6218, #502, #1626, #6030, #1764, #3486, #58, #3062, #5636, #1654 ) ) ;
#7533 = ORIENTED_EDGE ( 'NONE', *, *, #4008, .F. ) ;
#7534 = SURFACE_STYLE_USAGE ( .BOTH. , #5039 ) ;
#7535 =( LENGTH_UNIT ( ) NAMED_UNIT ( * ) SI_UNIT ( .MILLI., .METRE. ) );
#7536 = SURFACE_STYLE_FILL_AREA ( #5986 ) ;
#7537 = PRESENTATION_LAYER_ASSIGNMENT (  '', '', ( #3368 ) ) ;
#7538 = ORIENTED_EDGE ( 'NONE', *, *, #7714, .F. ) ;
#7539 = DIRECTION ( 'NONE',  ( 0.0000000000000000000, 0.0000000000000000000, 1.000000000000000000 ) ) ;
#7540 = ORIENTED_EDGE ( 'NONE', *, *, #5281, .F. ) ;
#7541 = AXIS2_PLACEMENT_3D ( 'NONE', #6861, #3950, #4557 ) ;
#7542 = COLOUR_RGB ( '',1.000000000000000000, 1.000000000000000000, 1.000000000000000000 ) ;
#7543 = ADVANCED_FACE ( 'NONE', ( #2986 ), #3554, .T. ) ;
#7544 = CARTESIAN_POINT ( 'NONE',  ( 2.095000000000000200, 2.200398605410600200, 0.6749999999999531900 ) ) ;
#7545 = ORIENTED_EDGE ( 'NONE', *, *, #3053, .F. ) ;
#7546 = DIRECTION ( 'NONE',  ( 1.000000000000000000, -0.0000000000000000000, -0.0000000000000000000 ) ) ;
#7547 = ORIENTED_EDGE ( 'NONE', *, *, #3663, .T. ) ;
#7548 = PLANE ( 'NONE',  #2254 ) ;
#7549 = EDGE_CURVE ( 'NONE', #7936, #4692, #5121, .T. ) ;
#7550 = ORIENTED_EDGE ( 'NONE', *, *, #7714, .T. ) ;
#7551 = SURFACE_SIDE_STYLE ('',( #7174 ) ) ;
#7552 = DIRECTION ( 'NONE',  ( -1.000000000000000000, 0.0000000000000000000, -0.0000000000000000000 ) ) ;
#7553 = DIRECTION ( 'NONE',  ( 0.1378445374916344400, 0.1378445374916256200, 0.9808148484639887000 ) ) ;
#7554 = ORIENTED_EDGE ( 'NONE', *, *, #2906, .F. ) ;
#7555 = DIRECTION ( 'NONE',  ( 0.0000000000000000000, 0.08715574274766262100, -0.9961946980917451000 ) ) ;
#7556 = VERTEX_POINT ( 'NONE', #1919 ) ;
#7557 =( GEOMETRIC_REPRESENTATION_CONTEXT ( 3 ) GLOBAL_UNCERTAINTY_ASSIGNED_CONTEXT ( ( #4217 ) ) GLOBAL_UNIT_ASSIGNED_CONTEXT ( ( #2065, #6348, #5726 ) ) REPRESENTATION_CONTEXT ( 'NONE', 'WORKASPACE' ) );
#7558 = PRESENTATION_STYLE_ASSIGNMENT (( #3212 ) ) ;
#7559 = DIRECTION ( 'NONE',  ( 0.0000000000000000000, -0.1391731009600621100, 0.9902680687415708100 ) ) ;
#7560 = DIRECTION ( 'NONE',  ( -1.000000000000000000, 0.0000000000000000000, -0.0000000000000000000 ) ) ;
#7561 = ORIENTED_EDGE ( 'NONE', *, *, #3615, .T. ) ;
#7562 = EDGE_CURVE ( 'NONE', #3143, #5397, #3458, .T. ) ;
#7563 = VERTEX_POINT ( 'NONE', #2539 ) ;
#7564 = CARTESIAN_POINT ( 'NONE',  ( -0.8250000000000001800, 3.000000000000000000, 0.1992389396183490100 ) ) ;
#7565 = LINE ( 'NONE', #7142, #2290 ) ;
#7566 = FILL_AREA_STYLE ('',( #7024 ) ) ;
#7567 = ORIENTED_EDGE ( 'NONE', *, *, #6198, .F. ) ;
#7568 = EDGE_CURVE ( 'NONE', #1858, #1829, #190, .T. ) ;
#7569 = ORIENTED_EDGE ( 'NONE', *, *, #6251, .T. ) ;
#7570 =( NAMED_UNIT ( * ) PLANE_ANGLE_UNIT ( ) SI_UNIT ( $, .RADIAN. ) );
#7571 =( NAMED_UNIT ( * ) PLANE_ANGLE_UNIT ( ) SI_UNIT ( $, .RADIAN. ) );
#7572 = EDGE_CURVE ( 'NONE', #2572, #7260, #7023, .T. ) ;
#7573 = STYLED_ITEM ( 'NONE', ( #2729 ), #5835 ) ;
#7574 = FILL_AREA_STYLE_COLOUR ( '', #2840 ) ;
#7575 = DIRECTION ( 'NONE',  ( -1.000000000000000000, 0.0000000000000000000, -0.0000000000000000000 ) ) ;
#7576 = LINE ( 'NONE', #6614, #6076 ) ;
#7577 = ORIENTED_EDGE ( 'NONE', *, *, #4882, .T. ) ;
#7578 =( NAMED_UNIT ( * ) PLANE_ANGLE_UNIT ( ) SI_UNIT ( $, .RADIAN. ) );
#7579 = LINE ( 'NONE', #3766, #1003 ) ;
#7580 = ADVANCED_FACE ( 'NONE', ( #6447, #5016 ), #4594, .F. ) ;
#7581 = CARTESIAN_POINT ( 'NONE',  ( 2.095000000000000200, 2.591683031135834100, 0.2349620455192325500 ) ) ;
#7582 = CARTESIAN_POINT ( 'NONE',  ( 0.8249999999999999600, -2.200398605410600200, 0.9749999999999531300 ) ) ;
#7583 = PRESENTATION_LAYER_ASSIGNMENT (  '', '', ( #4416 ) ) ;
#7584 = LINE ( 'NONE', #7781, #5424 ) ;
#7585 =( NAMED_UNIT ( * ) SI_UNIT ( $, .STERADIAN. ) SOLID_ANGLE_UNIT ( ) );
#7586 = FILL_AREA_STYLE ('',( #2611 ) ) ;
#7587 = CARTESIAN_POINT ( 'NONE',  ( -2.095000000000000200, -2.200398605410600200, 0.9749999999999531300 ) ) ;
#7588 = STYLED_ITEM ( 'NONE', ( #818 ), #7075 ) ;
#7589 = FILL_AREA_STYLE ('',( #6998 ) ) ;
#7590 = CYLINDRICAL_SURFACE ( 'NONE', #6091, 0.3000000000000001600 ) ;
#7591 = MECHANICAL_DESIGN_GEOMETRIC_PRESENTATION_REPRESENTATION (  '', ( #6793 ), #5432 ) ;
#7592 = SURFACE_STYLE_USAGE ( .BOTH. , #179 ) ;
#7593 = DIRECTION ( 'NONE',  ( -1.000000000000000000, -0.0000000000000000000, -0.0000000000000000000 ) ) ;
#7594 = CARTESIAN_POINT ( 'NONE',  ( 2.145000000000000000, -2.230398605410600400, 0.7703939201416775100 ) ) ;
#7595 = CIRCLE ( 'NONE', #5352, 0.09999999999999993600 ) ;
#7596 = FILL_AREA_STYLE_COLOUR ( '', #6441 ) ;
#7597 = FACE_OUTER_BOUND ( 'NONE', #6807, .T. ) ;
#7598 = CARTESIAN_POINT ( 'NONE',  ( -1.714999999999999900, -2.591683031135834100, 0.2349620455192326700 ) ) ;
#7599 =( NAMED_UNIT ( * ) PLANE_ANGLE_UNIT ( ) SI_UNIT ( $, .RADIAN. ) );
#7600 =( NAMED_UNIT ( * ) PLANE_ANGLE_UNIT ( ) SI_UNIT ( $, .RADIAN. ) );
#7601 = STYLED_ITEM ( 'NONE', ( #6276 ), #3653 ) ;
#7602 = ORIENTED_EDGE ( 'NONE', *, *, #5289, .F. ) ;
#7603 = PLANE ( 'NONE',  #6372 ) ;
#7604 = EDGE_CURVE ( 'NONE', #5369, #881, #1891, .T. ) ;
#7605 = LINE ( 'NONE', #2981, #7158 ) ;
#7606 = DIRECTION ( 'NONE',  ( -0.0000000000000000000, -1.000000000000000000, -0.0000000000000000000 ) ) ;
#7607 = DIRECTION ( 'NONE',  ( 0.0000000000000000000, 0.0000000000000000000, 1.000000000000000000 ) ) ;
#7608 = DIRECTION ( 'NONE',  ( 0.0000000000000000000, 1.000000000000000000, -1.501620008892423100E-013 ) ) ;
#7609 = EDGE_CURVE ( 'NONE', #756, #5391, #6658, .T. ) ;
#7610 = EDGE_LOOP ( 'NONE', ( #3616, #5584, #3518, #4770 ) ) ;
#7611 = CARTESIAN_POINT ( 'NONE',  ( 2.095000000000000200, 1.921891833059526500, 0.9749999999999531300 ) ) ;
#7613 = MECHANICAL_DESIGN_GEOMETRIC_PRESENTATION_REPRESENTATION (  '', ( #4614 ), #3620 ) ;
#7612 = PLANE ( 'NONE',  #6120 ) ;
#7614 = EDGE_CURVE ( 'NONE', #682, #3146, #408, .T. ) ;
#7615 = ADVANCED_FACE ( 'NONE', ( #3344 ), #6946, .F. ) ;
#7616 = ORIENTED_EDGE ( 'NONE', *, *, #4856, .F. ) ;
#7617 = AXIS2_PLACEMENT_3D ( 'NONE', #197, #3477, #2871 ) ;
#7618 = FACE_OUTER_BOUND ( 'NONE', #394, .T. ) ;
#7619 = DIRECTION ( 'NONE',  ( -1.000000000000000000, -0.0000000000000000000, 0.0000000000000000000 ) ) ;
#7620 = ORIENTED_EDGE ( 'NONE', *, *, #7789, .T. ) ;
#7621 = CARTESIAN_POINT ( 'NONE',  ( -0.8250000000000001800, -2.200398605410600200, 0.9749999999999531300 ) ) ;
#7622 = PLANE ( 'NONE',  #945 ) ;
#7623 = ORIENTED_EDGE ( 'NONE', *, *, #3189, .T. ) ;
#7624 = CARTESIAN_POINT ( 'NONE',  ( -0.4450000000000000600, -2.300398605410600300, 0.3345815153284068500 ) ) ;
#7625 = VERTEX_POINT ( 'NONE', #6973 ) ;
#7626 = VECTOR ( 'NONE', #5601, 1000.000000000000000 ) ;
#7627 = MECHANICAL_DESIGN_GEOMETRIC_PRESENTATION_REPRESENTATION (  '', ( #6020 ), #8064 ) ;
#7628 = CARTESIAN_POINT ( 'NONE',  ( 1.665000000000000000, -2.200398605410600200, 0.6749999999999831700 ) ) ;
#7629 = VERTEX_POINT ( 'NONE', #7029 ) ;
#7630 = ORIENTED_EDGE ( 'NONE', *, *, #4178, .F. ) ;
#7631 = EDGE_LOOP ( 'NONE', ( #1962, #3500, #5653, #4589 ) ) ;
#7632 =( NAMED_UNIT ( * ) SI_UNIT ( $, .STERADIAN. ) SOLID_ANGLE_UNIT ( ) );
#7633 = LINE ( 'NONE', #2775, #1859 ) ;
#7634 = PLANE ( 'NONE',  #7617 ) ;
#7635 = FILL_AREA_STYLE ('',( #4033 ) ) ;
#7636 = VERTEX_POINT ( 'NONE', #80 ) ;
#7637 = DIRECTION ( 'NONE',  ( 0.0000000000000000000, 0.0000000000000000000, 1.000000000000000000 ) ) ;
#7638 = MECHANICAL_DESIGN_GEOMETRIC_PRESENTATION_REPRESENTATION (  '', ( #5768 ), #6996 ) ;
#7639 = PRESENTATION_STYLE_ASSIGNMENT (( #7674 ) ) ;
#7640 = ORIENTED_EDGE ( 'NONE', *, *, #74, .F. ) ;
#7641 =( NAMED_UNIT ( * ) SI_UNIT ( $, .STERADIAN. ) SOLID_ANGLE_UNIT ( ) );
#7642 = DIRECTION ( 'NONE',  ( 0.0000000000000000000, 1.501620008892423400E-013, 1.000000000000000000 ) ) ;
#7643 = EDGE_LOOP ( 'NONE', ( #7455, #2030, #3533, #4209 ) ) ;
#7644 = EDGE_LOOP ( 'NONE', ( #4357, #7761, #6296, #3244, #6537, #5457 ) ) ;
#7645 = DIRECTION ( 'NONE',  ( 0.0000000000000000000, 0.0000000000000000000, 1.000000000000000000 ) ) ;
#7646 = CARTESIAN_POINT ( 'NONE',  ( -0.4450000000000000600, -2.200398605410600200, 0.6749999999999831700 ) ) ;
#7647 = ORIENTED_EDGE ( 'NONE', *, *, #1716, .T. ) ;
#7648 = SURFACE_SIDE_STYLE ('',( #1441 ) ) ;
#7649 = AXIS2_PLACEMENT_3D ( 'NONE', #1187, #3051, #7892 ) ;
#7650 = ORIENTED_EDGE ( 'NONE', *, *, #5682, .F. ) ;
#7651 = FILL_AREA_STYLE_COLOUR ( '', #994 ) ;
#7652 = FILL_AREA_STYLE_COLOUR ( '', #5377 ) ;
#7653 = DIRECTION ( 'NONE',  ( 0.0000000000000000000, 0.0000000000000000000, -1.000000000000000000 ) ) ;
#7654 = VERTEX_POINT ( 'NONE', #2006 ) ;
#7655 = VECTOR ( 'NONE', #3572, 1000.000000000000000 ) ;
#7656 = ORIENTED_EDGE ( 'NONE', *, *, #5898, .T. ) ;
#7657 = ADVANCED_FACE ( 'NONE', ( #7278 ), #4804, .T. ) ;
#7658 = CARTESIAN_POINT ( 'NONE',  ( 2.145000000000000000, 2.230398605410600400, 0.7703939201416775100 ) ) ;
#7659 = EDGE_CURVE ( 'NONE', #6041, #5481, #980, .T. ) ;
#7660 = VERTEX_POINT ( 'NONE', #1368 ) ;
#7661 =( LENGTH_UNIT ( ) NAMED_UNIT ( * ) SI_UNIT ( .MILLI., .METRE. ) );
#7662 =( GEOMETRIC_REPRESENTATION_CONTEXT ( 3 ) GLOBAL_UNCERTAINTY_ASSIGNED_CONTEXT ( ( #3900 ) ) GLOBAL_UNIT_ASSIGNED_CONTEXT ( ( #2951, #6031, #1706 ) ) REPRESENTATION_CONTEXT ( 'NONE', 'WORKASPACE' ) );
#7663 = FILL_AREA_STYLE_COLOUR ( '', #5954 ) ;
#7664 = DIRECTION ( 'NONE',  ( 1.000000000000000000, 0.0000000000000000000, 0.0000000000000000000 ) ) ;
#7665 = EDGE_CURVE ( 'NONE', #5376, #4510, #871, .T. ) ;
#7666 = FACE_OUTER_BOUND ( 'NONE', #1319, .T. ) ;
#7667 =( GEOMETRIC_REPRESENTATION_CONTEXT ( 3 ) GLOBAL_UNCERTAINTY_ASSIGNED_CONTEXT ( ( #2652 ) ) GLOBAL_UNIT_ASSIGNED_CONTEXT ( ( #379, #2302, #4160 ) ) REPRESENTATION_CONTEXT ( 'NONE', 'WORKASPACE' ) );
#7668 =( NAMED_UNIT ( * ) PLANE_ANGLE_UNIT ( ) SI_UNIT ( $, .RADIAN. ) );
#7669 = ADVANCED_FACE ( 'NONE', ( #1347 ), #7548, .F. ) ;
#7670 = CARTESIAN_POINT ( 'NONE',  ( -1.714999999999999900, -2.500398605410600000, 0.3345815153284070200 ) ) ;
#7671 =( LENGTH_UNIT ( ) NAMED_UNIT ( * ) SI_UNIT ( .MILLI., .METRE. ) );
#7672 = LINE ( 'NONE', #7034, #7783 ) ;
#7673 = VECTOR ( 'NONE', #7887, 1000.000000000000000 ) ;
#7674 = SURFACE_STYLE_USAGE ( .BOTH. , #3354 ) ;
#7675 =( GEOMETRIC_REPRESENTATION_CONTEXT ( 3 ) GLOBAL_UNCERTAINTY_ASSIGNED_CONTEXT ( ( #4349 ) ) GLOBAL_UNIT_ASSIGNED_CONTEXT ( ( #6514, #7129, #3943 ) ) REPRESENTATION_CONTEXT ( 'NONE', 'WORKASPACE' ) );
#7676 = EDGE_CURVE ( 'NONE', #4795, #6051, #4988, .T. ) ;
#7677 = VECTOR ( 'NONE', #313, 1000.000000000000000 ) ;
#7678 = AXIS2_PLACEMENT_3D ( 'NONE', #4463, #1278, #1974 ) ;
#7679 = DIRECTION ( 'NONE',  ( 1.000000000000000000, 0.0000000000000000000, 0.0000000000000000000 ) ) ;
#7680 = CARTESIAN_POINT ( 'NONE',  ( -0.8750000000000001100, -2.230398605410600400, 0.7703939201416775100 ) ) ;
#7681 = UNCERTAINTY_MEASURE_WITH_UNIT (LENGTH_MEASURE( 1.000000000000000100E-005 ), #3706, 'distance_accuracy_value', 'NONE');
#7682 = COLOUR_RGB ( '',1.000000000000000000, 1.000000000000000000, 1.000000000000000000 ) ;
#7683 = LINE ( 'NONE', #2707, #4435 ) ;
#7684 = CARTESIAN_POINT ( 'NONE',  ( -0.4450000000000000600, -2.591683031135834100, 0.2349620455192326700 ) ) ;
#7685 = CARTESIAN_POINT ( 'NONE',  ( 0.8750000000000001100, -2.300398605410600300, 0.6749999999999831700 ) ) ;
#7686 = CARTESIAN_POINT ( 'NONE',  ( 0.3949999999999999600, 2.300398605410600300, 0.6749999999999831700 ) ) ;
#7687 = DIRECTION ( 'NONE',  ( 0.0000000000000000000, 0.08715574274766262100, -0.9961946980917451000 ) ) ;
#7688 = DIRECTION ( 'NONE',  ( -1.000000000000000000, -0.0000000000000000000, -0.0000000000000000000 ) ) ;
#7689 = PRESENTATION_LAYER_ASSIGNMENT (  '', '', ( #374 ) ) ;
#7690 = FACE_OUTER_BOUND ( 'NONE', #1875, .T. ) ;
#7691 =( NAMED_UNIT ( * ) PLANE_ANGLE_UNIT ( ) SI_UNIT ( $, .RADIAN. ) );
#7692 = CARTESIAN_POINT ( 'NONE',  ( 1.665000000000000000, 2.200398605410600200, 0.6749999999999831700 ) ) ;
#7693 = ORIENTED_EDGE ( 'NONE', *, *, #4078, .T. ) ;
#7695 = EDGE_CURVE ( 'NONE', #4460, #249, #5652, .T. ) ;
#7694 = COLOUR_RGB ( '',1.000000000000000000, 1.000000000000000000, 1.000000000000000000 ) ;
#7696 = ADVANCED_FACE ( 'NONE', ( #2952 ), #3444, .F. ) ;
#7697 = LINE ( 'NONE', #6849, #4444 ) ;
#7698 = AXIS2_PLACEMENT_3D ( 'NONE', #7823, #7214, #4121 ) ;
#7699 = SURFACE_STYLE_USAGE ( .BOTH. , #1627 ) ;
#7700 = CARTESIAN_POINT ( 'NONE',  ( 2.095000000000000200, 3.000000000000000000, 0.1992389396183490100 ) ) ;
#7701 = DIRECTION ( 'NONE',  ( 0.0000000000000000000, 0.08715574274766262100, 0.9961946980917451000 ) ) ;
#7702 = ORIENTED_EDGE ( 'NONE', *, *, #2950, .F. ) ;
#7703 = ORIENTED_EDGE ( 'NONE', *, *, #4008, .T. ) ;
#7704 = CARTESIAN_POINT ( 'NONE',  ( -0.4450000000000000600, -2.200398605410600200, 0.7749999999999831500 ) ) ;
#7705 = VECTOR ( 'NONE', #4005, 1000.000000000000000 ) ;
#7706 = SURFACE_SIDE_STYLE ('',( #2369 ) ) ;
#7707 = CARTESIAN_POINT ( 'NONE',  ( 0.8249999999999999600, -2.300398605410600300, 0.3345815153284068500 ) ) ;
#7708 = LINE ( 'NONE', #4910, #3690 ) ;
#7709 = PRODUCT_DEFINITION_CONTEXT ( 'detailed design', #3784, 'design' ) ;
#7710 =( GEOMETRIC_REPRESENTATION_CONTEXT ( 3 ) GLOBAL_UNCERTAINTY_ASSIGNED_CONTEXT ( ( #3260 ) ) GLOBAL_UNIT_ASSIGNED_CONTEXT ( ( #4553, #7026, #827 ) ) REPRESENTATION_CONTEXT ( 'NONE', 'WORKASPACE' ) );
#7711 = ADVANCED_FACE ( 'NONE', ( #5952 ), #4002, .F. ) ;
#7712 = CARTESIAN_POINT ( 'NONE',  ( 0.8750000000000001100, -2.500398605410600000, 0.6749999999999530800 ) ) ;
#7713 =( NAMED_UNIT ( * ) SI_UNIT ( $, .STERADIAN. ) SOLID_ANGLE_UNIT ( ) );
#7714 = EDGE_CURVE ( 'NONE', #359, #7473, #6624, .T. ) ;
#7715 = ORIENTED_EDGE ( 'NONE', *, *, #675, .T. ) ;
#7716 = VECTOR ( 'NONE', #1071, 1000.000000000000000 ) ;
#7717 = SURFACE_STYLE_FILL_AREA ( #7589 ) ;
#7718 = CARTESIAN_POINT ( 'NONE',  ( 1.714999999999999900, -1.950000000000000000, 0.7749999999999831500 ) ) ;
#7719 = PRESENTATION_STYLE_ASSIGNMENT (( #910 ) ) ;
#7720 = CARTESIAN_POINT ( 'NONE',  ( 0.8750000000000001100, -2.300398605410600300, 0.6749999999999831700 ) ) ;
#7721 = EDGE_CURVE ( 'NONE', #5971, #4501, #4394, .T. ) ;
#7722 = VECTOR ( 'NONE', #324, 1000.000000000000000 ) ;
#7723 = EDGE_CURVE ( 'NONE', #7629, #7848, #1564, .T. ) ;
#7724 = ORIENTED_EDGE ( 'NONE', *, *, #2620, .F. ) ;
#7725 = SURFACE_STYLE_USAGE ( .BOTH. , #5222 ) ;
#7726 = VECTOR ( 'NONE', #4260, 1000.000000000000000 ) ;
#7727 = MECHANICAL_DESIGN_GEOMETRIC_PRESENTATION_REPRESENTATION (  '', ( #6154 ), #1046 ) ;
#7728 = ORIENTED_EDGE ( 'NONE', *, *, #3605, .F. ) ;
#7729 = EDGE_CURVE ( 'NONE', #2127, #2357, #5848, .T. ) ;
#7730 = CARTESIAN_POINT ( 'NONE',  ( 0.8249999999999999600, -3.000000000000000000, 0.1992389396183490100 ) ) ;
#7731 = PRESENTATION_LAYER_ASSIGNMENT (  '', '', ( #1096 ) ) ;
#7732 =( NAMED_UNIT ( * ) PLANE_ANGLE_UNIT ( ) SI_UNIT ( $, .RADIAN. ) );
#7733 = VECTOR ( 'NONE', #2064, 1000.000000000000000 ) ;
#7734 = ORIENTED_EDGE ( 'NONE', *, *, #7614, .T. ) ;
#7735 = FACE_OUTER_BOUND ( 'NONE', #4886, .T. ) ;
#7736 = CARTESIAN_POINT ( 'NONE',  ( 1.714999999999999900, -2.200398605410600200, 0.6749999999999831700 ) ) ;
#7737 = ORIENTED_EDGE ( 'NONE', *, *, #2686, .T. ) ;
#7738 = FACE_OUTER_BOUND ( 'NONE', #8056, .T. ) ;
#7739 = DIRECTION ( 'NONE',  ( 0.0000000000000000000, -0.08715574274766262100, -0.9961946980917451000 ) ) ;
#7740 = PLANE ( 'NONE',  #678 ) ;
#7741 = ORIENTED_EDGE ( 'NONE', *, *, #2154, .T. ) ;
#7742 = LINE ( 'NONE', #511, #2849 ) ;
#7743 = CARTESIAN_POINT ( 'NONE',  ( 0.8750000000000001100, 2.500398605410600000, 0.6749999999999530800 ) ) ;
#7744 = ORIENTED_EDGE ( 'NONE', *, *, #4134, .F. ) ;
#7745 = PRESENTATION_LAYER_ASSIGNMENT (  '', '', ( #6018 ) ) ;
#7746 = COLOUR_RGB ( '',1.000000000000000000, 1.000000000000000000, 1.000000000000000000 ) ;
#7747 = ORIENTED_EDGE ( 'NONE', *, *, #877, .F. ) ;
#7748 = CARTESIAN_POINT ( 'NONE',  ( -0.4450000000000000600, 2.574251882586301200, 0.03572310590088358800 ) ) ;
#7749 = ORIENTED_EDGE ( 'NONE', *, *, #1491, .T. ) ;
#7750 = ADVANCED_FACE ( 'NONE', ( #6136 ), #3378, .F. ) ;
#7751 = AXIS2_PLACEMENT_3D ( 'NONE', #7752, #4717, #4071 ) ;
#7752 = CARTESIAN_POINT ( 'NONE',  ( -0.8250000000000001800, -2.200398605410600200, 0.6749999999999831700 ) ) ;
#7753 = PRESENTATION_STYLE_ASSIGNMENT (( #4621 ) ) ;
#7754 = PLANE ( 'NONE',  #3822 ) ;
#7755 = ORIENTED_EDGE ( 'NONE', *, *, #223, .T. ) ;
#7756 = PLANE ( 'NONE',  #124 ) ;
#7757 = CARTESIAN_POINT ( 'NONE',  ( 0.3949999999999999600, -2.230398605410600400, 0.7703939201416775100 ) ) ;
#7758 = ORIENTED_EDGE ( 'NONE', *, *, #6917, .T. ) ;
#7759 = SURFACE_STYLE_FILL_AREA ( #2616 ) ;
#7760 = CARTESIAN_POINT ( 'NONE',  ( -1.664999999999999800, -2.230398605410600400, 0.7703939201416775100 ) ) ;
#7761 = ORIENTED_EDGE ( 'NONE', *, *, #6894, .T. ) ;
#7762 = ORIENTED_EDGE ( 'NONE', *, *, #7723, .T. ) ;
#7763 = ADVANCED_FACE ( 'NONE', ( #1244 ), #298, .T. ) ;
#7764 = ORIENTED_EDGE ( 'NONE', *, *, #6761, .F. ) ;
#7765 = CARTESIAN_POINT ( 'NONE',  ( 2.095000000000000200, -2.574251882586301200, 0.03572310590088358800 ) ) ;
#7766 = CARTESIAN_POINT ( 'NONE',  ( -1.664999999999999800, 2.300398605410600300, 0.6749999999999831700 ) ) ;
#7767 = EDGE_LOOP ( 'NONE', ( #2387, #4559, #3793, #5537 ) ) ;
#7768 = AXIS2_PLACEMENT_3D ( 'NONE', #1339, #5186, #5721 ) ;
#7769 = CIRCLE ( 'NONE', #3347, 0.2999999999999856100 ) ;
#7770 = FILL_AREA_STYLE ('',( #4705 ) ) ;
#7771 = ORIENTED_EDGE ( 'NONE', *, *, #519, .T. ) ;
#7772 =( GEOMETRIC_REPRESENTATION_CONTEXT ( 3 ) GLOBAL_UNCERTAINTY_ASSIGNED_CONTEXT ( ( #838 ) ) GLOBAL_UNIT_ASSIGNED_CONTEXT ( ( #4161, #410, #4808 ) ) REPRESENTATION_CONTEXT ( 'NONE', 'WORKASPACE' ) );
#7773 = FACE_OUTER_BOUND ( 'NONE', #4709, .T. ) ;
#7774 = CARTESIAN_POINT ( 'NONE',  ( -0.4450000000000000600, -2.591683031135834100, 0.2349620455192326700 ) ) ;
#7775 = UNCERTAINTY_MEASURE_WITH_UNIT (LENGTH_MEASURE( 1.000000000000000100E-005 ), #555, 'distance_accuracy_value', 'NONE');
#7776 = EDGE_CURVE ( 'NONE', #5399, #4468, #8032, .T. ) ;
#7777 = DIRECTION ( 'NONE',  ( -1.000000000000000000, 0.0000000000000000000, -0.0000000000000000000 ) ) ;
#7778 = ORIENTED_EDGE ( 'NONE', *, *, #4654, .F. ) ;
#7779 = DIRECTION ( 'NONE',  ( 1.000000000000000000, -0.0000000000000000000, -0.0000000000000000000 ) ) ;
#7780 = PRESENTATION_STYLE_ASSIGNMENT (( #7526 ) ) ;
#7781 = CARTESIAN_POINT ( 'NONE',  ( -1.714999999999999900, 2.300398605410600300, 0.6749999999999831700 ) ) ;
#7782 = EDGE_CURVE ( 'NONE', #4699, #1171, #3708, .T. ) ;
#7783 = VECTOR ( 'NONE', #872, 1000.000000000000000 ) ;
#7784 = CARTESIAN_POINT ( 'NONE',  ( 2.095000000000000200, 2.230398605410600400, 0.7703939201416775100 ) ) ;
#7785 = LINE ( 'NONE', #7274, #3068 ) ;
#7786 = STYLED_ITEM ( 'NONE', ( #5863 ), #4620 ) ;
#7787 = DIRECTION ( 'NONE',  ( 0.0000000000000000000, -1.000000000000000000, -1.501620008892423100E-013 ) ) ;
#7788 = COLOUR_RGB ( '',1.000000000000000000, 1.000000000000000000, 1.000000000000000000 ) ;
#7789 = EDGE_CURVE ( 'NONE', #6147, #138, #4296, .T. ) ;
#7790 = FILL_AREA_STYLE_COLOUR ( '', #230 ) ;
#7791 =( GEOMETRIC_REPRESENTATION_CONTEXT ( 3 ) GLOBAL_UNCERTAINTY_ASSIGNED_CONTEXT ( ( #4942 ) ) GLOBAL_UNIT_ASSIGNED_CONTEXT ( ( #5955, #4137, #1013 ) ) REPRESENTATION_CONTEXT ( 'NONE', 'WORKASPACE' ) );
#7792 = DIRECTION ( 'NONE',  ( 0.0000000000000000000, -1.501620008892423400E-013, -1.000000000000000000 ) ) ;
#7793 = ADVANCED_FACE ( 'NONE', ( #1963 ), #2991, .F. ) ;
#7794 = VECTOR ( 'NONE', #7038, 1000.000000000000000 ) ;
#7795 = FILL_AREA_STYLE ('',( #6555 ) ) ;
#7796 = DIRECTION ( 'NONE',  ( 1.000000000000000000, 0.0000000000000000000, 0.0000000000000000000 ) ) ;
#7797 =( NAMED_UNIT ( * ) SI_UNIT ( $, .STERADIAN. ) SOLID_ANGLE_UNIT ( ) );
#7798 =( GEOMETRIC_REPRESENTATION_CONTEXT ( 3 ) GLOBAL_UNCERTAINTY_ASSIGNED_CONTEXT ( ( #2331 ) ) GLOBAL_UNIT_ASSIGNED_CONTEXT ( ( #7535, #1358, #6047 ) ) REPRESENTATION_CONTEXT ( 'NONE', 'WORKASPACE' ) );
#7799 = UNCERTAINTY_MEASURE_WITH_UNIT (LENGTH_MEASURE( 1.000000000000000100E-005 ), #4077, 'distance_accuracy_value', 'NONE');
#7800 = FACE_OUTER_BOUND ( 'NONE', #439, .T. ) ;
#7801 = UNCERTAINTY_MEASURE_WITH_UNIT (LENGTH_MEASURE( 1.000000000000000100E-005 ), #3217, 'distance_accuracy_value', 'NONE');
#7802 =( NAMED_UNIT ( * ) PLANE_ANGLE_UNIT ( ) SI_UNIT ( $, .RADIAN. ) );
#7803 = STYLED_ITEM ( 'NONE', ( #6579 ), #6919 ) ;
#7804 = DIRECTION ( 'NONE',  ( 0.0000000000000000000, 0.0000000000000000000, -1.000000000000000000 ) ) ;
#7805 = CARTESIAN_POINT ( 'NONE',  ( 1.714999999999999900, 2.200398605410600200, 0.9749999999999531300 ) ) ;
#7806 = CARTESIAN_POINT ( 'NONE',  ( 0.4449999999999998400, 2.591683031135834100, 0.2349620455192326700 ) ) ;
#7807 = ADVANCED_FACE ( 'NONE', ( #6988 ), #4125, .F. ) ;
#7808 = LINE ( 'NONE', #1843, #6185 ) ;
#7809 = DIRECTION ( 'NONE',  ( 1.000000000000000000, 0.0000000000000000000, 5.531643737170940500E-018 ) ) ;
#7810 = LINE ( 'NONE', #7748, #6376 ) ;
#7811 = CARTESIAN_POINT ( 'NONE',  ( -1.714999999999999900, 2.290398605410596000, 0.9611817604250529900 ) ) ;
#7812 = DIRECTION ( 'NONE',  ( 0.0000000000000000000, 0.0000000000000000000, 1.000000000000000000 ) ) ;
#7813 = AXIS2_PLACEMENT_3D ( 'NONE', #3851, #780, #100 ) ;
#7814 = VERTEX_POINT ( 'NONE', #2316 ) ;
#7815 = CIRCLE ( 'NONE', #7303, 0.2999999999999856100 ) ;
#7816 = VECTOR ( 'NONE', #7921, 1000.000000000000100 ) ;
#7817 = SURFACE_SIDE_STYLE ('',( #1525 ) ) ;
#7818 = COLOUR_RGB ( '',1.000000000000000000, 1.000000000000000000, 1.000000000000000000 ) ;
#7819 = PLANE ( 'NONE',  #1853 ) ;
#7820 = ORIENTED_EDGE ( 'NONE', *, *, #4982, .T. ) ;
#7821 = EDGE_LOOP ( 'NONE', ( #149, #4560, #5751, #5386 ) ) ;
#7822 =( NAMED_UNIT ( * ) PLANE_ANGLE_UNIT ( ) SI_UNIT ( $, .RADIAN. ) );
#7823 = CARTESIAN_POINT ( 'NONE',  ( -0.4450000000000000600, -2.591683031135834100, 0.2349620455192325500 ) ) ;
#7824 = DIRECTION ( 'NONE',  ( 0.0000000000000000000, -1.000000000000000000, -1.501620008892423100E-013 ) ) ;
#7825 = VECTOR ( 'NONE', #3566, 1000.000000000000000 ) ;
#7826 = FILL_AREA_STYLE_COLOUR ( '', #5296 ) ;
#7827 = EDGE_CURVE ( 'NONE', #7052, #4371, #7181, .T. ) ;
#7828 = DIRECTION ( 'NONE',  ( 0.0000000000000000000, 0.0000000000000000000, 1.000000000000000000 ) ) ;
#7829 = ORIENTED_EDGE ( 'NONE', *, *, #413, .F. ) ;
#7830 = VECTOR ( 'NONE', #2545, 1000.000000000000200 ) ;
#7831 = ORIENTED_EDGE ( 'NONE', *, *, #5957, .F. ) ;
#7832 = MECHANICAL_DESIGN_GEOMETRIC_PRESENTATION_REPRESENTATION (  '', ( #3667 ), #168 ) ;
#7833 = FILL_AREA_STYLE_COLOUR ( '', #2511 ) ;
#7834 = EDGE_CURVE ( 'NONE', #881, #1885, #258, .T. ) ;
#7835 = ORIENTED_EDGE ( 'NONE', *, *, #3382, .T. ) ;
#7836 = CARTESIAN_POINT ( 'NONE',  ( 0.8249999999999999600, 3.000000000000000000, 0.1992389396183490100 ) ) ;
#7837 = CARTESIAN_POINT ( 'NONE',  ( -1.664999999999999800, -2.290398605410596000, 0.9611817604250529900 ) ) ;
#7838 = FILL_AREA_STYLE_COLOUR ( '', #6966 ) ;
#7839 = ORIENTED_EDGE ( 'NONE', *, *, #1129, .T. ) ;
#7840 = SURFACE_STYLE_USAGE ( .BOTH. , #1594 ) ;
#7841 = VERTEX_POINT ( 'NONE', #1055 ) ;
#7842 = COLOUR_RGB ( '',1.000000000000000000, 1.000000000000000000, 1.000000000000000000 ) ;
#7843 = CARTESIAN_POINT ( 'NONE',  ( 0.8249999999999999600, 2.200398605410600200, 0.7749999999999831500 ) ) ;
#7845 = MECHANICAL_DESIGN_GEOMETRIC_PRESENTATION_REPRESENTATION (  '', ( #1336 ), #2640 ) ;
#7844 = CARTESIAN_POINT ( 'NONE',  ( 0.4449999999999998400, -2.200398605410600200, 0.7749999999999831500 ) ) ;
#7846 = ORIENTED_EDGE ( 'NONE', *, *, #8030, .F. ) ;
#7847 = ADVANCED_FACE ( 'NONE', ( #3898 ), #6325, .F. ) ;
#7848 = VERTEX_POINT ( 'NONE', #6667 ) ;
#7849 = LINE ( 'NONE', #1000, #4205 ) ;
#7850 = SURFACE_STYLE_USAGE ( .BOTH. , #1076 ) ;
#7851 = AXIS2_PLACEMENT_3D ( 'NONE', #4235, #5566, #6762 ) ;
#7852 = VERTEX_POINT ( 'NONE', #7880 ) ;
#7853 = SURFACE_SIDE_STYLE ('',( #3618 ) ) ;
#7854 = ORIENTED_EDGE ( 'NONE', *, *, #7074, .T. ) ;
#7855 = LINE ( 'NONE', #7837, #762 ) ;
#7856 = EDGE_LOOP ( 'NONE', ( #4719, #558, #1135, #1969 ) ) ;
#7857 = PLANE ( 'NONE',  #2277 ) ;
#7858 = CIRCLE ( 'NONE', #7349, 0.09999999999999988100 ) ;
#7859 = CARTESIAN_POINT ( 'NONE',  ( 0.8249999999999999600, 2.600398605410600100, 0.3345815153284071300 ) ) ;
#7860 =( GEOMETRIC_REPRESENTATION_CONTEXT ( 3 ) GLOBAL_UNCERTAINTY_ASSIGNED_CONTEXT ( ( #2177 ) ) GLOBAL_UNIT_ASSIGNED_CONTEXT ( ( #6187, #4957, #1191 ) ) REPRESENTATION_CONTEXT ( 'NONE', 'WORKASPACE' ) );
#7861 = ORIENTED_EDGE ( 'NONE', *, *, #557, .F. ) ;
#7862 = MECHANICAL_DESIGN_GEOMETRIC_PRESENTATION_REPRESENTATION (  '', ( #374 ), #5146 ) ;
#7863 =( LENGTH_UNIT ( ) NAMED_UNIT ( * ) SI_UNIT ( .MILLI., .METRE. ) );
#7864 = ORIENTED_EDGE ( 'NONE', *, *, #819, .F. ) ;
#7865 = DIRECTION ( 'NONE',  ( -1.000000000000000000, 0.0000000000000000000, -0.0000000000000000000 ) ) ;
#7866 = LINE ( 'NONE', #950, #3734 ) ;
#7867 = ORIENTED_EDGE ( 'NONE', *, *, #2793, .F. ) ;
#7868 = CARTESIAN_POINT ( 'NONE',  ( -1.714999999999999900, 2.200398605410600200, 0.7749999999999831500 ) ) ;
#7869 = DIRECTION ( 'NONE',  ( 0.0000000000000000000, 0.0000000000000000000, 1.000000000000000000 ) ) ;
#7870 = ORIENTED_EDGE ( 'NONE', *, *, #2637, .T. ) ;
#7871 =( GEOMETRIC_REPRESENTATION_CONTEXT ( 3 ) GLOBAL_UNCERTAINTY_ASSIGNED_CONTEXT ( ( #1280 ) ) GLOBAL_UNIT_ASSIGNED_CONTEXT ( ( #1331, #1303, #4438 ) ) REPRESENTATION_CONTEXT ( 'NONE', 'WORKASPACE' ) );
#7872 = ORIENTED_EDGE ( 'NONE', *, *, #4392, .T. ) ;
#7873 =( LENGTH_UNIT ( ) NAMED_UNIT ( * ) SI_UNIT ( .MILLI., .METRE. ) );
#7874 = SURFACE_SIDE_STYLE ('',( #6766 ) ) ;
#7875 = PRESENTATION_STYLE_ASSIGNMENT (( #6012 ) ) ;
#7876 = CARTESIAN_POINT ( 'NONE',  ( -0.4450000000000000600, 2.591683031135834100, 0.2349620455192326700 ) ) ;
#7877 = CARTESIAN_POINT ( 'NONE',  ( 2.095000000000000200, -2.300398605410600300, 0.6749999999999831700 ) ) ;
#7878 =( GEOMETRIC_REPRESENTATION_CONTEXT ( 3 ) GLOBAL_UNCERTAINTY_ASSIGNED_CONTEXT ( ( #774 ) ) GLOBAL_UNIT_ASSIGNED_CONTEXT ( ( #1120, #3709, #8006 ) ) REPRESENTATION_CONTEXT ( 'NONE', 'WORKASPACE' ) );
#7879 = DIRECTION ( 'NONE',  ( 0.0000000000000000000, 0.0000000000000000000, -1.000000000000000000 ) ) ;
#7880 = CARTESIAN_POINT ( 'NONE',  ( 1.714999999999999900, -2.200398605410600200, 0.9749999999999531300 ) ) ;
#7881 = FACE_OUTER_BOUND ( 'NONE', #7912, .T. ) ;
#7882 = EDGE_CURVE ( 'NONE', #7904, #2440, #5374, .T. ) ;
#7883 = DIRECTION ( 'NONE',  ( -1.000000000000000000, 0.0000000000000000000, -0.0000000000000000000 ) ) ;
#7884 = CARTESIAN_POINT ( 'NONE',  ( 1.714999999999999900, 2.600398605410600100, 0.3345815153284070800 ) ) ;
#7885 = CIRCLE ( 'NONE', #5364, 0.2999999999999856100 ) ;
#7886 = FACE_OUTER_BOUND ( 'NONE', #5577, .T. ) ;
#7887 = DIRECTION ( 'NONE',  ( 0.0000000000000000000, 1.000000000000000000, -1.501620008892423100E-013 ) ) ;
#7888 = EDGE_CURVE ( 'NONE', #4876, #3371, #6129, .T. ) ;
#7889 = DIRECTION ( 'NONE',  ( 0.0000000000000000000, 0.9961946980917452100, 0.08715574274766146900 ) ) ;
#7890 =( GEOMETRIC_REPRESENTATION_CONTEXT ( 3 ) GLOBAL_UNCERTAINTY_ASSIGNED_CONTEXT ( ( #1318 ) ) GLOBAL_UNIT_ASSIGNED_CONTEXT ( ( #2992, #4757, #2382 ) ) REPRESENTATION_CONTEXT ( 'NONE', 'WORKASPACE' ) );
#7891 = DIRECTION ( 'NONE',  ( 0.0000000000000000000, 0.0000000000000000000, -1.000000000000000000 ) ) ;
#7892 = DIRECTION ( 'NONE',  ( 0.0000000000000000000, 0.0000000000000000000, 1.000000000000000000 ) ) ;
#7893 = SURFACE_STYLE_FILL_AREA ( #295 ) ;
#7894 = EDGE_CURVE ( 'NONE', #5481, #6408, #7742, .T. ) ;
#7895 = CARTESIAN_POINT ( 'NONE',  ( -0.8750000000000001100, -2.300398605410600300, 0.6749999999999831700 ) ) ;
#7896 = AXIS2_PLACEMENT_3D ( 'NONE', #1371, #6285, #2601 ) ;
#7897 =( NAMED_UNIT ( * ) SI_UNIT ( $, .STERADIAN. ) SOLID_ANGLE_UNIT ( ) );
#7898 = UNCERTAINTY_MEASURE_WITH_UNIT (LENGTH_MEASURE( 1.000000000000000100E-005 ), #2161, 'distance_accuracy_value', 'NONE');
#7899 = SURFACE_SIDE_STYLE ('',( #7938 ) ) ;
#7900 = VECTOR ( 'NONE', #4155, 1000.000000000000000 ) ;
#7901 = CARTESIAN_POINT ( 'NONE',  ( -0.4450000000000000600, -2.200398605410600200, 0.6749999999999831700 ) ) ;
#7902 = SURFACE_SIDE_STYLE ('',( #3119 ) ) ;
#7903 = AXIS2_PLACEMENT_3D ( 'NONE', #5283, #2129, #4694 ) ;
#7904 = VERTEX_POINT ( 'NONE', #5466 ) ;
#7905 = CARTESIAN_POINT ( 'NONE',  ( -0.4450000000000000600, 2.230398605410600400, 0.7703939201416775100 ) ) ;
#7906 =( GEOMETRIC_REPRESENTATION_CONTEXT ( 3 ) GLOBAL_UNCERTAINTY_ASSIGNED_CONTEXT ( ( #6944 ) ) GLOBAL_UNIT_ASSIGNED_CONTEXT ( ( #4811, #1138, #1045 ) ) REPRESENTATION_CONTEXT ( 'NONE', 'WORKASPACE' ) );
#7907 = VECTOR ( 'NONE', #2506, 1000.000000000000100 ) ;
#7908 = DIRECTION ( 'NONE',  ( -1.000000000000000000, -0.0000000000000000000, -0.0000000000000000000 ) ) ;
#7909 = DIRECTION ( 'NONE',  ( -1.000000000000000000, 0.0000000000000000000, -0.0000000000000000000 ) ) ;
#7910 = ORIENTED_EDGE ( 'NONE', *, *, #2839, .T. ) ;
#7911 = DIRECTION ( 'NONE',  ( 1.000000000000000000, -0.0000000000000000000, -0.0000000000000000000 ) ) ;
#7912 = EDGE_LOOP ( 'NONE', ( #5469, #4074, #4888, #6902 ) ) ;
#7913 = COLOUR_RGB ( '',1.000000000000000000, 1.000000000000000000, 1.000000000000000000 ) ;
#7914 = DIRECTION ( 'NONE',  ( 0.0000000000000000000, 0.0000000000000000000, -1.000000000000000000 ) ) ;
#7915 = SURFACE_STYLE_FILL_AREA ( #7205 ) ;
#7916 = DIRECTION ( 'NONE',  ( 1.000000000000000000, 0.0000000000000000000, 0.0000000000000000000 ) ) ;
#7917 = CARTESIAN_POINT ( 'NONE',  ( -0.8750000000000001100, -2.500398605410600000, 0.6749999999999530800 ) ) ;
#7918 = VERTEX_POINT ( 'NONE', #1174 ) ;
#7919 = FILL_AREA_STYLE ('',( #6086 ) ) ;
#7920 = LINE ( 'NONE', #892, #6298 ) ;
#7921 = DIRECTION ( 'NONE',  ( 0.0000000000000000000, -0.9961946980917452100, 0.08715574274766146900 ) ) ;
#7922 = VERTEX_POINT ( 'NONE', #559 ) ;
#7923 = PRESENTATION_STYLE_ASSIGNMENT (( #4052 ) ) ;
#7924 = CARTESIAN_POINT ( 'NONE',  ( -0.4450000000000000600, 2.200398605410600200, 0.9749999999999531300 ) ) ;
#7925 = EDGE_CURVE ( 'NONE', #4820, #1687, #6797, .T. ) ;
#7926 = CARTESIAN_POINT ( 'NONE',  ( -2.095000000000000200, 2.230398605410600400, 0.7703939201416775100 ) ) ;
#7927 = ORIENTED_EDGE ( 'NONE', *, *, #3154, .F. ) ;
#7928 = CARTESIAN_POINT ( 'NONE',  ( 0.8249999999999999600, 2.574251882586301200, 0.03572310590088358800 ) ) ;
#7929 = EDGE_LOOP ( 'NONE', ( #5659, #3122, #5746, #5494, #3402, #4860, #2346, #4919, #4003, #1936 ) ) ;
#7930 =( NAMED_UNIT ( * ) PLANE_ANGLE_UNIT ( ) SI_UNIT ( $, .RADIAN. ) );
#7931 = EDGE_CURVE ( 'NONE', #987, #4876, #574, .T. ) ;
#7932 = DIRECTION ( 'NONE',  ( 1.000000000000000000, 0.0000000000000000000, 0.0000000000000000000 ) ) ;
#7933 = ORIENTED_EDGE ( 'NONE', *, *, #6083, .F. ) ;
#7934 = LINE ( 'NONE', #6387, #1655 ) ;
#7935 = MECHANICAL_DESIGN_GEOMETRIC_PRESENTATION_REPRESENTATION (  '', ( #1435 ), #1886 ) ;
#7936 = VERTEX_POINT ( 'NONE', #6194 ) ;
#7937 = CARTESIAN_POINT ( 'NONE',  ( 0.3949999999999999600, -2.300398605410600300, 0.6749999999999831700 ) ) ;
#7938 = SURFACE_STYLE_FILL_AREA ( #6687 ) ;
#7939 = EDGE_CURVE ( 'NONE', #6051, #3597, #3797, .T. ) ;
#7940 = ORIENTED_EDGE ( 'NONE', *, *, #459, .T. ) ;
#7941 = CARTESIAN_POINT ( 'NONE',  ( 2.450000000000000200, 1.950000000000000000, 0.7749999999999805900 ) ) ;
#7942 = ORIENTED_EDGE ( 'NONE', *, *, #1228, .T. ) ;
#7943 =( GEOMETRIC_REPRESENTATION_CONTEXT ( 3 ) GLOBAL_UNCERTAINTY_ASSIGNED_CONTEXT ( ( #6943 ) ) GLOBAL_UNIT_ASSIGNED_CONTEXT ( ( #1492, #5246, #5766 ) ) REPRESENTATION_CONTEXT ( 'NONE', 'WORKASPACE' ) );
#7944 = UNCERTAINTY_MEASURE_WITH_UNIT (LENGTH_MEASURE( 1.000000000000000100E-005 ), #3662, 'distance_accuracy_value', 'NONE');
#7945 = VECTOR ( 'NONE', #2896, 1000.000000000000000 ) ;
#7946 = DIRECTION ( 'NONE',  ( 0.0000000000000000000, 0.0000000000000000000, -1.000000000000000000 ) ) ;
#7947 = EDGE_LOOP ( 'NONE', ( #1234, #2224, #2491, #7180 ) ) ;
#7948 = CARTESIAN_POINT ( 'NONE',  ( 1.714999999999999900, -2.500398605410600000, 0.3345815153284070200 ) ) ;
#7949 = DIRECTION ( 'NONE',  ( 1.000000000000000000, 0.0000000000000000000, 0.0000000000000000000 ) ) ;
#7950 = VECTOR ( 'NONE', #5586, 1000.000000000000000 ) ;
#7951 = DIRECTION ( 'NONE',  ( 0.0000000000000000000, 0.0000000000000000000, 1.000000000000000000 ) ) ;
#7952 = ORIENTED_EDGE ( 'NONE', *, *, #2793, .T. ) ;
#7953 = MECHANICAL_DESIGN_GEOMETRIC_PRESENTATION_REPRESENTATION (  '', ( #2176 ), #5757 ) ;
#7954 = LINE ( 'NONE', #6851, #2178 ) ;
#7955 = EDGE_CURVE ( 'NONE', #5387, #6101, #3406, .T. ) ;
#7956 = SURFACE_SIDE_STYLE ('',( #4509 ) ) ;
#7957 = CARTESIAN_POINT ( 'NONE',  ( 2.145000000000000000, -2.290398605410596000, 0.9611817604250529900 ) ) ;
#7958 = ORIENTED_EDGE ( 'NONE', *, *, #3185, .F. ) ;
#7959 = PRESENTATION_LAYER_ASSIGNMENT (  '', '', ( #7531 ) ) ;
#7960 = PRESENTATION_STYLE_ASSIGNMENT (( #4421 ) ) ;
#7961 = DIRECTION ( 'NONE',  ( 1.000000000000000000, -0.0000000000000000000, 0.0000000000000000000 ) ) ;
#7962 = EDGE_LOOP ( 'NONE', ( #7008, #3022, #2270, #4494 ) ) ;
#7963 = EDGE_LOOP ( 'NONE', ( #7864, #5841, #240, #4403 ) ) ;
#7964 = SURFACE_STYLE_FILL_AREA ( #713 ) ;
#7965 = CARTESIAN_POINT ( 'NONE',  ( 0.8249999999999999600, 2.200398605410600200, 0.7749999999999831500 ) ) ;
#7966 = ORIENTED_EDGE ( 'NONE', *, *, #1894, .T. ) ;
#7967 =( NAMED_UNIT ( * ) PLANE_ANGLE_UNIT ( ) SI_UNIT ( $, .RADIAN. ) );
#7968 =( GEOMETRIC_REPRESENTATION_CONTEXT ( 3 ) GLOBAL_UNCERTAINTY_ASSIGNED_CONTEXT ( ( #4827 ) ) GLOBAL_UNIT_ASSIGNED_CONTEXT ( ( #3803, #1314, #6318 ) ) REPRESENTATION_CONTEXT ( 'NONE', 'WORKASPACE' ) );
#7969 = PRESENTATION_STYLE_ASSIGNMENT (( #1103 ) ) ;
#7970 = PRESENTATION_LAYER_ASSIGNMENT (  '', '', ( #551 ) ) ;
#7971 = DIRECTION ( 'NONE',  ( 0.0000000000000000000, 1.000000000000000000, 0.0000000000000000000 ) ) ;
#7972 = ORIENTED_EDGE ( 'NONE', *, *, #5127, .F. ) ;
#7973 =( LENGTH_UNIT ( ) NAMED_UNIT ( * ) SI_UNIT ( .MILLI., .METRE. ) );
#7974 = CARTESIAN_POINT ( 'NONE',  ( -0.8250000000000001800, 2.290398605410591600, 0.9611817604250397800 ) ) ;
#7975 = EDGE_CURVE ( 'NONE', #4059, #2546, #750, .T. ) ;
#7976 =( GEOMETRIC_REPRESENTATION_CONTEXT ( 3 ) GLOBAL_UNCERTAINTY_ASSIGNED_CONTEXT ( ( #7063 ) ) GLOBAL_UNIT_ASSIGNED_CONTEXT ( ( #6741, #1049, #1144 ) ) REPRESENTATION_CONTEXT ( 'NONE', 'WORKASPACE' ) );
#7977 = DIRECTION ( 'NONE',  ( 0.0000000000000000000, 0.0000000000000000000, 1.000000000000000000 ) ) ;
#7978 = DIRECTION ( 'NONE',  ( 0.0000000000000000000, -0.9539392014169455500, 0.3000000000000002700 ) ) ;
#7979 = LINE ( 'NONE', #3304, #7313 ) ;
#7980 = VECTOR ( 'NONE', #3167, 1000.000000000000000 ) ;
#7981 = FILL_AREA_STYLE ('',( #3033 ) ) ;
#7982 = CARTESIAN_POINT ( 'NONE',  ( -1.664999999999999800, -2.200398605410600200, 0.6749999999999831700 ) ) ;
#7983 = CARTESIAN_POINT ( 'NONE',  ( -2.095000000000000200, 2.982568851450467600, 0.0000000000000000000 ) ) ;
#7984 = LINE ( 'NONE', #6858, #4738 ) ;
#7985 = LINE ( 'NONE', #539, #5316 ) ;
#7986 = PRESENTATION_LAYER_ASSIGNMENT (  '', '', ( #8027 ) ) ;
#7987 = FILL_AREA_STYLE ('',( #1776 ) ) ;
#7988 = COLOUR_RGB ( '',1.000000000000000000, 1.000000000000000000, 1.000000000000000000 ) ;
#7989 = EDGE_CURVE ( 'NONE', #5103, #5771, #5070, .T. ) ;
#7990 = CARTESIAN_POINT ( 'NONE',  ( -1.714999999999999900, -2.500398605410600000, 0.6749999999999530800 ) ) ;
#7991 = PRESENTATION_STYLE_ASSIGNMENT (( #6951 ) ) ;
#7992 = EDGE_CURVE ( 'NONE', #5008, #1224, #1950, .T. ) ;
#7993 = FILL_AREA_STYLE ('',( #6796 ) ) ;
#7994 = AXIS2_PLACEMENT_3D ( 'NONE', #5965, #2252, #3439 ) ;
#7995 =( NAMED_UNIT ( * ) SI_UNIT ( $, .STERADIAN. ) SOLID_ANGLE_UNIT ( ) );
#7996 = EDGE_CURVE ( 'NONE', #6522, #987, #4197, .T. ) ;
#7997 = SURFACE_STYLE_FILL_AREA ( #907 ) ;
#7998 = FACE_OUTER_BOUND ( 'NONE', #347, .T. ) ;
#7999 = AXIS2_PLACEMENT_3D ( 'NONE', #1840, #3750, #1211 ) ;
#8000 = CARTESIAN_POINT ( 'NONE',  ( 1.714999999999999900, 2.200398605410600200, 0.6749999999999831700 ) ) ;
#8001 = EDGE_LOOP ( 'NONE', ( #5480, #2833, #5953, #2352, #2479, #3628 ) ) ;
#8002 = CARTESIAN_POINT ( 'NONE',  ( 2.095000000000000200, -2.500398605410600000, 0.3345815153284070200 ) ) ;
#8003 = CARTESIAN_POINT ( 'NONE',  ( 2.095000000000000200, -1.950000000000000000, 0.7749999999999831500 ) ) ;
#8004 = LINE ( 'NONE', #1927, #5139 ) ;
#8005 = FACE_OUTER_BOUND ( 'NONE', #8031, .T. ) ;
#8006 =( NAMED_UNIT ( * ) SI_UNIT ( $, .STERADIAN. ) SOLID_ANGLE_UNIT ( ) );
#8007 = DIRECTION ( 'NONE',  ( -0.0000000000000000000, 0.9961946980917452100, 0.08715574274766263500 ) ) ;
#8008 = CARTESIAN_POINT ( 'NONE',  ( -2.335675499178564900, 1.835675499178564700, 0.1750000000000000400 ) ) ;
#8009 = VERTEX_POINT ( 'NONE', #3013 ) ;
#8010 =( LENGTH_UNIT ( ) NAMED_UNIT ( * ) SI_UNIT ( .MILLI., .METRE. ) );
#8011 = FACE_OUTER_BOUND ( 'NONE', #1554, .T. ) ;
#8012 = VECTOR ( 'NONE', #4722, 1000.000000000000000 ) ;
#8013 = UNCERTAINTY_MEASURE_WITH_UNIT (LENGTH_MEASURE( 1.000000000000000100E-005 ), #5389, 'distance_accuracy_value', 'NONE');
#8014 = VERTEX_POINT ( 'NONE', #6144 ) ;
#8015 = CARTESIAN_POINT ( 'NONE',  ( 2.450000000000000200, 1.950000000000000000, 0.7749999999999805900 ) ) ;
#8016 = CARTESIAN_POINT ( 'NONE',  ( 0.8750000000000001100, 2.300398605410600300, 0.6749999999999831700 ) ) ;
#8017 = SURFACE_STYLE_FILL_AREA ( #1805 ) ;
#8018 = CARTESIAN_POINT ( 'NONE',  ( -0.4450000000000000600, 2.230398605410600400, 0.7703939201416775100 ) ) ;
#8019 =( NAMED_UNIT ( * ) SI_UNIT ( $, .STERADIAN. ) SOLID_ANGLE_UNIT ( ) );
#8020 = ORIENTED_EDGE ( 'NONE', *, *, #1177, .F. ) ;
#8021 = CYLINDRICAL_SURFACE ( 'NONE', #1140, 0.2999999999999999300 ) ;
#8022 = CARTESIAN_POINT ( 'NONE',  ( -2.145000000000000000, -2.300398605410600300, 0.6749999999999831700 ) ) ;
#8023 = PRESENTATION_STYLE_ASSIGNMENT (( #1345 ) ) ;
#8024 = ORIENTED_EDGE ( 'NONE', *, *, #1094, .F. ) ;
#8025 = PRESENTATION_STYLE_ASSIGNMENT (( #330 ) ) ;
#8026 = ORIENTED_EDGE ( 'NONE', *, *, #2109, .T. ) ;
#8027 = STYLED_ITEM ( 'NONE', ( #4262 ), #3452 ) ;
#8028 =( NAMED_UNIT ( * ) PLANE_ANGLE_UNIT ( ) SI_UNIT ( $, .RADIAN. ) );
#8029 = CARTESIAN_POINT ( 'NONE',  ( -1.714999999999999900, -3.000000000000000000, 0.1992389396183490100 ) ) ;
#8030 = EDGE_CURVE ( 'NONE', #3224, #1146, #246, .T. ) ;
#8031 = EDGE_LOOP ( 'NONE', ( #3436, #3687, #1226, #5624 ) ) ;
#8032 = LINE ( 'NONE', #361, #5939 ) ;
#8033 = VECTOR ( 'NONE', #6549, 1000.000000000000100 ) ;
#8034 = SURFACE_SIDE_STYLE ('',( #2459 ) ) ;
#8035 = SURFACE_STYLE_FILL_AREA ( #7252 ) ;
#8036 = ORIENTED_EDGE ( 'NONE', *, *, #3139, .T. ) ;
#8037 = ORIENTED_EDGE ( 'NONE', *, *, #399, .F. ) ;
#8038 = SURFACE_SIDE_STYLE ('',( #4702 ) ) ;
#8039 = EDGE_CURVE ( 'NONE', #1766, #5669, #7079, .T. ) ;
#8040 = LINE ( 'NONE', #7957, #6415 ) ;
#8041 = DIRECTION ( 'NONE',  ( 0.0000000000000000000, 0.0000000000000000000, -1.000000000000000000 ) ) ;
#8042 = EDGE_LOOP ( 'NONE', ( #7191, #1786, #7927, #6878, #2050, #7933, #1056, #6430 ) ) ;
#8043 = STYLED_ITEM ( 'NONE', ( #7969 ), #4502 ) ;
#8044 = UNCERTAINTY_MEASURE_WITH_UNIT (LENGTH_MEASURE( 1.000000000000000100E-005 ), #6868, 'distance_accuracy_value', 'NONE');
#8045 = PRESENTATION_STYLE_ASSIGNMENT (( #2076 ) ) ;
#8046 = VERTEX_POINT ( 'NONE', #7983 ) ;
#8047 = CARTESIAN_POINT ( 'NONE',  ( -0.8250000000000001800, -2.982568851450467600, 0.0000000000000000000 ) ) ;
#8048 = EDGE_CURVE ( 'NONE', #6243, #6409, #864, .T. ) ;
#8049 = UNCERTAINTY_MEASURE_WITH_UNIT (LENGTH_MEASURE( 1.000000000000000100E-005 ), #14, 'distance_accuracy_value', 'NONE');
#8050 = PRESENTATION_STYLE_ASSIGNMENT (( #721 ) ) ;
#8051 = PRESENTATION_LAYER_ASSIGNMENT (  '', '', ( #3878 ) ) ;
#8052 = FACE_OUTER_BOUND ( 'NONE', #6907, .T. ) ;
#8053 =( NAMED_UNIT ( * ) SI_UNIT ( $, .STERADIAN. ) SOLID_ANGLE_UNIT ( ) );
#8054 = ORIENTED_EDGE ( 'NONE', *, *, #4286, .F. ) ;
#8055 = PRESENTATION_STYLE_ASSIGNMENT (( #1321 ) ) ;
#8056 = EDGE_LOOP ( 'NONE', ( #6062, #6620, #3774, #4016 ) ) ;
#8057 = CARTESIAN_POINT ( 'NONE',  ( -0.4450000000000000600, -2.500398605410600000, 0.6749999999999530800 ) ) ;
#8058 = VECTOR ( 'NONE', #3356, 1000.000000000000000 ) ;
#8059 =( GEOMETRIC_REPRESENTATION_CONTEXT ( 3 ) GLOBAL_UNCERTAINTY_ASSIGNED_CONTEXT ( ( #4962 ) ) GLOBAL_UNIT_ASSIGNED_CONTEXT ( ( #6163, #3028, #6734 ) ) REPRESENTATION_CONTEXT ( 'NONE', 'WORKASPACE' ) );
#8060 = ORIENTED_EDGE ( 'NONE', *, *, #7562, .F. ) ;
#8061 = ORIENTED_EDGE ( 'NONE', *, *, #998, .T. ) ;
#8062 = COLOUR_RGB ( '',1.000000000000000000, 1.000000000000000000, 1.000000000000000000 ) ;
#8063 = FILL_AREA_STYLE_COLOUR ( '', #6219 ) ;
#8064 =( GEOMETRIC_REPRESENTATION_CONTEXT ( 3 ) GLOBAL_UNCERTAINTY_ASSIGNED_CONTEXT ( ( #1606 ) ) GLOBAL_UNIT_ASSIGNED_CONTEXT ( ( #6934, #7505, #2677 ) ) REPRESENTATION_CONTEXT ( 'NONE', 'WORKASPACE' ) );
#8065 = ORIENTED_EDGE ( 'NONE', *, *, #5535, .T. ) ;
#8066 = SURFACE_STYLE_USAGE ( .BOTH. , #3188 ) ;
#8067 = FILL_AREA_STYLE ('',( #826 ) ) ;
#8068 = PRESENTATION_STYLE_ASSIGNMENT (( #4838 ) ) ;
#8069 = AXIS2_PLACEMENT_3D ( 'NONE', #1485, #2669, #5137 ) ;
ENDSEC;
END-ISO-10303-21;
